NPC ID,NPC friendliness,NPC item value,NPC quest value,NPC gender,NPC class,NPC area level,User ID,User level,User class,Interaction length,Interaction text exchanges,Interaction quests acquired,Interaction transactions
343,31.44,1,-4,M,Mage,10,33624,12,Fighter,8.95,16,3,2
350,84.43,5,5,F,Mage,40,23345,43,Thief,11.69,15,3,5
337,44.56,-1,1,F,Thief,40,76756,43,Fighter,11.46,14,3,5
350,63.13,5,5,F,Mage,40,69028,38,Fighter,11.32,15,3,5
329,70.3,0,-1,F,Mage,10,88605,11,Thief,5.75,16,2,3
325,19.18,-3,2,F,Fighter,30,71073,26,Fighter,7.4,15,2,5
338,95.82,4,-5,F,Fighter,40,15064,45,Fighter,11.57,15,4,5
304,7.16,3,-5,M,Thief,10,89658,6,Mage,11.39,16,5,1
342,102.66,5,1,M,Mage,40,60392,36,Fighter,11.61,14,3,5
348,92.63,-3,1,F,Thief,30,87622,33,Mage,12.34,14,3,5
321,103.45,0,-1,F,Mage,30,47511,25,Thief,11.96,17,3,5
311,62.33,-2,-5,M,Mage,10,61904,13,Mage,6.03,14,2,3
322,97.84,4,2,F,Fighter,40,55675,38,Mage,11.81,15,3,5
343,33.98,1,-4,M,Mage,10,39789,7,Fighter,10.08,17,4,2
315,90.61,-3,-3,F,Fighter,20,53823,19,Mage,2.42,12,1,4
314,60.45,-2,-2,F,Fighter,30,75760,32,Fighter,10.59,16,3,5
315,108.14,-3,-3,F,Fighter,20,77243,15,Fighter,1.88,10,1,4
316,0.0,0,-3,F,Thief,30,41707,29,Fighter,8.1,16,2,6
321,88.6,0,-1,F,Mage,30,42679,34,Mage,12.35,16,4,5
315,100.97,-3,-3,F,Fighter,20,18595,25,Mage,10.99,15,3,4
322,106.58,4,2,F,Fighter,40,82319,43,Thief,12.02,16,3,5
312,50.7,4,5,M,Mage,10,21368,14,Thief,6.71,15,3,3
349,44.17,3,-1,M,Fighter,30,83128,30,Thief,8.69,16,3,5
344,81.94,4,1,M,Fighter,20,41141,23,Mage,10.39,15,3,5
316,2.82,0,-3,F,Thief,30,75760,32,Fighter,8.59,16,3,6
346,110.09,-3,5,F,Fighter,30,10230,31,Fighter,12.16,15,3,4
338,90.86,4,-5,F,Fighter,40,88541,39,Mage,12.36,15,3,5
324,5.24,-5,0,M,Fighter,40,52157,45,Mage,10.84,15,3,5
305,14.34,0,-2,F,Thief,30,45657,34,Thief,9.32,16,3,5
349,40.69,3,-1,M,Fighter,30,57345,25,Fighter,8.89,15,3,5
341,0.91,-2,3,F,Fighter,10,33912,11,Thief,11.33,15,5,1
339,76.01,5,3,F,Fighter,10,28832,7,Mage,4.42,15,2,4
332,2.58,3,-2,F,Thief,10,71599,10,Fighter,11.2,15,5,1
322,86.54,4,2,F,Fighter,40,84450,37,Fighter,11.71,15,3,5
320,12.14,-5,4,F,Fighter,40,57280,43,Fighter,9.76,16,3,5
340,22.02,3,0,F,Thief,20,44061,18,Fighter,9.54,17,4,2
327,74.36,-4,2,M,Mage,20,59661,17,Fighter,4.31,14,1,3
324,1.53,-5,0,M,Fighter,40,21363,41,Fighter,10.34,17,3,5
317,78.26,4,2,M,Thief,40,38195,35,Thief,11.72,15,4,4
341,4.38,-2,3,F,Fighter,10,79774,5,Thief,11.9,15,5,1
317,78.54,4,2,M,Thief,40,89258,42,Fighter,12.25,15,3,5
325,10.0,-3,2,F,Fighter,30,76651,32,Thief,9.34,16,3,5
305,13.85,0,-2,F,Thief,30,72594,27,Fighter,8.07,16,3,5
345,46.48,-5,-4,M,Fighter,30,36771,25,Mage,9.04,15,3,4
314,62.16,-2,-2,F,Fighter,30,69901,28,Mage,10.08,16,3,4
347,4.79,5,0,F,Mage,10,15269,12,Fighter,10.78,15,5,1
317,84.43,4,2,M,Thief,40,75692,44,Mage,12.06,15,3,4
334,53.48,0,1,M,Fighter,40,76336,42,Thief,12.37,16,3,5
340,35.37,3,0,F,Thief,20,31460,22,Mage,7.88,16,2,5
345,57.31,-5,-4,M,Fighter,30,33328,28,Mage,9.15,17,3,4
301,91.68,-2,5,F,Fighter,40,72663,45,Fighter,12.37,14,3,4
309,47.48,-5,-3,M,Thief,40,75692,44,Mage,11.75,15,3,5
314,72.48,-2,-2,F,Fighter,30,36771,25,Mage,10.5,15,3,4
330,21.7,5,-4,M,Thief,10,56849,8,Thief,10.22,16,5,1
340,19.85,3,0,F,Thief,20,58169,16,Mage,10.48,17,4,2
342,87.18,5,1,M,Mage,40,35033,37,Mage,12.28,16,3,5
314,59.03,-2,-2,F,Fighter,30,48331,25,Mage,9.32,15,3,4
350,71.52,5,5,F,Mage,40,88541,39,Mage,11.43,15,3,5
331,86.69,2,-5,F,Mage,40,76128,35,Fighter,11.43,16,3,5
346,102.24,-3,5,F,Fighter,30,16869,34,Thief,12.5,15,3,4
326,30.42,-1,-1,M,Mage,20,62743,16,Fighter,9.91,16,3,2
324,4.51,-5,0,M,Fighter,40,24800,44,Thief,10.17,16,3,5
301,104.37,-2,5,F,Fighter,40,71618,41,Mage,11.43,16,3,4
319,64.57,0,-3,M,Mage,40,78198,35,Thief,10.8,16,3,4
322,103.95,4,2,F,Fighter,40,22786,39,Thief,11.86,15,3,5
317,81.76,4,2,M,Thief,40,16245,40,Fighter,12.05,14,3,5
311,84.03,-2,-5,M,Mage,10,39882,12,Mage,5.53,14,2,3
331,104.89,2,-5,F,Mage,40,33831,37,Fighter,11.88,16,3,4
321,105.93,0,-1,F,Mage,30,76651,32,Thief,12.29,14,3,4
340,19.25,3,0,F,Thief,20,82438,21,Thief,8.42,15,2,5
329,65.72,0,-1,F,Mage,10,31251,8,Mage,6.2,15,2,3
347,0.0,5,0,F,Mage,10,33339,11,Thief,11.9,17,5,1
305,15.09,0,-2,F,Thief,30,14570,31,Thief,8.36,18,3,5
328,58.6,-2,0,F,Thief,30,27444,29,Mage,9.97,17,3,4
338,103.69,4,-5,F,Fighter,40,10264,43,Mage,12.5,14,4,5
303,31.28,0,1,M,Thief,10,44443,10,Mage,9.03,18,3,2
308,108.33,-2,5,F,Mage,20,77309,22,Thief,11.52,16,3,5
336,16.6,-5,1,F,Thief,40,84450,37,Fighter,9.33,17,3,5
333,58.75,-2,5,F,Fighter,30,24163,33,Mage,10.29,16,3,5
321,108.12,0,-1,F,Mage,30,65603,27,Fighter,11.91,15,3,4
348,75.46,-3,1,F,Thief,30,42829,29,Mage,10.54,17,3,4
303,44.53,0,1,M,Thief,10,54238,7,Mage,9.26,16,4,2
306,86.95,0,5,M,Mage,10,88724,8,Fighter,2.19,10,1,4
347,0.18,5,0,F,Mage,10,15269,12,Fighter,10.51,16,5,1
311,76.54,-2,-5,M,Mage,10,37473,5,Thief,6.19,15,2,3
346,114.09,-3,5,F,Fighter,30,67045,30,Thief,12.15,15,3,5
346,104.55,-3,5,F,Fighter,30,11814,28,Fighter,12.33,15,3,4
309,27.82,-5,-3,M,Thief,40,15157,44,Mage,11.13,18,3,5
349,43.4,3,-1,M,Fighter,30,34653,29,Fighter,9.15,17,3,5
315,92.3,-3,-3,F,Fighter,20,40879,22,Thief,10.93,16,3,4
314,63.58,-2,-2,F,Fighter,30,16869,34,Thief,11.33,16,4,5
303,42.79,0,1,M,Thief,10,42866,15,Thief,8.85,17,3,2
323,3.23,-2,3,F,Mage,30,21420,31,Thief,7.83,18,3,5
305,28.0,0,-2,F,Thief,30,21681,35,Mage,8.95,16,3,5
311,79.11,-2,-5,M,Mage,10,52461,15,Thief,5.36,16,2,3
323,3.26,-2,3,F,Mage,30,38195,35,Thief,8.29,15,2,6
306,104.64,0,5,M,Mage,10,31723,10,Thief,3.46,10,1,3
337,46.43,-1,1,F,Thief,40,59768,44,Mage,11.57,16,3,5
330,13.11,5,-4,M,Thief,10,88724,8,Fighter,10.52,15,4,1
322,89.21,4,2,F,Fighter,40,67621,35,Fighter,12.5,14,3,5
345,45.35,-5,-4,M,Fighter,30,48478,27,Thief,9.92,16,3,5
312,49.93,4,5,M,Mage,10,71599,10,Fighter,7.34,16,2,3
315,109.77,-3,-3,F,Fighter,20,73420,22,Mage,12.03,15,3,4
305,26.17,0,-2,F,Thief,30,80080,27,Mage,8.59,17,3,5
350,71.35,5,5,F,Mage,40,47409,36,Mage,11.09,16,3,5
347,1.67,5,0,F,Mage,10,44443,10,Mage,11.59,16,5,1
338,104.56,4,-5,F,Fighter,40,41752,43,Fighter,12.33,17,3,5
310,1.78,-1,-5,F,Mage,30,88841,34,Fighter,8.23,17,3,5
350,64.13,5,5,F,Mage,40,17523,45,Thief,12.16,16,3,5
317,91.49,4,2,M,Thief,40,83926,44,Mage,11.67,13,3,5
326,48.23,-1,-1,M,Mage,20,65713,24,Mage,8.65,17,3,5
314,59.89,-2,-2,F,Fighter,30,33609,35,Fighter,11.54,15,3,4
348,81.91,-3,1,F,Thief,30,27231,31,Mage,11.98,15,3,4
301,102.25,-2,5,F,Fighter,40,51883,41,Mage,11.56,16,3,5
344,75.79,4,1,M,Fighter,20,19321,20,Fighter,4.83,13,2,3
334,50.82,0,1,M,Fighter,40,82229,43,Mage,12.41,14,3,5
325,12.89,-3,2,F,Fighter,30,83128,30,Thief,7.42,17,3,5
335,84.61,2,-1,F,Fighter,30,82807,28,Thief,11.21,16,3,5
345,53.01,-5,-4,M,Fighter,30,69284,35,Thief,10.64,15,3,4
323,11.64,-2,3,F,Mage,30,63021,27,Mage,7.02,17,2,5
319,65.73,0,-3,M,Mage,40,86145,36,Fighter,11.66,15,3,4
340,28.26,3,0,F,Thief,20,23647,24,Fighter,8.69,16,2,5
316,8.02,0,-3,F,Thief,30,82807,28,Thief,7.34,16,3,6
333,56.97,-2,5,F,Fighter,30,67018,27,Thief,9.65,16,3,5
328,62.14,-2,0,F,Thief,30,27231,31,Mage,11.14,16,3,4
347,9.36,5,0,F,Mage,10,38726,8,Mage,11.62,14,5,1
343,33.91,1,-4,M,Mage,10,55119,9,Mage,9.39,15,4,2
304,12.48,3,-5,M,Thief,10,39789,7,Fighter,10.57,14,5,2
314,60.37,-2,-2,F,Fighter,30,87356,32,Fighter,10.86,15,3,5
322,106.62,4,2,F,Fighter,40,83926,44,Mage,12.18,15,3,5
332,17.3,3,-2,F,Thief,10,34787,7,Fighter,10.57,16,4,1
335,69.66,2,-1,F,Fighter,30,20787,28,Mage,10.84,16,3,5
328,70.74,-2,0,F,Thief,30,87423,28,Thief,10.43,15,3,4
335,67.95,2,-1,F,Fighter,30,23459,25,Fighter,10.99,17,3,5
335,74.49,2,-1,F,Fighter,30,39207,30,Thief,11.01,16,3,5
301,102.89,-2,5,F,Fighter,40,59768,44,Mage,12.5,14,3,4
338,98.87,4,-5,F,Fighter,40,84287,36,Thief,12.5,13,3,5
303,38.71,0,1,M,Thief,10,73789,5,Mage,9.49,16,4,2
312,55.66,4,5,M,Mage,10,41079,6,Mage,7.6,15,3,3
302,70.42,2,-5,F,Mage,10,55745,10,Mage,7.31,16,3,3
316,0.0,0,-3,F,Thief,30,27597,34,Thief,8.22,16,3,6
311,83.73,-2,-5,M,Mage,10,28832,7,Mage,5.63,16,2,3
350,69.86,5,5,F,Mage,40,81722,40,Mage,11.36,14,3,5
343,47.75,1,-4,M,Mage,10,11542,10,Mage,9.31,17,4,2
301,100.54,-2,5,F,Fighter,40,63631,39,Thief,11.82,15,3,4
320,15.53,-5,4,F,Fighter,40,52842,37,Fighter,9.33,17,3,5
345,60.11,-5,-4,M,Fighter,30,11814,28,Fighter,10.2,17,3,5
348,82.63,-3,1,F,Thief,30,82807,28,Thief,11.28,15,3,4
301,86.2,-2,5,F,Fighter,40,15105,45,Fighter,12.31,14,4,4
314,72.41,-2,-2,F,Fighter,30,67018,27,Thief,9.72,17,3,5
326,43.07,-1,-1,M,Mage,20,15297,17,Fighter,8.89,17,3,2
332,3.54,3,-2,F,Thief,10,85309,11,Thief,10.73,17,4,2
319,73.47,0,-3,M,Mage,40,66187,37,Mage,11.69,15,3,5
339,76.73,5,3,F,Fighter,10,31251,8,Mage,4.98,14,1,4
333,45.51,-2,5,F,Fighter,30,76828,31,Fighter,10.43,16,3,4
350,82.79,5,5,F,Mage,40,20902,44,Thief,12.3,14,3,5
312,49.17,4,5,M,Mage,10,37481,8,Fighter,7.0,15,2,3
324,1.73,-5,0,M,Fighter,40,16495,37,Fighter,9.86,17,3,5
310,10.77,-1,-5,F,Mage,30,26825,35,Fighter,8.69,17,3,5
344,80.5,4,1,M,Fighter,20,64974,17,Mage,5.95,14,2,3
304,20.17,3,-5,M,Thief,10,67356,7,Thief,10.27,16,5,1
348,80.72,-3,1,F,Thief,30,72240,33,Fighter,11.1,16,3,4
302,69.31,2,-5,F,Mage,10,56849,8,Thief,7.61,17,3,3
329,63.72,0,-1,F,Mage,10,65579,12,Thief,5.69,13,2,3
314,70.05,-2,-2,F,Fighter,30,38685,27,Fighter,10.13,17,3,5
342,102.92,5,1,M,Mage,40,26362,43,Mage,11.66,17,3,5
320,22.73,-5,4,F,Fighter,40,10264,43,Mage,10.42,16,3,5
328,56.52,-2,0,F,Thief,30,83045,26,Mage,9.98,15,3,5
345,47.12,-5,-4,M,Fighter,30,81250,35,Fighter,9.63,15,3,4
318,69.04,3,2,F,Mage,30,88777,34,Fighter,11.0,16,3,4
334,49.34,0,1,M,Fighter,40,73486,40,Mage,11.57,17,3,5
349,29.27,3,-1,M,Fighter,30,83921,35,Fighter,10.77,15,3,5
346,103.63,-3,5,F,Fighter,30,88385,31,Fighter,11.99,15,3,4
334,64.51,0,1,M,Fighter,40,22723,41,Fighter,11.02,16,3,5
343,28.94,1,-4,M,Mage,10,43442,8,Fighter,9.1,15,4,2
338,89.32,4,-5,F,Fighter,40,44819,38,Fighter,11.39,16,3,5
307,54.46,-5,-3,M,Mage,30,64615,28,Mage,9.62,17,3,4
321,98.97,0,-1,F,Mage,30,76107,33,Mage,11.87,15,3,4
338,88.09,4,-5,F,Fighter,40,74736,38,Fighter,12.29,15,3,5
332,10.93,3,-2,F,Thief,10,82622,8,Fighter,10.98,17,5,2
312,54.84,4,5,M,Mage,10,12461,10,Fighter,6.63,16,3,3
333,42.87,-2,5,F,Fighter,30,40492,30,Mage,9.91,17,3,5
302,59.87,2,-5,F,Mage,10,87382,11,Mage,7.36,16,3,3
349,31.55,3,-1,M,Fighter,30,71073,26,Fighter,9.61,17,3,5
305,36.25,0,-2,F,Thief,30,57436,26,Fighter,7.79,17,3,5
312,50.44,4,5,M,Mage,10,86605,9,Fighter,6.66,16,2,3
320,12.92,-5,4,F,Fighter,40,18847,40,Mage,9.58,17,3,5
349,42.02,3,-1,M,Fighter,30,81290,29,Thief,9.88,17,3,5
302,51.06,2,-5,F,Mage,10,87102,5,Mage,7.46,16,3,3
343,41.68,1,-4,M,Mage,10,25790,13,Fighter,8.72,17,3,2
347,0.0,5,0,F,Mage,10,44481,8,Fighter,10.62,15,5,1
313,45.81,5,-5,F,Thief,10,34087,12,Thief,8.61,15,3,3
350,81.28,5,5,F,Mage,40,37653,40,Mage,11.73,16,3,5
329,68.19,0,-1,F,Mage,10,60001,11,Thief,5.57,15,2,3
333,52.28,-2,5,F,Fighter,30,41707,29,Fighter,8.67,17,3,5
310,12.91,-1,-5,F,Mage,30,57436,26,Fighter,7.45,14,2,5
302,62.75,2,-5,F,Mage,10,70947,13,Mage,7.15,17,2,3
347,4.02,5,0,F,Mage,10,68024,14,Mage,11.09,16,5,1
318,62.37,3,2,F,Mage,30,73528,28,Thief,10.98,17,3,5
307,40.91,-5,-3,M,Mage,30,65317,33,Fighter,10.63,16,3,5
302,67.86,2,-5,F,Mage,10,76966,13,Fighter,6.89,14,3,3
326,46.28,-1,-1,M,Mage,20,47090,21,Mage,8.61,16,3,5
301,95.42,-2,5,F,Fighter,40,33872,45,Fighter,11.59,15,3,4
335,82.82,2,-1,F,Fighter,30,57566,30,Mage,10.92,17,3,5
310,0.62,-1,-5,F,Mage,30,75698,35,Mage,8.69,17,3,5
344,73.63,4,1,M,Fighter,20,43424,23,Mage,10.83,17,3,5
318,80.11,3,2,F,Mage,30,84667,28,Thief,11.44,16,3,5
340,26.15,3,0,F,Thief,20,24513,22,Thief,7.68,17,2,5
340,23.03,3,0,F,Thief,20,24845,16,Fighter,9.27,16,4,1
325,12.81,-3,2,F,Fighter,30,47138,33,Thief,8.4,17,3,5
334,71.34,0,1,M,Fighter,40,44819,38,Fighter,11.32,15,3,5
338,101.08,4,-5,F,Fighter,40,14683,37,Thief,12.02,14,3,5
323,11.34,-2,3,F,Mage,30,20887,28,Mage,6.98,15,3,6
349,37.16,3,-1,M,Fighter,30,73438,31,Fighter,8.35,16,3,5
329,78.31,0,-1,F,Mage,10,73789,5,Mage,6.15,14,2,3
310,9.92,-1,-5,F,Mage,30,70834,35,Thief,9.46,17,3,5
327,80.11,-4,2,M,Mage,20,31712,16,Thief,4.11,13,1,3
346,108.71,-3,5,F,Fighter,30,33609,35,Fighter,12.17,15,3,4
320,3.33,-5,4,F,Fighter,40,67017,35,Mage,9.54,16,3,5
324,14.69,-5,0,M,Fighter,40,58474,36,Thief,9.63,18,3,5
312,65.57,4,5,M,Mage,10,34787,7,Fighter,7.13,16,3,3
335,63.84,2,-1,F,Fighter,30,27138,30,Thief,11.42,14,3,5
331,105.85,2,-5,F,Mage,40,63673,45,Fighter,11.98,14,3,5
350,83.68,5,5,F,Mage,40,89408,41,Fighter,11.75,15,3,5
348,96.93,-3,1,F,Thief,30,57345,25,Fighter,10.45,17,3,4
328,65.94,-2,0,F,Thief,30,16599,32,Fighter,10.83,17,3,4
303,46.47,0,1,M,Thief,10,46955,10,Thief,9.28,17,4,2
337,55.02,-1,1,F,Thief,40,81250,35,Fighter,10.5,17,3,5
307,38.58,-5,-3,M,Mage,30,38265,26,Thief,10.11,16,3,4
321,99.54,0,-1,F,Mage,30,86602,25,Thief,11.47,14,3,5
341,0.0,-2,3,F,Fighter,10,59661,13,Thief,11.72,15,5,1
312,61.59,4,5,M,Mage,10,87102,5,Mage,7.07,15,3,3
321,94.63,0,-1,F,Mage,30,36793,29,Mage,12.4,15,3,5
332,15.18,3,-2,F,Thief,10,77968,9,Fighter,10.5,16,5,1
327,92.49,-4,2,M,Mage,20,26828,22,Thief,11.16,16,3,4
321,87.14,0,-1,F,Mage,30,22426,30,Mage,11.74,16,4,5
319,62.89,0,-3,M,Mage,40,18835,38,Mage,11.36,15,3,4
307,60.38,-5,-3,M,Mage,30,65317,33,Fighter,10.36,15,3,5
309,30.39,-5,-3,M,Thief,40,53775,43,Mage,10.82,16,3,5
345,47.89,-5,-4,M,Fighter,30,40451,25,Mage,9.4,17,3,4
313,42.88,5,-5,F,Thief,10,31403,15,Mage,8.41,16,3,3
317,93.34,4,2,M,Thief,40,11367,35,Thief,11.73,14,3,5
322,103.89,4,2,F,Fighter,40,70643,38,Fighter,12.47,15,3,5
344,76.07,4,1,M,Fighter,20,31980,17,Thief,5.29,15,2,3
350,63.86,5,5,F,Mage,40,29767,40,Fighter,11.42,15,3,5
336,12.15,-5,1,F,Thief,40,64525,44,Fighter,9.22,16,3,5
348,89.09,-3,1,F,Thief,30,65317,33,Fighter,12.5,14,3,4
310,23.87,-1,-5,F,Mage,30,67045,30,Thief,8.3,16,3,6
328,62.28,-2,0,F,Thief,30,52712,32,Mage,10.06,17,3,5
325,19.66,-3,2,F,Fighter,30,86000,34,Mage,8.63,17,3,5
344,74.37,4,1,M,Fighter,20,15368,22,Thief,9.92,16,3,5
317,88.37,4,2,M,Thief,40,57759,39,Thief,11.74,13,4,5
301,88.04,-2,5,F,Fighter,40,32315,44,Thief,12.15,17,3,4
309,34.27,-5,-3,M,Thief,40,12073,38,Fighter,10.3,15,3,5
325,1.47,-3,2,F,Fighter,30,67018,27,Thief,7.23,17,3,5
301,98.85,-2,5,F,Fighter,40,47409,36,Mage,12.5,14,3,4
309,44.61,-5,-3,M,Thief,40,71618,41,Mage,11.16,15,3,5
304,23.14,3,-5,M,Thief,10,86605,9,Fighter,10.01,17,4,1
342,109.66,5,1,M,Mage,40,13109,38,Mage,11.56,15,3,5
313,45.3,5,-5,F,Thief,10,44443,10,Mage,7.83,16,3,2
345,49.64,-5,-4,M,Fighter,30,44352,31,Thief,9.63,16,3,5
335,78.44,2,-1,F,Fighter,30,88841,34,Fighter,11.04,15,3,5
307,37.48,-5,-3,M,Mage,30,48725,29,Fighter,9.72,17,3,4
337,47.79,-1,1,F,Thief,40,59768,44,Mage,10.32,16,3,5
339,75.67,5,3,F,Fighter,10,31773,6,Thief,3.77,14,1,3
347,11.61,5,0,F,Mage,10,13111,13,Thief,11.74,18,5,1
318,85.08,3,2,F,Mage,30,73528,28,Thief,11.13,17,3,5
338,90.23,4,-5,F,Fighter,40,81661,39,Fighter,12.5,15,4,5
319,67.84,0,-3,M,Mage,40,58311,39,Mage,11.17,16,3,5
304,5.13,3,-5,M,Thief,10,31874,8,Thief,10.41,17,4,1
336,12.6,-5,1,F,Thief,40,11421,38,Fighter,8.94,17,3,5
336,14.18,-5,1,F,Thief,40,88494,36,Fighter,8.05,17,3,5
339,93.87,5,3,F,Fighter,10,15416,13,Mage,3.85,12,1,4
335,69.38,2,-1,F,Fighter,30,83921,35,Fighter,11.47,14,4,5
321,107.15,0,-1,F,Mage,30,72240,33,Fighter,11.5,16,3,4
338,94.54,4,-5,F,Fighter,40,53013,38,Mage,12.27,15,3,5
308,92.82,-2,5,F,Mage,20,44784,22,Thief,12.03,15,3,4
311,70.89,-2,-5,M,Mage,10,69632,14,Fighter,5.62,16,2,3
347,4.1,5,0,F,Mage,10,84217,6,Fighter,12.05,16,5,1
329,73.4,0,-1,F,Mage,10,46955,10,Thief,6.12,16,2,3
323,0.0,-2,3,F,Mage,30,83921,35,Fighter,8.42,16,3,6
331,103.69,2,-5,F,Mage,40,81250,35,Fighter,11.75,16,4,5
327,82.23,-4,2,M,Mage,20,44784,22,Thief,10.88,15,3,4
304,8.25,3,-5,M,Thief,10,56849,8,Thief,10.65,16,5,1
336,20.06,-5,1,F,Thief,40,67017,35,Mage,9.01,16,3,5
350,62.3,5,5,F,Mage,40,15064,45,Fighter,11.82,14,3,5
308,88.73,-2,5,F,Mage,20,31653,22,Mage,11.9,16,3,4
342,94.74,5,1,M,Mage,40,19512,41,Fighter,12.13,16,3,5
310,11.78,-1,-5,F,Mage,30,52136,34,Thief,8.89,17,3,5
331,108.57,2,-5,F,Mage,40,88541,39,Mage,12.39,17,3,5
333,55.16,-2,5,F,Fighter,30,15888,27,Mage,9.02,16,3,5
338,85.84,4,-5,F,Fighter,40,42042,38,Fighter,11.25,15,3,5
304,4.95,3,-5,M,Thief,10,78851,12,Thief,10.65,16,4,1
312,49.62,4,5,M,Mage,10,37809,13,Mage,6.36,16,2,3
312,53.62,4,5,M,Mage,10,72950,12,Thief,6.86,16,2,3
303,48.46,0,1,M,Thief,10,40692,15,Fighter,9.13,17,4,2
304,14.06,3,-5,M,Thief,10,44566,9,Thief,11.07,15,5,1
342,95.8,5,1,M,Mage,40,13892,41,Fighter,12.38,14,3,5
347,7.0,5,0,F,Mage,10,37473,5,Thief,11.76,16,5,1
319,82.86,0,-3,M,Mage,40,51279,38,Thief,11.78,16,3,5
325,1.55,-3,2,F,Fighter,30,17433,28,Mage,8.32,16,2,5
329,80.15,0,-1,F,Mage,10,30929,9,Mage,5.86,14,2,3
313,50.09,5,-5,F,Thief,10,36916,5,Mage,8.21,16,3,3
345,54.89,-5,-4,M,Fighter,30,11682,25,Thief,9.67,16,3,5
322,107.79,4,2,F,Fighter,40,16311,42,Fighter,12.45,15,3,5
324,11.38,-5,0,M,Fighter,40,24800,44,Thief,10.55,16,3,5
342,91.8,5,1,M,Mage,40,33606,42,Thief,11.44,14,3,5
350,82.5,5,5,F,Mage,40,33609,35,Fighter,11.53,15,3,5
310,12.75,-1,-5,F,Mage,30,48331,25,Mage,7.73,16,2,5
331,107.21,2,-5,F,Mage,40,15768,43,Fighter,11.9,14,3,5
343,46.4,1,-4,M,Mage,10,41730,7,Thief,9.7,17,3,2
314,69.74,-2,-2,F,Fighter,30,87960,34,Mage,10.85,16,3,5
335,73.24,2,-1,F,Fighter,30,78198,35,Thief,11.28,16,3,5
317,80.51,4,2,M,Thief,40,87591,36,Mage,12.0,16,3,4
338,101.08,4,-5,F,Fighter,40,73241,36,Fighter,12.16,16,3,4
314,53.89,-2,-2,F,Fighter,30,64615,28,Mage,10.74,16,3,4
313,48.29,5,-5,F,Thief,10,68983,15,Mage,7.99,17,3,2
337,48.25,-1,1,F,Thief,40,35103,45,Mage,11.69,16,3,5
348,91.75,-3,1,F,Thief,30,44352,31,Thief,11.32,15,3,4
334,54.19,0,1,M,Fighter,40,77239,38,Fighter,11.31,16,4,5
338,103.89,4,-5,F,Fighter,40,16311,42,Fighter,11.59,17,3,5
304,13.85,3,-5,M,Thief,10,33339,11,Thief,11.1,16,4,1
338,107.99,4,-5,F,Fighter,40,17523,45,Thief,12.34,16,3,5
346,121.26,-3,5,F,Fighter,30,35847,29,Mage,11.86,15,3,4
316,0.0,0,-3,F,Thief,30,24191,32,Thief,7.65,17,3,6
313,40.59,5,-5,F,Thief,10,38000,12,Thief,7.48,17,3,2
337,53.41,-1,1,F,Thief,40,87591,36,Mage,10.71,17,3,4
320,1.19,-5,4,F,Fighter,40,83921,35,Fighter,9.35,15,3,5
335,72.16,2,-1,F,Fighter,30,82682,30,Mage,11.09,16,3,4
327,82.39,-4,2,M,Mage,20,62533,19,Thief,3.97,13,2,3
346,117.63,-3,5,F,Fighter,30,70785,34,Thief,12.19,14,3,4
337,42.65,-1,1,F,Thief,40,85310,40,Thief,10.2,17,3,5
309,25.07,-5,-3,M,Thief,40,88494,36,Fighter,9.98,18,3,5
331,107.18,2,-5,F,Mage,40,76430,43,Mage,11.69,16,3,4
337,59.22,-1,1,F,Thief,40,35033,37,Mage,11.26,16,3,5
333,45.91,-2,5,F,Fighter,30,45657,34,Thief,10.78,15,3,5
318,80.26,3,2,F,Mage,30,33518,31,Thief,11.75,14,3,4
318,84.21,3,2,F,Mage,30,17527,32,Mage,10.89,16,3,5
329,77.62,0,-1,F,Mage,10,47012,11,Fighter,6.28,17,2,3
336,21.49,-5,1,F,Thief,40,57280,43,Fighter,9.85,17,3,5
340,19.83,3,0,F,Thief,20,44061,18,Fighter,9.43,17,4,1
318,81.25,3,2,F,Mage,30,65235,26,Mage,9.97,15,3,5
349,45.22,3,-1,M,Fighter,30,82682,30,Mage,9.43,17,3,5
301,86.88,-2,5,F,Fighter,40,21918,44,Mage,11.48,15,3,4
331,100.91,2,-5,F,Mage,40,67621,35,Fighter,12.5,14,3,5
312,61.05,4,5,M,Mage,10,37473,5,Thief,6.94,16,3,3
345,55.41,-5,-4,M,Fighter,30,89979,30,Fighter,9.01,17,3,5
310,21.78,-1,-5,F,Mage,30,79228,34,Thief,8.77,16,3,5
305,26.8,0,-2,F,Thief,30,67914,25,Fighter,8.65,19,2,5
333,59.0,-2,5,F,Fighter,30,32533,31,Thief,10.17,16,3,5
308,87.89,-2,5,F,Mage,20,44784,22,Thief,11.05,16,3,4
318,78.43,3,2,F,Mage,30,48331,25,Mage,11.06,16,3,4
328,61.03,-2,0,F,Thief,30,11682,25,Thief,10.16,15,3,4
318,73.87,3,2,F,Mage,30,42679,34,Mage,10.71,15,3,5
324,14.36,-5,0,M,Fighter,40,89172,41,Mage,9.63,15,3,5
328,59.97,-2,0,F,Thief,30,76049,28,Mage,10.07,16,3,5
342,102.38,5,1,M,Mage,40,39215,39,Mage,11.6,16,4,5
319,69.83,0,-3,M,Mage,40,19235,38,Mage,10.56,16,3,4
349,48.13,3,-1,M,Fighter,30,74841,31,Thief,9.86,16,3,5
347,0.0,5,0,F,Mage,10,31874,8,Thief,11.12,16,5,1
321,88.15,0,-1,F,Mage,30,42785,35,Fighter,12.39,13,3,5
320,10.83,-5,4,F,Fighter,40,80459,39,Mage,9.35,16,3,5
303,35.21,0,1,M,Thief,10,58599,9,Thief,8.94,18,4,2
301,95.78,-2,5,F,Fighter,40,75694,35,Thief,12.5,17,3,4
301,97.06,-2,5,F,Fighter,40,55539,39,Thief,12.12,16,3,4
321,98.8,0,-1,F,Mage,30,74841,31,Thief,12.32,14,3,5
301,88.61,-2,5,F,Fighter,40,84450,37,Fighter,11.99,14,3,4
304,11.73,3,-5,M,Thief,10,74518,8,Mage,10.59,15,4,2
310,1.51,-1,-5,F,Mage,30,48725,29,Fighter,7.94,16,3,5
313,44.26,5,-5,F,Thief,10,71324,9,Thief,8.02,17,3,3
314,72.57,-2,-2,F,Fighter,30,64351,31,Fighter,10.35,18,3,5
349,48.19,3,-1,M,Fighter,30,33609,35,Fighter,9.97,16,3,5
334,51.7,0,1,M,Fighter,40,21918,44,Mage,11.76,15,3,5
306,87.72,0,5,M,Mage,10,45561,5,Thief,2.53,10,1,4
331,90.99,2,-5,F,Mage,40,51254,40,Thief,12.39,16,3,5
328,72.67,-2,0,F,Thief,30,33688,25,Fighter,9.76,16,3,5
337,53.79,-1,1,F,Thief,40,44663,41,Fighter,11.2,15,3,5
316,0.0,0,-3,F,Thief,30,88385,31,Fighter,7.93,15,3,6
336,20.0,-5,1,F,Thief,40,81722,40,Mage,9.62,16,3,5
302,72.07,2,-5,F,Mage,10,30929,9,Mage,7.38,17,2,3
341,10.14,-2,3,F,Fighter,10,25928,7,Mage,10.96,16,5,1
305,21.09,0,-2,F,Thief,30,32533,31,Thief,9.14,16,3,5
322,105.8,4,2,F,Fighter,40,26825,35,Fighter,11.64,16,3,4
348,95.36,-3,1,F,Thief,30,80097,27,Mage,11.63,15,3,4
305,25.35,0,-2,F,Thief,30,25844,34,Mage,9.55,16,3,5
341,5.0,-2,3,F,Fighter,10,60311,15,Thief,11.5,16,5,1
314,69.18,-2,-2,F,Fighter,30,37476,27,Thief,9.72,16,3,4
335,74.12,2,-1,F,Fighter,30,81250,35,Fighter,11.05,16,3,5
349,43.16,3,-1,M,Fighter,30,83045,26,Mage,9.54,16,3,5
315,94.79,-3,-3,F,Fighter,20,67617,22,Mage,11.26,15,3,4
334,51.5,0,1,M,Fighter,40,59768,44,Mage,11.0,15,3,5
346,102.24,-3,5,F,Fighter,30,35847,29,Mage,11.73,15,3,4
307,37.69,-5,-3,M,Mage,30,64447,31,Thief,9.92,17,3,4
338,100.31,4,-5,F,Fighter,40,16495,37,Fighter,11.91,16,3,5
335,67.17,2,-1,F,Fighter,30,80485,31,Fighter,10.78,16,3,5
348,75.54,-3,1,F,Thief,30,74684,32,Thief,10.93,15,3,4
345,55.84,-5,-4,M,Fighter,30,64447,31,Thief,9.31,16,3,5
346,110.21,-3,5,F,Fighter,30,70785,34,Thief,12.42,14,3,5
334,57.57,0,1,M,Fighter,40,37653,40,Mage,10.94,15,3,5
301,96.44,-2,5,F,Fighter,40,29937,40,Mage,11.58,14,3,5
340,28.66,3,0,F,Thief,20,11838,23,Mage,7.59,16,3,5
346,102.48,-3,5,F,Fighter,30,82377,32,Fighter,11.12,15,3,4
309,34.05,-5,-3,M,Thief,40,69028,38,Fighter,10.04,16,3,5
321,102.83,0,-1,F,Mage,30,75698,35,Mage,12.5,13,3,4
303,39.65,0,1,M,Thief,10,54799,14,Thief,9.19,18,3,2
342,101.72,5,1,M,Mage,40,77239,38,Fighter,12.16,15,3,5
346,121.04,-3,5,F,Fighter,30,64615,28,Mage,12.5,16,3,4
321,91.66,0,-1,F,Mage,30,22280,30,Mage,12.28,15,3,4
309,32.34,-5,-3,M,Thief,40,33872,45,Fighter,10.54,15,3,5
318,70.15,3,2,F,Mage,30,58308,28,Mage,10.33,16,3,5
320,10.28,-5,4,F,Fighter,40,18835,38,Mage,9.63,17,3,5
334,58.68,0,1,M,Fighter,40,66187,37,Mage,11.08,17,3,5
305,34.62,0,-2,F,Thief,30,33518,31,Thief,8.49,17,3,5
335,69.51,2,-1,F,Fighter,30,76049,28,Mage,11.06,13,3,5
318,84.62,3,2,F,Mage,30,30541,31,Mage,11.17,16,3,5
303,43.73,0,1,M,Thief,10,31193,10,Thief,9.72,17,4,2
311,74.33,-2,-5,M,Mage,10,15269,12,Fighter,6.1,14,2,3
318,82.74,3,2,F,Mage,30,22426,30,Mage,10.86,16,3,4
309,33.53,-5,-3,M,Thief,40,12029,38,Fighter,10.79,16,3,5
316,0.0,0,-3,F,Thief,30,42829,29,Mage,7.73,16,2,6
328,57.3,-2,0,F,Thief,30,27597,34,Thief,10.61,16,4,5
337,55.98,-1,1,F,Thief,40,48927,45,Thief,11.73,16,3,5
337,38.84,-1,1,F,Thief,40,40477,38,Fighter,10.08,16,3,5
341,7.8,-2,3,F,Fighter,10,37481,8,Fighter,11.3,16,5,1
332,11.8,3,-2,F,Thief,10,47012,11,Fighter,10.8,17,4,1
348,92.21,-3,1,F,Thief,30,37612,31,Fighter,11.74,16,3,4
309,35.98,-5,-3,M,Thief,40,10715,38,Mage,9.64,18,3,4
324,8.77,-5,0,M,Fighter,40,57260,41,Mage,9.93,16,3,5
316,2.02,0,-3,F,Thief,30,82807,28,Thief,7.9,16,3,6
341,0.0,-2,3,F,Fighter,10,28832,7,Mage,11.54,16,5,1
325,3.37,-3,2,F,Fighter,30,21681,35,Mage,8.99,18,3,5
346,104.16,-3,5,F,Fighter,30,15888,27,Mage,12.06,15,3,4
320,5.33,-5,4,F,Fighter,40,15146,44,Thief,10.23,17,3,5
340,35.18,3,0,F,Thief,20,30406,17,Fighter,9.58,15,4,2
323,0.0,-2,3,F,Mage,30,72803,26,Fighter,7.44,16,2,6
328,68.79,-2,0,F,Thief,30,76828,31,Fighter,10.22,16,3,5
319,63.4,0,-3,M,Mage,40,73355,40,Thief,11.58,14,3,5
303,27.51,0,1,M,Thief,10,59000,9,Mage,9.61,16,4,2
323,10.41,-2,3,F,Mage,30,21681,35,Mage,9.02,17,3,6
350,79.11,5,5,F,Mage,40,15064,45,Fighter,12.17,14,3,5
331,89.96,2,-5,F,Mage,40,71022,42,Mage,12.01,14,4,5
326,44.49,-1,-1,M,Mage,20,25400,17,Thief,9.37,17,3,2
334,59.86,0,1,M,Fighter,40,14683,37,Thief,10.59,16,3,5
326,42.86,-1,-1,M,Mage,20,47474,19,Fighter,8.5,16,4,2
309,36.12,-5,-3,M,Thief,40,20795,43,Fighter,10.19,15,3,5
346,104.74,-3,5,F,Fighter,30,61269,31,Mage,11.97,14,3,4
347,0.0,5,0,F,Mage,10,45657,12,Thief,11.51,16,5,1
341,3.21,-2,3,F,Fighter,10,86822,14,Mage,10.97,16,5,0
328,71.5,-2,0,F,Thief,30,17268,33,Thief,10.28,16,3,4
307,50.1,-5,-3,M,Mage,30,27231,31,Mage,10.04,17,3,5
322,105.39,4,2,F,Fighter,40,30704,44,Thief,12.1,14,3,5
310,19.2,-1,-5,F,Mage,30,82807,28,Thief,8.57,17,3,5
337,58.01,-1,1,F,Thief,40,19694,35,Thief,10.69,16,3,5
310,4.26,-1,-5,F,Mage,30,43701,30,Thief,8.27,17,3,5
350,73.84,5,5,F,Mage,40,56501,37,Fighter,11.85,16,3,5
329,82.23,0,-1,F,Mage,10,89276,13,Thief,6.38,15,2,3
350,79.65,5,5,F,Mage,40,33896,45,Fighter,11.99,14,3,5
342,102.04,5,1,M,Mage,40,55675,38,Mage,12.34,15,3,5
348,95.79,-3,1,F,Thief,30,85461,33,Mage,11.98,14,3,4
319,80.32,0,-3,M,Mage,40,81724,40,Mage,11.65,15,3,5
316,2.14,0,-3,F,Thief,30,73743,26,Mage,7.26,17,2,6
309,47.55,-5,-3,M,Thief,40,22786,39,Thief,10.35,15,3,5
317,96.51,4,2,M,Thief,40,16495,37,Fighter,11.6,16,3,5
316,10.11,0,-3,F,Thief,30,76128,35,Fighter,8.33,17,3,5
312,67.58,4,5,M,Mage,10,21587,7,Thief,6.92,15,3,3
309,43.79,-5,-3,M,Thief,40,73355,40,Thief,9.98,15,3,5
331,107.79,2,-5,F,Mage,40,26825,35,Fighter,11.42,14,3,5
343,27.79,1,-4,M,Mage,10,31193,10,Thief,9.05,17,3,2
317,94.84,4,2,M,Thief,40,31548,43,Fighter,11.95,16,3,5
320,0.86,-5,4,F,Fighter,40,19235,38,Mage,9.29,17,3,5
323,7.88,-2,3,F,Mage,30,13940,28,Thief,6.5,16,2,6
301,104.91,-2,5,F,Fighter,40,26234,45,Fighter,12.5,14,3,4
332,18.68,3,-2,F,Thief,10,60311,15,Thief,10.46,15,5,1
324,6.94,-5,0,M,Fighter,40,18723,36,Mage,9.19,17,3,5
315,101.49,-3,-3,F,Fighter,20,25722,22,Thief,10.69,15,3,4
346,110.17,-3,5,F,Fighter,30,36771,25,Mage,12.16,15,3,4
319,83.91,0,-3,M,Mage,40,23345,43,Thief,11.28,16,3,5
343,32.81,1,-4,M,Mage,10,33339,11,Thief,9.83,17,3,2
330,3.67,5,-4,M,Thief,10,58538,6,Mage,10.28,17,4,1
324,0.76,-5,0,M,Fighter,40,39215,39,Mage,9.42,16,3,5
349,35.26,3,-1,M,Fighter,30,64615,28,Mage,8.75,16,3,5
324,19.27,-5,0,M,Fighter,40,29767,40,Fighter,10.23,17,3,5
311,80.74,-2,-5,M,Mage,10,72950,12,Thief,5.88,16,2,3
340,21.42,3,0,F,Thief,20,34454,21,Mage,7.62,17,2,5
332,4.19,3,-2,F,Thief,10,89658,6,Mage,11.01,16,4,2
319,66.78,0,-3,M,Mage,40,42251,39,Thief,12.5,15,3,5
301,98.39,-2,5,F,Fighter,40,89258,42,Fighter,11.36,15,3,4
316,3.53,0,-3,F,Thief,30,17527,32,Mage,8.42,17,3,6
309,36.68,-5,-3,M,Thief,40,56013,36,Thief,9.84,16,3,5
347,0.0,5,0,F,Mage,10,77541,12,Thief,10.9,17,5,1
330,20.74,5,-4,M,Thief,10,87455,11,Fighter,10.59,16,4,2
334,72.55,0,1,M,Fighter,40,85255,43,Thief,11.53,14,3,5
325,16.34,-3,2,F,Fighter,30,40451,25,Mage,6.84,17,2,5
307,49.26,-5,-3,M,Mage,30,38195,35,Thief,10.48,15,3,4
350,65.44,5,5,F,Mage,40,21398,43,Mage,11.4,15,3,5
348,86.69,-3,1,F,Thief,30,22118,28,Fighter,11.24,17,3,4
350,73.31,5,5,F,Mage,40,66852,45,Thief,11.42,15,3,5
338,107.74,4,-5,F,Fighter,40,12710,36,Fighter,11.97,14,3,5
348,90.23,-3,1,F,Thief,30,15078,30,Thief,11.58,17,4,4
349,29.06,3,-1,M,Fighter,30,42829,29,Mage,9.9,16,3,5
336,9.7,-5,1,F,Thief,40,56125,42,Thief,9.86,16,3,5
350,77.72,5,5,F,Mage,40,42431,43,Thief,11.22,16,3,5
314,70.74,-2,-2,F,Fighter,30,63021,27,Mage,10.79,18,3,5
314,57.07,-2,-2,F,Fighter,30,17433,28,Mage,10.07,15,3,5
346,117.94,-3,5,F,Fighter,30,69261,28,Mage,12.02,16,3,4
324,11.82,-5,0,M,Fighter,40,32064,40,Mage,9.3,17,3,5
309,43.22,-5,-3,M,Thief,40,81499,43,Fighter,10.49,16,3,5
320,15.5,-5,4,F,Fighter,40,50149,42,Thief,10.26,16,3,5
309,45.09,-5,-3,M,Thief,40,41752,43,Fighter,10.71,16,3,5
345,48.19,-5,-4,M,Fighter,30,25168,31,Fighter,10.46,17,3,5
325,17.12,-3,2,F,Fighter,30,17566,32,Mage,8.55,19,3,5
320,1.44,-5,4,F,Fighter,40,66602,40,Thief,9.94,16,3,5
335,84.77,2,-1,F,Fighter,30,67018,27,Thief,10.52,15,3,5
301,89.63,-2,5,F,Fighter,40,42042,38,Fighter,11.61,15,3,4
337,46.46,-1,1,F,Thief,40,48349,36,Thief,10.29,18,3,5
321,88.46,0,-1,F,Mage,30,11814,28,Fighter,11.51,16,3,5
320,8.53,-5,4,F,Fighter,40,51279,38,Thief,9.6,15,3,5
314,63.42,-2,-2,F,Fighter,30,40492,30,Mage,10.03,16,3,4
319,83.15,0,-3,M,Mage,40,85728,43,Thief,11.88,16,3,4
302,55.05,2,-5,F,Mage,10,36520,6,Fighter,7.2,16,3,3
324,3.77,-5,0,M,Fighter,40,42093,43,Thief,10.37,16,3,5
305,34.71,0,-2,F,Thief,30,87960,34,Mage,9.34,16,3,5
317,82.74,4,2,M,Thief,40,73486,40,Mage,11.79,13,3,5
307,55.1,-5,-3,M,Mage,30,21681,35,Mage,10.66,17,3,4
345,44.27,-5,-4,M,Fighter,30,17566,32,Mage,10.24,17,3,4
305,22.63,0,-2,F,Thief,30,48478,27,Thief,7.74,17,3,5
328,65.36,-2,0,F,Thief,30,27138,30,Thief,10.06,17,3,5
313,53.75,5,-5,F,Thief,10,76472,8,Mage,8.38,17,3,3
324,17.53,-5,0,M,Fighter,40,77964,42,Thief,9.9,16,3,5
328,55.13,-2,0,F,Thief,30,56207,28,Thief,10.83,16,3,5
328,53.15,-2,0,F,Thief,30,56785,31,Thief,10.45,15,3,5
342,109.02,5,1,M,Mage,40,25663,43,Mage,11.58,15,3,5
304,24.16,3,-5,M,Thief,10,11542,10,Mage,10.21,16,4,1
305,19.9,0,-2,F,Thief,30,38438,27,Fighter,8.37,16,3,5
328,61.8,-2,0,F,Thief,30,33609,35,Fighter,10.52,16,3,4
333,47.8,-2,5,F,Fighter,30,60189,34,Mage,10.5,15,3,5
331,95.43,2,-5,F,Mage,40,38195,35,Thief,11.68,15,3,4
345,54.31,-5,-4,M,Fighter,30,15533,25,Mage,8.53,17,3,4
331,99.38,2,-5,F,Mage,40,42251,39,Thief,11.91,16,3,5
342,87.86,5,1,M,Mage,40,87591,36,Mage,12.37,15,4,5
347,10.21,5,0,F,Mage,10,37749,15,Fighter,11.32,16,5,1
348,80.76,-3,1,F,Thief,30,17433,28,Mage,11.91,14,3,4
309,26.72,-5,-3,M,Thief,40,20902,44,Thief,10.92,16,3,5
335,72.97,2,-1,F,Fighter,30,33815,29,Mage,11.07,16,3,5
337,40.04,-1,1,F,Thief,40,72663,45,Fighter,10.96,16,4,5
313,42.64,5,-5,F,Thief,10,31248,7,Thief,8.19,17,3,3
345,46.94,-5,-4,M,Fighter,30,73438,31,Fighter,9.88,17,3,5
324,13.8,-5,0,M,Fighter,40,67890,43,Fighter,9.69,17,3,5
314,72.2,-2,-2,F,Fighter,30,10230,31,Fighter,10.4,16,3,5
340,19.69,3,0,F,Thief,20,40451,25,Mage,8.17,18,3,5
322,100.13,4,2,F,Fighter,40,78198,35,Thief,12.02,15,3,5
323,0.0,-2,3,F,Mage,30,76800,33,Fighter,8.64,16,3,6
350,73.71,5,5,F,Mage,40,59768,44,Mage,10.94,16,3,5
326,45.23,-1,-1,M,Mage,20,15533,25,Mage,8.96,17,3,5
310,16.17,-1,-5,F,Mage,30,36793,29,Mage,7.79,15,3,5
313,49.2,5,-5,F,Thief,10,41079,6,Mage,8.36,17,3,2
346,100.93,-3,5,F,Fighter,30,83921,35,Fighter,11.61,16,3,4
330,11.25,5,-4,M,Thief,10,57131,13,Thief,10.21,16,4,2
312,63.42,4,5,M,Mage,10,54799,14,Thief,7.22,16,2,3
310,4.13,-1,-5,F,Mage,30,25091,32,Mage,8.91,16,3,5
316,8.8,0,-3,F,Thief,30,27138,30,Thief,8.24,15,2,6
308,88.79,-2,5,F,Mage,20,62695,17,Thief,2.01,9,1,3
322,106.2,4,2,F,Fighter,40,88494,36,Fighter,12.5,15,3,5
305,14.8,0,-2,F,Thief,30,48331,25,Mage,8.39,15,3,5
305,28.93,0,-2,F,Thief,30,15078,30,Thief,8.78,17,3,5
338,103.83,4,-5,F,Fighter,40,38195,35,Thief,11.78,17,4,5
336,20.19,-5,1,F,Thief,40,81724,40,Mage,9.82,17,3,5
313,47.24,5,-5,F,Thief,10,55130,9,Fighter,8.03,17,3,3
333,37.47,-2,5,F,Fighter,30,87820,25,Thief,9.88,17,3,5
343,43.03,1,-4,M,Mage,10,60168,12,Fighter,9.65,17,4,2
330,4.06,5,-4,M,Thief,10,38912,7,Thief,11.35,16,5,2
302,55.95,2,-5,F,Mage,10,10356,12,Fighter,7.3,16,2,3
346,117.06,-3,5,F,Fighter,30,50756,33,Fighter,12.29,15,3,4
322,97.2,4,2,F,Fighter,40,89258,42,Fighter,11.58,17,3,5
338,92.31,4,-5,F,Fighter,40,69284,35,Thief,11.62,14,3,5
319,74.15,0,-3,M,Mage,40,76336,42,Thief,11.74,16,3,5
334,51.76,0,1,M,Fighter,40,61307,37,Fighter,10.71,16,3,5
322,105.45,4,2,F,Fighter,40,18835,38,Mage,10.99,15,3,5
338,102.11,4,-5,F,Fighter,40,15105,45,Fighter,11.6,15,3,5
326,30.9,-1,-1,M,Mage,20,66998,16,Mage,9.62,15,4,2
334,57.11,0,1,M,Fighter,40,34923,42,Mage,12.02,15,4,5
346,112.36,-3,5,F,Fighter,30,74684,32,Thief,12.37,14,3,4
338,90.67,4,-5,F,Fighter,40,21045,45,Thief,11.92,15,3,4
321,107.24,0,-1,F,Mage,30,74684,32,Thief,11.78,15,3,4
333,48.83,-2,5,F,Fighter,30,48331,25,Mage,9.78,18,3,5
342,101.07,5,1,M,Mage,40,77239,38,Fighter,12.37,17,3,5
323,0.0,-2,3,F,Mage,30,61269,31,Mage,7.29,16,2,5
309,43.19,-5,-3,M,Thief,40,50149,42,Thief,10.04,15,3,4
308,102.3,-2,5,F,Mage,20,41141,23,Mage,10.8,16,3,4
303,46.76,0,1,M,Thief,10,62896,15,Thief,9.1,16,4,2
314,54.16,-2,-2,F,Fighter,30,27922,33,Thief,11.09,17,3,5
320,17.49,-5,4,F,Fighter,40,18723,36,Mage,9.53,15,3,5
318,62.92,3,2,F,Mage,30,64270,33,Thief,10.8,16,3,5
348,84.35,-3,1,F,Thief,30,45940,27,Fighter,11.57,16,3,4
350,82.58,5,5,F,Mage,40,69860,39,Mage,11.59,16,3,5
308,107.73,-2,5,F,Mage,20,38654,23,Thief,10.71,16,3,4
348,89.73,-3,1,F,Thief,30,20599,28,Mage,11.18,15,3,4
320,22.06,-5,4,F,Fighter,40,79430,39,Mage,9.26,14,3,5
312,50.24,4,5,M,Mage,10,59330,8,Mage,7.23,16,3,3
344,79.72,4,1,M,Fighter,20,77518,16,Fighter,5.05,15,2,3
316,0.0,0,-3,F,Thief,30,67914,25,Fighter,7.27,15,2,6
350,68.38,5,5,F,Mage,40,81499,43,Fighter,11.63,14,3,5
347,8.97,5,0,F,Mage,10,58538,6,Mage,11.38,14,5,1
346,118.34,-3,5,F,Fighter,30,57345,25,Fighter,11.88,16,3,4
346,118.18,-3,5,F,Fighter,30,65317,33,Fighter,11.13,15,3,5
337,48.94,-1,1,F,Thief,40,76128,35,Fighter,10.75,15,3,5
346,121.79,-3,5,F,Fighter,30,40218,28,Mage,11.65,15,3,4
316,0.0,0,-3,F,Thief,30,25091,32,Mage,8.12,16,3,6
313,59.75,5,-5,F,Thief,10,44442,6,Thief,8.25,17,3,2
321,94.03,0,-1,F,Mage,30,15533,25,Mage,11.55,16,3,5
341,0.0,-2,3,F,Fighter,10,34087,12,Thief,11.52,15,5,1
327,92.42,-4,2,M,Mage,20,36771,25,Mage,10.94,16,3,4
340,18.53,3,0,F,Thief,20,29209,17,Mage,9.6,15,4,2
341,0.0,-2,3,F,Fighter,10,78299,5,Mage,11.23,16,5,1
309,40.88,-5,-3,M,Thief,40,62543,43,Fighter,10.76,14,3,4
333,49.65,-2,5,F,Fighter,30,18283,29,Thief,9.8,17,3,5
312,59.52,4,5,M,Mage,10,88605,11,Thief,7.34,16,3,3
344,78.67,4,1,M,Fighter,20,44692,23,Fighter,9.56,17,3,5
337,40.97,-1,1,F,Thief,40,40477,38,Fighter,11.25,16,3,5
304,14.99,3,-5,M,Thief,10,34787,7,Fighter,10.48,16,5,1
311,82.43,-2,-5,M,Mage,10,81846,9,Mage,6.74,16,2,3
303,28.47,0,1,M,Thief,10,54319,10,Mage,9.53,17,4,2
347,0.0,5,0,F,Mage,10,34085,8,Fighter,11.76,17,5,1
316,4.76,0,-3,F,Thief,30,17566,32,Mage,8.69,18,2,6
340,22.97,3,0,F,Thief,20,49337,20,Fighter,10.36,17,4,2
322,104.9,4,2,F,Fighter,40,50149,42,Thief,11.09,15,3,5
310,15.21,-1,-5,F,Mage,30,89219,26,Thief,7.96,16,3,5
304,18.86,3,-5,M,Thief,10,54238,7,Mage,10.47,16,5,1
309,34.35,-5,-3,M,Thief,40,18847,40,Mage,10.54,15,3,5
340,22.33,3,0,F,Thief,20,66719,19,Mage,9.38,16,4,2
330,3.91,5,-4,M,Thief,10,69632,14,Fighter,11.1,16,4,1
310,0.98,-1,-5,F,Mage,30,67018,27,Thief,8.66,17,3,5
309,44.0,-5,-3,M,Thief,40,63673,45,Fighter,10.84,16,3,5
339,82.68,5,3,F,Fighter,10,24903,8,Mage,4.5,13,2,4
348,77.61,-3,1,F,Thief,30,87113,25,Thief,11.61,15,3,4
306,89.45,0,5,M,Mage,10,77541,12,Thief,2.21,11,1,4
310,13.96,-1,-5,F,Mage,30,89219,26,Thief,7.77,17,3,5
332,2.73,3,-2,F,Thief,10,21669,13,Fighter,10.37,16,5,1
307,40.11,-5,-3,M,Mage,30,27922,33,Thief,9.8,16,3,4
348,89.91,-3,1,F,Thief,30,11682,25,Thief,11.24,15,3,4
301,109.52,-2,5,F,Fighter,40,89258,42,Fighter,12.01,16,3,4
339,78.29,5,3,F,Fighter,10,83653,7,Fighter,4.53,15,2,4
321,88.49,0,-1,F,Mage,30,13940,28,Thief,11.92,15,3,5
301,106.39,-2,5,F,Fighter,40,62543,43,Fighter,12.31,14,3,4
307,40.86,-5,-3,M,Mage,30,18595,25,Mage,8.76,17,3,4
333,45.97,-2,5,F,Fighter,30,34213,32,Fighter,9.3,16,3,4
335,83.95,2,-1,F,Fighter,30,89979,30,Fighter,11.15,16,3,5
316,6.46,0,-3,F,Thief,30,86126,28,Thief,7.72,16,2,6
346,106.46,-3,5,F,Fighter,30,42737,27,Mage,11.96,13,3,5
335,68.22,2,-1,F,Fighter,30,67621,35,Fighter,11.43,16,3,5
309,43.0,-5,-3,M,Thief,40,79430,39,Mage,10.03,16,3,5
348,85.25,-3,1,F,Thief,30,76049,28,Mage,11.34,15,3,5
307,38.61,-5,-3,M,Mage,30,58308,28,Mage,9.13,16,3,4
322,87.9,4,2,F,Fighter,40,18835,38,Mage,11.59,16,3,5
319,67.22,0,-3,M,Mage,40,69860,39,Mage,11.65,15,3,4
318,63.23,3,2,F,Mage,30,26151,30,Mage,10.66,16,3,5
329,81.69,0,-1,F,Mage,10,38217,6,Thief,5.61,15,2,3
306,98.34,0,5,M,Mage,10,15269,12,Fighter,2.2,8,1,4
335,84.86,2,-1,F,Fighter,30,72240,33,Fighter,10.7,16,3,5
320,19.89,-5,4,F,Fighter,40,32315,44,Thief,10.07,16,3,5
331,108.83,2,-5,F,Mage,40,19694,35,Thief,12.5,14,3,5
325,6.25,-3,2,F,Fighter,30,86602,25,Thief,7.33,17,2,6
314,72.34,-2,-2,F,Fighter,30,27216,30,Thief,10.23,18,3,5
347,10.16,5,0,F,Mage,10,63765,7,Mage,11.55,14,5,1
316,10.7,0,-3,F,Thief,30,85461,33,Mage,8.49,16,3,6
347,8.59,5,0,F,Mage,10,62481,10,Fighter,11.35,16,5,1
324,2.98,-5,0,M,Fighter,40,55675,38,Mage,9.75,16,3,5
339,88.91,5,3,F,Fighter,10,85309,11,Thief,4.84,13,2,4
301,102.93,-2,5,F,Fighter,40,68120,40,Thief,11.85,16,3,4
340,13.31,3,0,F,Thief,20,83013,15,Fighter,9.39,15,4,2
336,17.23,-5,1,F,Thief,40,44819,38,Fighter,9.33,16,3,5
303,47.94,0,1,M,Thief,10,12461,10,Fighter,9.84,18,3,2
332,1.0,3,-2,F,Thief,10,89276,13,Thief,10.67,15,4,1
346,107.25,-3,5,F,Fighter,30,88841,34,Fighter,11.74,15,3,4
301,91.69,-2,5,F,Fighter,40,57818,40,Mage,11.76,15,3,4
345,41.87,-5,-4,M,Fighter,30,40218,28,Mage,9.63,16,3,5
329,63.64,0,-1,F,Mage,10,68024,14,Mage,4.82,15,2,3
320,17.7,-5,4,F,Fighter,40,60392,36,Fighter,8.91,17,3,5
341,0.0,-2,3,F,Fighter,10,70179,14,Fighter,11.13,17,5,1
335,70.98,2,-1,F,Fighter,30,84667,28,Thief,11.02,18,3,5
306,106.41,0,5,M,Mage,10,14988,12,Thief,2.15,8,1,4
329,70.43,0,-1,F,Mage,10,56914,12,Fighter,6.23,14,2,3
325,21.26,-3,2,F,Fighter,30,81250,35,Fighter,9.22,17,3,5
336,14.95,-5,1,F,Thief,40,57260,41,Mage,10.11,16,3,5
320,6.62,-5,4,F,Fighter,40,82229,43,Mage,10.46,17,3,5
346,116.87,-3,5,F,Fighter,30,73743,26,Mage,12.23,14,3,4
322,106.69,4,2,F,Fighter,40,81661,39,Fighter,11.87,16,3,5
345,44.72,-5,-4,M,Fighter,30,16136,25,Mage,9.21,16,3,4
349,39.03,3,-1,M,Fighter,30,42785,35,Fighter,10.5,17,3,5
343,46.53,1,-4,M,Mage,10,85309,11,Thief,9.58,16,3,2
348,96.3,-3,1,F,Thief,30,25091,32,Mage,10.51,16,3,4
301,104.75,-2,5,F,Fighter,40,70834,35,Thief,11.97,16,3,4
331,103.83,2,-5,F,Mage,40,88020,45,Fighter,11.8,15,3,5
334,55.56,0,1,M,Fighter,40,88967,44,Thief,11.43,16,3,5
305,33.61,0,-2,F,Thief,30,18283,29,Thief,8.88,16,3,5
345,46.1,-5,-4,M,Fighter,30,76651,32,Thief,9.64,16,3,4
335,66.06,2,-1,F,Fighter,30,42737,27,Mage,10.51,19,3,5
336,5.63,-5,1,F,Thief,40,87591,36,Mage,8.98,16,3,5
322,94.57,4,2,F,Fighter,40,60586,42,Fighter,11.81,16,3,5
344,78.09,4,1,M,Fighter,20,62743,16,Fighter,5.78,15,2,3
312,53.43,4,5,M,Mage,10,87382,11,Mage,7.01,17,3,3
318,83.87,3,2,F,Mage,30,16136,25,Mage,10.18,16,3,5
339,90.41,5,3,F,Fighter,10,47012,11,Fighter,3.84,12,2,3
311,78.37,-2,-5,M,Mage,10,31387,15,Thief,5.02,14,2,3
338,102.62,4,-5,F,Fighter,40,83921,35,Fighter,12.24,15,4,5
346,111.05,-3,5,F,Fighter,30,56785,31,Thief,11.57,15,4,5
307,55.65,-5,-3,M,Mage,30,89884,35,Thief,10.15,17,3,4
341,0.0,-2,3,F,Fighter,10,50547,10,Fighter,11.14,15,5,1
327,89.3,-4,2,M,Mage,20,40586,17,Thief,3.83,14,1,3
314,68.34,-2,-2,F,Fighter,30,52028,34,Fighter,10.95,15,3,5
319,71.33,0,-3,M,Mage,40,71637,43,Fighter,12.04,15,3,4
317,89.32,4,2,M,Thief,40,73355,40,Thief,11.98,16,3,5
323,0.0,-2,3,F,Mage,30,62686,27,Fighter,6.84,17,2,6
315,91.37,-3,-3,F,Fighter,20,62446,16,Mage,2.79,9,1,3
308,103.93,-2,5,F,Mage,20,81514,23,Fighter,11.35,14,3,4
305,33.03,0,-2,F,Thief,30,23459,25,Fighter,7.91,16,2,5
323,7.91,-2,3,F,Mage,30,48478,27,Thief,8.19,16,2,5
315,88.86,-3,-3,F,Fighter,20,36226,20,Fighter,1.88,7,1,3
301,109.53,-2,5,F,Fighter,40,53775,43,Mage,11.82,15,4,4
301,87.44,-2,5,F,Fighter,40,19463,43,Thief,12.36,15,3,5
337,40.23,-1,1,F,Thief,40,51500,35,Mage,11.1,16,3,5
328,51.33,-2,0,F,Thief,30,38438,27,Fighter,10.84,16,3,5
335,83.3,2,-1,F,Fighter,30,43701,30,Thief,10.67,15,3,5
342,107.73,5,1,M,Mage,40,15105,45,Fighter,11.72,14,3,5
339,83.21,5,3,F,Fighter,10,87382,11,Mage,4.28,13,1,4
335,77.32,2,-1,F,Fighter,30,73743,26,Mage,10.35,16,3,5
331,104.63,2,-5,F,Mage,40,19512,41,Fighter,12.48,17,3,4
305,13.24,0,-2,F,Thief,30,37476,27,Thief,8.3,16,3,5
316,0.0,0,-3,F,Thief,30,22280,30,Mage,8.39,16,2,6
301,91.41,-2,5,F,Fighter,40,25904,42,Mage,12.34,14,3,4
305,21.45,0,-2,F,Thief,30,24544,33,Fighter,9.04,15,3,5
317,81.3,4,2,M,Thief,40,61041,43,Mage,12.02,16,3,4
317,88.25,4,2,M,Thief,40,75694,35,Thief,12.05,17,3,5
319,76.37,0,-3,M,Mage,40,69028,38,Fighter,11.72,15,3,4
332,20.08,3,-2,F,Thief,10,65579,12,Thief,10.44,16,5,1
339,97.49,5,3,F,Fighter,10,15269,12,Fighter,4.53,13,2,4
326,30.83,-1,-1,M,Mage,20,18666,17,Fighter,9.23,17,3,2
334,62.72,0,1,M,Fighter,40,18835,38,Mage,11.54,16,3,4
331,99.5,2,-5,F,Mage,40,76153,43,Fighter,11.8,15,3,5
342,106.9,5,1,M,Mage,40,67017,35,Mage,11.4,14,3,5
335,76.07,2,-1,F,Fighter,30,87530,32,Fighter,11.73,16,3,5
326,45.25,-1,-1,M,Mage,20,51135,21,Thief,8.79,18,2,5
331,87.82,2,-5,F,Mage,40,81661,39,Fighter,11.72,16,3,5
337,45.84,-1,1,F,Thief,40,48351,36,Thief,11.27,14,3,5
330,19.64,5,-4,M,Thief,10,55119,9,Mage,10.72,15,4,2
308,108.14,-2,5,F,Mage,20,55463,23,Mage,11.26,14,3,5
333,55.69,-2,5,F,Fighter,30,80097,27,Mage,9.4,15,3,5
348,84.21,-3,1,F,Thief,30,72803,26,Fighter,10.84,16,3,5
348,82.91,-3,1,F,Thief,30,66722,30,Mage,11.03,16,3,4
347,0.0,5,0,F,Mage,10,40692,15,Fighter,11.14,15,5,1
309,31.13,-5,-3,M,Thief,40,25904,42,Mage,10.55,16,3,5
349,29.67,3,-1,M,Fighter,30,65235,26,Mage,8.67,17,3,5
319,66.39,0,-3,M,Mage,40,33872,45,Fighter,11.39,14,3,5
330,12.16,5,-4,M,Thief,10,52461,15,Thief,10.66,17,5,1
301,101.63,-2,5,F,Fighter,40,86997,37,Mage,11.03,17,3,4
332,14.33,3,-2,F,Thief,10,77541,12,Thief,11.1,15,5,1
309,33.88,-5,-3,M,Thief,40,49850,38,Fighter,10.12,17,3,5
323,7.58,-2,3,F,Mage,30,19694,35,Thief,8.19,16,3,6
347,3.63,5,0,F,Mage,10,44584,15,Fighter,11.55,17,5,1
329,80.56,0,-1,F,Mage,10,61244,13,Fighter,5.35,15,2,3
337,53.0,-1,1,F,Thief,40,53775,43,Mage,10.62,16,3,4
332,9.9,3,-2,F,Thief,10,73789,5,Mage,10.62,16,4,2
301,95.2,-2,5,F,Fighter,40,57751,36,Fighter,12.09,15,3,4
324,1.83,-5,0,M,Fighter,40,58311,39,Mage,9.68,17,3,5
304,7.89,3,-5,M,Thief,10,15254,13,Thief,10.37,16,4,1
313,48.92,5,-5,F,Thief,10,39882,12,Mage,8.71,16,3,3
343,29.06,1,-4,M,Mage,10,28832,7,Mage,10.01,17,4,2
320,17.14,-5,4,F,Fighter,40,84392,40,Fighter,9.87,17,3,5
324,19.04,-5,0,M,Fighter,40,88771,40,Fighter,9.1,15,3,5
349,45.41,3,-1,M,Fighter,30,25168,31,Fighter,8.71,17,3,5
335,64.63,2,-1,F,Fighter,30,89219,26,Thief,10.69,17,3,4
307,40.74,-5,-3,M,Mage,30,22118,28,Fighter,9.46,16,3,5
316,7.29,0,-3,F,Thief,30,63362,28,Thief,8.13,17,3,6
342,101.87,5,1,M,Mage,40,88020,45,Fighter,12.08,15,3,4
336,21.33,-5,1,F,Thief,40,31548,43,Fighter,10.0,17,3,5
321,88.61,0,-1,F,Mage,30,75698,35,Mage,12.21,14,3,5
339,92.05,5,3,F,Fighter,10,61244,13,Fighter,4.4,13,1,4
313,41.06,5,-5,F,Thief,10,60168,12,Fighter,8.53,16,3,3
312,64.09,4,5,M,Mage,10,81846,9,Mage,6.87,16,3,3
338,99.67,4,-5,F,Fighter,40,21398,43,Mage,12.05,15,4,5
328,61.6,-2,0,F,Thief,30,42829,29,Mage,10.76,17,3,4
336,13.86,-5,1,F,Thief,40,59889,35,Thief,9.59,17,3,5
328,70.8,-2,0,F,Thief,30,83921,35,Fighter,10.67,15,3,5
307,48.43,-5,-3,M,Mage,30,24191,32,Thief,10.83,17,3,4
342,106.0,5,1,M,Mage,40,31318,36,Thief,10.9,18,3,5
334,59.39,0,1,M,Fighter,40,22932,38,Fighter,11.43,16,3,4
344,61.42,4,1,M,Fighter,20,72850,17,Thief,6.1,16,2,3
307,45.03,-5,-3,M,Mage,30,61269,31,Mage,10.37,16,3,5
341,0.0,-2,3,F,Fighter,10,62902,5,Thief,11.49,16,5,1
307,42.81,-5,-3,M,Mage,30,75688,31,Fighter,10.22,16,3,5
332,3.31,3,-2,F,Thief,10,44566,9,Thief,10.61,16,4,2
344,83.38,4,1,M,Fighter,20,41141,23,Mage,10.07,17,3,5
321,106.89,0,-1,F,Mage,30,22280,30,Mage,11.83,15,3,4
320,15.45,-5,4,F,Fighter,40,52157,45,Mage,10.2,17,3,5
335,66.66,2,-1,F,Fighter,30,67914,25,Fighter,10.4,15,3,5
310,13.85,-1,-5,F,Mage,30,37612,31,Fighter,8.14,16,3,6
342,92.72,5,1,M,Mage,40,12029,38,Fighter,11.98,16,3,5
346,112.57,-3,5,F,Fighter,30,19390,32,Mage,11.44,15,3,4
350,65.68,5,5,F,Mage,40,72663,45,Fighter,11.82,14,3,5
331,104.31,2,-5,F,Mage,40,33640,38,Thief,12.08,14,3,4
332,8.65,3,-2,F,Thief,10,31723,10,Thief,10.77,16,4,1
343,44.32,1,-4,M,Mage,10,42251,13,Mage,8.73,18,3,2
324,20.72,-5,0,M,Fighter,40,66602,40,Thief,9.13,16,3,5
342,100.06,5,1,M,Mage,40,88771,40,Fighter,11.95,14,3,5
304,3.07,3,-5,M,Thief,10,14988,12,Thief,10.59,17,4,1
320,22.52,-5,4,F,Fighter,40,77239,38,Fighter,9.56,16,3,5
307,50.01,-5,-3,M,Mage,30,45657,34,Thief,9.67,16,3,4
328,58.51,-2,0,F,Thief,30,82377,32,Fighter,10.42,15,4,5
336,10.41,-5,1,F,Thief,40,47409,36,Mage,9.24,17,3,5
317,78.31,4,2,M,Thief,40,45278,37,Mage,12.08,15,3,5
328,59.56,-2,0,F,Thief,30,84041,28,Fighter,9.96,15,3,5
309,40.06,-5,-3,M,Thief,40,41752,43,Fighter,11.01,16,3,5
338,109.03,4,-5,F,Fighter,40,42251,39,Thief,11.88,15,3,5
301,102.19,-2,5,F,Fighter,40,25904,42,Mage,11.74,14,3,4
322,94.78,4,2,F,Fighter,40,20084,37,Thief,11.77,15,3,5
322,98.5,4,2,F,Fighter,40,89172,41,Mage,11.36,16,3,5
339,80.57,5,3,F,Fighter,10,42866,15,Thief,3.53,12,1,3
336,17.52,-5,1,F,Thief,40,56501,37,Fighter,8.34,16,3,5
347,11.9,5,0,F,Mage,10,65579,12,Thief,11.47,14,5,1
316,9.36,0,-3,F,Thief,30,57436,26,Fighter,7.98,16,2,6
332,14.26,3,-2,F,Thief,10,78299,5,Mage,10.5,16,4,1
305,17.52,0,-2,F,Thief,30,81290,29,Thief,8.3,17,3,5
325,2.24,-3,2,F,Fighter,30,67018,27,Thief,7.97,16,3,5
301,102.99,-2,5,F,Fighter,40,44663,41,Fighter,11.37,16,3,4
309,37.05,-5,-3,M,Thief,40,18847,40,Mage,10.36,17,3,4
319,71.93,0,-3,M,Mage,40,19463,43,Thief,11.95,15,3,5
350,80.04,5,5,F,Mage,40,62543,43,Fighter,11.69,14,3,5
347,2.39,5,0,F,Mage,10,52152,10,Fighter,10.97,17,5,1
303,27.55,0,1,M,Thief,10,78851,12,Thief,8.84,15,4,2
346,98.91,-3,5,F,Fighter,30,22280,30,Mage,11.46,17,4,4
338,106.68,4,-5,F,Fighter,40,12073,38,Fighter,12.31,14,3,5
328,60.71,-2,0,F,Thief,30,44352,31,Thief,10.45,16,3,4
346,113.71,-3,5,F,Fighter,30,40492,30,Mage,12.16,14,3,4
332,3.52,3,-2,F,Thief,10,76185,10,Thief,9.59,17,4,1
320,12.36,-5,4,F,Fighter,40,19056,40,Thief,9.52,18,3,5
346,116.74,-3,5,F,Fighter,30,39207,30,Thief,11.82,14,3,4
323,1.3,-2,3,F,Mage,30,67250,28,Fighter,7.78,15,2,6
333,47.75,-2,5,F,Fighter,30,42280,25,Fighter,9.48,17,3,5
305,16.6,0,-2,F,Thief,30,17430,26,Fighter,8.56,17,3,5
349,35.77,3,-1,M,Fighter,30,21681,35,Mage,9.73,17,3,5
337,42.96,-1,1,F,Thief,40,19463,43,Thief,10.92,19,3,4
333,37.32,-2,5,F,Fighter,30,25091,32,Mage,9.68,15,3,4
335,73.92,2,-1,F,Fighter,30,86444,33,Mage,11.4,15,3,5
312,70.89,4,5,M,Mage,10,82108,11,Thief,6.73,16,2,3
336,0.95,-5,1,F,Thief,40,21918,44,Mage,10.25,16,3,5
310,23.79,-1,-5,F,Mage,30,40051,32,Mage,8.37,17,3,5
348,89.47,-3,1,F,Thief,30,48331,25,Mage,11.71,16,3,5
332,4.82,3,-2,F,Thief,10,41730,7,Thief,11.07,17,5,1
321,105.77,0,-1,F,Mage,30,88777,34,Fighter,11.46,15,3,4
318,68.04,3,2,F,Mage,30,82682,30,Mage,10.82,17,3,5
314,50.55,-2,-2,F,Fighter,30,40492,30,Mage,10.54,16,3,5
322,107.9,4,2,F,Fighter,40,65857,39,Fighter,11.75,15,4,5
346,98.54,-3,5,F,Fighter,30,24163,33,Mage,11.64,16,3,5
333,38.86,-2,5,F,Fighter,30,88777,34,Fighter,11.33,15,3,5
309,47.78,-5,-3,M,Thief,40,28447,42,Thief,9.98,15,3,5
332,12.39,3,-2,F,Thief,10,35954,13,Mage,10.88,16,4,1
350,69.02,5,5,F,Mage,40,42431,43,Thief,11.76,16,3,5
337,54.62,-1,1,F,Thief,40,77964,42,Thief,11.62,16,3,5
317,93.64,4,2,M,Thief,40,37653,40,Mage,11.9,14,3,5
309,33.1,-5,-3,M,Thief,40,59889,35,Thief,9.73,17,3,5
303,27.72,0,1,M,Thief,10,38000,12,Thief,8.96,16,4,2
340,12.45,3,0,F,Thief,20,37749,15,Fighter,9.61,15,4,1
334,61.54,0,1,M,Fighter,40,33872,45,Fighter,11.86,17,3,5
307,56.03,-5,-3,M,Mage,30,80097,27,Mage,9.77,17,3,5
322,92.03,4,2,F,Fighter,40,25904,42,Mage,11.29,16,3,5
342,88.07,5,1,M,Mage,40,49850,38,Fighter,11.74,15,3,5
317,96.34,4,2,M,Thief,40,89310,44,Mage,11.84,14,3,5
323,0.0,-2,3,F,Mage,30,27231,31,Mage,8.16,16,3,6
315,93.33,-3,-3,F,Fighter,20,60311,15,Thief,2.49,11,1,4
324,3.77,-5,0,M,Fighter,40,69284,35,Thief,8.63,17,3,5
308,91.49,-2,5,F,Mage,20,73729,19,Fighter,2.46,11,1,4
326,40.63,-1,-1,M,Mage,20,11682,25,Thief,8.15,16,3,5
346,104.18,-3,5,F,Fighter,30,72163,25,Thief,12.02,15,3,4
324,23.33,-5,0,M,Fighter,40,34475,36,Thief,8.66,17,3,5
326,31.8,-1,-1,M,Mage,20,58634,17,Mage,9.22,16,3,2
307,53.01,-5,-3,M,Mage,30,17268,33,Thief,10.07,16,3,5
303,31.75,0,1,M,Thief,10,56953,12,Thief,9.67,17,4,2
317,78.12,4,2,M,Thief,40,74736,38,Fighter,12.07,17,3,5
345,52.88,-5,-4,M,Fighter,30,85461,33,Mage,10.52,16,3,5
341,7.79,-2,3,F,Fighter,10,41747,7,Fighter,10.99,17,5,1
301,103.79,-2,5,F,Fighter,40,18835,38,Mage,11.86,15,3,4
349,39.84,3,-1,M,Fighter,30,89884,35,Thief,9.34,17,3,5
340,17.72,3,0,F,Thief,20,83013,15,Fighter,10.12,16,4,2
334,70.93,0,1,M,Fighter,40,19694,35,Thief,11.06,15,3,5
329,84.94,0,-1,F,Mage,10,44584,15,Fighter,5.68,14,2,3
313,60.47,5,-5,F,Thief,10,44442,6,Thief,8.58,18,3,2
321,108.19,0,-1,F,Mage,30,24191,32,Thief,11.6,15,3,5
340,13.8,3,0,F,Thief,20,54948,18,Fighter,9.85,14,4,2
335,69.28,2,-1,F,Fighter,30,83128,30,Thief,11.33,17,3,4
322,95.15,4,2,F,Fighter,40,66602,40,Thief,11.87,13,3,5
336,21.23,-5,1,F,Thief,40,40477,38,Fighter,9.04,16,3,5
318,83.3,3,2,F,Mage,30,76828,31,Fighter,10.98,15,3,4
304,5.37,3,-5,M,Thief,10,53538,15,Mage,9.67,16,4,1
311,81.75,-2,-5,M,Mage,10,45500,7,Mage,6.25,14,2,3
336,18.14,-5,1,F,Thief,40,89408,41,Fighter,10.22,17,3,5
318,77.97,3,2,F,Mage,30,87356,32,Fighter,11.59,17,3,5
315,104.19,-3,-3,F,Fighter,20,41011,24,Fighter,11.1,14,3,4
335,78.38,2,-1,F,Fighter,30,84041,28,Fighter,11.11,16,3,5
317,96.69,4,2,M,Thief,40,66852,45,Thief,11.99,15,3,5
315,96.63,-3,-3,F,Fighter,20,13574,19,Thief,2.59,10,1,4
317,78.99,4,2,M,Thief,40,15146,44,Thief,12.35,15,3,5
335,78.57,2,-1,F,Fighter,30,69284,35,Thief,11.02,15,3,4
320,13.52,-5,4,F,Fighter,40,44819,38,Fighter,8.72,17,3,5
337,59.23,-1,1,F,Thief,40,76336,42,Thief,11.54,16,3,4
348,83.06,-3,1,F,Thief,30,13277,33,Mage,12.22,14,3,4
311,63.83,-2,-5,M,Mage,10,88724,8,Fighter,6.0,14,2,3
329,74.12,0,-1,F,Mage,10,24903,8,Mage,5.63,15,2,3
347,6.68,5,0,F,Mage,10,82947,14,Mage,11.1,15,5,1
348,92.33,-3,1,F,Thief,30,32315,32,Fighter,11.83,14,3,4
332,19.59,3,-2,F,Thief,10,34267,7,Mage,11.18,15,4,1
332,2.07,3,-2,F,Thief,10,58538,6,Mage,10.04,17,5,2
347,0.0,5,0,F,Mage,10,30929,9,Mage,11.69,14,5,1
331,93.54,2,-5,F,Mage,40,17257,38,Fighter,12.5,14,3,5
309,26.7,-5,-3,M,Thief,40,16122,40,Mage,10.33,17,3,5
328,61.05,-2,0,F,Thief,30,72803,26,Fighter,9.91,15,3,4
331,109.43,2,-5,F,Mage,40,14683,37,Thief,11.89,16,3,5
341,1.79,-2,3,F,Fighter,10,30895,10,Thief,11.3,14,5,1
340,24.53,3,0,F,Thief,20,10849,17,Fighter,9.9,17,4,2
315,89.48,-3,-3,F,Fighter,20,23647,24,Fighter,12.01,15,3,4
325,7.57,-3,2,F,Fighter,30,36793,29,Mage,8.82,18,3,6
332,11.3,3,-2,F,Thief,10,31251,8,Mage,10.6,18,5,1
307,43.66,-5,-3,M,Mage,30,87622,33,Mage,10.12,16,3,5
324,1.5,-5,0,M,Fighter,40,56501,37,Fighter,8.7,18,3,5
312,61.92,4,5,M,Mage,10,63765,7,Mage,7.83,16,3,3
322,95.19,4,2,F,Fighter,40,23431,41,Thief,12.03,15,3,5
343,41.82,1,-4,M,Mage,10,56345,9,Mage,8.95,16,3,2
303,41.01,0,1,M,Thief,10,15416,13,Mage,8.68,17,4,2
347,0.0,5,0,F,Mage,10,43442,8,Fighter,11.52,17,5,1
326,44.67,-1,-1,M,Mage,20,23459,25,Fighter,8.64,16,3,5
346,108.09,-3,5,F,Fighter,30,58308,28,Mage,12.24,15,3,4
349,41.65,3,-1,M,Fighter,30,65603,27,Fighter,8.24,17,3,5
346,100.44,-3,5,F,Fighter,30,64351,31,Fighter,11.62,17,3,4
335,62.88,2,-1,F,Fighter,30,45940,27,Fighter,10.92,16,3,5
346,101.57,-3,5,F,Fighter,30,80080,27,Mage,12.06,15,3,4
348,82.88,-3,1,F,Thief,30,20599,28,Mage,11.15,15,3,4
347,0.62,5,0,F,Mage,10,63390,10,Mage,11.38,16,5,1
337,56.35,-1,1,F,Thief,40,31548,43,Fighter,11.61,15,3,4
338,102.09,4,-5,F,Fighter,40,19463,43,Thief,11.69,16,3,5
311,75.64,-2,-5,M,Mage,10,59000,9,Mage,6.32,14,2,3
350,62.73,5,5,F,Mage,40,14141,39,Fighter,11.1,14,3,5
340,18.1,3,0,F,Thief,20,20272,20,Mage,9.75,16,4,2
322,108.63,4,2,F,Fighter,40,84338,44,Mage,11.59,16,3,5
341,5.27,-2,3,F,Fighter,10,44519,8,Mage,11.22,17,5,1
325,2.21,-3,2,F,Fighter,30,42280,25,Fighter,7.64,17,2,6
344,68.44,4,1,M,Fighter,20,40692,15,Fighter,5.11,14,2,3
317,77.54,4,2,M,Thief,40,15105,45,Fighter,11.91,16,3,5
307,46.37,-5,-3,M,Mage,30,86444,33,Mage,9.71,16,3,4
337,38.18,-1,1,F,Thief,40,89310,44,Mage,11.26,15,3,5
332,4.48,3,-2,F,Thief,10,59661,13,Thief,10.52,17,5,2
320,4.76,-5,4,F,Fighter,40,39215,39,Mage,9.37,16,3,5
322,88.59,4,2,F,Fighter,40,22932,38,Fighter,11.95,15,3,5
347,0.0,5,0,F,Mage,10,43561,9,Fighter,11.15,16,5,1
315,101.93,-3,-3,F,Fighter,20,57345,25,Fighter,11.28,15,3,4
333,55.37,-2,5,F,Fighter,30,32315,32,Fighter,9.69,16,3,5
307,37.33,-5,-3,M,Mage,30,87820,25,Thief,9.74,15,3,5
324,13.97,-5,0,M,Fighter,40,21969,45,Fighter,10.77,18,3,5
341,0.0,-2,3,F,Fighter,10,77243,15,Fighter,11.16,14,5,1
329,74.09,0,-1,F,Mage,10,18016,11,Fighter,5.69,15,2,3
319,63.99,0,-3,M,Mage,40,51841,37,Mage,11.19,16,3,4
301,99.99,-2,5,F,Fighter,40,67890,43,Fighter,12.06,16,3,5
316,4.69,0,-3,F,Thief,30,87356,32,Fighter,8.24,16,2,6
310,7.35,-1,-5,F,Mage,30,14573,31,Fighter,7.49,15,3,5
336,1.32,-5,1,F,Thief,40,89408,41,Fighter,10.12,15,3,5
318,82.35,3,2,F,Mage,30,44352,31,Thief,11.6,16,3,5
347,10.54,5,0,F,Mage,10,83886,15,Thief,11.06,17,5,1
310,23.28,-1,-5,F,Mage,30,27597,34,Thief,10.11,16,3,5
328,55.22,-2,0,F,Thief,30,74684,32,Thief,10.4,16,3,4
341,7.16,-2,3,F,Fighter,10,21587,7,Thief,11.34,15,5,1
316,0.0,0,-3,F,Thief,30,64270,33,Thief,7.52,17,3,6
303,45.52,0,1,M,Thief,10,10356,12,Fighter,8.77,16,4,2
321,95.3,0,-1,F,Mage,30,87820,25,Thief,10.67,16,4,5
330,1.21,5,-4,M,Thief,10,82839,10,Fighter,11.04,14,4,2
330,20.68,5,-4,M,Thief,10,58538,6,Mage,10.99,16,5,1
346,117.27,-3,5,F,Fighter,30,88880,32,Thief,11.74,16,3,4
337,42.53,-1,1,F,Thief,40,61925,41,Thief,11.03,15,3,5
331,87.39,2,-5,F,Mage,40,19056,40,Thief,11.85,16,3,5
301,95.72,-2,5,F,Fighter,40,64525,44,Fighter,12.2,15,3,4
328,72.76,-2,0,F,Thief,30,17810,26,Mage,10.16,16,3,4
337,51.97,-1,1,F,Thief,40,16495,37,Fighter,10.46,16,3,5
314,57.42,-2,-2,F,Fighter,30,22280,30,Mage,10.14,17,3,4
341,0.0,-2,3,F,Fighter,10,58718,9,Mage,10.89,16,5,1
333,60.51,-2,5,F,Fighter,30,59889,35,Thief,10.45,15,3,5
325,23.23,-3,2,F,Fighter,30,42737,27,Mage,8.58,15,2,5
317,89.39,4,2,M,Thief,40,63673,45,Fighter,11.55,16,3,5
341,6.23,-2,3,F,Fighter,10,62481,10,Fighter,11.69,14,5,1
318,62.65,3,2,F,Mage,30,89884,35,Thief,11.64,16,3,5
314,61.3,-2,-2,F,Fighter,30,75698,35,Mage,11.4,15,3,5
310,6.8,-1,-5,F,Mage,30,82377,32,Fighter,8.58,16,3,6
330,12.59,5,-4,M,Thief,10,71194,10,Mage,11.34,16,4,1
338,88.6,4,-5,F,Fighter,40,51841,37,Mage,11.96,13,3,5
321,92.92,0,-1,F,Mage,30,42545,31,Thief,11.19,14,3,5
327,94.2,-4,2,M,Mage,20,80343,20,Thief,3.33,13,1,3
337,40.04,-1,1,F,Thief,40,26825,35,Fighter,10.39,16,3,4
330,21.91,5,-4,M,Thief,10,88724,8,Fighter,11.25,13,5,2
326,32.69,-1,-1,M,Mage,20,54368,19,Fighter,8.2,17,3,2
322,103.05,4,2,F,Fighter,40,57751,36,Fighter,12.03,14,3,5
314,56.81,-2,-2,F,Fighter,30,20787,28,Mage,10.15,19,3,5
350,79.71,5,5,F,Mage,40,16122,40,Mage,11.99,14,3,5
337,39.28,-1,1,F,Thief,40,56013,36,Thief,10.58,16,3,5
307,37.6,-5,-3,M,Mage,30,16366,27,Thief,10.2,16,3,5
308,99.47,-2,5,F,Mage,20,34454,21,Mage,11.05,15,3,4
335,68.99,2,-1,F,Fighter,30,74841,31,Thief,10.53,16,3,5
326,39.9,-1,-1,M,Mage,20,19747,20,Thief,8.2,16,3,2
338,101.83,4,-5,F,Fighter,40,56501,37,Fighter,11.79,15,3,5
328,67.77,-2,0,F,Thief,30,72594,27,Fighter,10.53,16,3,5
307,48.78,-5,-3,M,Mage,30,38685,27,Fighter,9.66,17,3,4
333,58.73,-2,5,F,Fighter,30,72803,26,Fighter,9.65,17,3,5
344,65.84,4,1,M,Fighter,20,24787,16,Thief,6.26,15,2,3
326,48.36,-1,-1,M,Mage,20,16136,25,Mage,8.2,18,3,5
338,90.0,4,-5,F,Fighter,40,85255,43,Thief,11.69,17,4,4
344,76.59,4,1,M,Fighter,20,12799,17,Fighter,5.63,14,2,3
317,87.45,4,2,M,Thief,40,31548,43,Fighter,11.5,14,3,5
347,0.23,5,0,F,Mage,10,69632,14,Fighter,11.28,15,5,1
321,88.63,0,-1,F,Mage,30,72803,26,Fighter,11.94,16,3,5
344,67.51,4,1,M,Fighter,20,81514,23,Fighter,10.71,15,3,5
346,112.77,-3,5,F,Fighter,30,43701,30,Thief,12.19,14,3,4
348,75.22,-3,1,F,Thief,30,87113,25,Thief,10.34,15,3,4
314,51.27,-2,-2,F,Fighter,30,32315,32,Fighter,9.87,17,4,5
314,50.74,-2,-2,F,Fighter,30,83045,26,Mage,10.47,16,3,4
303,41.44,0,1,M,Thief,10,33920,7,Fighter,9.36,17,4,2
319,69.19,0,-3,M,Mage,40,57260,41,Mage,11.27,16,3,5
316,6.62,0,-3,F,Thief,30,10827,34,Thief,7.99,16,2,6
301,85.78,-2,5,F,Fighter,40,77964,42,Thief,11.87,16,3,4
336,23.23,-5,1,F,Thief,40,42779,42,Mage,9.93,16,3,5
341,0.0,-2,3,F,Fighter,10,53538,15,Mage,10.8,17,5,1
338,104.34,4,-5,F,Fighter,40,84338,44,Mage,11.61,14,3,5
312,51.25,4,5,M,Mage,10,31251,8,Mage,7.16,15,3,3
339,89.17,5,3,F,Fighter,10,37481,8,Fighter,4.26,12,2,4
304,14.45,3,-5,M,Thief,10,53112,9,Mage,10.64,16,4,1
348,85.97,-3,1,F,Thief,30,58308,28,Mage,11.33,16,3,4
330,23.48,5,-4,M,Thief,10,38217,6,Thief,11.06,14,4,1
302,50.9,2,-5,F,Mage,10,87102,5,Mage,8.11,16,3,3
345,56.58,-5,-4,M,Fighter,30,55217,27,Mage,9.69,15,3,4
336,9.68,-5,1,F,Thief,40,87591,36,Mage,9.52,15,3,5
332,3.81,3,-2,F,Thief,10,31403,15,Mage,9.78,18,4,1
337,37.07,-1,1,F,Thief,40,29767,40,Fighter,11.19,16,3,5
326,42.88,-1,-1,M,Mage,20,48211,20,Fighter,9.28,16,3,2
342,91.39,5,1,M,Mage,40,84287,36,Thief,11.1,14,3,5
322,88.9,4,2,F,Fighter,40,45475,45,Mage,11.82,16,3,5
347,1.67,5,0,F,Mage,10,31117,10,Thief,10.5,15,5,1
349,47.76,3,-1,M,Fighter,30,17566,32,Mage,10.03,16,3,5
308,91.81,-2,5,F,Mage,20,11682,25,Thief,11.8,17,3,4
322,95.68,4,2,F,Fighter,40,56501,37,Fighter,12.32,14,3,5
350,68.58,5,5,F,Mage,40,68077,41,Fighter,11.45,14,3,5
307,58.62,-5,-3,M,Mage,30,17430,26,Fighter,9.53,16,3,5
313,37.08,5,-5,F,Thief,10,23904,14,Fighter,8.06,16,3,2
320,21.68,-5,4,F,Fighter,40,42251,39,Thief,10.2,17,3,5
318,77.21,3,2,F,Mage,30,82350,31,Thief,10.86,17,3,5
309,25.4,-5,-3,M,Thief,40,26825,35,Fighter,10.24,18,3,5
348,82.56,-3,1,F,Thief,30,84716,25,Mage,10.83,16,3,4
310,23.76,-1,-5,F,Mage,30,72442,25,Thief,7.34,16,3,6
313,53.82,5,-5,F,Thief,10,34787,7,Fighter,8.72,18,3,2
339,88.35,5,3,F,Fighter,10,87796,9,Thief,4.46,14,2,4
331,99.63,2,-5,F,Mage,40,16311,42,Fighter,11.53,15,3,5
337,51.88,-1,1,F,Thief,40,49458,40,Mage,10.99,16,3,5
309,25.53,-5,-3,M,Thief,40,71439,44,Fighter,11.27,17,3,5
323,0.0,-2,3,F,Mage,30,48423,31,Thief,7.75,16,2,6
307,54.88,-5,-3,M,Mage,30,48478,27,Thief,9.88,17,3,5
328,64.01,-2,0,F,Thief,30,35318,34,Thief,10.68,16,3,4
317,89.42,4,2,M,Thief,40,78198,35,Thief,12.23,14,3,5
304,21.94,3,-5,M,Thief,10,37032,9,Fighter,11.37,16,5,2
346,108.84,-3,5,F,Fighter,30,89092,27,Mage,11.48,17,3,5
324,18.41,-5,0,M,Fighter,40,84392,40,Fighter,10.24,16,3,5
317,93.47,4,2,M,Thief,40,70643,38,Fighter,11.62,16,3,5
346,98.6,-3,5,F,Fighter,30,26151,30,Mage,12.05,15,3,4
348,92.5,-3,1,F,Thief,30,20887,28,Mage,11.74,15,3,5
331,92.58,2,-5,F,Mage,40,68113,44,Thief,12.18,16,3,4
312,73.02,4,5,M,Mage,10,31193,10,Thief,7.06,17,3,3
350,83.32,5,5,F,Mage,40,58311,39,Mage,11.32,14,3,5
344,63.89,4,1,M,Fighter,20,10182,24,Fighter,10.87,15,3,5
338,100.79,4,-5,F,Fighter,40,57759,39,Thief,11.93,16,3,5
334,56.45,0,1,M,Fighter,40,15064,45,Fighter,11.37,16,4,4
329,79.15,0,-1,F,Mage,10,38000,12,Thief,5.58,15,2,3
302,71.16,2,-5,F,Mage,10,71324,9,Thief,7.1,16,3,3
334,64.84,0,1,M,Fighter,40,67017,35,Mage,11.12,16,3,4
327,78.95,-4,2,M,Mage,20,36942,22,Fighter,10.02,15,3,4
309,38.67,-5,-3,M,Thief,40,22840,36,Mage,10.83,16,3,5
342,94.08,5,1,M,Mage,40,33896,45,Fighter,11.45,16,3,5
320,15.02,-5,4,F,Fighter,40,58311,39,Mage,9.54,17,3,5
345,49.31,-5,-4,M,Fighter,30,76651,32,Thief,9.95,15,3,5
338,100.53,4,-5,F,Fighter,40,71618,41,Mage,12.5,15,4,4
316,0.0,0,-3,F,Thief,30,24058,28,Mage,7.61,16,2,5
334,72.86,0,1,M,Fighter,40,34893,39,Mage,10.8,16,3,4
321,96.35,0,-1,F,Mage,30,42679,34,Mage,11.39,17,3,4
302,62.12,2,-5,F,Mage,10,68983,15,Mage,7.44,16,3,3
307,39.55,-5,-3,M,Mage,30,25449,31,Fighter,10.08,16,3,4
315,94.73,-3,-3,F,Fighter,20,28124,18,Mage,2.25,9,1,3
331,105.69,2,-5,F,Mage,40,81499,43,Fighter,12.06,15,3,4
327,82.51,-4,2,M,Mage,20,48331,25,Mage,10.76,17,3,4
321,86.26,0,-1,F,Mage,30,48725,29,Fighter,11.95,16,4,5
338,86.96,4,-5,F,Fighter,40,87591,36,Mage,11.53,15,3,5
318,71.46,3,2,F,Mage,30,87530,32,Fighter,10.93,16,3,5
305,29.34,0,-2,F,Thief,30,75694,35,Thief,9.92,17,3,5
309,38.85,-5,-3,M,Thief,40,22786,39,Thief,11.1,15,3,5
317,95.08,4,2,M,Thief,40,43850,42,Fighter,12.5,16,3,5
334,53.96,0,1,M,Fighter,40,65857,39,Fighter,11.42,14,3,4
337,47.91,-1,1,F,Thief,40,14904,36,Mage,10.76,17,3,5
341,8.24,-2,3,F,Fighter,10,86605,9,Fighter,10.86,16,5,1
325,13.96,-3,2,F,Fighter,30,82682,30,Mage,7.73,17,3,5
335,79.42,2,-1,F,Fighter,30,83128,30,Thief,11.16,16,3,5
347,4.41,5,0,F,Mage,10,18016,11,Fighter,11.39,15,5,1
335,77.39,2,-1,F,Fighter,30,42545,31,Thief,11.43,16,3,5
310,1.01,-1,-5,F,Mage,30,21468,27,Mage,8.32,15,2,6
331,103.74,2,-5,F,Mage,40,67890,43,Fighter,11.78,15,3,4
337,57.76,-1,1,F,Thief,40,55675,38,Mage,10.61,16,3,5
305,31.58,0,-2,F,Thief,30,87960,34,Mage,9.09,15,3,5
309,43.0,-5,-3,M,Thief,40,83926,44,Mage,10.47,16,3,5
331,109.58,2,-5,F,Mage,40,15064,45,Fighter,11.47,14,3,5
331,94.37,2,-5,F,Mage,40,57092,44,Mage,12.14,14,4,5
313,42.69,5,-5,F,Thief,10,54238,7,Mage,8.32,16,3,2
303,42.49,0,1,M,Thief,10,47194,12,Mage,8.66,16,4,2
331,90.68,2,-5,F,Mage,40,22932,38,Fighter,11.44,15,3,5
301,108.45,-2,5,F,Fighter,40,62543,43,Fighter,11.59,14,3,4
338,88.03,4,-5,F,Fighter,40,33872,45,Fighter,11.79,15,3,5
312,53.53,4,5,M,Mage,10,78461,9,Fighter,7.13,16,3,3
301,104.29,-2,5,F,Fighter,40,43761,36,Thief,11.69,16,3,4
350,72.64,5,5,F,Mage,40,42785,35,Fighter,11.76,16,3,5
333,60.65,-2,5,F,Fighter,30,72442,25,Thief,9.68,18,3,5
346,109.5,-3,5,F,Fighter,30,24163,33,Mage,11.78,15,3,4
322,108.43,4,2,F,Fighter,40,49458,40,Mage,12.07,16,3,5
336,9.27,-5,1,F,Thief,40,20902,44,Thief,10.5,16,3,5
301,91.84,-2,5,F,Fighter,40,82229,43,Mage,11.73,16,4,4
347,11.3,5,0,F,Mage,10,71222,14,Thief,10.87,14,5,1
343,35.72,1,-4,M,Mage,10,65579,12,Thief,8.56,17,4,2
304,5.28,3,-5,M,Thief,10,31248,7,Thief,10.88,16,4,1
344,75.67,4,1,M,Fighter,20,10849,17,Fighter,5.53,14,2,3
326,45.55,-1,-1,M,Mage,20,52461,15,Thief,9.04,16,4,2
321,92.04,0,-1,F,Mage,30,89092,27,Mage,11.31,15,4,4
341,4.52,-2,3,F,Fighter,10,44584,15,Fighter,10.36,15,4,1
347,0.0,5,0,F,Mage,10,71324,9,Thief,10.76,15,5,1
315,105.85,-3,-3,F,Fighter,20,57762,24,Mage,11.73,13,3,4
319,72.91,0,-3,M,Mage,40,80223,37,Fighter,11.25,16,3,5
319,63.28,0,-3,M,Mage,40,25054,44,Mage,12.33,15,3,5
305,24.67,0,-2,F,Thief,30,27922,33,Thief,8.8,17,3,5
339,90.84,5,3,F,Fighter,10,61064,14,Mage,3.34,12,1,3
350,68.65,5,5,F,Mage,40,21045,45,Thief,11.51,14,3,5
327,95.27,-4,2,M,Mage,20,26828,22,Thief,11.47,17,3,4
325,13.57,-3,2,F,Fighter,30,58507,25,Mage,7.36,16,2,5
318,80.51,3,2,F,Mage,30,52136,34,Thief,11.77,16,3,5
317,83.5,4,2,M,Thief,40,16495,37,Fighter,12.05,15,3,5
341,0.0,-2,3,F,Fighter,10,56345,9,Mage,10.69,15,5,1
332,2.69,3,-2,F,Thief,10,53538,15,Mage,9.9,15,4,1
350,84.84,5,5,F,Mage,40,14683,37,Thief,11.64,16,3,5
302,69.93,2,-5,F,Mage,10,74518,8,Mage,7.44,16,3,3
343,31.28,1,-4,M,Mage,10,89276,13,Thief,9.55,16,3,2
342,89.64,5,1,M,Mage,40,51500,35,Mage,11.57,15,3,5
348,95.21,-3,1,F,Thief,30,86000,34,Mage,12.37,16,3,4
330,8.65,5,-4,M,Thief,10,57419,9,Mage,9.87,16,4,1
329,72.67,0,-1,F,Mage,10,25790,13,Fighter,5.89,17,2,3
336,10.55,-5,1,F,Thief,40,26825,35,Fighter,8.68,17,3,5
319,75.71,0,-3,M,Mage,40,84287,36,Thief,11.49,15,3,5
309,26.52,-5,-3,M,Thief,40,57751,36,Fighter,10.01,16,3,5
335,77.53,2,-1,F,Fighter,30,15597,32,Thief,11.77,15,3,5
342,94.23,5,1,M,Mage,40,85728,43,Thief,11.74,14,3,5
314,63.31,-2,-2,F,Fighter,30,27231,31,Mage,11.28,16,3,4
340,32.44,3,0,F,Thief,20,64974,17,Mage,9.74,17,4,2
333,39.31,-2,5,F,Fighter,30,24544,33,Fighter,9.86,16,3,5
318,78.3,3,2,F,Mage,30,83921,35,Fighter,11.34,15,3,4
335,70.67,2,-1,F,Fighter,30,72803,26,Fighter,10.67,16,3,5
302,71.15,2,-5,F,Mage,10,47012,11,Fighter,7.33,18,2,3
342,106.18,5,1,M,Mage,40,42785,35,Fighter,11.82,15,4,5
303,41.72,0,1,M,Thief,10,61064,14,Mage,9.8,16,3,2
337,40.58,-1,1,F,Thief,40,76756,43,Fighter,11.34,16,3,5
305,35.17,0,-2,F,Thief,30,24942,30,Fighter,9.01,16,3,5
311,66.52,-2,-5,M,Mage,10,86822,14,Mage,6.11,14,2,3
328,72.4,-2,0,F,Thief,30,27597,34,Thief,10.83,16,3,5
317,97.53,4,2,M,Thief,40,19056,40,Thief,12.16,15,3,5
317,87.4,4,2,M,Thief,40,23431,41,Thief,12.06,15,4,5
316,0.0,0,-3,F,Thief,30,80080,27,Mage,7.39,15,2,6
331,100.25,2,-5,F,Mage,40,26362,43,Mage,11.6,14,3,5
343,25.03,1,-4,M,Mage,10,81846,9,Mage,9.5,18,3,2
327,77.32,-4,2,M,Mage,20,18057,18,Mage,3.96,13,1,3
321,104.71,0,-1,F,Mage,30,34213,32,Fighter,12.23,16,4,5
330,22.3,5,-4,M,Thief,10,29685,12,Mage,11.31,16,5,1
338,95.75,4,-5,F,Fighter,40,57092,44,Mage,11.4,16,4,4
316,0.96,0,-3,F,Thief,30,32438,31,Thief,7.45,16,3,6
322,96.03,4,2,F,Fighter,40,12029,38,Fighter,12.06,13,3,5
322,103.59,4,2,F,Fighter,40,58388,40,Thief,12.22,15,4,5
311,70.94,-2,-5,M,Mage,10,60001,11,Thief,5.31,13,2,3
346,115.9,-3,5,F,Fighter,30,25449,31,Fighter,11.81,15,3,4
317,85.53,4,2,M,Thief,40,15768,43,Fighter,11.85,15,3,5
326,27.9,-1,-1,M,Mage,20,44584,15,Fighter,9.3,16,3,2
335,72.21,2,-1,F,Fighter,30,87423,28,Thief,10.77,17,3,5
326,39.29,-1,-1,M,Mage,20,83013,15,Fighter,9.59,16,3,2
321,100.97,0,-1,F,Mage,30,20599,28,Mage,11.63,17,3,4
317,74.41,4,2,M,Thief,40,19512,41,Fighter,11.85,15,4,5
346,108.64,-3,5,F,Fighter,30,76651,32,Thief,11.71,15,3,4
328,66.07,-2,0,F,Thief,30,72803,26,Fighter,9.84,17,3,5
301,99.39,-2,5,F,Fighter,40,81724,40,Mage,11.51,16,3,5
313,58.49,5,-5,F,Thief,10,26857,10,Thief,8.73,17,3,2
323,0.49,-2,3,F,Mage,30,73743,26,Mage,7.68,15,2,6
345,50.18,-5,-4,M,Fighter,30,27138,30,Thief,9.13,16,3,4
335,62.05,2,-1,F,Fighter,30,76128,35,Fighter,12.03,16,3,5
350,64.75,5,5,F,Mage,40,89310,44,Mage,11.42,15,3,5
330,8.78,5,-4,M,Thief,10,14487,9,Thief,10.14,16,4,2
335,75.37,2,-1,F,Fighter,30,63006,30,Mage,11.52,17,3,4
319,78.8,0,-3,M,Mage,40,57235,37,Thief,11.51,16,3,4
341,1.75,-2,3,F,Fighter,10,59330,8,Mage,11.11,16,5,1
343,45.98,1,-4,M,Mage,10,44443,10,Mage,8.77,17,4,2
341,0.0,-2,3,F,Fighter,10,42008,5,Mage,11.02,17,5,1
314,67.61,-2,-2,F,Fighter,30,84041,28,Fighter,9.36,16,3,5
323,11.42,-2,3,F,Mage,30,27597,34,Thief,8.34,14,3,6
313,39.17,5,-5,F,Thief,10,69632,14,Fighter,7.71,16,3,2
304,15.98,3,-5,M,Thief,10,87982,10,Thief,10.66,15,4,1
346,100.66,-3,5,F,Fighter,30,70834,35,Thief,12.03,15,3,4
349,42.62,3,-1,M,Fighter,30,27231,31,Mage,9.02,17,3,5
309,36.67,-5,-3,M,Thief,40,71439,44,Fighter,10.2,15,3,5
332,0.34,3,-2,F,Thief,10,53538,15,Mage,10.32,16,4,1
326,37.95,-1,-1,M,Mage,20,53559,19,Fighter,8.72,17,3,2
319,77.24,0,-3,M,Mage,40,51841,37,Mage,11.86,15,3,4
330,1.1,5,-4,M,Thief,10,25928,7,Mage,10.25,15,5,1
311,82.14,-2,-5,M,Mage,10,34087,12,Thief,5.83,14,2,3
346,99.47,-3,5,F,Fighter,30,87622,33,Mage,12.28,14,3,4
330,9.61,5,-4,M,Thief,10,82947,14,Mage,10.7,15,4,1
333,52.2,-2,5,F,Fighter,30,80485,31,Fighter,9.85,16,3,5
324,1.52,-5,0,M,Fighter,40,71637,43,Fighter,10.53,16,3,5
338,102.83,4,-5,F,Fighter,40,59889,35,Thief,11.42,14,3,5
335,72.17,2,-1,F,Fighter,30,24544,33,Fighter,11.37,16,3,4
324,18.61,-5,0,M,Fighter,40,71439,44,Fighter,10.29,16,3,5
303,35.73,0,1,M,Thief,10,71324,9,Thief,9.77,15,4,2
319,69.84,0,-3,M,Mage,40,51500,35,Mage,11.76,16,4,4
332,6.78,3,-2,F,Thief,10,60657,10,Mage,10.91,17,4,2
342,96.04,5,1,M,Mage,40,20795,43,Fighter,11.59,15,3,5
349,30.41,3,-1,M,Fighter,30,24163,33,Mage,10.29,17,3,5
324,0.75,-5,0,M,Fighter,40,14141,39,Fighter,10.22,16,3,5
323,3.48,-2,3,F,Mage,30,40218,28,Mage,7.98,16,2,6
323,0.0,-2,3,F,Mage,30,78198,35,Thief,8.72,18,3,5
313,56.54,5,-5,F,Thief,10,35954,13,Mage,8.57,15,3,3
335,63.36,2,-1,F,Fighter,30,87113,25,Thief,10.4,15,3,5
342,90.99,5,1,M,Mage,40,25953,39,Thief,11.81,14,3,5
307,51.27,-5,-3,M,Mage,30,47511,25,Thief,9.36,17,3,4
336,13.51,-5,1,F,Thief,40,12073,38,Fighter,9.45,17,3,5
340,29.12,3,0,F,Thief,20,30406,17,Fighter,10.03,15,4,2
334,69.57,0,1,M,Fighter,40,26234,45,Fighter,11.37,15,3,4
302,53.55,2,-5,F,Mage,10,78490,15,Thief,6.21,15,2,3
337,46.3,-1,1,F,Thief,40,77631,44,Fighter,11.61,17,3,5
328,60.05,-2,0,F,Thief,30,63006,30,Mage,9.9,18,3,4
302,66.43,2,-5,F,Mage,10,71324,9,Thief,6.65,15,3,3
309,30.23,-5,-3,M,Thief,40,66602,40,Thief,10.23,17,3,5
333,50.22,-2,5,F,Fighter,30,16136,25,Mage,9.42,17,3,5
338,91.63,4,-5,F,Fighter,40,79430,39,Mage,12.39,14,3,5
319,67.08,0,-3,M,Mage,40,14683,37,Thief,11.76,15,3,4
337,58.33,-1,1,F,Thief,40,48349,36,Thief,9.9,17,3,5
334,59.01,0,1,M,Fighter,40,61041,43,Mage,11.99,15,3,4
313,52.47,5,-5,F,Thief,10,73789,5,Mage,8.57,17,3,2
337,37.26,-1,1,F,Thief,40,60392,36,Fighter,11.04,16,3,5
333,56.45,-2,5,F,Fighter,30,15888,27,Mage,9.57,16,3,5
321,96.62,0,-1,F,Mage,30,45657,34,Thief,12.23,15,3,5
343,34.63,1,-4,M,Mage,10,33920,7,Fighter,9.05,17,3,2
314,71.62,-2,-2,F,Fighter,30,66722,30,Mage,11.02,16,3,5
321,102.85,0,-1,F,Mage,30,62766,25,Thief,11.52,15,4,4
321,87.96,0,-1,F,Mage,30,70834,35,Thief,12.36,16,3,4
320,18.39,-5,4,F,Fighter,40,84287,36,Thief,9.03,18,3,5
346,116.82,-3,5,F,Fighter,30,87356,32,Fighter,11.71,15,3,4
309,38.62,-5,-3,M,Thief,40,53775,43,Mage,10.55,15,3,5
315,107.47,-3,-3,F,Fighter,20,80343,20,Thief,1.13,8,1,3
340,31.7,3,0,F,Thief,20,24821,19,Thief,9.34,17,4,2
341,11.37,-2,3,F,Fighter,10,60657,10,Mage,11.45,16,5,1
343,45.56,1,-4,M,Mage,10,33624,12,Fighter,9.02,17,4,2
301,107.99,-2,5,F,Fighter,40,42431,43,Thief,11.96,16,3,4
333,58.01,-2,5,F,Fighter,30,17430,26,Fighter,9.53,17,3,5
311,71.65,-2,-5,M,Mage,10,72913,6,Mage,6.62,16,2,3
314,57.35,-2,-2,F,Fighter,30,69901,28,Mage,9.75,15,3,4
301,100.26,-2,5,F,Fighter,40,89258,42,Fighter,11.87,14,3,4
315,98.94,-3,-3,F,Fighter,20,89721,16,Mage,1.85,11,1,3
319,76.15,0,-3,M,Mage,40,15105,45,Fighter,11.79,15,3,4
347,7.86,5,0,F,Mage,10,62328,5,Thief,11.24,16,5,1
329,70.12,0,-1,F,Mage,10,36643,12,Mage,6.25,16,2,3
312,64.03,4,5,M,Mage,10,76472,8,Mage,7.65,16,3,3
328,58.89,-2,0,F,Thief,30,81250,35,Fighter,11.15,17,3,5
343,34.69,1,-4,M,Mage,10,82622,8,Fighter,9.1,17,3,2
336,8.31,-5,1,F,Thief,40,38712,41,Thief,9.4,16,3,5
316,2.69,0,-3,F,Thief,30,70785,34,Thief,8.48,17,3,6
312,68.53,4,5,M,Mage,10,83653,7,Fighter,7.15,17,3,3
305,21.68,0,-2,F,Thief,30,42545,31,Thief,8.8,16,3,5
316,2.19,0,-3,F,Thief,30,83045,26,Mage,6.96,16,2,5
345,47.61,-5,-4,M,Fighter,30,10827,34,Thief,10.76,17,3,4
309,37.87,-5,-3,M,Thief,40,16122,40,Mage,10.39,16,3,5
325,8.25,-3,2,F,Fighter,30,21420,31,Thief,7.97,16,2,5
331,96.14,2,-5,F,Mage,40,75694,35,Thief,11.77,14,3,5
317,87.62,4,2,M,Thief,40,33609,35,Fighter,11.43,17,3,5
349,45.2,3,-1,M,Fighter,30,56785,31,Thief,9.69,15,3,5
315,104.24,-3,-3,F,Fighter,20,65713,24,Mage,11.47,15,3,4
333,39.16,-2,5,F,Fighter,30,87423,28,Thief,9.97,17,3,4
319,62.89,0,-3,M,Mage,40,48636,41,Thief,11.46,15,3,5
327,94.68,-4,2,M,Mage,20,23459,25,Fighter,11.28,14,3,4
315,97.02,-3,-3,F,Fighter,20,20994,21,Mage,11.31,15,3,4
312,68.38,4,5,M,Mage,10,59062,13,Mage,6.57,15,2,3
346,105.42,-3,5,F,Fighter,30,72442,25,Thief,12.2,16,3,4
309,43.47,-5,-3,M,Thief,40,56125,42,Thief,10.08,14,4,5
334,63.76,0,1,M,Fighter,40,76430,43,Mage,11.46,16,3,5
338,99.3,4,-5,F,Fighter,40,63673,45,Fighter,11.24,17,4,5
319,66.91,0,-3,M,Mage,40,51841,37,Mage,11.13,16,3,5
301,107.48,-2,5,F,Fighter,40,72632,44,Thief,12.14,14,3,5
313,48.89,5,-5,F,Thief,10,13111,13,Thief,8.31,16,3,2
314,49.13,-2,-2,F,Fighter,30,38690,27,Mage,10.27,15,3,5
322,92.08,4,2,F,Fighter,40,20795,43,Fighter,12.5,15,3,5
328,60.97,-2,0,F,Thief,30,57566,30,Mage,10.06,18,3,4
325,2.01,-3,2,F,Fighter,30,84050,28,Thief,8.42,18,3,5
325,10.02,-3,2,F,Fighter,30,75694,35,Thief,8.35,17,3,5
301,85.86,-2,5,F,Fighter,40,43761,36,Thief,11.19,15,3,4
334,62.15,0,1,M,Fighter,40,88494,36,Fighter,10.49,15,3,4
325,0.31,-3,2,F,Fighter,30,42545,31,Thief,8.72,15,3,5
315,109.66,-3,-3,F,Fighter,20,11838,23,Mage,11.78,17,3,4
327,86.99,-4,2,M,Mage,20,74672,16,Fighter,3.72,14,1,3
340,32.92,3,0,F,Thief,20,60311,15,Thief,9.85,17,4,1
330,22.89,5,-4,M,Thief,10,87982,10,Thief,11.04,15,4,2
336,18.26,-5,1,F,Thief,40,77239,38,Fighter,9.29,17,3,5
345,51.05,-5,-4,M,Fighter,30,67045,30,Thief,10.68,17,3,4
312,64.94,4,5,M,Mage,10,67212,10,Mage,7.93,15,3,3
317,80.06,4,2,M,Thief,40,16311,42,Fighter,11.42,16,3,5
347,8.08,5,0,F,Mage,10,87382,11,Mage,10.48,17,5,1
339,94.19,5,3,F,Fighter,10,77259,7,Mage,4.88,14,1,4
350,83.1,5,5,F,Mage,40,64525,44,Fighter,12.26,15,3,5
342,101.58,5,1,M,Mage,40,48411,39,Fighter,12.32,15,3,5
322,102.43,4,2,F,Fighter,40,13911,44,Thief,12.04,14,3,5
341,0.0,-2,3,F,Fighter,10,58538,6,Mage,11.39,15,5,0
337,45.28,-1,1,F,Thief,40,85310,40,Thief,10.53,17,3,5
305,13.59,0,-2,F,Thief,30,42829,29,Mage,8.94,16,3,5
340,21.43,3,0,F,Thief,20,49337,20,Fighter,9.33,16,4,2
334,65.55,0,1,M,Fighter,40,77239,38,Fighter,11.71,15,3,5
337,41.87,-1,1,F,Thief,40,22840,36,Mage,10.87,16,3,5
340,28.55,3,0,F,Thief,20,31712,16,Thief,10.43,15,4,2
309,35.66,-5,-3,M,Thief,40,25054,44,Mage,10.73,13,3,5
320,14.2,-5,4,F,Fighter,40,75692,44,Mage,10.02,15,3,6
324,14.32,-5,0,M,Fighter,40,27329,38,Mage,9.33,16,3,5
316,0.0,0,-3,F,Thief,30,25844,34,Mage,7.72,17,3,6
338,99.37,4,-5,F,Fighter,40,81722,40,Mage,12.03,14,3,5
321,92.97,0,-1,F,Mage,30,52136,34,Thief,11.92,16,3,4
341,0.0,-2,3,F,Fighter,10,31773,6,Thief,11.32,15,5,1
338,91.37,4,-5,F,Fighter,40,15157,44,Mage,11.52,17,3,5
338,104.35,4,-5,F,Fighter,40,53775,43,Mage,11.71,15,3,5
325,17.06,-3,2,F,Fighter,30,80485,31,Fighter,8.87,16,3,5
319,65.27,0,-3,M,Mage,40,22723,41,Fighter,11.09,14,4,5
306,90.23,0,5,M,Mage,10,35954,13,Mage,2.42,11,1,4
303,42.47,0,1,M,Thief,10,41093,11,Mage,9.37,16,4,2
332,14.99,3,-2,F,Thief,10,53538,15,Mage,10.27,15,4,1
320,2.57,-5,4,F,Fighter,40,56013,36,Thief,9.54,16,3,5
336,21.58,-5,1,F,Thief,40,66187,37,Mage,9.01,18,3,5
312,69.38,4,5,M,Mage,10,25790,13,Fighter,6.43,18,3,3
303,28.19,0,1,M,Thief,10,14366,8,Thief,9.86,17,4,2
320,8.82,-5,4,F,Fighter,40,88494,36,Fighter,9.11,17,3,5
311,68.05,-2,-5,M,Mage,10,70947,13,Mage,5.97,14,2,3
342,105.51,5,1,M,Mage,40,77964,42,Thief,11.78,15,3,5
304,2.69,3,-5,M,Thief,10,55512,7,Mage,10.62,15,5,1
317,84.84,4,2,M,Thief,40,86997,37,Mage,11.47,16,3,5
341,0.0,-2,3,F,Fighter,10,26857,10,Thief,10.58,17,5,1
303,28.48,0,1,M,Thief,10,87982,10,Thief,9.62,16,4,2
323,7.08,-2,3,F,Mage,30,83128,30,Thief,7.66,17,3,6
302,56.27,2,-5,F,Mage,10,56914,12,Fighter,6.78,16,3,3
309,39.09,-5,-3,M,Thief,40,34893,39,Mage,10.0,16,3,5
304,9.96,3,-5,M,Thief,10,79774,5,Thief,10.83,16,5,1
314,63.76,-2,-2,F,Fighter,30,63006,30,Mage,9.67,16,3,5
327,85.06,-4,2,M,Mage,20,15368,22,Thief,10.95,15,3,4
339,89.43,5,3,F,Fighter,10,76472,8,Mage,3.95,13,2,3
328,62.28,-2,0,F,Thief,30,74841,31,Thief,11.12,16,3,4
301,86.91,-2,5,F,Fighter,40,42431,43,Thief,11.11,17,3,4
332,7.38,3,-2,F,Thief,10,43442,8,Fighter,9.71,15,4,1
348,94.87,-3,1,F,Thief,30,89979,30,Fighter,12.01,16,3,4
346,117.84,-3,5,F,Fighter,30,20156,34,Fighter,11.88,14,3,5
324,0.61,-5,0,M,Fighter,40,86997,37,Mage,8.75,17,3,5
307,46.33,-5,-3,M,Mage,30,45940,27,Fighter,9.0,16,3,5
309,48.07,-5,-3,M,Thief,40,16084,38,Thief,10.3,17,3,5
331,108.17,2,-5,F,Mage,40,24668,42,Mage,12.34,16,3,5
316,0.0,0,-3,F,Thief,30,64351,31,Fighter,8.36,18,2,6
347,5.12,5,0,F,Mage,10,87739,8,Thief,11.81,15,5,1
308,90.18,-2,5,F,Mage,20,78959,24,Mage,10.63,16,3,4
322,100.39,4,2,F,Fighter,40,35103,45,Mage,11.71,15,3,5
331,108.64,2,-5,F,Mage,40,66852,45,Thief,11.87,15,3,5
334,53.78,0,1,M,Fighter,40,39861,37,Thief,10.57,16,3,4
304,20.13,3,-5,M,Thief,10,47281,10,Fighter,10.7,16,5,1
346,108.59,-3,5,F,Fighter,30,65317,33,Fighter,11.67,15,3,4
321,107.74,0,-1,F,Mage,30,48423,31,Thief,11.46,16,4,4
323,0.52,-2,3,F,Mage,30,80080,27,Mage,7.32,16,2,6
338,93.11,4,-5,F,Fighter,40,75694,35,Thief,11.5,15,3,5
344,76.86,4,1,M,Fighter,20,10182,24,Fighter,10.52,16,3,5
320,22.66,-5,4,F,Fighter,40,88967,44,Thief,10.33,17,3,5
312,64.13,4,5,M,Mage,10,54319,10,Mage,7.43,16,3,3
301,101.91,-2,5,F,Fighter,40,15146,44,Thief,11.06,16,3,5
341,6.07,-2,3,F,Fighter,10,50799,7,Fighter,12.01,16,5,1
349,27.45,3,-1,M,Fighter,30,35318,34,Thief,9.82,17,3,5
309,46.12,-5,-3,M,Thief,40,88020,45,Fighter,10.53,16,3,5
319,79.28,0,-3,M,Mage,40,22932,38,Fighter,10.97,15,3,5
320,21.75,-5,4,F,Fighter,40,66187,37,Mage,9.18,17,3,5
317,95.26,4,2,M,Thief,40,22840,36,Mage,12.08,16,3,5
330,23.23,5,-4,M,Thief,10,44584,15,Fighter,10.25,17,4,1
341,5.28,-2,3,F,Fighter,10,34085,8,Fighter,11.73,15,5,1
334,68.02,0,1,M,Fighter,40,29937,40,Mage,11.71,14,3,5
308,102.05,-2,5,F,Mage,20,86602,25,Thief,11.4,15,3,4
313,57.83,5,-5,F,Thief,10,63765,7,Mage,8.51,15,3,3
321,99.35,0,-1,F,Mage,30,56785,31,Thief,11.93,15,3,4
328,66.63,-2,0,F,Thief,30,69284,35,Thief,11.08,15,3,4
348,89.45,-3,1,F,Thief,30,24942,30,Fighter,10.93,15,4,4
347,0.0,5,0,F,Mage,10,59000,9,Mage,11.24,17,5,1
320,19.97,-5,4,F,Fighter,40,81250,35,Fighter,9.05,16,3,5
304,17.77,3,-5,M,Thief,10,31403,15,Mage,10.81,17,4,1
301,104.52,-2,5,F,Fighter,40,60586,42,Fighter,11.55,15,4,4
348,84.49,-3,1,F,Thief,30,48478,27,Thief,10.68,16,3,4
329,76.71,0,-1,F,Mage,10,59661,13,Thief,5.58,15,2,3
337,39.73,-1,1,F,Thief,40,80459,39,Mage,11.36,15,3,5
304,1.62,3,-5,M,Thief,10,37032,9,Fighter,10.75,16,4,2
305,22.37,0,-2,F,Thief,30,87356,32,Fighter,9.56,16,3,5
306,104.23,0,5,M,Mage,10,72565,7,Thief,2.9,10,1,3
323,7.24,-2,3,F,Mage,30,84716,25,Mage,6.91,18,2,6
312,71.55,4,5,M,Mage,10,17256,13,Thief,6.96,15,3,3
303,40.85,0,1,M,Thief,10,68983,15,Mage,9.08,15,4,2
328,63.81,-2,0,F,Thief,30,86444,33,Mage,10.68,15,3,4
307,37.37,-5,-3,M,Mage,30,32533,31,Thief,10.34,17,3,4
341,0.0,-2,3,F,Fighter,10,61320,13,Thief,10.99,17,5,1
325,4.29,-3,2,F,Fighter,30,14573,31,Fighter,8.2,16,3,5
305,32.35,0,-2,F,Thief,30,20887,28,Mage,8.59,16,3,5
324,10.43,-5,0,M,Fighter,40,32064,40,Mage,9.3,16,3,5
304,22.76,3,-5,M,Thief,10,15254,13,Thief,11.02,15,4,1
307,49.38,-5,-3,M,Mage,30,10827,34,Thief,10.81,17,3,5
332,8.48,3,-2,F,Thief,10,59062,13,Mage,11.39,14,4,2
325,20.18,-3,2,F,Fighter,30,38690,27,Mage,8.2,17,3,5
318,71.21,3,2,F,Mage,30,88841,34,Fighter,11.32,16,3,5
347,2.68,5,0,F,Mage,10,82458,5,Thief,11.36,16,5,1
342,87.96,5,1,M,Mage,40,57280,43,Fighter,11.81,14,4,5
343,29.58,1,-4,M,Mage,10,31193,10,Thief,9.71,17,4,2
311,75.76,-2,-5,M,Mage,10,44443,10,Mage,6.47,15,2,3
301,93.3,-2,5,F,Fighter,40,61307,37,Fighter,12.36,15,3,5
319,76.16,0,-3,M,Mage,40,17523,45,Thief,12.12,14,3,4
348,86.93,-3,1,F,Thief,30,89219,26,Thief,10.85,13,3,5
330,11.42,5,-4,M,Thief,10,82622,8,Fighter,10.84,17,4,2
321,89.07,0,-1,F,Mage,30,27922,33,Thief,11.79,15,3,4
313,50.56,5,-5,F,Thief,10,41730,7,Thief,7.58,16,3,2
347,0.0,5,0,F,Mage,10,62328,5,Thief,11.98,15,5,1
305,17.12,0,-2,F,Thief,30,19694,35,Thief,9.07,17,3,5
341,7.54,-2,3,F,Fighter,10,81846,9,Mage,11.41,15,5,1
316,1.22,0,-3,F,Thief,30,17810,26,Mage,6.66,16,2,5
330,6.66,5,-4,M,Thief,10,53538,15,Mage,10.0,17,4,1
342,104.13,5,1,M,Mage,40,63673,45,Fighter,12.37,14,3,5
327,96.54,-4,2,M,Mage,20,48331,25,Mage,10.61,16,3,4
304,8.68,3,-5,M,Thief,10,88605,11,Thief,10.27,15,5,2
332,21.63,3,-2,F,Thief,10,31874,8,Thief,11.22,15,5,2
350,82.07,5,5,F,Mage,40,33609,35,Fighter,11.66,16,4,5
326,33.41,-1,-1,M,Mage,20,77243,15,Fighter,9.31,17,4,2
304,5.73,3,-5,M,Thief,10,17725,9,Mage,10.02,15,4,1
336,11.4,-5,1,F,Thief,40,88771,40,Fighter,9.46,16,3,5
301,109.27,-2,5,F,Fighter,40,21398,43,Mage,11.39,14,3,4
331,90.34,2,-5,F,Mage,40,64525,44,Fighter,11.44,15,3,5
312,57.41,4,5,M,Mage,10,46955,10,Thief,7.35,16,3,3
336,3.96,-5,1,F,Thief,40,50149,42,Thief,10.39,16,3,5
309,32.67,-5,-3,M,Thief,40,13892,41,Fighter,10.78,16,3,5
316,0.0,0,-3,F,Thief,30,87960,34,Mage,8.28,17,3,6
345,45.37,-5,-4,M,Fighter,30,85461,33,Mage,10.35,16,3,5
335,69.07,2,-1,F,Fighter,30,15078,30,Thief,10.78,16,3,5
319,68.46,0,-3,M,Mage,40,67017,35,Mage,10.74,16,3,5
332,18.26,3,-2,F,Thief,10,31403,15,Mage,10.45,15,4,1
329,69.0,0,-1,F,Mage,10,31723,10,Thief,5.64,15,2,3
314,72.67,-2,-2,F,Fighter,30,76049,28,Mage,9.88,17,3,4
330,14.68,5,-4,M,Thief,10,61576,9,Thief,10.29,15,4,1
332,21.49,3,-2,F,Thief,10,62383,7,Fighter,10.4,15,5,1
335,71.93,2,-1,F,Fighter,30,69284,35,Thief,11.34,14,3,5
324,10.34,-5,0,M,Fighter,40,25953,39,Thief,10.5,16,3,5
301,92.96,-2,5,F,Fighter,40,23820,37,Thief,11.53,14,3,4
320,3.1,-5,4,F,Fighter,40,13109,38,Mage,9.39,17,3,5
336,5.58,-5,1,F,Thief,40,77239,38,Fighter,9.5,17,3,5
323,0.0,-2,3,F,Mage,30,87820,25,Thief,6.97,16,2,5
303,29.78,0,1,M,Thief,10,56953,12,Thief,9.06,15,4,2
307,48.06,-5,-3,M,Mage,30,14573,31,Fighter,9.31,18,3,4
312,55.58,4,5,M,Mage,10,21669,13,Fighter,6.82,16,3,3
332,14.04,3,-2,F,Thief,10,51476,12,Mage,10.33,15,4,1
321,100.55,0,-1,F,Mage,30,38690,27,Mage,11.51,16,3,4
332,18.68,3,-2,F,Thief,10,77541,12,Thief,10.75,15,5,1
345,58.87,-5,-4,M,Fighter,30,17566,32,Mage,9.4,16,3,4
324,8.47,-5,0,M,Fighter,40,33896,45,Fighter,10.45,16,3,5
322,108.88,4,2,F,Fighter,40,67890,43,Fighter,11.89,16,3,5
321,96.99,0,-1,F,Mage,30,87622,33,Mage,12.5,14,3,4
342,107.84,5,1,M,Mage,40,33872,45,Fighter,12.3,15,3,5
348,93.84,-3,1,F,Thief,30,27891,31,Fighter,11.09,15,3,4
317,75.31,4,2,M,Thief,40,89884,35,Thief,10.95,15,3,5
347,6.71,5,0,F,Mage,10,87796,9,Thief,11.1,14,5,1
345,51.89,-5,-4,M,Fighter,30,76128,35,Fighter,10.56,15,3,5
334,63.92,0,1,M,Fighter,40,83921,35,Fighter,10.16,17,3,4
343,42.06,1,-4,M,Mage,10,38157,5,Mage,9.59,16,4,2
345,39.14,-5,-4,M,Fighter,30,76651,32,Thief,10.46,17,3,5
319,70.09,0,-3,M,Mage,40,48349,36,Thief,11.29,15,3,5
346,113.32,-3,5,F,Fighter,30,87622,33,Mage,12.42,15,3,4
335,68.72,2,-1,F,Fighter,30,24191,32,Thief,11.43,15,3,5
342,90.62,5,1,M,Mage,40,76481,45,Thief,12.44,15,3,5
349,35.49,3,-1,M,Fighter,30,64270,33,Thief,9.59,17,3,5
335,64.37,2,-1,F,Fighter,30,38377,26,Thief,10.63,16,3,4
318,83.08,3,2,F,Mage,30,88777,34,Fighter,10.95,16,3,5
318,68.6,3,2,F,Mage,30,87622,33,Mage,10.42,16,3,5
347,0.0,5,0,F,Mage,10,26857,10,Thief,10.85,17,5,1
319,77.52,0,-3,M,Mage,40,84338,44,Mage,11.77,15,3,4
332,22.97,3,-2,F,Thief,10,70179,14,Fighter,11.3,14,4,1
345,45.77,-5,-4,M,Fighter,30,84716,25,Mage,9.94,16,3,5
316,0.0,0,-3,F,Thief,30,50756,33,Fighter,8.56,16,3,6
332,11.72,3,-2,F,Thief,10,37481,8,Fighter,10.79,15,4,1
331,106.65,2,-5,F,Mage,40,24668,42,Mage,11.84,15,3,5
350,61.36,5,5,F,Mage,40,67621,35,Fighter,11.53,16,3,5
343,30.34,1,-4,M,Mage,10,45500,7,Mage,9.12,16,4,2
323,3.36,-2,3,F,Mage,30,42545,31,Thief,7.5,18,3,5
340,23.21,3,0,F,Thief,20,10849,17,Fighter,10.12,15,4,2
329,64.51,0,-1,F,Mage,10,83886,15,Thief,5.79,15,2,3
306,101.17,0,5,M,Mage,10,67212,10,Mage,2.63,10,1,4
332,13.91,3,-2,F,Thief,10,19713,5,Fighter,10.19,17,5,1
327,83.36,-4,2,M,Mage,20,67617,22,Mage,10.99,15,3,4
346,107.47,-3,5,F,Fighter,30,59889,35,Thief,11.46,15,3,4
310,6.15,-1,-5,F,Mage,30,52028,34,Fighter,8.27,16,3,6
309,43.79,-5,-3,M,Thief,40,65857,39,Fighter,10.26,16,3,4
321,99.65,0,-1,F,Mage,30,86602,25,Thief,11.29,16,3,4
328,59.87,-2,0,F,Thief,30,45657,34,Thief,10.18,16,3,5
301,108.91,-2,5,F,Fighter,40,42779,42,Mage,11.73,15,3,4
307,54.48,-5,-3,M,Mage,30,40492,30,Mage,9.42,17,3,5
321,89.91,0,-1,F,Mage,30,81290,29,Thief,11.08,17,3,5
320,16.18,-5,4,F,Fighter,40,55539,39,Thief,9.5,17,3,5
345,42.31,-5,-4,M,Fighter,30,48331,25,Mage,9.31,16,3,4
334,68.01,0,1,M,Fighter,40,20902,44,Thief,11.59,15,3,5
342,89.02,5,1,M,Mage,40,89408,41,Fighter,12.5,15,4,4
323,7.34,-2,3,F,Mage,30,75694,35,Thief,8.72,18,3,6
339,92.91,5,3,F,Fighter,10,78490,15,Thief,4.64,12,1,3
313,55.53,5,-5,F,Thief,10,44667,14,Mage,8.13,17,3,2
315,102.52,-3,-3,F,Fighter,20,84716,25,Mage,11.46,16,4,4
309,44.51,-5,-3,M,Thief,40,67017,35,Mage,10.22,16,3,5
321,107.06,0,-1,F,Mage,30,58507,25,Mage,11.88,15,3,5
328,71.4,-2,0,F,Thief,30,24163,33,Mage,10.76,16,3,4
326,27.77,-1,-1,M,Mage,20,57762,24,Mage,7.9,16,3,5
349,41.95,3,-1,M,Fighter,30,32315,32,Fighter,9.65,17,3,5
335,67.47,2,-1,F,Fighter,30,18595,25,Mage,10.53,16,3,5
337,46.62,-1,1,F,Thief,40,67890,43,Fighter,11.46,15,3,5
338,95.23,4,-5,F,Fighter,40,88967,44,Thief,11.4,16,3,5
311,62.28,-2,-5,M,Mage,10,85309,11,Thief,6.25,15,2,3
307,45.14,-5,-3,M,Mage,30,86126,28,Thief,9.85,16,3,5
312,58.87,4,5,M,Mage,10,83653,7,Fighter,7.16,17,3,3
333,39.99,-2,5,F,Fighter,30,27216,30,Thief,9.57,17,3,5
334,70.05,0,1,M,Fighter,40,40703,44,Fighter,11.03,16,4,4
335,65.52,2,-1,F,Fighter,30,67914,25,Fighter,10.64,16,3,5
332,10.08,3,-2,F,Thief,10,65579,12,Thief,10.53,17,4,2
332,5.35,3,-2,F,Thief,10,87382,11,Mage,10.86,16,5,1
343,47.8,1,-4,M,Mage,10,26857,10,Thief,8.34,17,4,2
307,49.98,-5,-3,M,Mage,30,60189,34,Mage,11.15,15,3,4
350,63.45,5,5,F,Mage,40,58388,40,Thief,11.76,16,3,5
333,46.27,-2,5,F,Fighter,30,22118,28,Fighter,10.21,17,3,5
325,2.52,-3,2,F,Fighter,30,72240,33,Fighter,8.79,15,3,5
316,8.69,0,-3,F,Thief,30,78198,35,Thief,8.46,16,2,6
346,101.01,-3,5,F,Fighter,30,45940,27,Fighter,11.6,14,3,4
341,11.17,-2,3,F,Fighter,10,44627,11,Mage,10.21,15,5,1
348,96.19,-3,1,F,Thief,30,70834,35,Thief,11.57,14,3,4
341,4.56,-2,3,F,Fighter,10,41253,15,Thief,10.81,14,5,1
308,108.4,-2,5,F,Mage,20,51135,21,Thief,11.3,17,4,5
321,97.22,0,-1,F,Mage,30,38377,26,Thief,11.69,17,3,4
307,37.22,-5,-3,M,Mage,30,80080,27,Mage,9.62,17,3,4
324,23.24,-5,0,M,Fighter,40,79430,39,Mage,8.87,17,3,5
314,58.7,-2,-2,F,Fighter,30,26825,35,Fighter,10.37,17,3,5
313,37.44,5,-5,F,Thief,10,60657,10,Mage,8.14,16,3,2
347,6.47,5,0,F,Mage,10,44667,14,Mage,10.68,15,5,1
317,82.91,4,2,M,Thief,40,15157,44,Mage,11.8,16,3,5
347,0.0,5,0,F,Mage,10,44443,10,Mage,11.39,16,5,1
322,91.26,4,2,F,Fighter,40,81499,43,Fighter,11.92,15,3,5
330,18.21,5,-4,M,Thief,10,61320,13,Thief,11.03,17,5,1
307,39.19,-5,-3,M,Mage,30,89979,30,Fighter,9.73,16,3,5
324,19.02,-5,0,M,Fighter,40,38712,41,Thief,9.72,17,3,5
304,13.01,3,-5,M,Thief,10,44443,10,Mage,11.04,15,4,2
343,27.77,1,-4,M,Mage,10,37749,15,Fighter,9.14,18,4,2
311,77.04,-2,-5,M,Mage,10,79774,5,Thief,6.23,16,2,3
328,61.18,-2,0,F,Thief,30,87356,32,Fighter,10.58,17,3,5
346,103.3,-3,5,F,Fighter,30,27444,29,Mage,11.83,17,4,4
344,69.64,4,1,M,Fighter,20,82555,16,Thief,5.34,15,2,3
309,38.59,-5,-3,M,Thief,40,21363,41,Fighter,10.52,16,3,5
308,93.23,-2,5,F,Mage,20,54830,18,Thief,1.94,9,1,3
342,89.9,5,1,M,Mage,40,67890,43,Fighter,11.87,14,3,5
347,7.48,5,0,F,Mage,10,52152,10,Fighter,11.28,17,5,1
326,40.27,-1,-1,M,Mage,20,68866,16,Mage,9.62,16,3,2
307,55.11,-5,-3,M,Mage,30,67250,28,Fighter,10.54,17,3,5
316,3.86,0,-3,F,Thief,30,42280,25,Fighter,7.35,15,3,6
301,98.45,-2,5,F,Fighter,40,25663,43,Mage,12.5,13,3,5
331,98.15,2,-5,F,Mage,40,40703,44,Fighter,12.5,14,3,5
304,19.53,3,-5,M,Thief,10,76185,10,Thief,9.88,16,5,1
338,98.95,4,-5,F,Fighter,40,20084,37,Thief,11.89,16,3,5
348,91.06,-3,1,F,Thief,30,22118,28,Fighter,10.72,16,3,4
319,71.77,0,-3,M,Mage,40,19056,40,Thief,11.81,15,3,4
322,101.68,4,2,F,Fighter,40,60392,36,Fighter,11.87,16,3,5
340,19.46,3,0,F,Thief,20,48900,16,Mage,9.59,17,4,2
301,93.1,-2,5,F,Fighter,40,55645,39,Mage,11.61,15,3,4
329,66.89,0,-1,F,Mage,10,71222,14,Thief,5.79,14,2,3
304,3.78,3,-5,M,Thief,10,77259,7,Mage,10.93,16,4,1
314,54.68,-2,-2,F,Fighter,30,82807,28,Thief,10.84,17,3,4
331,89.72,2,-5,F,Mage,40,46241,38,Thief,12.08,16,3,4
339,92.54,5,3,F,Fighter,10,27691,6,Thief,4.09,13,2,4
338,102.12,4,-5,F,Fighter,40,57280,43,Fighter,11.73,14,3,5
329,67.26,0,-1,F,Mage,10,60311,15,Thief,5.87,14,2,3
319,69.6,0,-3,M,Mage,40,20902,44,Thief,11.76,16,3,5
302,56.49,2,-5,F,Mage,10,67356,7,Thief,7.17,17,3,3
308,100.53,-2,5,F,Mage,20,26828,22,Thief,10.66,14,3,4
321,96.06,0,-1,F,Mage,30,43701,30,Thief,12.33,16,3,5
333,56.49,-2,5,F,Fighter,30,83921,35,Fighter,10.63,15,3,5
320,5.97,-5,4,F,Fighter,40,59768,44,Mage,9.59,17,3,5
308,93.08,-2,5,F,Mage,20,48331,25,Mage,12.3,17,3,4
312,53.31,4,5,M,Mage,10,50799,7,Fighter,6.53,16,3,3
343,37.91,1,-4,M,Mage,10,70914,11,Fighter,9.39,16,4,2
309,38.6,-5,-3,M,Thief,40,26234,45,Fighter,10.56,16,3,5
350,82.09,5,5,F,Mage,40,19235,38,Mage,11.99,15,3,5
338,92.09,4,-5,F,Fighter,40,61041,43,Mage,12.34,16,3,4
305,21.32,0,-2,F,Thief,30,37476,27,Thief,8.43,16,3,5
341,11.8,-2,3,F,Fighter,10,55745,10,Mage,11.55,16,5,1
303,40.57,0,1,M,Thief,10,24366,14,Mage,9.31,16,3,2
324,8.09,-5,0,M,Fighter,40,69860,39,Mage,9.97,17,3,5
303,27.52,0,1,M,Thief,10,60168,12,Fighter,9.73,16,4,2
338,96.65,4,-5,F,Fighter,40,20084,37,Thief,11.41,16,3,5
328,51.62,-2,0,F,Thief,30,63006,30,Mage,10.48,17,3,5
349,48.09,3,-1,M,Fighter,30,16869,34,Thief,9.71,16,3,5
313,43.19,5,-5,F,Thief,10,36916,5,Mage,8.18,17,3,2
314,66.08,-2,-2,F,Fighter,30,84050,28,Thief,9.66,15,3,5
340,30.51,3,0,F,Thief,20,65380,19,Mage,9.28,17,4,2
333,55.09,-2,5,F,Fighter,30,67621,35,Fighter,10.26,17,3,5
337,41.42,-1,1,F,Thief,40,66602,40,Thief,11.15,16,3,5
342,101.59,5,1,M,Mage,40,52157,45,Mage,11.74,15,3,5
335,82.79,2,-1,F,Fighter,30,83045,26,Mage,10.82,17,3,5
302,52.83,2,-5,F,Mage,10,12461,10,Fighter,6.65,15,3,3
303,29.46,0,1,M,Thief,10,89276,13,Thief,9.7,16,4,2
343,38.83,1,-4,M,Mage,10,70914,11,Fighter,9.33,18,4,2
350,82.54,5,5,F,Mage,40,34475,36,Thief,11.87,16,3,5
325,17.14,-3,2,F,Fighter,30,60189,34,Mage,8.95,16,3,5
348,84.83,-3,1,F,Thief,30,40451,25,Mage,10.9,15,3,4
304,10.37,3,-5,M,Thief,10,46398,11,Mage,11.15,16,5,1
317,76.72,4,2,M,Thief,40,70643,38,Fighter,11.46,14,4,5
332,21.34,3,-2,F,Thief,10,51211,7,Mage,11.56,15,4,1
345,40.29,-5,-4,M,Fighter,30,74185,30,Thief,10.13,16,3,5
341,11.3,-2,3,F,Fighter,10,73789,5,Mage,11.09,15,5,1
343,40.93,1,-4,M,Mage,10,27357,14,Thief,8.97,16,4,2
307,49.24,-5,-3,M,Mage,30,19694,35,Thief,10.03,15,3,4
334,61.89,0,1,M,Fighter,40,15064,45,Fighter,11.7,18,3,5
336,16.83,-5,1,F,Thief,40,16245,40,Fighter,9.43,17,3,5
314,53.99,-2,-2,F,Fighter,30,45940,27,Fighter,10.14,15,3,5
301,102.19,-2,5,F,Fighter,40,21918,44,Mage,11.38,16,3,4
316,0.0,0,-3,F,Thief,30,47138,33,Thief,8.14,17,2,6
334,67.01,0,1,M,Fighter,40,22786,39,Thief,10.75,16,3,4
326,41.52,-1,-1,M,Mage,20,14106,25,Mage,9.16,17,3,5
345,57.32,-5,-4,M,Fighter,30,88880,32,Thief,9.52,16,3,4
346,99.7,-3,5,F,Fighter,30,20156,34,Fighter,12.06,15,4,4
317,77.98,4,2,M,Thief,40,33640,38,Thief,11.51,15,3,5
345,41.5,-5,-4,M,Fighter,30,42785,35,Fighter,10.7,18,3,4
301,96.28,-2,5,F,Fighter,40,24668,42,Mage,11.97,15,3,4
316,0.0,0,-3,F,Thief,30,88841,34,Fighter,9.03,15,3,6
331,101.53,2,-5,F,Mage,40,63631,39,Thief,11.95,15,4,5
327,87.27,-4,2,M,Mage,20,30406,17,Fighter,3.64,12,2,3
314,71.31,-2,-2,F,Fighter,30,27597,34,Thief,11.34,16,3,4
336,5.55,-5,1,F,Thief,40,15105,45,Fighter,10.28,15,3,5
328,62.68,-2,0,F,Thief,30,75688,31,Fighter,10.74,15,3,5
324,18.99,-5,0,M,Fighter,40,72663,45,Fighter,10.82,16,3,5
341,1.97,-2,3,F,Fighter,10,82839,10,Fighter,11.11,16,5,1
314,52.97,-2,-2,F,Fighter,30,24564,27,Thief,10.75,16,3,5
341,0.0,-2,3,F,Fighter,10,23909,5,Thief,11.46,15,5,1
347,0.0,5,0,F,Mage,10,54720,7,Thief,11.44,15,5,1
349,36.9,3,-1,M,Fighter,30,17268,33,Thief,9.87,17,3,5
302,60.58,2,-5,F,Mage,10,80546,5,Mage,7.53,17,3,3
312,56.75,4,5,M,Mage,10,57131,13,Thief,7.45,17,2,3
334,53.97,0,1,M,Fighter,40,63673,45,Fighter,11.12,17,3,5
324,8.26,-5,0,M,Fighter,40,56013,36,Thief,8.7,16,3,5
301,95.34,-2,5,F,Fighter,40,33640,38,Thief,11.75,15,3,4
341,1.38,-2,3,F,Fighter,10,33144,9,Thief,11.77,16,5,1
320,8.8,-5,4,F,Fighter,40,45278,37,Mage,9.09,16,3,5
321,87.52,0,-1,F,Mage,30,16599,32,Fighter,11.63,15,3,4
343,37.05,1,-4,M,Mage,10,62902,5,Thief,9.52,15,3,2
319,68.2,0,-3,M,Mage,40,89884,35,Thief,10.97,16,3,4
322,98.56,4,2,F,Fighter,40,63673,45,Fighter,11.42,15,3,5
336,5.73,-5,1,F,Thief,40,25663,43,Mage,10.22,16,3,5
333,39.98,-2,5,F,Fighter,30,72240,33,Fighter,10.37,17,3,4
304,15.52,3,-5,M,Thief,10,17256,13,Thief,10.67,16,4,1
304,9.88,3,-5,M,Thief,10,30929,9,Mage,10.97,15,4,1
336,10.24,-5,1,F,Thief,40,17257,38,Fighter,9.75,18,3,5
331,94.63,2,-5,F,Mage,40,84450,37,Fighter,11.7,15,3,5
303,45.92,0,1,M,Thief,10,60001,11,Thief,9.29,18,4,2
329,64.57,0,-1,F,Mage,10,37032,9,Fighter,6.08,16,2,3
338,91.59,4,-5,F,Fighter,40,19694,35,Thief,12.07,14,3,4
320,16.6,-5,4,F,Fighter,40,19235,38,Mage,9.75,17,3,5
350,68.74,5,5,F,Mage,40,63673,45,Fighter,12.14,14,3,5
347,0.0,5,0,F,Mage,10,63765,7,Mage,11.43,15,5,1
325,3.13,-3,2,F,Fighter,30,72803,26,Fighter,7.65,15,2,5
342,108.5,5,1,M,Mage,40,76128,35,Fighter,11.39,15,3,5
346,112.79,-3,5,F,Fighter,30,30541,31,Mage,12.33,15,3,4
334,66.55,0,1,M,Fighter,40,33831,37,Fighter,10.83,17,3,5
309,31.29,-5,-3,M,Thief,40,85310,40,Thief,10.8,14,3,4
333,49.18,-2,5,F,Fighter,30,59889,35,Thief,10.08,16,3,5
328,54.71,-2,0,F,Thief,30,48423,31,Thief,11.02,16,3,5
306,95.49,0,5,M,Mage,10,44627,11,Mage,2.85,12,1,3
321,108.87,0,-1,F,Mage,30,47138,33,Thief,12.25,16,3,4
301,108.05,-2,5,F,Fighter,40,48411,39,Fighter,12.04,15,3,4
334,64.94,0,1,M,Fighter,40,33640,38,Thief,11.64,16,3,5
331,99.6,2,-5,F,Mage,40,21398,43,Mage,11.86,15,3,5
348,82.34,-3,1,F,Thief,30,40492,30,Mage,11.41,14,3,4
335,68.9,2,-1,F,Fighter,30,80080,27,Mage,10.22,17,3,5
335,63.93,2,-1,F,Fighter,30,20599,28,Mage,10.21,17,3,5
345,53.15,-5,-4,M,Fighter,30,72594,27,Fighter,9.84,17,3,5
318,62.49,3,2,F,Mage,30,72163,25,Thief,10.49,16,3,5
323,9.77,-2,3,F,Mage,30,48423,31,Thief,7.68,17,3,6
334,64.4,0,1,M,Fighter,40,42785,35,Fighter,11.06,15,3,5
337,41.52,-1,1,F,Thief,40,40477,38,Fighter,10.85,16,3,5
335,68.15,2,-1,F,Fighter,30,64351,31,Fighter,11.59,16,3,5
336,20.51,-5,1,F,Thief,40,77964,42,Thief,9.81,16,3,5
337,52.84,-1,1,F,Thief,40,47409,36,Mage,10.85,16,3,5
347,0.0,5,0,F,Mage,10,56953,12,Thief,11.87,15,5,1
338,95.98,4,-5,F,Fighter,40,19463,43,Thief,11.87,17,3,5
319,66.09,0,-3,M,Mage,40,53013,38,Mage,11.71,15,3,5
304,14.93,3,-5,M,Thief,10,55745,10,Mage,10.93,16,4,2
307,56.4,-5,-3,M,Mage,30,40492,30,Mage,10.09,17,3,5
337,44.77,-1,1,F,Thief,40,19512,41,Fighter,11.56,16,3,5
332,8.02,3,-2,F,Thief,10,27357,14,Thief,10.81,17,4,1
308,103.05,-2,5,F,Mage,20,37749,15,Fighter,2.01,10,1,4
330,20.08,5,-4,M,Thief,10,59330,8,Mage,9.67,18,4,2
338,99.58,4,-5,F,Fighter,40,51279,38,Thief,11.86,15,3,5
341,0.0,-2,3,F,Fighter,10,15269,12,Fighter,11.14,15,5,1
315,103.99,-3,-3,F,Fighter,20,23459,25,Fighter,11.33,17,3,5
337,38.05,-1,1,F,Thief,40,24668,42,Mage,10.97,17,3,5
341,0.0,-2,3,F,Fighter,10,74518,8,Mage,10.97,16,5,1
337,49.72,-1,1,F,Thief,40,88541,39,Mage,10.66,15,3,5
318,67.83,3,2,F,Mage,30,26151,30,Mage,10.38,15,3,5
350,72.79,5,5,F,Mage,40,86997,37,Mage,11.13,16,3,5
318,66.71,3,2,F,Mage,30,60189,34,Mage,11.73,17,3,5
324,16.33,-5,0,M,Fighter,40,51279,38,Thief,9.23,16,3,5
331,88.46,2,-5,F,Mage,40,57818,40,Mage,11.69,14,4,5
348,73.83,-3,1,F,Thief,30,37612,31,Fighter,11.98,16,3,5
335,70.76,2,-1,F,Fighter,30,69901,28,Mage,10.61,16,3,4
315,95.06,-3,-3,F,Fighter,20,82394,21,Thief,11.74,14,3,4
332,22.23,3,-2,F,Thief,10,70179,14,Fighter,11.46,15,4,1
323,0.0,-2,3,F,Mage,30,61609,34,Thief,8.38,17,3,6
312,71.73,4,5,M,Mage,10,52152,10,Fighter,7.32,16,2,3
325,13.4,-3,2,F,Fighter,30,24058,28,Mage,7.47,17,3,5
319,66.13,0,-3,M,Mage,40,49850,38,Fighter,11.41,17,3,5
304,2.74,3,-5,M,Thief,10,14366,8,Thief,10.55,16,5,1
343,47.47,1,-4,M,Mage,10,82108,11,Thief,9.16,17,4,2
309,29.69,-5,-3,M,Thief,40,76481,45,Thief,11.15,16,3,5
342,102.54,5,1,M,Mage,40,86656,41,Mage,11.55,15,3,5
322,101.45,4,2,F,Fighter,40,20902,44,Thief,11.84,16,3,5
312,64.56,4,5,M,Mage,10,47281,10,Fighter,7.1,16,3,3
333,60.69,-2,5,F,Fighter,30,63006,30,Mage,10.45,17,3,5
331,95.43,2,-5,F,Mage,40,22792,42,Fighter,12.17,15,3,5
322,101.44,4,2,F,Fighter,40,71618,41,Mage,12.17,14,3,5
350,66.91,5,5,F,Mage,40,35162,41,Mage,11.53,15,3,5
304,2.77,3,-5,M,Thief,10,54319,10,Mage,10.66,16,5,1
310,23.21,-1,-5,F,Mage,30,63692,32,Mage,8.37,17,3,5
321,100.78,0,-1,F,Mage,30,67045,30,Thief,11.34,16,3,4
336,21.75,-5,1,F,Thief,40,57818,40,Mage,10.39,17,3,5
350,69.64,5,5,F,Mage,40,10832,38,Mage,11.65,16,3,5
329,84.42,0,-1,F,Mage,10,61320,13,Thief,5.61,14,2,3
342,93.03,5,1,M,Mage,40,12710,36,Fighter,11.36,15,3,5
329,66.77,0,-1,F,Mage,10,58718,9,Mage,5.93,15,2,3
317,96.18,4,2,M,Thief,40,14904,36,Mage,12.26,15,3,5
320,11.51,-5,4,F,Fighter,40,15105,45,Fighter,10.08,16,3,5
321,92.58,0,-1,F,Mage,30,37476,27,Thief,12.37,15,3,5
317,76.78,4,2,M,Thief,40,60586,42,Fighter,11.63,15,3,4
314,51.59,-2,-2,F,Fighter,30,30541,31,Mage,10.85,16,3,4
317,89.64,4,2,M,Thief,40,89172,41,Mage,12.36,15,3,5
323,1.02,-2,3,F,Mage,30,72163,25,Thief,6.18,17,2,6
346,110.42,-3,5,F,Fighter,30,88841,34,Fighter,11.57,15,3,4
350,84.01,5,5,F,Mage,40,22840,36,Mage,11.47,15,3,5
322,95.79,4,2,F,Fighter,40,48349,36,Thief,11.32,15,3,5
319,83.03,0,-3,M,Mage,40,34923,42,Mage,11.26,16,4,4
304,6.35,3,-5,M,Thief,10,83013,15,Fighter,10.86,16,4,1
334,60.76,0,1,M,Fighter,40,34923,42,Mage,10.87,15,3,5
345,38.04,-5,-4,M,Fighter,30,64447,31,Thief,9.89,16,3,4
336,14.08,-5,1,F,Thief,40,33609,35,Fighter,9.16,16,3,5
308,89.9,-2,5,F,Mage,20,11682,25,Thief,12.07,16,3,4
304,13.05,3,-5,M,Thief,10,17256,13,Thief,11.35,16,5,2
334,53.02,0,1,M,Fighter,40,85310,40,Thief,11.41,15,3,5
317,74.19,4,2,M,Thief,40,57751,36,Fighter,11.61,14,3,5
336,5.1,-5,1,F,Thief,40,83926,44,Mage,10.33,17,3,5
321,109.54,0,-1,F,Mage,30,16366,27,Thief,11.91,15,3,5
307,41.49,-5,-3,M,Mage,30,16366,27,Thief,9.93,17,3,4
321,93.45,0,-1,F,Mage,30,14573,31,Fighter,11.73,15,3,4
327,74.33,-4,2,M,Mage,20,31980,17,Thief,3.76,9,1,3
347,0.0,5,0,F,Mage,10,37809,13,Mage,11.24,16,5,1
350,83.52,5,5,F,Mage,40,85057,43,Thief,11.64,16,3,5
332,22.1,3,-2,F,Thief,10,82458,5,Thief,10.95,16,5,1
304,19.17,3,-5,M,Thief,10,23904,14,Fighter,10.85,16,5,1
337,40.52,-1,1,F,Thief,40,18835,38,Mage,10.62,16,3,5
307,58.98,-5,-3,M,Mage,30,17810,26,Mage,9.34,17,3,4
331,93.6,2,-5,F,Mage,40,16245,40,Fighter,12.3,16,3,5
305,32.21,0,-2,F,Thief,30,67250,28,Fighter,8.1,17,3,5
307,49.22,-5,-3,M,Mage,30,15078,30,Thief,10.4,18,3,5
310,1.65,-1,-5,F,Mage,30,17527,32,Mage,9.2,16,3,5
344,76.97,4,1,M,Fighter,20,18666,17,Fighter,5.34,14,2,3
307,43.42,-5,-3,M,Mage,30,61269,31,Mage,9.73,15,3,5
314,55.51,-2,-2,F,Fighter,30,76800,33,Fighter,10.7,15,3,5
317,92.53,4,2,M,Thief,40,60392,36,Fighter,11.75,15,3,5
303,36.9,0,1,M,Thief,10,17725,9,Mage,8.97,17,4,2
349,41.01,3,-1,M,Fighter,30,11814,28,Fighter,9.01,15,3,5
334,66.18,0,1,M,Fighter,40,48351,36,Thief,11.0,16,3,5
303,41.94,0,1,M,Thief,10,85309,11,Thief,9.88,17,3,2
331,87.47,2,-5,F,Mage,40,75692,44,Mage,12.5,15,3,5
315,94.58,-3,-3,F,Fighter,20,41677,25,Mage,12.05,17,3,4
316,9.05,0,-3,F,Thief,30,27444,29,Mage,7.62,16,3,5
322,109.49,4,2,F,Fighter,40,51841,37,Mage,12.4,14,4,5
350,74.75,5,5,F,Mage,40,75698,35,Mage,10.49,16,3,5
332,7.92,3,-2,F,Thief,10,41253,15,Thief,10.57,16,4,1
309,43.71,-5,-3,M,Thief,40,64525,44,Fighter,11.14,15,3,5
332,20.61,3,-2,F,Thief,10,15416,13,Mage,10.92,17,4,1
347,4.16,5,0,F,Mage,10,14988,12,Thief,11.29,16,5,1
345,48.73,-5,-4,M,Fighter,30,27597,34,Thief,10.69,16,3,4
345,43.61,-5,-4,M,Fighter,30,11814,28,Fighter,9.67,17,3,4
309,34.82,-5,-3,M,Thief,40,57092,44,Mage,10.56,17,3,5
338,86.91,4,-5,F,Fighter,40,60330,45,Fighter,12.5,15,3,5
342,107.36,5,1,M,Mage,40,50149,42,Thief,12.06,14,3,5
341,0.0,-2,3,F,Fighter,10,31773,6,Thief,11.4,15,5,1
334,63.89,0,1,M,Fighter,40,48636,41,Thief,11.24,17,3,5
336,6.4,-5,1,F,Thief,40,70643,38,Fighter,9.49,18,3,5
330,4.07,5,-4,M,Thief,10,21591,6,Thief,11.22,17,5,1
326,47.16,-1,-1,M,Mage,20,78595,21,Thief,8.12,16,3,5
342,87.87,5,1,M,Mage,40,43761,36,Thief,12.5,14,3,5
340,21.39,3,0,F,Thief,20,37012,19,Thief,9.28,16,4,2
305,35.96,0,-2,F,Thief,30,42679,34,Mage,8.77,17,3,5
336,13.52,-5,1,F,Thief,40,28369,39,Thief,9.07,17,3,5
324,14.38,-5,0,M,Fighter,40,48349,36,Thief,9.72,15,3,5
301,94.25,-2,5,F,Fighter,40,29767,40,Fighter,12.35,15,3,4
343,44.5,1,-4,M,Mage,10,87796,9,Thief,9.45,17,4,2
343,25.28,1,-4,M,Mage,10,52756,10,Mage,8.74,15,3,2
328,55.01,-2,0,F,Thief,30,11814,28,Fighter,10.83,17,3,5
319,75.78,0,-3,M,Mage,40,21398,43,Mage,11.56,16,3,4
312,52.94,4,5,M,Mage,10,88724,8,Fighter,6.84,16,3,3
313,60.39,5,-5,F,Thief,10,75270,11,Fighter,9.24,17,3,2
312,71.88,4,5,M,Mage,10,30895,10,Thief,7.46,17,3,3
329,77.42,0,-1,F,Mage,10,44442,6,Thief,5.92,15,2,3
318,71.88,3,2,F,Mage,30,81250,35,Fighter,11.13,16,3,5
337,58.61,-1,1,F,Thief,40,51500,35,Mage,10.64,17,3,5
341,3.81,-2,3,F,Fighter,10,85309,11,Thief,11.65,15,5,1
341,0.0,-2,3,F,Fighter,10,47194,12,Mage,11.21,14,5,1
332,4.13,3,-2,F,Thief,10,33339,11,Thief,11.13,15,4,1
327,94.41,-4,2,M,Mage,20,11838,23,Mage,9.94,16,3,5
309,40.03,-5,-3,M,Thief,40,28447,42,Thief,10.08,17,3,5
341,0.2,-2,3,F,Fighter,10,33624,12,Fighter,11.07,16,5,1
331,87.75,2,-5,F,Mage,40,66187,37,Mage,12.42,16,3,5
338,107.49,4,-5,F,Fighter,40,42785,35,Fighter,12.31,14,3,5
337,54.81,-1,1,F,Thief,40,25865,45,Mage,11.31,16,3,5
307,46.25,-5,-3,M,Mage,30,61609,34,Thief,9.92,18,3,4
332,18.46,3,-2,F,Thief,10,71599,10,Fighter,10.53,16,4,1
335,83.94,2,-1,F,Fighter,30,25844,34,Mage,11.72,15,3,5
322,102.79,4,2,F,Fighter,40,57092,44,Mage,11.47,15,3,5
339,87.07,5,3,F,Fighter,10,87102,5,Mage,4.45,13,1,3
320,2.04,-5,4,F,Fighter,40,33896,45,Fighter,10.43,15,3,5
337,44.86,-1,1,F,Thief,40,89258,42,Fighter,11.01,16,3,5
323,4.07,-2,3,F,Mage,30,58507,25,Mage,6.97,16,2,5
331,96.09,2,-5,F,Mage,40,37653,40,Mage,11.72,15,3,5
330,1.23,5,-4,M,Thief,10,42008,5,Mage,11.36,15,5,1
310,5.04,-1,-5,F,Mage,30,21681,35,Mage,9.14,16,3,5
347,0.0,5,0,F,Mage,10,63765,7,Mage,11.56,14,5,1
334,72.04,0,1,M,Fighter,40,16084,38,Thief,11.09,15,3,5
303,25.79,0,1,M,Thief,10,54600,15,Mage,9.48,15,4,2
315,92.27,-3,-3,F,Fighter,20,16136,25,Mage,11.29,15,3,4
305,13.44,0,-2,F,Thief,30,42737,27,Mage,8.8,16,3,5
344,62.03,4,1,M,Fighter,20,38654,23,Thief,10.19,16,3,5
332,18.38,3,-2,F,Thief,10,62896,15,Thief,10.52,17,4,1
329,83.78,0,-1,F,Mage,10,44481,8,Fighter,6.79,15,2,3
324,4.79,-5,0,M,Fighter,40,50149,42,Thief,9.42,16,3,5
349,44.74,3,-1,M,Fighter,30,12892,32,Thief,9.69,16,3,5
328,49.4,-2,0,F,Thief,30,72594,27,Fighter,10.03,16,3,4
317,80.76,4,2,M,Thief,40,38712,41,Thief,11.47,15,3,4
336,9.0,-5,1,F,Thief,40,45475,45,Mage,9.92,16,3,5
331,86.95,2,-5,F,Mage,40,71022,42,Mage,11.47,15,3,5
308,104.64,-2,5,F,Mage,20,78808,23,Thief,11.38,14,3,4
331,89.42,2,-5,F,Mage,40,12710,36,Fighter,11.85,14,3,4
319,71.71,0,-3,M,Mage,40,87591,36,Mage,10.99,16,3,5
303,44.86,0,1,M,Thief,10,51875,13,Fighter,8.89,17,3,2
312,51.11,4,5,M,Mage,10,33912,11,Thief,6.97,17,3,3
343,38.79,1,-4,M,Mage,10,68432,12,Fighter,8.93,18,4,2
308,105.09,-2,5,F,Mage,20,23233,21,Thief,11.49,14,3,4
318,76.67,3,2,F,Mage,30,64447,31,Thief,11.46,17,3,5
325,0.51,-3,2,F,Fighter,30,80097,27,Mage,7.59,14,2,5
339,80.41,5,3,F,Fighter,10,44584,15,Fighter,3.88,13,1,3
324,7.27,-5,0,M,Fighter,40,16311,42,Fighter,9.27,15,3,5
345,37.38,-5,-4,M,Fighter,30,21681,35,Mage,10.85,16,3,4
301,108.02,-2,5,F,Fighter,40,66852,45,Thief,11.99,16,3,5
329,78.62,0,-1,F,Mage,10,56953,12,Thief,5.74,17,2,3
328,60.37,-2,0,F,Thief,30,42280,25,Fighter,9.74,16,3,5
306,99.31,0,5,M,Mage,10,35161,10,Mage,2.59,9,1,4
318,82.64,3,2,F,Mage,30,33688,25,Fighter,11.47,16,3,5
310,21.72,-1,-5,F,Mage,30,73528,28,Thief,8.16,17,2,5
302,58.26,2,-5,F,Mage,10,74230,14,Fighter,7.06,15,3,3
305,32.67,0,-2,F,Thief,30,71073,26,Fighter,8.83,17,3,5
317,90.31,4,2,M,Thief,40,72663,45,Fighter,11.95,16,3,5
347,4.34,5,0,F,Mage,10,33144,9,Thief,10.88,15,5,1
301,91.54,-2,5,F,Fighter,40,72632,44,Thief,11.37,15,3,4
337,51.17,-1,1,F,Thief,40,20902,44,Thief,11.05,17,3,5
301,106.96,-2,5,F,Fighter,40,21969,45,Fighter,10.97,15,3,4
327,93.21,-4,2,M,Mage,20,23459,25,Fighter,10.93,14,3,4
336,14.7,-5,1,F,Thief,40,31548,43,Fighter,9.93,16,3,5
310,19.67,-1,-5,F,Mage,30,22280,30,Mage,8.39,18,3,5
324,22.37,-5,0,M,Fighter,40,43850,42,Fighter,9.61,15,3,5
331,98.07,2,-5,F,Mage,40,48351,36,Thief,11.55,16,3,5
320,21.53,-5,4,F,Fighter,40,68077,41,Fighter,9.58,17,3,5
330,20.54,5,-4,M,Thief,10,84217,6,Fighter,10.84,15,4,2
334,49.93,0,1,M,Fighter,40,76756,43,Fighter,11.26,16,3,5
331,95.56,2,-5,F,Mage,40,33606,42,Thief,11.65,15,4,4
349,36.52,3,-1,M,Fighter,30,45940,27,Fighter,8.61,16,3,5
307,46.64,-5,-3,M,Mage,30,88841,34,Fighter,9.93,17,3,4
318,76.04,3,2,F,Mage,30,27216,30,Thief,10.27,17,3,5
348,95.26,-3,1,F,Thief,30,24163,33,Mage,11.92,15,3,5
321,92.23,0,-1,F,Mage,30,42280,25,Fighter,12.08,14,3,4
338,100.95,4,-5,F,Fighter,40,32064,40,Mage,11.95,15,3,5
342,104.04,5,1,M,Mage,40,18723,36,Mage,12.5,14,3,5
347,0.3,5,0,F,Mage,10,89658,6,Mage,11.02,17,5,1
322,101.64,4,2,F,Fighter,40,71637,43,Fighter,12.31,15,3,5
307,40.58,-5,-3,M,Mage,30,72163,25,Thief,9.49,16,3,4
311,78.11,-2,-5,M,Mage,10,44584,15,Fighter,5.1,15,2,3
326,46.0,-1,-1,M,Mage,20,78808,23,Thief,8.4,16,3,5
315,98.69,-3,-3,F,Fighter,20,84716,25,Mage,11.52,15,3,4
326,42.65,-1,-1,M,Mage,20,31653,22,Mage,8.51,17,3,5
312,50.34,4,5,M,Mage,10,52756,10,Mage,7.74,17,2,3
305,18.42,0,-2,F,Thief,30,38195,35,Thief,9.29,15,3,5
304,14.13,3,-5,M,Thief,10,58538,6,Mage,11.34,16,5,1
322,101.83,4,2,F,Fighter,40,68113,44,Thief,11.25,16,4,5
315,95.23,-3,-3,F,Fighter,20,57762,24,Mage,12.31,15,3,4
305,36.07,0,-2,F,Thief,30,62766,25,Thief,7.86,15,2,5
320,24.08,-5,4,F,Fighter,40,82319,43,Thief,10.73,16,3,5
342,100.05,5,1,M,Mage,40,22723,41,Fighter,12.5,14,3,5
301,107.94,-2,5,F,Fighter,40,73355,40,Thief,12.33,13,3,5
332,15.07,3,-2,F,Thief,10,34085,8,Fighter,10.42,17,5,1
337,60.3,-1,1,F,Thief,40,71022,42,Mage,11.09,15,3,5
308,94.07,-2,5,F,Mage,20,44784,22,Thief,11.01,16,3,4
321,95.62,0,-1,F,Mage,30,88777,34,Fighter,11.69,15,3,4
333,58.22,-2,5,F,Fighter,30,39207,30,Thief,9.58,15,3,5
304,4.2,3,-5,M,Thief,10,56953,12,Thief,10.97,17,4,1
305,14.56,0,-2,F,Thief,30,21468,27,Mage,8.56,17,2,5
301,101.14,-2,5,F,Fighter,40,20795,43,Fighter,12.03,16,3,4
325,23.79,-3,2,F,Fighter,30,27444,29,Mage,8.34,16,3,5
333,40.93,-2,5,F,Fighter,30,80080,27,Mage,10.22,16,3,5
345,40.8,-5,-4,M,Fighter,30,35318,34,Thief,10.53,16,3,4
339,83.87,5,3,F,Fighter,10,24572,7,Thief,4.64,13,1,3
323,0.0,-2,3,F,Mage,30,44352,31,Thief,8.82,17,3,6
318,78.46,3,2,F,Mage,30,25091,32,Mage,10.88,17,3,5
342,99.68,5,1,M,Mage,40,19056,40,Thief,12.02,14,3,5
303,30.32,0,1,M,Thief,10,17243,5,Thief,9.99,17,4,2
321,98.11,0,-1,F,Mage,30,35318,34,Thief,11.39,15,3,5
306,98.08,0,5,M,Mage,10,68983,15,Mage,1.42,9,1,4
335,76.11,2,-1,F,Fighter,30,74684,32,Thief,10.95,17,3,4
324,12.4,-5,0,M,Fighter,40,40703,44,Fighter,9.43,15,3,5
324,23.58,-5,0,M,Fighter,40,33640,38,Thief,9.49,15,3,5
340,25.05,3,0,F,Thief,20,62896,15,Thief,10.18,16,4,2
339,94.72,5,3,F,Fighter,10,52756,10,Mage,3.39,13,1,3
304,0.4,3,-5,M,Thief,10,69863,11,Thief,9.87,16,4,1
314,59.61,-2,-2,F,Fighter,30,72442,25,Thief,10.13,17,3,5
341,6.74,-2,3,F,Fighter,10,21587,7,Thief,10.81,15,5,1
342,106.01,5,1,M,Mage,40,51841,37,Mage,11.94,15,4,5
345,55.13,-5,-4,M,Fighter,30,16599,32,Fighter,9.16,16,3,5
307,54.54,-5,-3,M,Mage,30,37476,27,Thief,9.8,15,3,4
341,9.86,-2,3,F,Fighter,10,37481,8,Fighter,11.1,15,4,1
347,3.13,5,0,F,Mage,10,73789,5,Mage,11.5,17,5,1
323,5.23,-2,3,F,Mage,30,15888,27,Mage,7.34,16,2,6
301,102.04,-2,5,F,Fighter,40,33640,38,Thief,11.59,13,3,4
341,5.23,-2,3,F,Fighter,10,35086,7,Mage,11.08,14,5,0
323,0.0,-2,3,F,Mage,30,81290,29,Thief,7.68,15,2,6
349,36.81,3,-1,M,Fighter,30,75698,35,Mage,10.19,15,3,5
319,81.1,0,-3,M,Mage,40,25904,42,Mage,11.82,14,3,5
301,86.69,-2,5,F,Fighter,40,81499,43,Fighter,11.83,16,3,4
314,64.22,-2,-2,F,Fighter,30,25168,31,Fighter,10.26,16,3,4
322,86.7,4,2,F,Fighter,40,57759,39,Thief,11.98,14,3,5
338,87.13,4,-5,F,Fighter,40,62543,43,Fighter,11.4,13,3,4
314,71.6,-2,-2,F,Fighter,30,70785,34,Thief,10.8,16,3,5
305,35.93,0,-2,F,Thief,30,74684,32,Thief,8.43,16,3,5
332,19.69,3,-2,F,Thief,10,68024,14,Mage,10.61,16,4,1
338,104.67,4,-5,F,Fighter,40,15146,44,Thief,12.04,15,3,5
337,45.95,-1,1,F,Thief,40,23345,43,Thief,11.05,15,3,5
334,70.54,0,1,M,Fighter,40,15157,44,Mage,12.14,14,4,5
331,86.11,2,-5,F,Mage,40,48411,39,Fighter,12.14,15,3,4
303,37.26,0,1,M,Thief,10,67356,7,Thief,8.97,17,4,2
339,79.4,5,3,F,Fighter,10,47469,13,Thief,4.44,13,1,3
322,95.28,4,2,F,Fighter,40,51841,37,Mage,12.36,15,3,5
343,30.25,1,-4,M,Mage,10,34787,7,Fighter,8.98,17,4,2
348,76.18,-3,1,F,Thief,30,71073,26,Fighter,11.15,16,3,4
318,79.97,3,2,F,Mage,30,43701,30,Thief,10.3,16,3,5
328,57.07,-2,0,F,Thief,30,86126,28,Thief,10.62,16,3,4
344,84.94,4,1,M,Fighter,20,46955,22,Mage,10.83,15,3,5
347,5.64,5,0,F,Mage,10,62328,5,Thief,11.85,16,5,1
336,16.81,-5,1,F,Thief,40,33831,37,Fighter,9.09,16,3,5
314,72.96,-2,-2,F,Fighter,30,88777,34,Fighter,11.22,17,3,4
313,53.02,5,-5,F,Thief,10,52849,10,Thief,8.33,16,3,3
335,64.03,2,-1,F,Fighter,30,24544,33,Fighter,11.33,16,3,5
347,0.0,5,0,F,Mage,10,21591,6,Thief,11.33,15,5,1
318,74.82,3,2,F,Mage,30,17430,26,Fighter,10.8,17,3,4
316,0.0,0,-3,F,Thief,30,43701,30,Thief,6.61,17,3,6
318,82.75,3,2,F,Mage,30,70785,34,Thief,10.79,16,3,5
348,79.45,-3,1,F,Thief,30,22280,30,Mage,11.01,14,3,4
313,42.51,5,-5,F,Thief,10,75270,11,Fighter,8.84,16,3,2
322,100.35,4,2,F,Fighter,40,25663,43,Mage,11.4,15,3,5
345,50.62,-5,-4,M,Fighter,30,12892,32,Thief,11.07,17,3,5
309,31.13,-5,-3,M,Thief,40,38195,35,Thief,10.76,16,3,5
335,67.11,2,-1,F,Fighter,30,45657,34,Thief,11.08,14,3,5
349,36.01,3,-1,M,Fighter,30,73528,28,Thief,9.58,18,3,5
337,50.39,-1,1,F,Thief,40,23345,43,Thief,11.31,15,3,5
334,72.67,0,1,M,Fighter,40,16084,38,Thief,10.87,16,3,5
346,116.89,-3,5,F,Fighter,30,17268,33,Thief,11.0,16,3,4
340,12.56,3,0,F,Thief,20,58507,25,Mage,8.07,16,3,5
347,3.68,5,0,F,Mage,10,74518,8,Mage,11.62,16,5,1
307,52.64,-5,-3,M,Mage,30,36771,25,Mage,9.51,17,3,5
350,73.96,5,5,F,Mage,40,11367,35,Thief,11.59,16,3,4
337,53.54,-1,1,F,Thief,40,59035,42,Thief,10.52,16,3,5
306,96.31,0,5,M,Mage,10,89658,6,Mage,2.63,11,1,3
349,29.53,3,-1,M,Fighter,30,16366,27,Thief,8.73,16,3,5
313,50.2,5,-5,F,Thief,10,31874,8,Thief,8.24,17,3,3
343,44.34,1,-4,M,Mage,10,88724,8,Fighter,9.56,18,3,2
317,85.43,4,2,M,Thief,40,61041,43,Mage,11.81,14,3,5
326,48.51,-1,-1,M,Mage,20,62032,20,Mage,8.75,18,3,2
303,26.83,0,1,M,Thief,10,56953,12,Thief,9.57,16,4,2
311,74.47,-2,-5,M,Mage,10,64462,13,Mage,6.15,16,2,3
341,0.0,-2,3,F,Fighter,10,35954,13,Mage,10.8,16,5,1
342,99.63,5,1,M,Mage,40,19512,41,Fighter,11.36,14,3,5
349,47.21,3,-1,M,Fighter,30,32533,31,Thief,8.95,17,3,5
328,70.63,-2,0,F,Thief,30,87530,32,Fighter,9.95,16,3,5
312,57.15,4,5,M,Mage,10,38157,5,Mage,7.26,16,3,3
337,53.68,-1,1,F,Thief,40,15105,45,Fighter,10.91,16,3,5
341,0.0,-2,3,F,Fighter,10,75270,11,Fighter,10.12,15,5,1
321,95.9,0,-1,F,Mage,30,56207,28,Thief,12.5,13,3,5
344,70.27,4,1,M,Fighter,20,51847,21,Fighter,10.01,17,3,5
342,98.44,5,1,M,Mage,40,63631,39,Thief,12.22,15,3,5
324,5.96,-5,0,M,Fighter,40,57260,41,Mage,9.83,16,3,5
303,41.71,0,1,M,Thief,10,46398,11,Mage,8.97,16,4,2
314,53.43,-2,-2,F,Fighter,30,27216,30,Thief,10.39,15,3,4
322,108.15,4,2,F,Fighter,40,56013,36,Thief,11.64,14,4,5
324,16.81,-5,0,M,Fighter,40,32064,40,Mage,9.31,17,3,5
349,26.36,3,-1,M,Fighter,30,33518,31,Thief,9.91,17,3,5
312,49.21,4,5,M,Mage,10,25928,7,Mage,6.82,16,3,3
321,91.96,0,-1,F,Mage,30,69434,33,Mage,11.5,15,3,5
330,22.89,5,-4,M,Thief,10,54319,10,Mage,10.51,14,5,1
345,49.93,-5,-4,M,Fighter,30,63692,32,Mage,9.88,15,3,4
319,78.04,0,-3,M,Mage,40,26825,35,Fighter,10.84,16,4,5
312,51.59,4,5,M,Mage,10,55512,7,Mage,8.1,16,3,3
326,36.74,-1,-1,M,Mage,20,20272,20,Mage,8.59,16,3,2
315,87.93,-3,-3,F,Fighter,20,55463,23,Mage,11.26,15,3,4
337,58.58,-1,1,F,Thief,40,43761,36,Thief,9.87,16,3,5
301,91.14,-2,5,F,Fighter,40,42042,38,Fighter,11.8,14,3,5
308,86.64,-2,5,F,Mage,20,31460,22,Mage,10.6,16,3,4
338,100.16,4,-5,F,Fighter,40,86145,36,Fighter,12.23,16,3,4
301,98.08,-2,5,F,Fighter,40,23431,41,Thief,12.32,14,3,4
328,49.54,-2,0,F,Thief,30,25449,31,Fighter,10.86,16,3,5
347,0.0,5,0,F,Mage,10,45500,7,Mage,10.8,16,5,1
346,110.32,-3,5,F,Fighter,30,88385,31,Fighter,11.21,16,3,4
317,80.39,4,2,M,Thief,40,79430,39,Mage,11.41,14,3,4
311,70.85,-2,-5,M,Mage,10,39590,5,Thief,6.39,16,2,3
304,23.91,3,-5,M,Thief,10,44443,10,Mage,11.09,17,4,1
337,51.31,-1,1,F,Thief,40,19694,35,Thief,10.13,16,3,5
344,80.24,4,1,M,Fighter,20,58507,25,Mage,11.42,17,3,5
314,68.17,-2,-2,F,Fighter,30,10230,31,Fighter,10.68,15,3,4
324,16.22,-5,0,M,Fighter,40,81661,39,Fighter,9.63,16,3,5
331,89.91,2,-5,F,Mage,40,25663,43,Mage,12.22,15,3,5
334,69.56,0,1,M,Fighter,40,72632,44,Thief,11.38,15,3,5
322,89.95,4,2,F,Fighter,40,73241,36,Fighter,12.16,15,3,5
331,102.66,2,-5,F,Mage,40,81661,39,Fighter,12.3,15,3,4
303,33.24,0,1,M,Thief,10,56953,12,Thief,8.95,15,4,2
334,61.33,0,1,M,Fighter,40,48351,36,Thief,10.6,16,3,5
304,16.51,3,-5,M,Thief,10,76966,13,Fighter,9.97,15,5,1
350,68.94,5,5,F,Mage,40,56125,42,Thief,11.87,16,3,5
340,28.0,3,0,F,Thief,20,10350,22,Fighter,7.59,17,2,5
329,78.22,0,-1,F,Mage,10,77259,7,Mage,6.39,15,2,3
324,18.59,-5,0,M,Fighter,40,85255,43,Thief,9.82,15,3,5
332,6.16,3,-2,F,Thief,10,54079,10,Fighter,10.59,15,4,1
301,100.94,-2,5,F,Fighter,40,81250,35,Fighter,12.04,16,3,4
308,101.87,-2,5,F,Mage,20,51495,17,Thief,2.61,10,1,4
307,46.85,-5,-3,M,Mage,30,76800,33,Fighter,9.77,16,3,5
348,86.75,-3,1,F,Thief,30,76107,33,Mage,11.85,14,4,5
315,106.2,-3,-3,F,Fighter,20,26828,22,Thief,10.95,15,3,4
340,14.94,3,0,F,Thief,20,65136,16,Thief,9.1,16,4,2
309,43.65,-5,-3,M,Thief,40,85728,43,Thief,11.37,15,3,4
303,42.51,0,1,M,Thief,10,39789,7,Fighter,9.46,17,4,2
334,63.59,0,1,M,Fighter,40,68120,40,Thief,11.23,15,3,5
350,83.64,5,5,F,Mage,40,88494,36,Fighter,11.63,15,3,5
305,18.94,0,-2,F,Thief,30,40051,32,Mage,8.76,17,3,5
319,71.25,0,-3,M,Mage,40,14683,37,Thief,11.14,16,3,5
301,105.49,-2,5,F,Fighter,40,19512,41,Fighter,11.88,14,3,4
342,102.07,5,1,M,Mage,40,22792,42,Fighter,12.34,16,3,5
315,86.2,-3,-3,F,Fighter,20,66998,16,Mage,1.4,8,1,4
323,0.0,-2,3,F,Mage,30,15597,32,Thief,8.43,17,2,6
308,87.71,-2,5,F,Mage,20,40692,15,Fighter,1.97,10,1,3
350,65.53,5,5,F,Mage,40,10264,43,Mage,12.5,14,3,5
338,98.31,4,-5,F,Fighter,40,57759,39,Thief,12.34,14,4,4
313,46.37,5,-5,F,Thief,10,70947,13,Mage,7.86,16,3,3
348,75.1,-3,1,F,Thief,30,66722,30,Mage,11.04,15,3,4
349,37.17,3,-1,M,Fighter,30,72240,33,Fighter,9.46,17,3,5
334,71.22,0,1,M,Fighter,40,89408,41,Fighter,11.1,16,3,5
334,62.73,0,1,M,Fighter,40,89258,42,Fighter,11.42,14,3,4
342,107.36,5,1,M,Mage,40,43850,42,Fighter,12.3,15,4,5
312,68.31,4,5,M,Mage,10,36643,12,Mage,6.92,15,3,3
302,59.31,2,-5,F,Mage,10,33624,12,Fighter,6.66,16,3,3
314,55.74,-2,-2,F,Fighter,30,64014,29,Thief,10.74,17,3,5
335,74.4,2,-1,F,Fighter,30,83128,30,Thief,10.78,15,3,5
328,56.92,-2,0,F,Thief,30,67621,35,Fighter,10.66,16,3,5
330,11.19,5,-4,M,Thief,10,33339,11,Thief,9.78,17,4,1
307,58.98,-5,-3,M,Mage,30,63692,32,Mage,10.36,16,3,4
337,48.98,-1,1,F,Thief,40,22723,41,Fighter,10.95,16,3,5
307,49.98,-5,-3,M,Mage,30,76828,31,Fighter,9.83,16,3,4
334,49.77,0,1,M,Fighter,40,26234,45,Fighter,11.94,16,3,5
301,101.12,-2,5,F,Fighter,40,80459,39,Mage,12.02,15,3,4
301,99.25,-2,5,F,Fighter,40,81499,43,Fighter,11.67,15,3,4
335,63.27,2,-1,F,Fighter,30,82682,30,Mage,11.29,15,3,5
343,40.06,1,-4,M,Mage,10,43442,8,Fighter,9.11,17,4,2
337,49.76,-1,1,F,Thief,40,22845,36,Fighter,11.37,16,3,5
339,88.4,5,3,F,Fighter,10,35912,8,Thief,5.33,16,2,3
305,21.29,0,-2,F,Thief,30,15078,30,Thief,8.71,17,3,5
324,7.64,-5,0,M,Fighter,40,23345,43,Thief,9.75,15,3,5
319,64.88,0,-3,M,Mage,40,53013,38,Mage,11.66,15,3,5
308,97.65,-2,5,F,Mage,20,42866,15,Thief,1.84,10,1,4
334,70.8,0,1,M,Fighter,40,13308,38,Mage,10.83,15,3,5
331,86.39,2,-5,F,Mage,40,43761,36,Thief,11.6,15,3,5
343,32.96,1,-4,M,Mage,10,44566,9,Thief,10.22,16,4,2
334,61.62,0,1,M,Fighter,40,62543,43,Fighter,11.62,15,4,5
338,97.95,4,-5,F,Fighter,40,48411,39,Fighter,11.83,16,3,5
313,56.42,5,-5,F,Thief,10,71222,14,Thief,8.41,16,3,2
334,69.79,0,1,M,Fighter,40,21398,43,Mage,11.63,15,3,4
335,77.75,2,-1,F,Fighter,30,11814,28,Fighter,10.48,15,3,4
313,54.33,5,-5,F,Thief,10,45657,12,Thief,8.73,17,3,2
343,40.57,1,-4,M,Mage,10,69632,14,Fighter,9.36,15,4,2
305,26.41,0,-2,F,Thief,30,44352,31,Thief,8.38,17,3,5
334,68.93,0,1,M,Fighter,40,25663,43,Mage,11.13,15,3,5
343,26.07,1,-4,M,Mage,10,31117,10,Thief,9.22,16,4,2
340,30.73,3,0,F,Thief,20,80343,20,Thief,10.19,16,4,2
311,75.7,-2,-5,M,Mage,10,34267,7,Mage,6.41,15,2,3
345,50.17,-5,-4,M,Fighter,30,17566,32,Mage,9.32,15,3,5
349,39.19,3,-1,M,Fighter,30,13940,28,Thief,9.26,16,3,5
309,32.07,-5,-3,M,Thief,40,11367,35,Thief,9.32,16,3,5
321,87.54,0,-1,F,Mage,30,67621,35,Fighter,11.19,16,3,5
312,50.2,4,5,M,Mage,10,17256,13,Thief,6.88,15,3,3
309,47.85,-5,-3,M,Thief,40,48411,39,Fighter,10.76,15,3,5
310,1.56,-1,-5,F,Mage,30,48725,29,Fighter,8.24,17,3,5
346,113.56,-3,5,F,Fighter,30,22118,28,Fighter,11.94,15,3,4
342,92.71,5,1,M,Mage,40,44819,38,Fighter,11.58,16,3,5
304,10.87,3,-5,M,Thief,10,74518,8,Mage,10.54,16,4,1
342,88.87,5,1,M,Mage,40,89172,41,Mage,12.2,15,3,4
345,37.93,-5,-4,M,Fighter,30,60189,34,Mage,10.31,17,3,4
331,102.32,2,-5,F,Mage,40,12073,38,Fighter,12.5,15,3,5
304,12.43,3,-5,M,Thief,10,62896,15,Thief,11.12,16,4,1
342,94.17,5,1,M,Mage,40,69284,35,Thief,11.7,15,3,5
345,46.43,-5,-4,M,Fighter,30,38265,26,Thief,9.97,16,3,5
328,60.19,-2,0,F,Thief,30,65603,27,Fighter,10.64,16,3,5
332,18.42,3,-2,F,Thief,10,56345,9,Mage,10.66,16,4,1
325,10.94,-3,2,F,Fighter,30,76049,28,Mage,8.06,16,3,5
348,86.1,-3,1,F,Thief,30,33328,28,Mage,11.27,16,3,4
329,78.22,0,-1,F,Mage,10,17335,6,Thief,6.27,15,2,3
324,19.24,-5,0,M,Fighter,40,55675,38,Mage,9.9,15,3,5
321,89.97,0,-1,F,Mage,30,39207,30,Thief,12.2,15,3,4
324,16.84,-5,0,M,Fighter,40,71618,41,Mage,10.1,16,3,5
327,74.85,-4,2,M,Mage,20,58939,24,Thief,10.78,17,3,4
315,102.3,-3,-3,F,Fighter,20,11682,25,Thief,11.96,15,3,4
330,12.25,5,-4,M,Thief,10,12461,10,Fighter,10.79,17,5,1
318,77.29,3,2,F,Mage,30,86602,25,Thief,11.03,17,3,5
316,2.36,0,-3,F,Thief,30,24058,28,Mage,6.88,15,2,6
309,44.0,-5,-3,M,Thief,40,57751,36,Fighter,10.12,17,3,5
320,6.08,-5,4,F,Fighter,40,68113,44,Thief,10.36,16,3,5
349,39.9,3,-1,M,Fighter,30,17433,28,Mage,9.54,16,3,5
332,3.63,3,-2,F,Thief,10,23909,5,Thief,10.47,16,5,1
332,8.35,3,-2,F,Thief,10,35161,10,Mage,11.14,16,4,1
305,25.27,0,-2,F,Thief,30,63006,30,Mage,8.61,16,3,5
318,68.28,3,2,F,Mage,30,62686,27,Fighter,10.59,17,3,5
343,48.6,1,-4,M,Mage,10,78851,12,Thief,8.9,17,4,2
342,107.64,5,1,M,Mage,40,33831,37,Fighter,11.99,15,4,5
334,50.69,0,1,M,Fighter,40,57280,43,Fighter,10.5,17,3,5
328,53.28,-2,0,F,Thief,30,38265,26,Thief,10.25,15,3,5
319,84.36,0,-3,M,Mage,40,15146,44,Thief,11.65,16,3,4
303,27.57,0,1,M,Thief,10,62896,15,Thief,9.62,17,3,2
319,83.84,0,-3,M,Mage,40,85728,43,Thief,11.48,15,3,5
306,96.01,0,5,M,Mage,10,54720,7,Thief,2.48,11,1,3
307,36.96,-5,-3,M,Mage,30,67045,30,Thief,9.77,16,3,4
335,70.17,2,-1,F,Fighter,30,75688,31,Fighter,11.88,15,3,5
341,5.46,-2,3,F,Fighter,10,31248,7,Thief,11.51,14,5,0
309,29.88,-5,-3,M,Thief,40,80223,37,Fighter,10.25,17,3,4
346,100.41,-3,5,F,Fighter,30,63021,27,Mage,11.62,16,3,4
308,96.21,-2,5,F,Mage,20,30406,17,Fighter,1.91,8,1,3
341,0.0,-2,3,F,Fighter,10,58718,9,Mage,11.29,16,5,1
309,46.94,-5,-3,M,Thief,40,59035,42,Thief,11.14,17,3,5
316,0.64,0,-3,F,Thief,30,61485,27,Mage,7.19,15,2,6
302,54.38,2,-5,F,Mage,10,14366,8,Thief,6.82,18,3,3
317,90.01,4,2,M,Thief,40,16495,37,Fighter,12.5,14,3,5
317,81.09,4,2,M,Thief,40,68120,40,Thief,11.13,15,3,5
303,26.96,0,1,M,Thief,10,78490,15,Thief,8.75,16,3,2
323,9.03,-2,3,F,Mage,30,75698,35,Mage,8.04,16,2,5
306,101.71,0,5,M,Mage,10,60168,12,Fighter,2.12,9,1,4
338,102.59,4,-5,F,Fighter,40,29767,40,Fighter,12.5,16,3,5
325,15.03,-3,2,F,Fighter,30,18283,29,Thief,8.19,16,3,5
321,93.07,0,-1,F,Mage,30,33688,25,Fighter,12.07,15,3,4
331,89.97,2,-5,F,Mage,40,82319,43,Thief,12.21,15,3,5
304,1.97,3,-5,M,Thief,10,86822,14,Mage,10.84,16,4,1
314,72.84,-2,-2,F,Fighter,30,10230,31,Fighter,9.97,16,3,5
305,24.61,0,-2,F,Thief,30,89092,27,Mage,8.11,17,3,5
349,43.83,3,-1,M,Fighter,30,15078,30,Thief,9.42,16,3,5
301,87.8,-2,5,F,Fighter,40,57759,39,Thief,11.72,14,3,4
307,57.06,-5,-3,M,Mage,30,60189,34,Mage,10.74,16,3,4
312,49.76,4,5,M,Mage,10,29685,12,Mage,6.55,17,3,3
324,13.32,-5,0,M,Fighter,40,71022,42,Mage,9.39,15,3,5
303,37.98,0,1,M,Thief,10,72133,5,Fighter,10.12,16,4,2
340,16.84,3,0,F,Thief,20,43424,23,Mage,7.86,16,2,5
312,68.03,4,5,M,Mage,10,36520,6,Fighter,7.35,18,3,3
321,99.1,0,-1,F,Mage,30,75698,35,Mage,11.95,16,3,4
302,57.03,2,-5,F,Mage,10,14988,12,Thief,6.94,15,2,3
326,47.68,-1,-1,M,Mage,20,88365,23,Thief,8.64,16,3,5
335,69.36,2,-1,F,Fighter,30,44352,31,Thief,10.84,16,3,5
344,81.44,4,1,M,Fighter,20,25400,17,Thief,5.56,15,2,3
324,17.2,-5,0,M,Fighter,40,35033,37,Mage,9.19,15,3,5
317,80.18,4,2,M,Thief,40,82319,43,Thief,12.07,15,3,5
320,9.56,-5,4,F,Fighter,40,59035,42,Thief,9.96,17,3,5
315,100.91,-3,-3,F,Fighter,20,78595,21,Thief,11.03,17,3,4
346,105.31,-3,5,F,Fighter,30,89219,26,Thief,11.56,16,3,4
325,18.49,-3,2,F,Fighter,30,27891,31,Fighter,9.06,16,3,5
332,1.87,3,-2,F,Thief,10,82947,14,Mage,11.11,16,4,2
336,1.38,-5,1,F,Thief,40,29937,40,Mage,9.63,17,3,5
318,67.62,3,2,F,Mage,30,61269,31,Mage,10.95,15,3,5
346,109.47,-3,5,F,Fighter,30,22426,30,Mage,11.04,15,3,5
302,70.0,2,-5,F,Mage,10,31248,7,Thief,6.81,16,3,3
346,108.25,-3,5,F,Fighter,30,16869,34,Thief,12.13,14,3,5
346,116.66,-3,5,F,Fighter,30,63362,28,Thief,11.4,14,3,4
321,106.82,0,-1,F,Mage,30,42679,34,Mage,11.48,16,3,5
334,58.89,0,1,M,Fighter,40,18847,40,Mage,11.27,16,4,5
301,90.54,-2,5,F,Fighter,40,47409,36,Mage,12.33,15,3,4
346,119.91,-3,5,F,Fighter,30,24163,33,Mage,11.52,13,3,4
331,90.67,2,-5,F,Mage,40,30704,44,Thief,12.5,15,3,5
320,0.27,-5,4,F,Fighter,40,66602,40,Thief,9.27,17,3,5
350,82.08,5,5,F,Mage,40,89408,41,Fighter,12.09,14,3,5
348,93.66,-3,1,F,Thief,30,33688,25,Fighter,10.92,15,3,4
348,97.16,-3,1,F,Thief,30,83128,30,Thief,12.03,14,3,4
322,98.64,4,2,F,Fighter,40,85057,43,Thief,12.01,14,3,5
325,1.65,-3,2,F,Fighter,30,81250,35,Fighter,9.13,16,3,5
319,75.0,0,-3,M,Mage,40,43576,43,Thief,11.86,15,3,4
327,78.62,-4,2,M,Mage,20,34454,21,Mage,11.41,15,3,4
336,6.08,-5,1,F,Thief,40,48636,41,Thief,10.21,17,3,5
319,81.69,0,-3,M,Mage,40,84450,37,Fighter,11.86,16,4,5
334,67.71,0,1,M,Fighter,40,68077,41,Fighter,12.06,14,3,5
315,105.27,-3,-3,F,Fighter,20,21083,19,Thief,2.13,11,1,4
310,23.46,-1,-5,F,Mage,30,12892,32,Thief,8.75,17,3,5
320,10.55,-5,4,F,Fighter,40,22792,42,Fighter,9.65,16,3,5
301,96.89,-2,5,F,Fighter,40,48927,45,Thief,11.8,14,4,5
336,7.19,-5,1,F,Thief,40,88541,39,Mage,9.72,15,3,5
317,83.73,4,2,M,Thief,40,31548,43,Fighter,11.99,15,3,5
328,51.34,-2,0,F,Thief,30,89884,35,Thief,11.38,15,3,5
322,91.32,4,2,F,Fighter,40,57280,43,Fighter,11.86,16,4,5
331,88.48,2,-5,F,Mage,40,35409,43,Fighter,11.43,15,3,5
303,45.15,0,1,M,Thief,10,74518,8,Mage,9.2,17,4,2
338,105.99,4,-5,F,Fighter,40,42785,35,Fighter,12.34,14,3,5
318,83.3,3,2,F,Mage,30,18595,25,Mage,10.64,16,3,5
349,48.55,3,-1,M,Fighter,30,40492,30,Mage,9.04,16,3,5
317,94.25,4,2,M,Thief,40,75698,35,Mage,11.19,15,3,5
305,33.39,0,-2,F,Thief,30,40218,28,Mage,8.66,16,3,6
331,90.03,2,-5,F,Mage,40,33606,42,Thief,12.5,13,3,4
325,16.84,-3,2,F,Fighter,30,27922,33,Thief,8.15,16,3,5
325,18.57,-3,2,F,Fighter,30,21681,35,Mage,8.96,16,3,5
322,95.39,4,2,F,Fighter,40,67890,43,Fighter,11.78,14,3,5
339,91.85,5,3,F,Fighter,10,24416,12,Fighter,3.54,12,1,3
327,89.78,-4,2,M,Mage,20,32604,24,Fighter,10.85,16,3,4
333,49.72,-2,5,F,Fighter,30,67621,35,Fighter,9.86,16,3,5
325,10.42,-3,2,F,Fighter,30,36793,29,Mage,8.96,16,3,5
337,48.23,-1,1,F,Thief,40,67017,35,Mage,10.84,16,3,4
319,62.34,0,-3,M,Mage,40,57260,41,Mage,11.63,16,3,5
339,87.97,5,3,F,Fighter,10,87796,9,Thief,4.45,14,2,3
328,53.17,-2,0,F,Thief,30,64014,29,Thief,9.8,17,3,4
304,21.3,3,-5,M,Thief,10,66482,6,Thief,10.63,14,5,1
315,106.91,-3,-3,F,Fighter,20,58507,25,Mage,11.41,15,3,4
307,39.67,-5,-3,M,Mage,30,87423,28,Thief,9.57,16,3,4
349,26.56,3,-1,M,Fighter,30,11367,35,Thief,9.39,16,3,5
338,92.99,4,-5,F,Fighter,40,48349,36,Thief,11.74,17,3,5
319,63.28,0,-3,M,Mage,40,79430,39,Mage,11.41,15,3,4
305,26.96,0,-2,F,Thief,30,76651,32,Thief,8.56,17,3,5
328,64.41,-2,0,F,Thief,30,15597,32,Thief,9.89,16,3,4
303,41.49,0,1,M,Thief,10,38912,7,Thief,10.47,18,3,2
337,57.9,-1,1,F,Thief,40,85728,43,Thief,11.29,16,3,5
330,5.51,5,-4,M,Thief,10,74230,14,Fighter,11.17,17,4,2
308,103.26,-2,5,F,Mage,20,23647,24,Fighter,11.9,14,3,5
313,38.72,5,-5,F,Thief,10,44442,6,Thief,9.18,15,3,3
341,7.95,-2,3,F,Fighter,10,89276,13,Thief,11.94,16,5,1
345,48.55,-5,-4,M,Fighter,30,10827,34,Thief,10.63,15,3,5
304,3.8,3,-5,M,Thief,10,60168,12,Fighter,11.22,16,4,2
328,52.19,-2,0,F,Thief,30,84716,25,Mage,9.71,18,3,5
309,46.34,-5,-3,M,Thief,40,58474,36,Thief,9.5,17,3,5
339,74.98,5,3,F,Fighter,10,60311,15,Thief,3.88,12,1,4
325,18.4,-3,2,F,Fighter,30,85461,33,Mage,9.24,16,3,5
302,58.61,2,-5,F,Mage,10,58488,6,Thief,7.41,15,3,3
332,10.13,3,-2,F,Thief,10,11542,10,Mage,10.53,15,4,1
336,10.48,-5,1,F,Thief,40,84450,37,Fighter,9.52,17,3,5
316,0.0,0,-3,F,Thief,30,11367,35,Thief,7.74,17,3,5
341,7.42,-2,3,F,Fighter,10,15416,13,Mage,11.54,15,5,1
344,78.16,4,1,M,Fighter,20,67914,25,Fighter,10.46,16,3,5
349,33.13,3,-1,M,Fighter,30,37476,27,Thief,8.77,16,3,5
303,25.6,0,1,M,Thief,10,41079,6,Mage,8.97,16,3,2
342,95.07,5,1,M,Mage,40,19056,40,Thief,11.78,15,3,4
324,6.72,-5,0,M,Fighter,40,17523,45,Thief,9.96,17,3,5
301,92.9,-2,5,F,Fighter,40,49458,40,Mage,12.32,16,3,4
313,46.27,5,-5,F,Thief,10,35086,7,Mage,8.37,16,3,3
319,72.34,0,-3,M,Mage,40,88967,44,Thief,11.68,15,3,4
341,0.0,-2,3,F,Fighter,10,54600,15,Mage,10.85,16,5,1
337,46.69,-1,1,F,Thief,40,58311,39,Mage,10.92,16,3,5
344,67.4,4,1,M,Fighter,20,41011,24,Fighter,11.15,16,3,5
344,74.58,4,1,M,Fighter,20,23233,21,Thief,9.61,17,3,5
334,63.95,0,1,M,Fighter,40,59889,35,Thief,10.19,16,3,4
313,56.41,5,-5,F,Thief,10,78490,15,Thief,7.99,17,3,2
303,35.44,0,1,M,Thief,10,37749,15,Fighter,9.29,17,3,2
319,73.68,0,-3,M,Mage,40,82229,43,Mage,11.84,15,3,4
348,87.62,-3,1,F,Thief,30,88777,34,Fighter,11.51,16,3,4
332,3.38,3,-2,F,Thief,10,84217,6,Fighter,10.81,15,4,1
308,105.87,-2,5,F,Mage,20,11682,25,Thief,11.3,15,3,4
342,89.63,5,1,M,Mage,40,76481,45,Thief,12.14,14,3,5
328,69.02,-2,0,F,Thief,30,89219,26,Thief,10.51,17,3,5
318,69.86,3,2,F,Mage,30,33328,28,Mage,11.02,18,3,5
317,89.53,4,2,M,Thief,40,39861,37,Thief,11.68,16,3,5
301,88.06,-2,5,F,Fighter,40,16311,42,Fighter,12.5,16,3,4
305,15.84,0,-2,F,Thief,30,22426,30,Mage,8.85,16,3,5
349,34.23,3,-1,M,Fighter,30,57345,25,Fighter,8.96,17,3,5
328,58.11,-2,0,F,Thief,30,17566,32,Mage,10.97,15,3,4
302,63.76,2,-5,F,Mage,10,43442,8,Fighter,7.08,16,3,3
317,85.04,4,2,M,Thief,40,53013,38,Mage,11.48,14,3,5
315,91.15,-3,-3,F,Fighter,20,10350,22,Fighter,12.37,14,3,4
332,3.69,3,-2,F,Thief,10,87382,11,Mage,10.33,15,4,1
322,92.88,4,2,F,Fighter,40,49458,40,Mage,12.13,15,3,4
308,89.69,-2,5,F,Mage,20,67617,22,Mage,11.09,17,3,4
319,70.56,0,-3,M,Mage,40,71439,44,Fighter,11.66,16,3,4
344,78.64,4,1,M,Fighter,20,51135,21,Thief,10.52,16,3,5
303,46.85,0,1,M,Thief,10,41730,7,Thief,9.19,16,4,1
349,42.69,3,-1,M,Fighter,30,36771,25,Mage,8.58,16,3,5
317,78.7,4,2,M,Thief,40,45475,45,Mage,12.24,13,4,5
336,5.08,-5,1,F,Thief,40,40477,38,Fighter,8.94,17,3,5
335,72.06,2,-1,F,Fighter,30,75698,35,Mage,11.43,16,3,5
338,96.69,4,-5,F,Fighter,40,61041,43,Mage,11.63,15,3,5
328,58.45,-2,0,F,Thief,30,57436,26,Fighter,10.3,16,3,4
302,72.39,2,-5,F,Mage,10,37473,5,Thief,7.17,16,3,3
313,57.4,5,-5,F,Thief,10,14366,8,Thief,8.91,16,3,2
321,97.84,0,-1,F,Mage,30,56207,28,Thief,11.69,14,3,4
319,74.25,0,-3,M,Mage,40,11421,38,Fighter,11.58,15,3,5
341,11.65,-2,3,F,Fighter,10,35954,13,Mage,11.8,15,5,1
323,0.0,-2,3,F,Mage,30,87960,34,Mage,8.05,18,2,6
330,0.54,5,-4,M,Thief,10,44627,11,Mage,10.43,17,4,2
307,48.92,-5,-3,M,Mage,30,59889,35,Thief,10.05,16,3,4
349,40.71,3,-1,M,Fighter,30,43701,30,Thief,9.59,16,3,5
332,21.49,3,-2,F,Thief,10,86822,14,Mage,11.3,16,4,1
348,89.68,-3,1,F,Thief,30,80080,27,Mage,11.18,14,3,4
335,80.26,2,-1,F,Fighter,30,42679,34,Mage,11.09,16,3,5
322,94.25,4,2,F,Fighter,40,71168,43,Thief,12.11,15,3,5
350,66.75,5,5,F,Mage,40,16122,40,Mage,12.5,13,3,5
350,63.35,5,5,F,Mage,40,78198,35,Thief,11.21,15,3,5
341,0.78,-2,3,F,Fighter,10,38157,5,Mage,11.01,16,5,1
341,5.65,-2,3,F,Fighter,10,54319,10,Mage,11.34,16,5,1
322,87.12,4,2,F,Fighter,40,15768,43,Fighter,12.47,16,3,4
301,101.17,-2,5,F,Fighter,40,13911,44,Thief,12.5,13,3,5
339,79.05,5,3,F,Fighter,10,77243,15,Fighter,4.16,12,1,4
334,55.54,0,1,M,Fighter,40,25663,43,Mage,11.24,15,3,5
335,83.94,2,-1,F,Fighter,30,38438,27,Fighter,10.7,17,3,4
345,43.87,-5,-4,M,Fighter,30,47511,25,Thief,10.13,17,3,5
319,79.42,0,-3,M,Mage,40,60330,45,Fighter,11.78,15,3,5
338,106.09,4,-5,F,Fighter,40,25953,39,Thief,11.15,15,3,5
312,69.27,4,5,M,Mage,10,37749,15,Fighter,7.51,16,3,3
319,81.04,0,-3,M,Mage,40,80223,37,Fighter,11.51,15,3,4
322,91.11,4,2,F,Fighter,40,44663,41,Fighter,11.81,15,3,5
336,6.43,-5,1,F,Thief,40,59631,44,Thief,10.39,16,3,5
301,99.79,-2,5,F,Fighter,40,61041,43,Mage,12.34,16,3,4
321,104.62,0,-1,F,Mage,30,59889,35,Thief,11.91,15,3,4
333,46.96,-2,5,F,Fighter,30,75694,35,Thief,10.15,17,3,5
309,41.84,-5,-3,M,Thief,40,42785,35,Fighter,9.79,16,3,5
313,57.7,5,-5,F,Thief,10,45500,7,Mage,8.15,17,3,3
326,31.5,-1,-1,M,Mage,20,40692,15,Fighter,8.46,16,3,2
340,27.93,3,0,F,Thief,20,68910,24,Mage,7.78,17,3,5
338,98.36,4,-5,F,Fighter,40,71439,44,Fighter,11.62,15,3,4
338,108.66,4,-5,F,Fighter,40,21969,45,Fighter,11.96,16,3,5
344,65.14,4,1,M,Fighter,20,23647,24,Fighter,10.72,16,3,5
319,69.87,0,-3,M,Mage,40,23820,37,Thief,11.26,15,3,5
320,8.66,-5,4,F,Fighter,40,24796,38,Thief,10.05,17,3,5
316,0.87,0,-3,F,Thief,30,38265,26,Thief,6.89,16,2,6
304,20.58,3,-5,M,Thief,10,60311,15,Thief,11.3,16,4,1
341,6.29,-2,3,F,Fighter,10,42866,15,Thief,11.52,15,5,1
317,92.15,4,2,M,Thief,40,13308,38,Mage,12.08,15,3,5
335,66.84,2,-1,F,Fighter,30,76128,35,Fighter,10.99,15,3,5
303,47.56,0,1,M,Thief,10,41253,15,Thief,8.47,16,3,2
348,90.35,-3,1,F,Thief,30,67914,25,Fighter,11.43,18,3,4
309,32.97,-5,-3,M,Thief,40,77239,38,Fighter,9.4,17,3,5
334,60.96,0,1,M,Fighter,40,14904,36,Mage,10.86,16,3,5
344,72.43,4,1,M,Fighter,20,78959,24,Mage,10.43,17,3,5
331,93.46,2,-5,F,Mage,40,77631,44,Fighter,11.99,14,3,5
333,56.69,-2,5,F,Fighter,30,63362,28,Thief,9.77,17,3,5
319,75.86,0,-3,M,Mage,40,21398,43,Mage,11.79,14,3,5
330,23.4,5,-4,M,Thief,10,55512,7,Mage,10.74,15,5,1
303,29.83,0,1,M,Thief,10,81846,9,Mage,9.88,16,4,2
333,43.72,-2,5,F,Fighter,30,38685,27,Fighter,10.16,16,3,5
333,41.63,-2,5,F,Fighter,30,35318,34,Thief,10.39,15,3,5
318,81.22,3,2,F,Mage,30,16366,27,Thief,10.13,17,3,5
307,41.11,-5,-3,M,Mage,30,20599,28,Mage,9.86,16,3,4
321,109.28,0,-1,F,Mage,30,13277,33,Mage,12.5,14,3,4
338,93.38,4,-5,F,Fighter,40,24800,44,Thief,11.42,14,3,5
335,78.06,2,-1,F,Fighter,30,65317,33,Fighter,11.15,16,3,5
346,112.82,-3,5,F,Fighter,30,42829,29,Mage,11.79,16,3,5
350,69.83,5,5,F,Mage,40,30704,44,Thief,11.91,15,3,5
346,98.37,-3,5,F,Fighter,30,40218,28,Mage,11.6,14,4,4
314,69.82,-2,-2,F,Fighter,30,32533,31,Thief,9.85,15,3,5
319,61.74,0,-3,M,Mage,40,51841,37,Mage,11.56,16,3,4
344,70.84,4,1,M,Fighter,20,20667,18,Mage,5.55,15,2,3
342,103.92,5,1,M,Mage,40,34923,42,Mage,11.91,16,3,5
332,18.13,3,-2,F,Thief,10,34087,12,Thief,10.8,15,5,1
302,66.21,2,-5,F,Mage,10,71324,9,Thief,6.94,15,3,2
331,102.76,2,-5,F,Mage,40,48411,39,Fighter,11.98,15,3,5
337,57.29,-1,1,F,Thief,40,70834,35,Thief,10.45,17,3,5
326,43.74,-1,-1,M,Mage,20,62896,15,Thief,9.05,15,4,2
347,0.0,5,0,F,Mage,10,86822,14,Mage,11.37,15,5,1
318,77.55,3,2,F,Mage,30,81290,29,Thief,10.93,14,3,5
322,99.82,4,2,F,Fighter,40,44663,41,Fighter,12.06,15,3,5
307,54.42,-5,-3,M,Mage,30,87622,33,Mage,10.27,16,3,4
319,77.74,0,-3,M,Mage,40,88771,40,Fighter,11.3,16,4,5
333,55.45,-2,5,F,Fighter,30,80485,31,Fighter,9.88,15,3,5
301,97.85,-2,5,F,Fighter,40,62543,43,Fighter,11.97,16,3,4
321,93.45,0,-1,F,Mage,30,21681,35,Mage,11.86,14,3,4
309,30.17,-5,-3,M,Thief,40,76756,43,Fighter,10.68,16,3,5
326,29.89,-1,-1,M,Mage,20,25722,22,Thief,8.28,18,2,5
334,51.5,0,1,M,Fighter,40,51254,40,Thief,10.8,15,3,5
308,97.41,-2,5,F,Mage,20,36771,25,Mage,11.54,15,3,4
338,94.77,4,-5,F,Fighter,40,35409,43,Fighter,11.89,15,3,4
335,76.51,2,-1,F,Fighter,30,76049,28,Mage,11.34,17,3,5
323,5.32,-2,3,F,Mage,30,44352,31,Thief,7.69,16,3,5
317,96.48,4,2,M,Thief,40,61925,41,Thief,11.81,15,3,4
332,14.38,3,-2,F,Thief,10,34267,7,Mage,10.88,16,5,2
328,64.1,-2,0,F,Thief,30,24564,27,Thief,10.7,16,3,4
301,106.31,-2,5,F,Fighter,40,34475,36,Thief,12.11,15,3,4
313,58.64,5,-5,F,Thief,10,75270,11,Fighter,8.44,16,3,2
321,101.68,0,-1,F,Mage,30,62686,27,Fighter,11.5,16,3,4
310,12.32,-1,-5,F,Mage,30,26825,35,Fighter,8.8,16,3,5
310,22.69,-1,-5,F,Mage,30,44352,31,Thief,8.13,17,2,5
340,17.27,3,0,F,Thief,20,28324,16,Mage,9.29,17,4,2
317,75.91,4,2,M,Thief,40,32315,44,Thief,11.4,14,3,4
338,101.11,4,-5,F,Fighter,40,35033,37,Mage,11.81,16,3,5
312,53.59,4,5,M,Mage,10,56849,8,Thief,7.02,16,3,3
313,55.81,5,-5,F,Thief,10,31193,10,Thief,8.98,16,3,2
313,52.59,5,-5,F,Thief,10,83653,7,Fighter,8.36,17,3,2
336,23.69,-5,1,F,Thief,40,26362,43,Mage,9.5,18,3,5
338,86.18,4,-5,F,Fighter,40,35162,41,Mage,12.14,15,3,5
346,121.65,-3,5,F,Fighter,30,20599,28,Mage,11.75,14,3,4
331,93.52,2,-5,F,Mage,40,13109,38,Mage,12.38,15,4,4
343,33.02,1,-4,M,Mage,10,38157,5,Mage,9.6,17,4,2
345,37.79,-5,-4,M,Fighter,30,76107,33,Mage,9.68,16,3,5
301,88.26,-2,5,F,Fighter,40,59035,42,Thief,11.54,15,3,4
333,59.41,-2,5,F,Fighter,30,88777,34,Fighter,10.01,15,3,5
341,0.0,-2,3,F,Fighter,10,72950,12,Thief,11.26,16,5,1
317,93.56,4,2,M,Thief,40,38712,41,Thief,12.5,15,3,5
334,60.92,0,1,M,Fighter,40,55675,38,Mage,11.96,15,3,5
332,2.69,3,-2,F,Thief,10,70947,13,Mage,10.18,16,4,2
322,94.48,4,2,F,Fighter,40,69028,38,Fighter,12.04,14,3,5
301,105.38,-2,5,F,Fighter,40,83926,44,Mage,12.16,15,3,4
304,18.81,3,-5,M,Thief,10,69863,11,Thief,10.9,15,5,1
323,9.41,-2,3,F,Mage,30,24163,33,Mage,8.16,17,3,6
349,43.7,3,-1,M,Fighter,30,20887,28,Mage,9.85,16,3,5
303,26.65,0,1,M,Thief,10,69185,14,Fighter,9.09,16,4,2
322,104.58,4,2,F,Fighter,40,33606,42,Thief,11.47,16,3,4
337,57.72,-1,1,F,Thief,40,56125,42,Thief,10.88,17,3,5
314,50.37,-2,-2,F,Fighter,30,10230,31,Fighter,10.48,17,3,5
318,80.8,3,2,F,Mage,30,15597,32,Thief,12.02,15,3,5
337,55.76,-1,1,F,Thief,40,10264,43,Mage,10.99,15,3,5
320,12.35,-5,4,F,Fighter,40,57759,39,Thief,9.46,16,3,5
305,25.31,0,-2,F,Thief,30,70785,34,Thief,9.91,16,3,5
318,64.58,3,2,F,Mage,30,18855,26,Fighter,10.39,16,3,5
322,106.37,4,2,F,Fighter,40,88020,45,Fighter,12.5,14,3,5
346,118.87,-3,5,F,Fighter,30,25844,34,Mage,11.91,15,3,4
321,97.64,0,-1,F,Mage,30,37612,31,Fighter,11.42,15,3,5
321,92.98,0,-1,F,Mage,30,27891,31,Fighter,11.41,15,3,4
326,44.48,-1,-1,M,Mage,20,68866,16,Mage,9.32,17,4,2
334,72.37,0,1,M,Fighter,40,21363,41,Fighter,11.54,17,3,5
319,79.94,0,-3,M,Mage,40,29767,40,Fighter,10.84,16,3,5
348,74.28,-3,1,F,Thief,30,60189,34,Mage,11.98,13,3,5
338,86.11,4,-5,F,Fighter,40,13892,41,Fighter,11.96,15,3,5
340,21.15,3,0,F,Thief,20,51135,21,Thief,7.27,15,3,5
325,22.06,-3,2,F,Fighter,30,83128,30,Thief,8.11,17,2,5
327,81.6,-4,2,M,Mage,20,62896,15,Thief,4.53,13,1,3
343,44.92,1,-4,M,Mage,10,47281,10,Fighter,9.24,15,4,2
313,53.21,5,-5,F,Thief,10,17335,6,Thief,8.54,16,3,2
328,59.98,-2,0,F,Thief,30,74684,32,Thief,10.5,15,3,4
340,27.37,3,0,F,Thief,20,51588,16,Mage,10.23,17,4,2
323,7.08,-2,3,F,Mage,30,65603,27,Fighter,7.75,16,2,6
334,61.13,0,1,M,Fighter,40,71618,41,Mage,11.91,16,3,5
303,25.32,0,1,M,Thief,10,31248,7,Thief,9.17,16,4,2
337,40.75,-1,1,F,Thief,40,39215,39,Mage,10.75,17,3,5
302,71.17,2,-5,F,Mage,10,62902,5,Thief,7.12,17,3,3
318,69.58,3,2,F,Mage,30,16869,34,Thief,11.37,14,3,5
304,23.68,3,-5,M,Thief,10,59330,8,Mage,9.89,16,5,1
348,93.73,-3,1,F,Thief,30,17527,32,Mage,11.69,15,3,4
340,19.44,3,0,F,Thief,20,68866,16,Mage,9.73,17,4,2
304,19.87,3,-5,M,Thief,10,34787,7,Fighter,11.47,15,5,1
310,7.92,-1,-5,F,Mage,30,63021,27,Mage,8.29,17,3,5
332,0.79,3,-2,F,Thief,10,44584,15,Fighter,10.66,16,4,1
317,74.25,4,2,M,Thief,40,25054,44,Mage,11.48,16,4,5
333,44.89,-2,5,F,Fighter,30,38685,27,Fighter,9.24,17,3,5
328,62.22,-2,0,F,Thief,30,57436,26,Fighter,9.77,17,3,5
321,107.94,0,-1,F,Mage,30,55217,27,Mage,11.98,16,3,5
342,101.98,5,1,M,Mage,40,75692,44,Mage,11.47,15,3,5
305,32.79,0,-2,F,Thief,30,87960,34,Mage,9.92,17,3,5
301,104.12,-2,5,F,Fighter,40,14141,39,Fighter,11.97,16,3,4
324,8.78,-5,0,M,Fighter,40,31318,36,Thief,8.91,16,3,5
334,63.62,0,1,M,Fighter,40,76128,35,Fighter,11.1,16,3,5
305,33.49,0,-2,F,Thief,30,81290,29,Thief,8.89,17,3,5
333,56.34,-2,5,F,Fighter,30,33518,31,Thief,10.02,16,3,5
318,71.41,3,2,F,Mage,30,82350,31,Thief,11.88,15,3,4
325,18.4,-3,2,F,Fighter,30,57566,30,Mage,8.2,17,3,5
321,92.63,0,-1,F,Mage,30,86444,33,Mage,11.64,15,3,4
315,85.83,-3,-3,F,Fighter,20,58169,16,Mage,2.09,9,1,3
333,50.34,-2,5,F,Fighter,30,72240,33,Fighter,9.3,17,3,5
327,91.49,-4,2,M,Mage,20,34454,21,Mage,10.56,17,3,4
319,85.05,0,-3,M,Mage,40,84338,44,Mage,12.5,15,3,4
304,3.68,3,-5,M,Thief,10,82458,5,Thief,11.58,16,5,2
331,87.49,2,-5,F,Mage,40,21363,41,Fighter,11.98,16,3,5
317,91.31,4,2,M,Thief,40,58388,40,Thief,11.73,15,3,5
335,63.29,2,-1,F,Fighter,30,55217,27,Mage,10.39,15,3,5
327,89.17,-4,2,M,Mage,20,72850,17,Thief,4.06,13,1,3
313,57.4,5,-5,F,Thief,10,60657,10,Mage,8.13,16,3,3
321,94.07,0,-1,F,Mage,30,16366,27,Thief,11.79,16,3,4
334,67.3,0,1,M,Fighter,40,11421,38,Fighter,11.08,15,3,4
319,80.49,0,-3,M,Mage,40,82319,43,Thief,11.2,15,3,5
321,91.96,0,-1,F,Mage,30,24564,27,Thief,11.79,15,3,4
319,71.38,0,-3,M,Mage,40,78198,35,Thief,11.57,15,3,4
333,41.02,-2,5,F,Fighter,30,67045,30,Thief,9.83,17,3,4
345,42.66,-5,-4,M,Fighter,30,24942,30,Fighter,10.36,16,3,4
349,39.95,3,-1,M,Fighter,30,35847,29,Mage,9.86,17,3,5
317,95.72,4,2,M,Thief,40,63631,39,Thief,11.42,15,3,5
325,14.57,-3,2,F,Fighter,30,27231,31,Mage,8.22,17,3,5
347,9.5,5,0,F,Mage,10,70947,13,Mage,11.23,17,5,1
330,19.32,5,-4,M,Thief,10,72913,6,Mage,11.29,16,5,1
331,93.59,2,-5,F,Mage,40,85255,43,Thief,12.01,16,3,5
303,39.56,0,1,M,Thief,10,36643,12,Mage,9.15,16,3,2
316,5.91,0,-3,F,Thief,30,73528,28,Thief,7.98,17,3,6
322,91.28,4,2,F,Fighter,40,25904,42,Mage,11.49,16,3,5
329,77.66,0,-1,F,Mage,10,17243,5,Thief,7.2,17,2,3
317,93.17,4,2,M,Thief,40,21681,35,Mage,11.75,14,3,5
313,46.65,5,-5,F,Thief,10,62383,7,Fighter,8.36,15,3,3
330,18.82,5,-4,M,Thief,10,33339,11,Thief,10.84,16,5,2
302,49.66,2,-5,F,Mage,10,60168,12,Fighter,7.36,16,3,3
321,107.79,0,-1,F,Mage,30,38195,35,Thief,12.0,14,3,4
301,86.6,-2,5,F,Fighter,40,24796,38,Thief,12.07,16,3,4
341,6.03,-2,3,F,Fighter,10,45561,5,Thief,11.1,15,5,1
342,105.54,5,1,M,Mage,40,76481,45,Thief,11.8,14,3,5
304,7.09,3,-5,M,Thief,10,87382,11,Mage,10.36,17,4,1
314,69.37,-2,-2,F,Fighter,30,67250,28,Fighter,10.47,15,3,5
349,38.11,3,-1,M,Fighter,30,27231,31,Mage,9.53,16,3,5
307,47.74,-5,-3,M,Mage,30,33688,25,Fighter,9.72,16,3,4
322,99.29,4,2,F,Fighter,40,84287,36,Thief,12.13,15,3,5
330,2.69,5,-4,M,Thief,10,45561,5,Thief,10.91,16,5,1
333,42.68,-2,5,F,Fighter,30,42829,29,Mage,9.98,17,3,5
303,37.99,0,1,M,Thief,10,71752,7,Fighter,8.93,17,4,2
305,21.87,0,-2,F,Thief,30,24163,33,Mage,9.27,17,3,5
309,36.21,-5,-3,M,Thief,40,16311,42,Fighter,10.58,16,3,5
318,79.4,3,2,F,Mage,30,64447,31,Thief,11.26,15,3,5
304,3.87,3,-5,M,Thief,10,76792,10,Fighter,10.87,16,5,1
342,100.94,5,1,M,Mage,40,26825,35,Fighter,11.99,16,3,4
322,92.88,4,2,F,Fighter,40,88967,44,Thief,12.5,16,3,5
310,19.36,-1,-5,F,Mage,30,86602,25,Thief,7.36,18,2,5
341,9.96,-2,3,F,Fighter,10,35086,7,Mage,11.11,14,5,1
341,0.48,-2,3,F,Fighter,10,44667,14,Mage,11.69,17,5,1
305,21.3,0,-2,F,Thief,30,50756,33,Fighter,10.08,17,3,5
333,49.47,-2,5,F,Fighter,30,87960,34,Mage,9.87,17,3,5
325,5.41,-3,2,F,Fighter,30,76828,31,Fighter,8.7,18,3,5
310,22.12,-1,-5,F,Mage,30,70785,34,Thief,8.98,15,3,6
321,107.88,0,-1,F,Mage,30,85461,33,Mage,11.57,14,3,4
301,94.84,-2,5,F,Fighter,40,34893,39,Mage,12.17,14,3,5
303,29.16,0,1,M,Thief,10,71324,9,Thief,9.53,18,3,2
312,60.06,4,5,M,Mage,10,55745,10,Mage,7.7,17,3,3
348,78.08,-3,1,F,Thief,30,41707,29,Fighter,11.96,15,3,4
318,82.87,3,2,F,Mage,30,72442,25,Thief,10.16,16,3,5
349,26.53,3,-1,M,Fighter,30,75688,31,Fighter,9.11,16,3,5
345,57.73,-5,-4,M,Fighter,30,24544,33,Fighter,10.82,17,3,5
333,56.11,-2,5,F,Fighter,30,42280,25,Fighter,9.64,16,3,5
301,109.09,-2,5,F,Fighter,40,24796,38,Thief,11.95,16,3,4
324,19.62,-5,0,M,Fighter,40,81661,39,Fighter,9.84,16,3,5
327,77.72,-4,2,M,Mage,20,62722,22,Mage,11.34,16,3,4
316,1.09,0,-3,F,Thief,30,27138,30,Thief,8.41,15,2,6
350,79.4,5,5,F,Mage,40,10715,38,Mage,11.2,15,3,5
349,36.21,3,-1,M,Fighter,30,13277,33,Mage,10.05,15,3,5
303,30.1,0,1,M,Thief,10,72950,12,Thief,9.33,17,4,2
331,89.57,2,-5,F,Mage,40,76153,43,Fighter,11.56,15,3,5
347,3.02,5,0,F,Mage,10,46398,11,Mage,11.72,14,5,1
347,9.11,5,0,F,Mage,10,15416,13,Mage,11.04,16,5,1
328,69.97,-2,0,F,Thief,30,57566,30,Mage,10.34,17,3,4
346,119.62,-3,5,F,Fighter,30,33815,29,Mage,11.33,16,3,4
344,77.28,4,1,M,Fighter,20,62032,20,Mage,5.96,15,2,3
342,100.18,5,1,M,Mage,40,61925,41,Thief,12.26,16,3,5
342,97.39,5,1,M,Mage,40,84392,40,Fighter,12.23,16,3,5
328,61.19,-2,0,F,Thief,30,16599,32,Fighter,10.13,18,3,4
334,56.13,0,1,M,Fighter,40,83921,35,Fighter,10.86,17,3,5
321,103.08,0,-1,F,Mage,30,45657,34,Thief,11.45,16,3,4
333,54.67,-2,5,F,Fighter,30,26151,30,Mage,9.6,16,3,5
313,53.26,5,-5,F,Thief,10,58718,9,Mage,8.35,15,3,2
318,80.77,3,2,F,Mage,30,87356,32,Fighter,11.31,18,3,5
303,41.76,0,1,M,Thief,10,34087,12,Thief,9.51,16,3,2
331,102.38,2,-5,F,Mage,40,70834,35,Thief,11.04,17,3,4
332,7.94,3,-2,F,Thief,10,52152,10,Fighter,10.66,16,5,1
342,94.88,5,1,M,Mage,40,50149,42,Thief,11.53,16,3,5
338,109.18,4,-5,F,Fighter,40,71022,42,Mage,11.96,15,4,5
348,78.37,-3,1,F,Thief,30,17268,33,Thief,11.55,15,3,4
314,69.58,-2,-2,F,Fighter,30,11367,35,Thief,11.02,17,3,4
348,95.25,-3,1,F,Thief,30,32438,31,Thief,11.78,16,3,4
313,59.19,5,-5,F,Thief,10,58599,9,Thief,8.49,16,3,2
350,66.98,5,5,F,Mage,40,26362,43,Mage,11.21,15,3,5
319,63.34,0,-3,M,Mage,40,61925,41,Thief,11.9,15,3,5
318,82.43,3,2,F,Mage,30,11814,28,Fighter,10.3,16,3,4
301,98.71,-2,5,F,Fighter,40,89884,35,Thief,11.68,14,3,4
328,55.23,-2,0,F,Thief,30,25091,32,Mage,10.26,16,4,5
324,13.66,-5,0,M,Fighter,40,33606,42,Thief,9.52,17,3,5
304,19.97,3,-5,M,Thief,10,10356,12,Fighter,10.95,16,4,1
326,38.75,-1,-1,M,Mage,20,68910,24,Mage,8.45,17,3,5
350,63.44,5,5,F,Mage,40,67017,35,Mage,11.07,15,3,5
340,35.48,3,0,F,Thief,20,47474,19,Fighter,9.33,16,4,1
319,74.29,0,-3,M,Mage,40,80734,41,Thief,11.68,16,3,5
345,52.86,-5,-4,M,Fighter,30,21468,27,Mage,9.83,18,3,5
348,88.81,-3,1,F,Thief,30,69434,33,Mage,11.83,14,3,4
331,100.18,2,-5,F,Mage,40,82319,43,Thief,11.15,16,3,4
345,36.9,-5,-4,M,Fighter,30,12892,32,Thief,10.33,17,3,5
309,28.48,-5,-3,M,Thief,40,61925,41,Thief,10.61,16,3,5
333,56.7,-2,5,F,Fighter,30,58507,25,Mage,9.44,17,3,5
346,120.69,-3,5,F,Fighter,30,89092,27,Mage,11.7,13,4,4
309,26.78,-5,-3,M,Thief,40,80734,41,Thief,10.31,15,3,4
339,93.62,5,3,F,Fighter,10,50521,12,Thief,5.07,14,1,4
314,61.61,-2,-2,F,Fighter,30,45657,34,Thief,10.84,16,3,5
343,35.86,1,-4,M,Mage,10,87982,10,Thief,9.51,15,3,2
338,95.61,4,-5,F,Fighter,40,25953,39,Thief,11.75,16,3,5
327,73.74,-4,2,M,Mage,20,18057,18,Mage,3.66,12,1,3
335,72.82,2,-1,F,Fighter,30,52028,34,Fighter,11.54,14,3,4
349,36.68,3,-1,M,Fighter,30,22118,28,Fighter,9.16,16,3,5
314,68.03,-2,-2,F,Fighter,30,75698,35,Mage,10.86,16,3,5
311,69.63,-2,-5,M,Mage,10,39882,12,Mage,5.28,14,2,3
322,106.79,4,2,F,Fighter,40,15768,43,Fighter,12.5,15,3,5
335,79.0,2,-1,F,Fighter,30,42545,31,Thief,11.01,15,3,5
333,48.43,-2,5,F,Fighter,30,73438,31,Fighter,10.19,18,3,5
318,82.34,3,2,F,Mage,30,10827,34,Thief,11.52,16,3,5
326,46.37,-1,-1,M,Mage,20,28186,17,Fighter,8.55,15,3,2
330,22.62,5,-4,M,Thief,10,31403,15,Mage,10.21,16,5,1
321,91.58,0,-1,F,Mage,30,67018,27,Thief,11.88,16,3,5
349,29.03,3,-1,M,Fighter,30,48725,29,Fighter,8.87,18,3,5
332,17.32,3,-2,F,Thief,10,87102,5,Mage,10.14,17,5,1
303,41.5,0,1,M,Thief,10,44519,8,Mage,9.77,15,3,2
333,46.44,-2,5,F,Fighter,30,58308,28,Mage,9.41,18,3,5
305,24.6,0,-2,F,Thief,30,24058,28,Mage,9.01,17,3,5
313,50.15,5,-5,F,Thief,10,44442,6,Thief,8.18,17,3,2
313,43.01,5,-5,F,Thief,10,30929,9,Mage,8.45,17,3,3
313,41.73,5,-5,F,Thief,10,51476,12,Mage,8.66,16,3,3
334,51.52,0,1,M,Fighter,40,79800,42,Fighter,10.95,17,3,5
320,18.17,-5,4,F,Fighter,40,28447,42,Thief,9.92,17,3,5
301,103.11,-2,5,F,Fighter,40,21969,45,Fighter,11.77,14,3,4
320,0.49,-5,4,F,Fighter,40,56125,42,Thief,10.24,16,3,5
336,11.16,-5,1,F,Thief,40,44819,38,Fighter,9.56,17,3,5
305,17.12,0,-2,F,Thief,30,13277,33,Mage,9.09,17,3,5
338,85.89,4,-5,F,Fighter,40,35103,45,Mage,12.21,15,4,5
348,81.68,-3,1,F,Thief,30,59240,33,Fighter,11.99,16,3,5
325,17.32,-3,2,F,Fighter,30,84050,28,Thief,7.92,16,3,5
309,31.01,-5,-3,M,Thief,40,25904,42,Mage,10.6,16,3,5
349,31.01,3,-1,M,Fighter,30,26151,30,Mage,9.38,17,3,5
305,21.76,0,-2,F,Thief,30,11814,28,Fighter,8.68,16,3,5
334,67.36,0,1,M,Fighter,40,42431,43,Thief,11.73,15,3,5
311,61.34,-2,-5,M,Mage,10,62896,15,Thief,5.31,15,2,3
304,0.63,3,-5,M,Thief,10,45561,5,Thief,11.16,18,5,1
325,1.81,-3,2,F,Fighter,30,74684,32,Thief,9.0,15,3,5
302,67.08,2,-5,F,Mage,10,47281,10,Fighter,7.4,16,3,3
331,105.92,2,-5,F,Mage,40,43850,42,Fighter,12.1,15,3,5
303,45.11,0,1,M,Thief,10,41079,6,Mage,8.79,19,4,2
337,46.09,-1,1,F,Thief,40,17389,39,Fighter,11.11,17,3,5
303,45.23,0,1,M,Thief,10,55299,13,Thief,9.22,17,3,2
338,86.24,4,-5,F,Fighter,40,73486,40,Mage,11.33,15,3,4
348,95.74,-3,1,F,Thief,30,65235,26,Mage,11.21,16,3,4
313,60.21,5,-5,F,Thief,10,38912,7,Thief,8.56,16,3,2
302,71.03,2,-5,F,Mage,10,82108,11,Thief,6.98,17,3,3
325,8.37,-3,2,F,Fighter,30,78198,35,Thief,8.65,15,3,5
330,11.47,5,-4,M,Thief,10,53538,15,Mage,10.91,17,4,1
336,23.15,-5,1,F,Thief,40,20084,37,Thief,9.08,16,3,5
319,81.21,0,-3,M,Mage,40,76430,43,Mage,12.14,15,3,4
301,95.11,-2,5,F,Fighter,40,62232,43,Thief,12.38,16,3,4
314,56.59,-2,-2,F,Fighter,30,32533,31,Thief,11.12,15,3,4
347,6.38,5,0,F,Mage,10,56953,12,Thief,10.91,16,5,1
338,89.68,4,-5,F,Fighter,40,44819,38,Fighter,11.91,15,3,5
321,91.03,0,-1,F,Mage,30,16136,25,Mage,11.14,15,3,5
336,20.5,-5,1,F,Thief,40,83926,44,Mage,9.94,16,3,5
319,78.5,0,-3,M,Mage,40,85310,40,Thief,11.95,15,3,4
350,65.71,5,5,F,Mage,40,25663,43,Mage,11.76,15,3,5
338,86.05,4,-5,F,Fighter,40,13911,44,Thief,11.67,14,3,5
346,106.87,-3,5,F,Fighter,30,67621,35,Fighter,12.3,14,3,4
322,101.37,4,2,F,Fighter,40,73355,40,Thief,11.77,16,3,5
324,10.28,-5,0,M,Fighter,40,63673,45,Fighter,10.21,17,3,5
325,7.9,-3,2,F,Fighter,30,20156,34,Fighter,9.39,17,3,5
335,61.37,2,-1,F,Fighter,30,16869,34,Thief,11.6,16,3,5
335,69.87,2,-1,F,Fighter,30,86000,34,Mage,11.48,15,3,4
316,5.13,0,-3,F,Thief,30,57345,25,Fighter,6.67,15,2,6
337,40.8,-1,1,F,Thief,40,80459,39,Mage,10.77,18,3,5
313,58.25,5,-5,F,Thief,10,47012,11,Fighter,7.84,16,3,3
310,20.91,-1,-5,F,Mage,30,86602,25,Thief,7.16,17,3,5
330,5.13,5,-4,M,Thief,10,82839,10,Fighter,11.04,15,4,1
342,88.88,5,1,M,Mage,40,20084,37,Thief,12.04,15,3,5
330,16.22,5,-4,M,Thief,10,24416,12,Fighter,10.85,16,4,2
346,114.91,-3,5,F,Fighter,30,13940,28,Thief,12.14,14,3,4
310,15.95,-1,-5,F,Mage,30,52136,34,Thief,8.87,15,3,5
322,96.2,4,2,F,Fighter,40,25054,44,Mage,12.36,15,3,5
302,58.35,2,-5,F,Mage,10,26857,10,Thief,7.39,15,2,3
318,69.72,3,2,F,Mage,30,48423,31,Thief,11.68,15,3,5
337,60.49,-1,1,F,Thief,40,25904,42,Mage,10.46,16,3,4
325,17.55,-3,2,F,Fighter,30,25449,31,Fighter,8.28,16,3,5
302,70.78,2,-5,F,Mage,10,59330,8,Mage,7.47,16,3,3
338,107.26,4,-5,F,Fighter,40,76430,43,Mage,11.86,14,3,5
305,30.74,0,-2,F,Thief,30,86444,33,Mage,9.78,18,3,5
318,83.88,3,2,F,Mage,30,59889,35,Thief,12.06,15,3,5
302,70.56,2,-5,F,Mage,10,88605,11,Thief,7.46,15,2,3
326,43.74,-1,-1,M,Mage,20,19321,20,Fighter,8.77,15,4,2
310,19.89,-1,-5,F,Mage,30,69434,33,Mage,8.39,16,3,5
322,89.97,4,2,F,Fighter,40,19694,35,Thief,12.5,15,3,5
327,83.31,-4,2,M,Mage,20,41011,24,Fighter,10.5,16,3,4
330,5.23,5,-4,M,Thief,10,62481,10,Fighter,10.85,16,4,2
305,17.82,0,-2,F,Thief,30,24163,33,Mage,8.74,16,3,5
311,80.81,-2,-5,M,Mage,10,50799,7,Fighter,5.5,14,2,3
326,27.34,-1,-1,M,Mage,20,42280,25,Fighter,8.74,16,3,5
324,15.62,-5,0,M,Fighter,40,21918,44,Mage,10.76,14,3,5
327,78.12,-4,2,M,Mage,20,72163,25,Thief,11.24,15,3,4
334,61.69,0,1,M,Fighter,40,15768,43,Fighter,11.51,15,3,5
334,61.17,0,1,M,Fighter,40,26825,35,Fighter,11.19,17,3,5
347,0.0,5,0,F,Mage,10,14487,9,Thief,10.96,16,5,1
320,19.49,-5,4,F,Fighter,40,19056,40,Thief,10.14,15,3,5
335,69.26,2,-1,F,Fighter,30,64014,29,Thief,10.15,17,3,5
309,41.16,-5,-3,M,Thief,40,75692,44,Mage,11.13,17,3,5
309,47.72,-5,-3,M,Thief,40,81250,35,Fighter,8.98,16,3,4
349,32.22,3,-1,M,Fighter,30,47138,33,Thief,9.65,17,3,5
321,91.91,0,-1,F,Mage,30,55217,27,Mage,11.48,14,4,4
334,62.0,0,1,M,Fighter,40,75692,44,Mage,11.5,14,3,4
337,59.1,-1,1,F,Thief,40,40477,38,Fighter,10.36,16,3,5
319,71.95,0,-3,M,Mage,40,60586,42,Fighter,11.4,15,3,5
315,89.91,-3,-3,F,Fighter,20,80343,20,Thief,1.96,8,1,4
321,97.2,0,-1,F,Mage,30,74841,31,Thief,11.77,16,4,4
339,91.66,5,3,F,Fighter,10,57354,6,Fighter,4.13,13,1,4
321,99.23,0,-1,F,Mage,30,69901,28,Mage,11.21,14,3,4
329,64.16,0,-1,F,Mage,10,87739,8,Thief,5.63,14,2,3
309,24.92,-5,-3,M,Thief,40,80459,39,Mage,9.71,16,3,5
317,76.97,4,2,M,Thief,40,26825,35,Fighter,11.3,15,3,5
331,100.95,2,-5,F,Mage,40,59768,44,Mage,11.87,15,4,4
317,77.54,4,2,M,Thief,40,21363,41,Fighter,12.01,16,3,5
334,55.95,0,1,M,Fighter,40,42093,43,Thief,11.58,16,3,5
327,78.35,-4,2,M,Mage,20,63060,21,Mage,10.49,15,3,4
326,42.16,-1,-1,M,Mage,20,54948,18,Fighter,9.19,16,3,2
332,22.47,3,-2,F,Thief,10,67356,7,Thief,11.16,16,4,1
314,72.94,-2,-2,F,Fighter,30,36793,29,Mage,10.62,17,3,4
311,68.87,-2,-5,M,Mage,10,34787,7,Fighter,6.13,15,2,3
346,102.32,-3,5,F,Fighter,30,42545,31,Thief,12.18,15,3,4
325,9.47,-3,2,F,Fighter,30,37612,31,Fighter,9.29,17,3,5
342,93.54,5,1,M,Mage,40,82319,43,Thief,12.29,16,3,4
345,39.16,-5,-4,M,Fighter,30,75688,31,Fighter,10.54,15,3,4
325,21.74,-3,2,F,Fighter,30,33609,35,Fighter,9.23,17,3,5
337,57.42,-1,1,F,Thief,40,51279,38,Thief,10.43,17,3,5
309,35.99,-5,-3,M,Thief,40,42042,38,Fighter,9.96,16,3,5
340,14.24,3,0,F,Thief,20,52700,20,Thief,9.5,17,4,2
316,0.0,0,-3,F,Thief,30,16599,32,Fighter,8.93,17,3,6
330,5.01,5,-4,M,Thief,10,60168,12,Fighter,11.03,17,5,2
309,37.3,-5,-3,M,Thief,40,15105,45,Fighter,10.68,16,3,5
320,3.21,-5,4,F,Fighter,40,24800,44,Thief,9.47,17,3,5
344,66.92,4,1,M,Fighter,20,26828,22,Thief,10.3,15,3,5
322,92.9,4,2,F,Fighter,40,60392,36,Fighter,12.5,15,3,5
321,104.54,0,-1,F,Mage,30,58308,28,Mage,11.97,16,3,4
303,33.92,0,1,M,Thief,10,21669,13,Fighter,9.62,17,4,2
349,25.39,3,-1,M,Fighter,30,39207,30,Thief,9.38,15,2,5
324,22.49,-5,0,M,Fighter,40,22840,36,Mage,8.77,18,3,5
304,12.01,3,-5,M,Thief,10,82108,11,Thief,9.97,16,4,1
320,4.5,-5,4,F,Fighter,40,15768,43,Fighter,9.43,16,3,5
321,105.07,0,-1,F,Mage,30,27922,33,Thief,10.97,15,3,4
323,9.9,-2,3,F,Mage,30,89019,29,Thief,7.12,15,2,6
304,8.33,3,-5,M,Thief,10,33144,9,Thief,10.7,16,4,1
314,62.92,-2,-2,F,Fighter,30,75760,32,Fighter,11.16,16,3,4
337,44.74,-1,1,F,Thief,40,77631,44,Fighter,11.58,15,4,5
346,115.04,-3,5,F,Fighter,30,24163,33,Mage,11.8,15,3,4
301,102.78,-2,5,F,Fighter,40,42093,43,Thief,12.29,13,3,4
317,95.17,4,2,M,Thief,40,10715,38,Mage,12.25,16,3,5
342,97.73,5,1,M,Mage,40,52842,37,Fighter,12.14,15,3,5
337,44.35,-1,1,F,Thief,40,76014,44,Thief,11.12,15,3,4
350,83.53,5,5,F,Mage,40,48351,36,Thief,11.43,15,3,5
339,84.41,5,3,F,Fighter,10,61064,14,Mage,4.41,14,2,4
317,74.1,4,2,M,Thief,40,67017,35,Mage,12.3,15,3,5
344,70.64,4,1,M,Fighter,20,51847,21,Fighter,9.76,18,3,5
325,8.37,-3,2,F,Fighter,30,13940,28,Thief,8.21,15,3,5
343,45.46,1,-4,M,Mage,10,70179,14,Fighter,9.16,16,4,2
342,98.11,5,1,M,Mage,40,67890,43,Fighter,11.65,16,3,5
346,107.71,-3,5,F,Fighter,30,14570,31,Thief,11.24,16,3,4
342,93.11,5,1,M,Mage,40,13892,41,Fighter,12.45,14,3,5
343,45.51,1,-4,M,Mage,10,44443,10,Mage,9.41,17,4,2
341,0.0,-2,3,F,Fighter,10,47194,12,Mage,10.68,16,5,1
301,90.43,-2,5,F,Fighter,40,50149,42,Thief,11.4,16,3,4
346,116.48,-3,5,F,Fighter,30,80080,27,Mage,11.51,15,3,4
304,8.28,3,-5,M,Thief,10,55130,9,Fighter,10.19,16,5,2
312,56.57,4,5,M,Mage,10,61064,14,Mage,6.86,16,3,3
343,25.94,1,-4,M,Mage,10,17256,13,Thief,9.35,16,3,2
342,107.96,5,1,M,Mage,40,86145,36,Fighter,11.58,15,3,5
336,12.65,-5,1,F,Thief,40,51279,38,Thief,9.14,16,3,5
316,5.67,0,-3,F,Thief,30,11814,28,Fighter,7.39,18,2,6
305,17.48,0,-2,F,Thief,30,80080,27,Mage,8.61,16,3,5
336,10.95,-5,1,F,Thief,40,76430,43,Mage,9.99,16,3,5
343,35.26,1,-4,M,Mage,10,51875,13,Fighter,9.0,17,4,2
307,42.42,-5,-3,M,Mage,30,67018,27,Thief,10.46,17,3,5
307,37.4,-5,-3,M,Mage,30,63006,30,Mage,9.91,18,3,4
307,60.64,-5,-3,M,Mage,30,52028,34,Fighter,10.22,15,3,5
321,108.54,0,-1,F,Mage,30,61485,27,Mage,11.64,17,3,5
314,72.0,-2,-2,F,Fighter,30,20599,28,Mage,9.89,15,3,5
340,29.8,3,0,F,Thief,20,41139,17,Thief,10.1,17,4,2
307,47.11,-5,-3,M,Mage,30,37612,31,Fighter,10.43,16,3,4
315,108.29,-3,-3,F,Fighter,20,82394,21,Thief,11.66,16,3,4
313,47.41,5,-5,F,Thief,10,62632,7,Thief,8.39,18,3,3
334,61.52,0,1,M,Fighter,40,29767,40,Fighter,11.46,17,3,5
319,72.58,0,-3,M,Mage,40,41752,43,Fighter,12.31,16,3,5
313,41.29,5,-5,F,Thief,10,56953,12,Thief,7.83,16,3,2
315,104.02,-3,-3,F,Fighter,20,77431,20,Thief,1.16,8,1,3
336,15.3,-5,1,F,Thief,40,35033,37,Mage,8.66,17,3,5
318,74.32,3,2,F,Mage,30,20599,28,Mage,10.66,15,3,5
339,79.2,5,3,F,Fighter,10,46955,10,Thief,4.35,13,1,4
325,5.89,-3,2,F,Fighter,30,37612,31,Fighter,9.29,17,3,5
303,34.07,0,1,M,Thief,10,62383,7,Fighter,8.53,17,4,2
338,91.75,4,-5,F,Fighter,40,41752,43,Fighter,11.6,14,3,5
346,107.91,-3,5,F,Fighter,30,17268,33,Thief,12.04,16,3,4
338,86.55,4,-5,F,Fighter,40,46241,38,Thief,11.82,16,3,5
341,3.59,-2,3,F,Fighter,10,61904,13,Mage,11.4,15,5,1
324,22.81,-5,0,M,Fighter,40,26362,43,Mage,9.88,16,3,5
333,46.86,-2,5,F,Fighter,30,84050,28,Thief,9.79,16,3,5
318,63.16,3,2,F,Mage,30,72803,26,Fighter,11.04,15,3,5
345,50.25,-5,-4,M,Fighter,30,24544,33,Fighter,10.45,16,3,5
304,10.8,3,-5,M,Thief,10,62902,5,Thief,10.86,17,5,1
307,60.49,-5,-3,M,Mage,30,18595,25,Mage,9.12,16,3,5
334,64.94,0,1,M,Fighter,40,73486,40,Mage,11.38,15,3,5
341,10.19,-2,3,F,Fighter,10,55299,13,Thief,10.47,17,5,1
332,5.6,3,-2,F,Thief,10,41093,11,Mage,10.74,16,5,1
346,114.33,-3,5,F,Fighter,30,73438,31,Fighter,12.29,15,4,4
334,56.01,0,1,M,Fighter,40,84287,36,Thief,11.73,16,3,5
348,89.45,-3,1,F,Thief,30,38195,35,Thief,11.71,15,3,5
335,81.91,2,-1,F,Fighter,30,33192,27,Mage,9.96,15,3,5
334,59.76,0,1,M,Fighter,40,69860,39,Mage,11.93,14,3,4
328,59.45,-2,0,F,Thief,30,59889,35,Thief,10.43,15,4,5
344,75.78,4,1,M,Fighter,20,25722,22,Thief,10.65,16,3,5
319,76.39,0,-3,M,Mage,40,73355,40,Thief,11.52,14,3,4
342,103.75,5,1,M,Mage,40,55539,39,Thief,12.36,15,3,5
341,0.0,-2,3,F,Fighter,10,72950,12,Thief,11.04,16,5,1
348,96.42,-3,1,F,Thief,30,20887,28,Mage,11.47,17,3,4
306,101.75,0,5,M,Mage,10,61905,11,Thief,3.04,10,1,4
308,87.87,-2,5,F,Mage,20,84716,25,Mage,12.37,15,3,4
337,48.95,-1,1,F,Thief,40,59889,35,Thief,9.87,16,3,5
343,29.22,1,-4,M,Mage,10,61904,13,Mage,8.98,15,3,2
327,81.33,-4,2,M,Mage,20,19321,20,Fighter,4.08,11,1,3
325,18.78,-3,2,F,Fighter,30,62766,25,Thief,7.83,15,2,5
341,0.0,-2,3,F,Fighter,10,33624,12,Fighter,10.87,15,5,1
305,20.58,0,-2,F,Thief,30,70785,34,Thief,9.07,17,3,5
335,84.91,2,-1,F,Fighter,30,38438,27,Fighter,10.52,16,3,5
341,3.64,-2,3,F,Fighter,10,70706,11,Fighter,11.62,15,5,1
323,0.0,-2,3,F,Mage,30,64615,28,Mage,6.99,17,2,5
320,13.8,-5,4,F,Fighter,40,73486,40,Mage,8.98,15,3,5
350,85.28,5,5,F,Mage,40,42779,42,Mage,11.67,15,3,5
345,50.43,-5,-4,M,Fighter,30,16136,25,Mage,9.91,18,3,4
328,50.76,-2,0,F,Thief,30,56785,31,Thief,10.77,15,3,5
343,45.88,1,-4,M,Mage,10,61244,13,Fighter,9.03,16,3,2
329,77.11,0,-1,F,Mage,10,21587,7,Thief,6.21,15,2,3
303,26.51,0,1,M,Thief,10,14195,5,Fighter,9.49,17,4,2
323,0.0,-2,3,F,Mage,30,24163,33,Mage,7.82,16,3,6
335,67.3,2,-1,F,Fighter,30,22118,28,Fighter,10.53,16,3,5
340,15.48,3,0,F,Thief,20,63060,21,Mage,7.79,17,3,5
344,80.84,4,1,M,Fighter,20,14502,17,Mage,5.46,15,2,3
324,23.05,-5,0,M,Fighter,40,13308,38,Mage,9.87,15,3,5
335,70.1,2,-1,F,Fighter,30,47511,25,Thief,10.49,18,3,5
308,97.06,-2,5,F,Mage,20,76302,21,Fighter,12.07,16,3,4
338,91.55,4,-5,F,Fighter,40,15157,44,Mage,12.04,15,3,5
328,51.08,-2,0,F,Thief,30,33192,27,Mage,9.9,17,3,4
314,54.95,-2,-2,F,Fighter,30,42679,34,Mage,10.47,16,3,4
328,56.95,-2,0,F,Thief,30,42785,35,Fighter,10.27,15,3,4
341,10.69,-2,3,F,Fighter,10,13111,13,Thief,11.39,16,5,1
346,114.8,-3,5,F,Fighter,30,64270,33,Thief,11.77,15,3,4
329,61.83,0,-1,F,Mage,10,56849,8,Thief,5.08,15,2,3
321,86.04,0,-1,F,Mage,30,14570,31,Thief,12.44,14,3,4
344,80.4,4,1,M,Fighter,20,73420,22,Mage,10.38,16,3,5
301,91.84,-2,5,F,Fighter,40,17523,45,Thief,12.25,17,3,5
321,102.56,0,-1,F,Mage,30,20887,28,Mage,11.44,16,3,4
331,91.94,2,-5,F,Mage,40,71022,42,Mage,11.52,14,3,5
330,13.07,5,-4,M,Thief,10,31117,10,Thief,10.6,17,4,2
326,45.97,-1,-1,M,Mage,20,86602,25,Thief,9.55,18,3,5
301,86.97,-2,5,F,Fighter,40,26234,45,Fighter,11.32,15,3,4
304,16.73,3,-5,M,Thief,10,37981,8,Thief,10.92,16,5,1
343,35.09,1,-4,M,Mage,10,21587,7,Thief,9.4,15,4,2
304,12.08,3,-5,M,Thief,10,67212,10,Mage,10.38,18,4,1
350,77.63,5,5,F,Mage,40,66852,45,Thief,11.72,14,3,5
314,60.39,-2,-2,F,Fighter,30,16136,25,Mage,10.47,16,3,5
304,16.3,3,-5,M,Thief,10,61905,11,Thief,10.51,17,4,2
332,22.18,3,-2,F,Thief,10,78299,5,Mage,10.19,16,5,1
346,106.55,-3,5,F,Fighter,30,65317,33,Fighter,11.55,16,4,4
319,67.82,0,-3,M,Mage,40,23345,43,Thief,12.01,14,3,5
324,12.66,-5,0,M,Fighter,40,88771,40,Fighter,9.67,17,3,5
348,75.88,-3,1,F,Thief,30,52712,32,Mage,11.0,17,3,5
342,104.32,5,1,M,Mage,40,73241,36,Fighter,12.43,15,3,5
336,10.4,-5,1,F,Thief,40,71637,43,Fighter,10.76,16,3,5
313,43.4,5,-5,F,Thief,10,85309,11,Thief,8.11,17,3,2
332,5.41,3,-2,F,Thief,10,61064,14,Mage,11.11,16,4,1
345,40.62,-5,-4,M,Fighter,30,76651,32,Thief,10.11,15,3,5
321,90.86,0,-1,F,Mage,30,73528,28,Thief,11.18,15,3,4
333,58.92,-2,5,F,Fighter,30,76651,32,Thief,9.68,18,3,5
303,41.36,0,1,M,Thief,10,79774,5,Thief,9.63,18,4,2
333,51.77,-2,5,F,Fighter,30,42737,27,Mage,9.47,16,3,5
337,45.21,-1,1,F,Thief,40,60586,42,Fighter,10.88,16,3,5
335,83.42,2,-1,F,Fighter,30,64615,28,Mage,11.42,15,3,5
321,102.71,0,-1,F,Mage,30,17433,28,Mage,11.25,16,3,4
347,5.3,5,0,F,Mage,10,68432,12,Fighter,11.21,15,5,1
341,0.0,-2,3,F,Fighter,10,78461,9,Fighter,11.4,14,5,1
342,87.91,5,1,M,Mage,40,51500,35,Mage,11.14,15,3,5
340,22.2,3,0,F,Thief,20,44061,18,Fighter,9.31,15,4,2
322,109.77,4,2,F,Fighter,40,43576,43,Thief,11.14,15,3,5
334,68.62,0,1,M,Fighter,40,61307,37,Fighter,11.72,17,3,5
318,73.26,3,2,F,Mage,30,67017,35,Mage,11.23,15,3,5
341,0.0,-2,3,F,Fighter,10,62383,7,Fighter,11.31,16,5,1
305,25.32,0,-2,F,Thief,30,84041,28,Fighter,8.52,16,3,5
331,89.37,2,-5,F,Mage,40,65857,39,Fighter,11.82,15,3,5
317,74.77,4,2,M,Thief,40,53775,43,Mage,12.27,15,3,5
342,99.04,5,1,M,Mage,40,75692,44,Mage,11.49,15,3,5
307,48.51,-5,-3,M,Mage,30,24544,33,Fighter,10.07,16,3,4
320,3.05,-5,4,F,Fighter,40,20795,43,Fighter,10.25,17,3,5
304,15.26,3,-5,M,Thief,10,64462,13,Mage,10.16,18,4,1
342,105.81,5,1,M,Mage,40,18847,40,Mage,12.12,14,3,4
344,77.2,4,1,M,Fighter,20,46955,22,Mage,9.89,15,3,5
330,8.36,5,-4,M,Thief,10,36916,5,Mage,10.78,15,5,1
342,89.16,5,1,M,Mage,40,16122,40,Mage,12.04,15,3,5
336,22.54,-5,1,F,Thief,40,37653,40,Mage,10.25,14,3,5
347,3.33,5,0,F,Mage,10,82458,5,Thief,11.25,13,5,1
333,42.07,-2,5,F,Fighter,30,16136,25,Mage,9.56,17,3,5
304,15.9,3,-5,M,Thief,10,87739,8,Thief,10.81,15,5,1
314,54.55,-2,-2,F,Fighter,30,24191,32,Thief,10.58,15,3,5
331,87.52,2,-5,F,Mage,40,71618,41,Mage,11.31,14,3,4
331,105.26,2,-5,F,Mage,40,25953,39,Thief,11.38,15,3,4
341,8.24,-2,3,F,Fighter,10,31117,10,Thief,11.25,16,5,1
346,100.5,-3,5,F,Fighter,30,56207,28,Thief,12.08,16,3,4
310,10.28,-1,-5,F,Mage,30,37612,31,Fighter,7.83,16,3,5
319,83.15,0,-3,M,Mage,40,84392,40,Fighter,11.82,16,3,5
312,53.62,4,5,M,Mage,10,44566,9,Thief,6.96,16,3,3
327,77.67,-4,2,M,Mage,20,15368,22,Thief,10.24,15,3,4
341,0.6,-2,3,F,Fighter,10,35954,13,Mage,11.01,17,5,1
337,39.22,-1,1,F,Thief,40,22786,39,Thief,10.93,14,3,5
321,92.66,0,-1,F,Mage,30,38377,26,Thief,11.57,14,3,4
348,94.4,-3,1,F,Thief,30,27922,33,Thief,11.65,15,4,4
334,61.75,0,1,M,Fighter,40,52842,37,Fighter,11.29,16,3,5
349,26.71,3,-1,M,Fighter,30,66722,30,Mage,9.4,15,3,5
324,10.57,-5,0,M,Fighter,40,43850,42,Fighter,9.41,17,3,5
341,8.43,-2,3,F,Fighter,10,88605,11,Thief,11.15,15,5,1
335,79.27,2,-1,F,Fighter,30,41677,25,Mage,10.42,18,3,5
320,9.13,-5,4,F,Fighter,40,88020,45,Fighter,10.06,16,3,5
343,46.94,1,-4,M,Mage,10,37981,8,Thief,9.24,16,4,2
305,32.24,0,-2,F,Thief,30,21468,27,Mage,8.12,16,2,5
322,96.35,4,2,F,Fighter,40,69028,38,Fighter,11.2,15,3,5
313,57.7,5,-5,F,Thief,10,79774,5,Thief,7.72,16,3,3
339,96.99,5,3,F,Fighter,10,42251,13,Mage,4.13,13,1,4
336,17.78,-5,1,F,Thief,40,88771,40,Fighter,9.89,16,3,5
309,31.75,-5,-3,M,Thief,40,49458,40,Mage,10.21,16,3,4
333,37.06,-2,5,F,Fighter,30,87530,32,Fighter,10.97,15,3,5
306,90.41,0,5,M,Mage,10,51211,7,Mage,2.98,11,1,4
332,3.28,3,-2,F,Thief,10,61576,9,Thief,10.99,17,4,2
322,101.29,4,2,F,Fighter,40,26362,43,Mage,12.29,15,3,5
313,46.53,5,-5,F,Thief,10,61320,13,Thief,8.32,17,3,3
309,29.71,-5,-3,M,Thief,40,68077,41,Fighter,10.76,15,3,5
320,22.36,-5,4,F,Fighter,40,61925,41,Thief,9.49,16,3,5
315,104.16,-3,-3,F,Fighter,20,29261,18,Thief,1.78,10,1,3
302,65.33,2,-5,F,Mage,10,45657,12,Thief,7.15,17,3,2
315,99.79,-3,-3,F,Fighter,20,12457,17,Fighter,1.81,9,1,3
322,93.94,4,2,F,Fighter,40,20795,43,Fighter,11.46,15,3,5
335,80.85,2,-1,F,Fighter,30,62766,25,Thief,10.53,16,3,5
306,98.2,0,5,M,Mage,10,57774,5,Fighter,2.57,8,1,4
303,34.6,0,1,M,Thief,10,41747,7,Fighter,10.04,17,4,2
333,51.82,-2,5,F,Fighter,30,42785,35,Fighter,10.33,16,3,5
305,25.12,0,-2,F,Thief,30,18283,29,Thief,9.12,16,3,5
317,93.38,4,2,M,Thief,40,76481,45,Thief,11.97,16,3,5
334,68.09,0,1,M,Fighter,40,87591,36,Mage,11.14,14,3,5
321,106.69,0,-1,F,Mage,30,63692,32,Mage,11.14,16,4,4
303,32.48,0,1,M,Thief,10,44667,14,Mage,9.18,14,4,2
330,19.45,5,-4,M,Thief,10,59062,13,Mage,10.81,18,5,1
313,57.49,5,-5,F,Thief,10,51875,13,Fighter,7.78,17,3,3
338,86.92,4,-5,F,Fighter,40,77448,44,Mage,11.87,15,3,5
321,103.46,0,-1,F,Mage,30,25844,34,Mage,11.78,15,3,5
307,56.26,-5,-3,M,Mage,30,11682,25,Thief,9.87,16,3,5
337,52.11,-1,1,F,Thief,40,61925,41,Thief,11.09,17,3,4
328,64.64,-2,0,F,Thief,30,32533,31,Thief,10.49,15,3,4
350,67.74,5,5,F,Mage,40,13109,38,Mage,12.15,15,4,5
305,26.44,0,-2,F,Thief,30,33192,27,Mage,8.55,17,3,5
305,27.0,0,-2,F,Thief,30,84667,28,Thief,8.32,17,3,5
334,53.27,0,1,M,Fighter,40,18847,40,Mage,10.85,15,3,4
302,68.47,2,-5,F,Mage,10,71752,7,Fighter,6.98,18,3,3
328,52.73,-2,0,F,Thief,30,33192,27,Mage,9.25,16,3,4
348,89.1,-3,1,F,Thief,30,23459,25,Fighter,10.6,16,3,4
338,108.87,4,-5,F,Fighter,40,40703,44,Fighter,11.7,16,3,5
330,17.62,5,-4,M,Thief,10,31387,15,Thief,11.06,17,4,1
332,11.97,3,-2,F,Thief,10,44443,10,Mage,11.29,14,4,1
315,91.19,-3,-3,F,Fighter,20,74131,23,Mage,11.87,15,3,4
329,77.22,0,-1,F,Mage,10,55130,9,Fighter,5.87,14,2,3
346,112.52,-3,5,F,Fighter,30,87530,32,Fighter,11.2,15,3,4
304,3.85,3,-5,M,Thief,10,35954,13,Mage,10.47,16,5,1
317,80.87,4,2,M,Thief,40,39215,39,Mage,12.37,16,4,5
302,52.32,2,-5,F,Mage,10,37749,15,Fighter,6.28,16,3,3
320,21.09,-5,4,F,Fighter,40,19056,40,Thief,10.24,17,3,5
304,11.33,3,-5,M,Thief,10,83653,7,Fighter,10.39,16,5,1
334,65.57,0,1,M,Fighter,40,11421,38,Fighter,10.84,18,3,5
317,78.42,4,2,M,Thief,40,52842,37,Fighter,11.98,15,3,5
342,94.96,5,1,M,Mage,40,59768,44,Mage,12.15,15,3,5
345,47.33,-5,-4,M,Fighter,30,50756,33,Fighter,10.14,17,3,4
338,94.07,4,-5,F,Fighter,40,58474,36,Thief,11.18,16,3,5
301,107.63,-2,5,F,Fighter,40,15105,45,Fighter,12.32,15,3,4
346,114.92,-3,5,F,Fighter,30,55217,27,Mage,11.68,14,3,4
321,98.78,0,-1,F,Mage,30,59240,33,Fighter,11.75,14,3,4
334,70.3,0,1,M,Fighter,40,80223,37,Fighter,11.22,15,3,5
301,93.62,-2,5,F,Fighter,40,89310,44,Mage,12.5,14,3,5
350,70.06,5,5,F,Mage,40,22792,42,Fighter,12.03,15,4,5
325,18.18,-3,2,F,Fighter,30,63692,32,Mage,8.39,16,3,6
335,83.73,2,-1,F,Fighter,30,37612,31,Fighter,11.07,15,3,5
335,75.98,2,-1,F,Fighter,30,87113,25,Thief,11.13,16,3,4
341,2.78,-2,3,F,Fighter,10,46955,10,Thief,11.94,15,5,1
322,109.6,4,2,F,Fighter,40,18847,40,Mage,12.13,15,4,5
345,59.07,-5,-4,M,Fighter,30,25168,31,Fighter,9.68,17,3,4
314,62.57,-2,-2,F,Fighter,30,22118,28,Fighter,10.33,16,3,5
301,103.48,-2,5,F,Fighter,40,89884,35,Thief,11.83,17,3,4
310,15.47,-1,-5,F,Mage,30,87820,25,Thief,8.28,16,3,6
330,18.12,5,-4,M,Thief,10,52152,10,Fighter,11.21,15,5,1
322,106.97,4,2,F,Fighter,40,85310,40,Thief,12.49,15,3,5
346,113.44,-3,5,F,Fighter,30,47138,33,Thief,11.83,15,3,4
334,49.97,0,1,M,Fighter,40,24668,42,Mage,10.92,17,3,4
323,4.3,-2,3,F,Mage,30,88385,31,Fighter,8.09,16,3,6
327,97.24,-4,2,M,Mage,20,53538,15,Mage,4.18,13,1,3
318,72.03,3,2,F,Mage,30,75694,35,Thief,11.36,16,3,5
307,59.19,-5,-3,M,Mage,30,30541,31,Mage,9.9,16,3,4
310,1.19,-1,-5,F,Mage,30,37612,31,Fighter,8.27,15,3,6
330,20.31,5,-4,M,Thief,10,53538,15,Mage,11.07,15,4,2
317,87.88,4,2,M,Thief,40,60330,45,Fighter,12.5,14,3,5
303,25.29,0,1,M,Thief,10,31248,7,Thief,8.93,17,3,2
313,59.42,5,-5,F,Thief,10,14988,12,Thief,8.25,16,3,2
313,55.17,5,-5,F,Thief,10,24572,7,Thief,8.69,16,3,3
301,109.69,-2,5,F,Fighter,40,76430,43,Mage,12.16,15,3,5
334,58.9,0,1,M,Fighter,40,16084,38,Thief,11.1,14,3,5
302,61.83,2,-5,F,Mage,10,44566,9,Thief,7.26,15,3,3
343,27.41,1,-4,M,Mage,10,70179,14,Fighter,8.53,17,3,2
316,0.83,0,-3,F,Thief,30,89219,26,Thief,7.48,16,2,6
313,38.14,5,-5,F,Thief,10,63390,10,Mage,8.88,18,3,2
331,88.74,2,-5,F,Mage,40,71618,41,Mage,11.76,15,3,5
320,15.27,-5,4,F,Fighter,40,42251,39,Thief,9.3,17,3,5
344,75.74,4,1,M,Fighter,20,23647,24,Fighter,10.47,16,3,5
307,59.65,-5,-3,M,Mage,30,40051,32,Mage,10.12,16,3,5
315,91.36,-3,-3,F,Fighter,20,57762,24,Mage,11.08,15,3,5
309,28.6,-5,-3,M,Thief,40,17257,38,Fighter,9.95,16,3,5
309,38.64,-5,-3,M,Thief,40,29767,40,Fighter,11.16,17,3,5
309,47.16,-5,-3,M,Thief,40,23820,37,Thief,9.7,17,3,5
315,87.87,-3,-3,F,Fighter,20,10539,18,Mage,1.39,9,1,4
328,55.53,-2,0,F,Thief,30,24163,33,Mage,10.8,16,3,4
346,109.65,-3,5,F,Fighter,30,16869,34,Thief,12.03,15,3,4
323,3.15,-2,3,F,Mage,30,89979,30,Fighter,8.23,18,3,6
321,86.62,0,-1,F,Mage,30,44352,31,Thief,11.71,15,3,4
309,32.16,-5,-3,M,Thief,40,20902,44,Thief,11.21,15,3,5
303,32.61,0,1,M,Thief,10,71752,7,Fighter,8.68,16,4,2
316,11.98,0,-3,F,Thief,30,15888,27,Mage,7.05,16,2,6
332,1.77,3,-2,F,Thief,10,33339,11,Thief,10.46,15,5,1
348,74.58,-3,1,F,Thief,30,87113,25,Thief,11.12,16,3,4
346,98.4,-3,5,F,Fighter,30,59889,35,Thief,11.89,16,3,4
304,17.59,3,-5,M,Thief,10,54238,7,Mage,11.43,16,5,2
310,9.23,-1,-5,F,Mage,30,52136,34,Thief,9.34,17,2,5
313,49.3,5,-5,F,Thief,10,54238,7,Mage,8.38,16,3,3
342,104.34,5,1,M,Mage,40,27329,38,Mage,11.99,15,3,5
325,8.86,-3,2,F,Fighter,30,19390,32,Mage,8.32,16,3,5
343,38.64,1,-4,M,Mage,10,77968,9,Fighter,8.91,16,4,2
303,28.13,0,1,M,Thief,10,27357,14,Thief,9.94,16,3,2
317,76.28,4,2,M,Thief,40,84392,40,Fighter,12.34,15,3,5
349,45.3,3,-1,M,Fighter,30,42737,27,Mage,8.68,16,3,5
327,88.43,-4,2,M,Mage,20,32604,24,Fighter,10.58,15,3,4
331,98.01,2,-5,F,Mage,40,25904,42,Mage,12.26,12,3,4
320,1.19,-5,4,F,Fighter,40,79800,42,Fighter,9.88,18,3,5
313,51.75,5,-5,F,Thief,10,56914,12,Fighter,8.66,15,3,3
320,18.96,-5,4,F,Fighter,40,42785,35,Fighter,8.94,16,3,5
317,83.94,4,2,M,Thief,40,58474,36,Thief,11.28,16,3,5
301,108.57,-2,5,F,Fighter,40,76756,43,Fighter,11.94,14,3,4
331,95.02,2,-5,F,Mage,40,15146,44,Thief,12.14,15,3,5
327,84.92,-4,2,M,Mage,20,83013,15,Fighter,4.25,11,2,3
341,0.0,-2,3,F,Fighter,10,45561,5,Thief,11.28,15,5,1
346,115.72,-3,5,F,Fighter,30,42280,25,Fighter,12.46,12,3,4
301,89.6,-2,5,F,Fighter,40,19056,40,Thief,11.4,15,3,5
344,84.41,4,1,M,Fighter,20,34454,21,Mage,9.91,15,3,5
305,32.32,0,-2,F,Thief,30,69261,28,Mage,8.46,16,3,5
326,27.32,-1,-1,M,Mage,20,82555,16,Thief,9.78,17,4,2
345,58.95,-5,-4,M,Fighter,30,24191,32,Thief,10.23,16,3,4
301,90.36,-2,5,F,Fighter,40,33872,45,Fighter,11.57,15,3,5
304,18.81,3,-5,M,Thief,10,88724,8,Fighter,10.38,17,5,1
325,20.44,-3,2,F,Fighter,30,89219,26,Thief,7.65,16,3,5
344,73.5,4,1,M,Fighter,20,78595,21,Thief,10.61,17,3,5
328,58.9,-2,0,F,Thief,30,76800,33,Fighter,10.98,16,4,4
307,57.43,-5,-3,M,Mage,30,87530,32,Fighter,9.94,16,3,4
340,35.9,3,0,F,Thief,20,52700,20,Thief,9.66,17,4,2
346,107.57,-3,5,F,Fighter,30,56207,28,Thief,11.78,15,3,4
316,1.1,0,-3,F,Thief,30,81250,35,Fighter,9.43,16,3,6
336,24.2,-5,1,F,Thief,40,56013,36,Thief,8.64,16,3,5
304,7.51,3,-5,M,Thief,10,71752,7,Fighter,11.44,16,5,1
348,81.13,-3,1,F,Thief,30,26825,35,Fighter,12.12,14,3,4
347,0.0,5,0,F,Mage,10,33912,11,Thief,11.41,15,5,1
331,88.35,2,-5,F,Mage,40,38712,41,Thief,11.85,14,3,4
326,27.39,-1,-1,M,Mage,20,48212,21,Thief,7.89,17,3,5
348,81.23,-3,1,F,Thief,30,22280,30,Mage,11.64,16,4,4
305,31.9,0,-2,F,Thief,30,87356,32,Fighter,8.97,17,3,5
346,119.39,-3,5,F,Fighter,30,48478,27,Thief,12.5,15,3,5
325,6.48,-3,2,F,Fighter,30,37612,31,Fighter,7.8,15,2,5
325,19.67,-3,2,F,Fighter,30,76800,33,Fighter,8.7,16,3,5
307,43.62,-5,-3,M,Mage,30,42829,29,Mage,9.79,17,3,5
326,37.55,-1,-1,M,Mage,20,13574,19,Thief,8.5,15,3,2
330,23.65,5,-4,M,Thief,10,31117,10,Thief,11.25,17,5,1
303,40.78,0,1,M,Thief,10,27691,6,Thief,9.42,18,4,2
335,72.48,2,-1,F,Fighter,30,18283,29,Thief,11.36,16,3,4
350,82.69,5,5,F,Mage,40,41752,43,Fighter,11.37,14,3,5
336,18.44,-5,1,F,Thief,40,58311,39,Mage,10.16,16,3,5
338,100.72,4,-5,F,Fighter,40,11367,35,Thief,12.39,15,3,4
339,83.27,5,3,F,Fighter,10,52461,15,Thief,3.97,14,1,4
336,10.17,-5,1,F,Thief,40,24796,38,Thief,9.32,17,3,5
308,107.31,-2,5,F,Mage,20,20667,18,Mage,1.54,8,1,4
341,6.76,-2,3,F,Fighter,10,88605,11,Thief,11.57,14,5,1
326,29.63,-1,-1,M,Mage,20,58507,25,Mage,9.05,17,3,5
336,22.29,-5,1,F,Thief,40,69860,39,Mage,9.61,17,3,5
341,0.0,-2,3,F,Fighter,10,57354,6,Fighter,11.13,16,5,1
330,10.56,5,-4,M,Thief,10,35086,7,Mage,11.54,16,5,1
330,22.74,5,-4,M,Thief,10,60168,12,Fighter,11.08,15,4,2
347,10.8,5,0,F,Mage,10,61904,13,Mage,10.74,15,5,1
344,73.58,4,1,M,Fighter,20,73729,19,Fighter,5.81,16,2,4
350,80.38,5,5,F,Mage,40,48636,41,Thief,11.32,14,3,5
316,0.0,0,-3,F,Thief,30,72594,27,Fighter,7.67,16,2,6
322,92.52,4,2,F,Fighter,40,89172,41,Mage,11.87,16,3,5
329,80.77,0,-1,F,Mage,10,54079,10,Fighter,6.42,16,2,3
304,4.24,3,-5,M,Thief,10,23909,5,Thief,10.68,16,4,1
334,65.08,0,1,M,Fighter,40,58474,36,Thief,10.82,16,3,5
308,105.2,-2,5,F,Mage,20,55463,23,Mage,11.23,16,3,4
325,8.5,-3,2,F,Fighter,30,63021,27,Mage,8.32,16,3,5
343,42.78,1,-4,M,Mage,10,30895,10,Thief,9.63,16,4,2
313,56.62,5,-5,F,Thief,10,34087,12,Thief,8.57,17,3,3
330,8.35,5,-4,M,Thief,10,86605,9,Fighter,10.12,16,4,1
302,67.01,2,-5,F,Mage,10,21591,6,Thief,7.98,17,3,3
302,64.33,2,-5,F,Mage,10,37473,5,Thief,7.17,17,3,3
313,52.42,5,-5,F,Thief,10,85309,11,Thief,8.17,16,3,2
339,94.67,5,3,F,Fighter,10,61244,13,Fighter,3.86,13,2,4
334,60.8,0,1,M,Fighter,40,48349,36,Thief,10.96,16,3,5
339,78.94,5,3,F,Fighter,10,71194,10,Mage,4.56,12,2,4
333,54.81,-2,5,F,Fighter,30,32438,31,Thief,9.6,17,3,5
331,99.85,2,-5,F,Mage,40,51279,38,Thief,12.19,14,3,5
304,6.18,3,-5,M,Thief,10,23904,14,Fighter,10.85,16,4,1
303,45.27,0,1,M,Thief,10,41747,7,Fighter,9.61,18,4,2
343,29.96,1,-4,M,Mage,10,46955,10,Thief,8.47,17,4,2
335,69.28,2,-1,F,Fighter,30,35847,29,Mage,10.59,15,3,5
346,101.88,-3,5,F,Fighter,30,76651,32,Thief,12.0,17,3,4
334,65.71,0,1,M,Fighter,40,88020,45,Fighter,11.67,16,3,5
319,65.17,0,-3,M,Mage,40,63631,39,Thief,11.18,15,3,5
312,72.92,4,5,M,Mage,10,83886,15,Thief,7.07,17,2,3
334,64.31,0,1,M,Fighter,40,84450,37,Fighter,10.98,16,3,5
350,79.04,5,5,F,Mage,40,57818,40,Mage,11.8,14,3,5
302,66.76,2,-5,F,Mage,10,60657,10,Mage,6.85,17,3,3
346,119.38,-3,5,F,Fighter,30,17566,32,Mage,11.27,14,3,4
309,32.91,-5,-3,M,Thief,40,16495,37,Fighter,10.54,17,3,5
307,51.31,-5,-3,M,Mage,30,38690,27,Mage,8.95,16,3,4
332,18.28,3,-2,F,Thief,10,52152,10,Fighter,11.35,16,4,1
348,79.14,-3,1,F,Thief,30,83045,26,Mage,11.63,15,3,4
301,97.39,-2,5,F,Fighter,40,20902,44,Thief,11.31,14,3,4
337,54.09,-1,1,F,Thief,40,83926,44,Mage,11.79,15,4,4
301,108.5,-2,5,F,Fighter,40,32315,44,Thief,12.5,13,3,4
320,18.69,-5,4,F,Fighter,40,27329,38,Mage,9.76,17,3,5
342,100.87,5,1,M,Mage,40,27329,38,Mage,12.49,15,3,5
347,1.58,5,0,F,Mage,10,53112,9,Mage,10.69,14,5,1
329,66.43,0,-1,F,Mage,10,14988,12,Thief,6.34,15,2,3
319,83.06,0,-3,M,Mage,40,86656,41,Mage,11.7,16,3,5
324,6.63,-5,0,M,Fighter,40,71168,43,Thief,10.76,15,3,5
343,25.65,1,-4,M,Mage,10,70914,11,Fighter,8.92,17,4,2
303,44.69,0,1,M,Thief,10,82622,8,Fighter,9.53,17,4,2
327,88.29,-4,2,M,Mage,20,48176,21,Fighter,11.16,16,3,4
307,54.7,-5,-3,M,Mage,30,57566,30,Mage,9.31,16,3,5
340,23.0,3,0,F,Thief,20,82555,16,Thief,10.52,17,4,2
303,42.65,0,1,M,Thief,10,34085,8,Fighter,9.06,16,4,2
324,11.7,-5,0,M,Fighter,40,34893,39,Mage,10.19,16,3,5
305,12.8,0,-2,F,Thief,30,30541,31,Mage,9.31,16,3,5
301,88.56,-2,5,F,Fighter,40,30704,44,Thief,11.74,15,3,4
322,105.79,4,2,F,Fighter,40,32064,40,Mage,12.31,14,3,5
312,56.25,4,5,M,Mage,10,53112,9,Mage,7.2,16,2,3
345,60.15,-5,-4,M,Fighter,30,42829,29,Mage,9.98,16,3,4
330,2.8,5,-4,M,Thief,10,76966,13,Fighter,11.08,15,5,1
335,66.74,2,-1,F,Fighter,30,38690,27,Mage,11.07,16,3,4
325,11.14,-3,2,F,Fighter,30,16136,25,Mage,8.3,18,2,5
349,38.86,3,-1,M,Fighter,30,73743,26,Mage,8.86,17,3,5
310,5.01,-1,-5,F,Mage,30,25449,31,Fighter,8.31,15,3,5
339,85.2,5,3,F,Fighter,10,45657,12,Thief,4.1,13,1,4
305,15.67,0,-2,F,Thief,30,38685,27,Fighter,8.61,15,3,5
316,9.96,0,-3,F,Thief,30,57345,25,Fighter,7.44,16,2,6
328,71.06,-2,0,F,Thief,30,17433,28,Mage,9.89,16,3,5
302,71.65,2,-5,F,Mage,10,57354,6,Fighter,6.8,16,3,2
316,9.57,0,-3,F,Thief,30,86602,25,Thief,7.79,17,2,6
343,28.66,1,-4,M,Mage,10,43442,8,Fighter,9.22,16,4,2
304,14.54,3,-5,M,Thief,10,62632,7,Thief,10.28,16,5,1
333,48.26,-2,5,F,Fighter,30,41707,29,Fighter,9.56,16,3,5
341,1.17,-2,3,F,Fighter,10,71324,9,Thief,11.22,14,5,1
335,66.02,2,-1,F,Fighter,30,19390,32,Mage,10.54,16,3,5
304,4.7,3,-5,M,Thief,10,35954,13,Mage,11.04,17,4,1
336,10.5,-5,1,F,Thief,40,82319,43,Thief,10.52,16,3,5
349,37.18,3,-1,M,Fighter,30,38377,26,Thief,9.31,15,3,5
338,94.63,4,-5,F,Fighter,40,27329,38,Mage,11.29,15,3,5
309,40.08,-5,-3,M,Thief,40,59035,42,Thief,10.97,16,3,5
325,19.67,-3,2,F,Fighter,30,84041,28,Fighter,8.16,18,3,5
321,106.09,0,-1,F,Mage,30,17810,26,Mage,10.92,17,3,5
344,77.71,4,1,M,Fighter,20,62722,22,Mage,9.9,16,3,4
328,60.66,-2,0,F,Thief,30,19694,35,Thief,10.82,16,3,5
333,60.69,-2,5,F,Fighter,30,81290,29,Thief,9.31,16,3,4
346,99.71,-3,5,F,Fighter,30,76651,32,Thief,12.15,14,3,4
316,0.0,0,-3,F,Thief,30,48331,25,Mage,7.34,16,2,6
333,44.22,-2,5,F,Fighter,30,24191,32,Thief,10.28,16,3,5
313,55.91,5,-5,F,Thief,10,25928,7,Mage,8.67,17,3,2
348,88.97,-3,1,F,Thief,30,41677,25,Mage,11.28,16,3,4
346,113.2,-3,5,F,Fighter,30,22118,28,Fighter,12.37,15,3,4
308,90.29,-2,5,F,Mage,20,34454,21,Mage,10.94,16,3,4
312,49.5,4,5,M,Mage,10,57354,6,Fighter,7.63,15,3,3
317,87.4,4,2,M,Thief,40,16084,38,Thief,12.07,15,3,5
322,101.82,4,2,F,Fighter,40,75694,35,Thief,11.8,15,3,5
330,1.3,5,-4,M,Thief,10,15416,13,Mage,10.54,16,4,1
334,55.25,0,1,M,Fighter,40,66602,40,Thief,11.27,17,3,5
317,75.23,4,2,M,Thief,40,10264,43,Mage,11.81,14,3,5
319,82.12,0,-3,M,Mage,40,48927,45,Thief,11.52,16,3,5
349,35.3,3,-1,M,Fighter,30,30311,34,Thief,9.76,16,3,5
303,33.61,0,1,M,Thief,10,38157,5,Mage,9.25,16,4,2
320,16.66,-5,4,F,Fighter,40,30704,44,Thief,10.83,15,3,5
320,5.19,-5,4,F,Fighter,40,73486,40,Mage,9.13,15,3,5
337,52.88,-1,1,F,Thief,40,89884,35,Thief,9.77,15,3,5
304,6.78,3,-5,M,Thief,10,89276,13,Thief,10.47,15,4,1
302,70.75,2,-5,F,Mage,10,60001,11,Thief,7.33,16,3,3
309,45.16,-5,-3,M,Thief,40,84392,40,Fighter,9.93,16,3,5
330,4.78,5,-4,M,Thief,10,38000,12,Thief,10.6,15,4,1
304,17.18,3,-5,M,Thief,10,15416,13,Mage,10.82,17,4,1
334,67.1,0,1,M,Fighter,40,48927,45,Thief,11.68,16,3,5
327,95.91,-4,2,M,Mage,20,41011,24,Fighter,10.85,17,3,4
324,7.66,-5,0,M,Fighter,40,15157,44,Mage,9.89,18,3,5
348,79.71,-3,1,F,Thief,30,20887,28,Mage,11.23,16,3,4
304,20.32,3,-5,M,Thief,10,86605,9,Fighter,10.93,15,5,1
318,84.11,3,2,F,Mage,30,57566,30,Mage,10.62,16,3,5
349,32.92,3,-1,M,Fighter,30,87622,33,Mage,9.24,18,3,5
302,68.58,2,-5,F,Mage,10,38217,6,Thief,7.1,17,2,3
322,103.0,4,2,F,Fighter,40,56013,36,Thief,12.3,16,3,5
325,23.91,-3,2,F,Fighter,30,61609,34,Thief,9.18,16,3,5
306,91.15,0,5,M,Mage,10,87739,8,Thief,2.34,10,1,4
317,83.77,4,2,M,Thief,40,75694,35,Thief,11.77,16,3,5
325,12.72,-3,2,F,Fighter,30,88841,34,Fighter,8.72,17,3,5
345,38.71,-5,-4,M,Fighter,30,27891,31,Fighter,10.4,16,3,4
308,109.34,-2,5,F,Mage,20,58939,24,Thief,11.39,14,3,4
334,64.83,0,1,M,Fighter,40,35033,37,Mage,11.44,15,3,5
350,64.07,5,5,F,Mage,40,51841,37,Mage,11.72,17,3,5
322,97.77,4,2,F,Fighter,40,76336,42,Thief,11.42,14,3,5
346,109.5,-3,5,F,Fighter,30,42545,31,Thief,11.54,16,3,4
330,16.05,5,-4,M,Thief,10,31117,10,Thief,10.73,14,4,1
334,49.68,0,1,M,Fighter,40,85057,43,Thief,11.7,14,3,5
329,61.43,0,-1,F,Mage,10,41730,7,Thief,5.35,15,2,3
334,50.59,0,1,M,Fighter,40,23820,37,Thief,11.05,14,3,5
343,26.05,1,-4,M,Mage,10,54720,7,Thief,9.07,16,4,2
322,95.47,4,2,F,Fighter,40,43850,42,Fighter,11.85,17,3,5
332,21.96,3,-2,F,Thief,10,35086,7,Mage,10.31,17,5,1
320,22.81,-5,4,F,Fighter,40,20902,44,Thief,9.34,17,3,5
307,44.66,-5,-3,M,Mage,30,25168,31,Fighter,10.4,17,3,5
350,74.5,5,5,F,Mage,40,27329,38,Mage,11.41,16,3,5
313,55.75,5,-5,F,Thief,10,39882,12,Mage,8.2,17,3,2
305,12.58,0,-2,F,Thief,30,61609,34,Thief,9.29,18,3,5
327,94.58,-4,2,M,Mage,20,87113,25,Thief,11.78,16,3,5
330,6.74,5,-4,M,Thief,10,19713,5,Fighter,10.24,16,5,2
350,73.0,5,5,F,Mage,40,68120,40,Thief,11.55,14,3,5
341,4.42,-2,3,F,Fighter,10,25790,13,Fighter,10.89,15,5,1
342,104.51,5,1,M,Mage,40,73241,36,Fighter,12.33,15,3,4
345,49.7,-5,-4,M,Fighter,30,76107,33,Mage,9.47,16,3,5
320,8.14,-5,4,F,Fighter,40,44663,41,Fighter,9.85,17,3,5
334,61.95,0,1,M,Fighter,40,76153,43,Fighter,11.53,15,3,5
341,9.81,-2,3,F,Fighter,10,39590,5,Thief,11.63,15,5,1
335,75.14,2,-1,F,Fighter,30,27138,30,Thief,10.86,15,3,5
317,87.81,4,2,M,Thief,40,47409,36,Mage,12.07,15,3,5
301,104.09,-2,5,F,Fighter,40,51500,35,Mage,12.29,15,4,4
308,107.68,-2,5,F,Mage,20,88365,23,Thief,11.29,16,3,4
334,72.9,0,1,M,Fighter,40,50149,42,Thief,11.93,15,3,5
334,73.04,0,1,M,Fighter,40,62543,43,Fighter,12.02,16,3,5
335,65.48,2,-1,F,Fighter,30,67017,35,Mage,11.45,15,3,4
317,92.53,4,2,M,Thief,40,74736,38,Fighter,12.5,15,3,5
346,114.26,-3,5,F,Fighter,30,86444,33,Mage,11.53,14,3,4
348,77.34,-3,1,F,Thief,30,73438,31,Fighter,11.85,16,3,5
320,2.52,-5,4,F,Fighter,40,81724,40,Mage,9.42,17,3,5
315,94.31,-3,-3,F,Fighter,20,67914,25,Fighter,11.4,15,3,5
335,61.83,2,-1,F,Fighter,30,58507,25,Mage,10.28,16,3,5
306,97.02,0,5,M,Mage,10,80546,5,Mage,3.23,11,1,4
313,39.77,5,-5,F,Thief,10,80546,5,Mage,8.26,16,3,2
349,24.81,3,-1,M,Fighter,30,21468,27,Mage,8.67,16,3,5
309,43.08,-5,-3,M,Thief,40,39861,37,Thief,10.46,18,3,4
316,0.0,0,-3,F,Thief,30,17527,32,Mage,8.15,16,3,5
321,105.06,0,-1,F,Mage,30,25168,31,Fighter,11.79,16,3,4
339,86.95,5,3,F,Fighter,10,46955,10,Thief,4.44,14,1,4
317,79.2,4,2,M,Thief,40,71637,43,Fighter,11.99,14,3,5
326,47.81,-1,-1,M,Mage,20,26828,22,Thief,8.71,17,3,5
309,37.55,-5,-3,M,Thief,40,27329,38,Mage,10.54,16,3,5
309,43.01,-5,-3,M,Thief,40,19694,35,Thief,9.74,16,3,5
313,37.1,5,-5,F,Thief,10,61576,9,Thief,8.56,17,3,2
322,86.08,4,2,F,Fighter,40,28369,39,Thief,11.83,13,3,5
346,108.14,-3,5,F,Fighter,30,62766,25,Thief,11.3,16,3,4
350,79.18,5,5,F,Mage,40,31548,43,Fighter,12.37,16,3,5
319,67.48,0,-3,M,Mage,40,66852,45,Thief,11.6,15,3,4
317,91.02,4,2,M,Thief,40,13308,38,Mage,12.21,14,3,5
341,0.0,-2,3,F,Fighter,10,68432,12,Fighter,11.17,15,5,1
317,92.4,4,2,M,Thief,40,75698,35,Mage,12.11,14,3,5
338,92.18,4,-5,F,Fighter,40,61307,37,Fighter,11.71,15,3,5
312,69.5,4,5,M,Mage,10,63765,7,Mage,6.97,16,3,3
350,70.03,5,5,F,Mage,40,39215,39,Mage,11.1,15,3,5
301,93.8,-2,5,F,Fighter,40,62543,43,Fighter,12.24,15,3,4
337,56.47,-1,1,F,Thief,40,57280,43,Fighter,10.89,16,4,4
347,0.0,5,0,F,Mage,10,87982,10,Thief,11.83,16,5,1
331,103.28,2,-5,F,Mage,40,32064,40,Mage,11.55,15,3,5
335,85.15,2,-1,F,Fighter,30,47138,33,Thief,11.52,16,3,5
346,116.56,-3,5,F,Fighter,30,15533,25,Mage,11.63,15,3,4
342,97.74,5,1,M,Mage,40,46241,38,Thief,12.25,15,3,5
304,24.1,3,-5,M,Thief,10,37473,5,Thief,10.55,15,5,1
338,102.85,4,-5,F,Fighter,40,13109,38,Mage,12.5,15,3,5
331,97.01,2,-5,F,Mage,40,53013,38,Mage,11.71,14,4,5
317,75.06,4,2,M,Thief,40,62232,43,Thief,12.24,15,3,5
345,58.73,-5,-4,M,Fighter,30,40051,32,Mage,10.48,17,3,4
332,3.23,3,-2,F,Thief,10,82947,14,Mage,10.59,17,4,1
324,14.29,-5,0,M,Fighter,40,58474,36,Thief,9.4,15,3,5
335,78.5,2,-1,F,Fighter,30,35847,29,Mage,10.52,15,3,4
319,71.01,0,-3,M,Mage,40,29767,40,Fighter,11.21,14,3,5
310,4.46,-1,-5,F,Mage,30,72803,26,Fighter,7.46,16,3,5
333,53.44,-2,5,F,Fighter,30,47511,25,Thief,9.09,16,3,5
324,19.59,-5,0,M,Fighter,40,72663,45,Fighter,10.89,16,3,5
330,8.8,5,-4,M,Thief,10,55130,9,Fighter,11.61,17,4,1
334,59.5,0,1,M,Fighter,40,50149,42,Thief,11.8,14,3,5
349,34.76,3,-1,M,Fighter,30,89884,35,Thief,9.67,17,3,5
330,8.61,5,-4,M,Thief,10,70947,13,Mage,10.88,15,4,1
345,47.46,-5,-4,M,Fighter,30,40451,25,Mage,9.54,17,3,4
347,11.32,5,0,F,Mage,10,67212,10,Mage,11.4,16,5,1
310,21.17,-1,-5,F,Mage,30,82350,31,Thief,9.26,17,3,6
337,52.77,-1,1,F,Thief,40,70834,35,Thief,10.28,16,3,5
330,12.34,5,-4,M,Thief,10,24903,8,Mage,10.46,15,4,1
307,37.83,-5,-3,M,Mage,30,38195,35,Thief,9.87,16,3,4
322,88.03,4,2,F,Fighter,40,81499,43,Fighter,11.18,16,4,5
338,92.13,4,-5,F,Fighter,40,80734,41,Thief,11.78,15,3,5
324,6.91,-5,0,M,Fighter,40,25953,39,Thief,9.31,17,3,5
329,82.02,0,-1,F,Mage,10,31723,10,Thief,5.33,15,2,3
318,69.74,3,2,F,Mage,30,64270,33,Thief,10.5,17,3,5
327,76.6,-4,2,M,Mage,20,68910,24,Mage,10.75,16,3,4
305,19.17,0,-2,F,Thief,30,83619,25,Mage,7.88,16,2,5
305,22.81,0,-2,F,Thief,30,76049,28,Mage,8.87,17,2,5
310,12.02,-1,-5,F,Mage,30,38265,26,Thief,8.29,16,3,5
305,34.24,0,-2,F,Thief,30,52136,34,Thief,8.87,17,3,5
312,64.33,4,5,M,Mage,10,24572,7,Thief,8.27,16,3,3
341,0.0,-2,3,F,Fighter,10,34787,7,Fighter,11.7,17,5,1
309,27.96,-5,-3,M,Thief,40,15064,45,Fighter,10.78,16,3,5
340,28.59,3,0,F,Thief,20,59661,17,Fighter,9.6,17,4,2
336,9.56,-5,1,F,Thief,40,58388,40,Thief,10.05,18,3,5
303,26.01,0,1,M,Thief,10,83013,15,Fighter,8.52,18,4,2
350,67.58,5,5,F,Mage,40,24800,44,Thief,11.55,15,3,5
350,80.8,5,5,F,Mage,40,80223,37,Fighter,11.38,17,3,5
313,47.23,5,-5,F,Thief,10,51211,7,Mage,8.6,17,3,3
313,47.83,5,-5,F,Thief,10,51211,7,Mage,9.09,16,3,2
317,89.47,4,2,M,Thief,40,46241,38,Thief,12.28,14,3,5
328,50.28,-2,0,F,Thief,30,42448,27,Mage,10.23,15,3,4
336,3.62,-5,1,F,Thief,40,69860,39,Mage,10.2,17,3,5
303,30.5,0,1,M,Thief,10,71599,10,Fighter,9.86,16,3,2
342,100.51,5,1,M,Mage,40,62232,43,Thief,12.19,15,3,5
332,17.49,3,-2,F,Thief,10,89276,13,Thief,10.11,17,5,1
328,72.52,-2,0,F,Thief,30,10230,31,Fighter,11.01,16,3,4
314,60.25,-2,-2,F,Fighter,30,27922,33,Thief,11.38,16,3,5
301,95.67,-2,5,F,Fighter,40,51883,41,Mage,11.57,15,3,4
350,79.17,5,5,F,Mage,40,88020,45,Fighter,12.02,13,3,5
341,0.0,-2,3,F,Fighter,10,39286,9,Thief,11.2,16,5,1
334,56.08,0,1,M,Fighter,40,57235,37,Thief,10.6,15,3,4
302,51.5,2,-5,F,Mage,10,86822,14,Mage,7.24,16,2,3
306,104.89,0,5,M,Mage,10,76792,10,Fighter,2.72,10,1,4
313,49.42,5,-5,F,Thief,10,61064,14,Mage,8.36,17,3,2
323,3.1,-2,3,F,Mage,30,52136,34,Thief,8.19,16,3,5
331,106.9,2,-5,F,Mage,40,55539,39,Thief,11.86,15,3,5
328,51.89,-2,0,F,Thief,30,72240,33,Fighter,10.75,17,3,5
350,71.69,5,5,F,Mage,40,15768,43,Fighter,11.58,16,3,5
312,51.88,4,5,M,Mage,10,23904,14,Fighter,7.02,16,3,3
305,36.38,0,-2,F,Thief,30,26825,35,Fighter,9.4,16,3,5
348,76.81,-3,1,F,Thief,30,76049,28,Mage,10.55,16,3,4
332,21.75,3,-2,F,Thief,10,71222,14,Thief,9.98,16,4,1
346,106.94,-3,5,F,Fighter,30,89219,26,Thief,11.55,16,3,4
325,0.33,-3,2,F,Fighter,30,80485,31,Fighter,7.91,16,3,5
309,26.05,-5,-3,M,Thief,40,81661,39,Fighter,9.73,16,3,5
318,79.61,3,2,F,Mage,30,59240,33,Fighter,11.3,15,3,5
345,41.06,-5,-4,M,Fighter,30,62766,25,Thief,9.38,17,3,5
344,67.8,4,1,M,Fighter,20,52700,20,Thief,4.78,14,2,3
348,93.45,-3,1,F,Thief,30,16366,27,Thief,11.6,16,3,4
304,4.15,3,-5,M,Thief,10,58488,6,Thief,10.83,15,5,1
323,0.0,-2,3,F,Mage,30,87530,32,Fighter,8.54,16,3,5
317,88.42,4,2,M,Thief,40,40703,44,Fighter,11.96,15,3,5
328,60.54,-2,0,F,Thief,30,41677,25,Mage,9.62,15,3,5
328,69.8,-2,0,F,Thief,30,20887,28,Mage,10.27,16,3,5
346,113.12,-3,5,F,Fighter,30,63692,32,Mage,12.13,16,3,4
301,89.88,-2,5,F,Fighter,40,79430,39,Mage,12.02,15,3,4
329,75.73,0,-1,F,Mage,10,31773,6,Thief,5.98,14,2,3
314,68.68,-2,-2,F,Fighter,30,20887,28,Mage,10.47,16,3,4
347,8.59,5,0,F,Mage,10,41730,7,Thief,10.64,15,5,1
341,0.0,-2,3,F,Fighter,10,67356,7,Thief,11.78,16,5,1
315,99.05,-3,-3,F,Fighter,20,35137,23,Thief,11.54,15,3,4
330,16.49,5,-4,M,Thief,10,42251,13,Mage,10.98,15,4,1
347,0.0,5,0,F,Mage,10,29685,12,Mage,11.03,16,5,1
312,66.91,4,5,M,Mage,10,34085,8,Fighter,7.15,16,3,3
328,66.01,-2,0,F,Thief,30,11682,25,Thief,9.99,16,3,4
307,46.63,-5,-3,M,Mage,30,67250,28,Fighter,10.19,15,3,5
311,83.59,-2,-5,M,Mage,10,67356,7,Thief,6.19,15,2,3
307,47.09,-5,-3,M,Mage,30,72442,25,Thief,8.89,17,3,5
347,11.88,5,0,F,Mage,10,52756,10,Mage,11.7,16,5,1
312,63.38,4,5,M,Mage,10,68432,12,Fighter,6.45,16,2,3
303,32.32,0,1,M,Thief,10,27691,6,Thief,9.47,18,4,2
334,56.44,0,1,M,Fighter,40,60586,42,Fighter,11.56,14,3,5
315,85.79,-3,-3,F,Fighter,20,11838,23,Mage,11.45,15,3,5
338,103.63,4,-5,F,Fighter,40,64525,44,Fighter,12.4,13,3,4
338,102.28,4,-5,F,Fighter,40,32064,40,Mage,11.48,14,3,5
322,90.84,4,2,F,Fighter,40,41752,43,Fighter,10.84,16,3,5
329,75.69,0,-1,F,Mage,10,74518,8,Mage,5.69,15,2,3
346,107.0,-3,5,F,Fighter,30,40492,30,Mage,12.5,15,3,4
347,0.01,5,0,F,Mage,10,75270,11,Fighter,10.31,15,5,1
309,40.16,-5,-3,M,Thief,40,33606,42,Thief,10.33,16,3,5
337,43.55,-1,1,F,Thief,40,10715,38,Mage,11.14,17,3,5
304,6.68,3,-5,M,Thief,10,19713,5,Fighter,10.9,16,4,1
341,7.06,-2,3,F,Fighter,10,34087,12,Thief,10.96,17,5,1
303,34.85,0,1,M,Thief,10,81846,9,Mage,9.34,17,4,2
348,94.73,-3,1,F,Thief,30,80097,27,Mage,11.07,16,3,5
337,55.89,-1,1,F,Thief,40,58474,36,Thief,10.63,16,3,5
308,105.38,-2,5,F,Mage,20,37012,19,Thief,1.89,8,1,3
332,20.84,3,-2,F,Thief,10,39789,7,Fighter,10.5,16,5,1
317,89.28,4,2,M,Thief,40,67890,43,Fighter,11.82,15,3,5
320,2.98,-5,4,F,Fighter,40,33896,45,Fighter,9.51,16,3,5
331,109.63,2,-5,F,Mage,40,17523,45,Thief,11.23,14,3,5
350,77.34,5,5,F,Mage,40,19463,43,Thief,11.32,14,3,5
310,16.01,-1,-5,F,Mage,30,63021,27,Mage,8.14,15,3,5
301,90.46,-2,5,F,Fighter,40,86997,37,Mage,11.51,14,3,4
347,0.0,5,0,F,Mage,10,70947,13,Mage,11.13,16,5,1
313,56.29,5,-5,F,Thief,10,53538,15,Mage,8.58,17,3,3
339,73.74,5,3,F,Fighter,10,88724,8,Fighter,4.41,13,1,4
336,21.71,-5,1,F,Thief,40,71439,44,Fighter,9.8,15,3,5
304,12.23,3,-5,M,Thief,10,82108,11,Thief,10.99,16,4,1
349,45.2,3,-1,M,Fighter,30,37612,31,Fighter,9.63,16,3,5
325,18.25,-3,2,F,Fighter,30,45657,34,Thief,8.41,16,3,5
321,86.34,0,-1,F,Mage,30,15533,25,Mage,11.8,15,3,5
332,15.48,3,-2,F,Thief,10,52756,10,Mage,10.29,16,4,1
343,44.99,1,-4,M,Mage,10,57419,9,Mage,9.41,17,4,2
350,74.62,5,5,F,Mage,40,22845,36,Fighter,11.92,17,3,5
330,0.89,5,-4,M,Thief,10,14366,8,Thief,11.43,16,5,2
336,17.01,-5,1,F,Thief,40,19463,43,Thief,9.36,16,3,5
308,96.48,-2,5,F,Mage,20,77309,22,Thief,11.51,14,3,4
335,61.47,2,-1,F,Fighter,30,16869,34,Thief,11.27,14,3,5
318,81.44,3,2,F,Mage,30,75760,32,Fighter,11.06,16,3,5
321,107.14,0,-1,F,Mage,30,12892,32,Thief,11.73,16,3,4
312,62.76,4,5,M,Mage,10,37981,8,Thief,6.94,16,2,3
337,44.25,-1,1,F,Thief,40,87591,36,Mage,9.81,14,3,5
338,105.07,4,-5,F,Fighter,40,48351,36,Thief,12.02,16,3,5
308,100.15,-2,5,F,Mage,20,62766,25,Thief,11.24,16,3,4
332,12.61,3,-2,F,Thief,10,56849,8,Thief,10.63,15,5,1
332,0.93,3,-2,F,Thief,10,15269,12,Fighter,10.93,17,5,2
317,84.99,4,2,M,Thief,40,61041,43,Mage,11.58,15,3,5
331,93.72,2,-5,F,Mage,40,22840,36,Mage,11.41,15,3,5
317,79.62,4,2,M,Thief,40,20795,43,Fighter,12.23,15,3,5
338,100.88,4,-5,F,Fighter,40,85310,40,Thief,12.5,14,3,5
326,33.16,-1,-1,M,Mage,20,78490,15,Thief,8.66,16,3,2
305,13.58,0,-2,F,Thief,30,61609,34,Thief,9.85,15,3,5
312,71.5,4,5,M,Mage,10,74518,8,Mage,7.21,15,2,3
314,52.94,-2,-2,F,Fighter,30,81250,35,Fighter,10.2,16,3,4
311,65.39,-2,-5,M,Mage,10,27691,6,Thief,5.91,16,2,3
348,92.69,-3,1,F,Thief,30,42679,34,Mage,11.86,15,3,5
302,69.31,2,-5,F,Mage,10,31248,7,Thief,7.63,16,3,3
350,81.66,5,5,F,Mage,40,42251,39,Thief,11.64,15,3,5
312,60.97,4,5,M,Mage,10,86822,14,Mage,6.58,17,2,3
319,70.49,0,-3,M,Mage,40,81499,43,Fighter,12.38,15,3,5
314,56.17,-2,-2,F,Fighter,30,72240,33,Fighter,10.22,15,4,4
345,56.47,-5,-4,M,Fighter,30,52712,32,Mage,10.33,15,3,4
347,0.0,5,0,F,Mage,10,36520,6,Fighter,11.42,15,5,1
326,44.84,-1,-1,M,Mage,20,89290,16,Thief,9.27,16,3,1
312,67.72,4,5,M,Mage,10,26857,10,Thief,6.53,16,2,3
350,70.26,5,5,F,Mage,40,40703,44,Fighter,12.0,15,3,5
335,63.23,2,-1,F,Fighter,30,22426,30,Mage,11.02,14,3,5
343,41.2,1,-4,M,Mage,10,58599,9,Thief,9.7,17,4,2
345,54.99,-5,-4,M,Fighter,30,63006,30,Mage,10.55,16,3,4
317,88.17,4,2,M,Thief,40,16245,40,Fighter,11.79,15,3,5
341,0.0,-2,3,F,Fighter,10,19713,5,Fighter,11.84,15,5,0
307,49.13,-5,-3,M,Mage,30,57345,25,Fighter,9.54,15,3,4
335,81.47,2,-1,F,Fighter,30,86000,34,Mage,10.58,16,3,5
308,99.58,-2,5,F,Mage,20,31387,15,Thief,2.11,9,1,4
332,18.03,3,-2,F,Thief,10,68432,12,Fighter,10.96,15,5,1
337,52.39,-1,1,F,Thief,40,80459,39,Mage,10.82,15,3,5
309,40.95,-5,-3,M,Thief,40,88541,39,Mage,10.77,17,3,5
346,115.99,-3,5,F,Fighter,30,88385,31,Fighter,12.01,16,3,5
301,89.1,-2,5,F,Fighter,40,12710,36,Fighter,11.59,16,3,5
319,79.34,0,-3,M,Mage,40,11421,38,Fighter,11.53,16,3,5
332,9.58,3,-2,F,Thief,10,50547,10,Fighter,11.03,16,4,2
322,95.6,4,2,F,Fighter,40,19512,41,Fighter,11.7,15,3,5
319,79.69,0,-3,M,Mage,40,29937,40,Mage,11.1,15,3,5
307,43.57,-5,-3,M,Mage,30,38690,27,Mage,9.26,17,3,4
321,90.14,0,-1,F,Mage,30,33815,29,Mage,11.42,15,3,5
326,27.19,-1,-1,M,Mage,20,87826,20,Fighter,9.01,16,4,2
318,74.74,3,2,F,Mage,30,57436,26,Fighter,10.69,16,3,5
320,17.07,-5,4,F,Fighter,40,80459,39,Mage,9.08,16,3,6
340,17.27,3,0,F,Thief,20,10212,16,Fighter,10.31,18,4,2
326,47.74,-1,-1,M,Mage,20,28124,18,Mage,9.11,15,4,2
341,5.44,-2,3,F,Fighter,10,25790,13,Fighter,11.61,14,5,1
337,54.37,-1,1,F,Thief,40,57759,39,Thief,10.7,15,3,5
322,96.42,4,2,F,Fighter,40,16084,38,Thief,12.5,15,3,4
338,102.45,4,-5,F,Fighter,40,22786,39,Thief,11.59,16,4,5
341,0.0,-2,3,F,Fighter,10,11542,10,Mage,11.99,15,5,1
338,102.18,4,-5,F,Fighter,40,76430,43,Mage,11.89,14,3,4
348,91.8,-3,1,F,Thief,30,75760,32,Fighter,11.58,15,3,4
339,84.9,5,3,F,Fighter,10,54079,10,Fighter,4.97,13,2,3
347,6.09,5,0,F,Mage,10,56849,8,Thief,10.76,16,5,1
336,18.56,-5,1,F,Thief,40,25663,43,Mage,9.31,16,3,5
348,94.39,-3,1,F,Thief,30,16136,25,Mage,10.79,16,3,4
347,7.01,5,0,F,Mage,10,45561,5,Thief,11.76,16,5,1
319,63.89,0,-3,M,Mage,40,35409,43,Fighter,11.78,16,3,4
350,65.39,5,5,F,Mage,40,60586,42,Fighter,11.87,15,3,5
328,61.38,-2,0,F,Thief,30,83619,25,Mage,9.73,15,3,5
339,89.52,5,3,F,Fighter,10,63493,8,Mage,4.2,12,2,4
340,24.81,3,0,F,Thief,20,58507,25,Mage,8.3,17,3,5
301,104.68,-2,5,F,Fighter,40,47409,36,Mage,11.43,14,3,4
333,58.77,-2,5,F,Fighter,30,88841,34,Fighter,10.67,15,3,4
313,52.53,5,-5,F,Thief,10,58599,9,Thief,8.97,17,3,2
344,65.85,4,1,M,Fighter,20,66998,16,Mage,5.38,15,2,3
317,91.67,4,2,M,Thief,40,76430,43,Mage,11.52,14,3,5
317,81.7,4,2,M,Thief,40,14141,39,Fighter,10.99,16,3,5
350,75.49,5,5,F,Mage,40,48927,45,Thief,11.77,15,3,5
326,44.36,-1,-1,M,Mage,20,23647,24,Fighter,8.36,16,3,5
305,34.42,0,-2,F,Thief,30,87356,32,Fighter,9.09,15,3,5
321,105.93,0,-1,F,Mage,30,62686,27,Fighter,11.95,15,3,4
349,29.13,3,-1,M,Fighter,30,48478,27,Thief,9.32,16,3,5
334,50.73,0,1,M,Fighter,40,56125,42,Thief,11.45,16,3,5
327,89.15,-4,2,M,Mage,20,42866,15,Thief,4.68,12,1,3
324,10.63,-5,0,M,Fighter,40,63631,39,Thief,9.79,18,3,5
312,69.51,4,5,M,Mage,10,70179,14,Fighter,7.99,16,2,3
350,69.55,5,5,F,Mage,40,79800,42,Fighter,11.61,16,4,5
335,83.44,2,-1,F,Fighter,30,55217,27,Mage,10.85,16,3,4
331,89.04,2,-5,F,Mage,40,68113,44,Thief,12.11,15,4,5
303,38.88,0,1,M,Thief,10,74230,14,Fighter,9.09,17,4,2
335,81.88,2,-1,F,Fighter,30,61269,31,Mage,10.92,15,3,5
310,11.8,-1,-5,F,Mage,30,60189,34,Mage,8.97,17,3,5
314,59.37,-2,-2,F,Fighter,30,61269,31,Mage,11.2,17,3,5
347,0.0,5,0,F,Mage,10,15269,12,Fighter,11.06,15,5,1
309,31.69,-5,-3,M,Thief,40,21045,45,Thief,11.33,16,3,5
327,89.72,-4,2,M,Mage,20,47090,21,Mage,10.81,16,3,4
350,63.1,5,5,F,Mage,40,39861,37,Thief,11.32,15,3,5
333,52.84,-2,5,F,Fighter,30,63692,32,Mage,9.85,16,3,5
342,105.6,5,1,M,Mage,40,34923,42,Mage,11.81,15,3,5
346,101.46,-3,5,F,Fighter,30,12892,32,Thief,12.32,15,3,4
304,9.11,3,-5,M,Thief,10,14487,9,Thief,11.3,15,5,2
344,64.69,4,1,M,Fighter,20,60311,15,Thief,5.91,15,2,3
304,2.48,3,-5,M,Thief,10,47194,12,Mage,10.23,17,5,1
306,90.34,0,5,M,Mage,10,72913,6,Mage,2.33,11,1,4
343,42.85,1,-4,M,Mage,10,40692,15,Fighter,9.15,18,3,2
301,96.26,-2,5,F,Fighter,40,12029,38,Fighter,11.45,16,3,4
307,38.23,-5,-3,M,Mage,30,67250,28,Fighter,9.23,15,3,4
317,74.73,4,2,M,Thief,40,51883,41,Mage,11.72,15,3,5
335,75.22,2,-1,F,Fighter,30,57566,30,Mage,10.39,16,3,5
350,72.76,5,5,F,Mage,40,84392,40,Fighter,11.89,15,3,5
341,8.33,-2,3,F,Fighter,10,44519,8,Mage,11.61,14,5,1
334,61.38,0,1,M,Fighter,40,44819,38,Fighter,10.33,16,3,5
322,93.49,4,2,F,Fighter,40,67017,35,Mage,11.76,15,3,5
347,0.0,5,0,F,Mage,10,67356,7,Thief,11.44,16,5,1
312,70.74,4,5,M,Mage,10,40692,15,Fighter,6.87,16,2,3
320,16.35,-5,4,F,Fighter,40,21681,35,Mage,8.67,17,3,5
340,12.98,3,0,F,Thief,20,47474,19,Fighter,10.07,16,4,2
301,94.26,-2,5,F,Fighter,40,76336,42,Thief,12.11,17,3,4
323,0.0,-2,3,F,Mage,30,52028,34,Fighter,8.47,17,3,5
301,94.74,-2,5,F,Fighter,40,46241,38,Thief,11.62,15,3,4
343,34.09,1,-4,M,Mage,10,47469,13,Thief,9.1,16,4,2
318,73.7,3,2,F,Mage,30,18283,29,Thief,10.82,15,3,4
345,47.93,-5,-4,M,Fighter,30,52028,34,Fighter,10.01,17,3,4
331,99.31,2,-5,F,Mage,40,47409,36,Mage,12.25,15,3,4
307,52.03,-5,-3,M,Mage,30,72163,25,Thief,9.29,18,3,4
345,37.21,-5,-4,M,Fighter,30,27138,30,Thief,10.06,17,3,4
334,66.13,0,1,M,Fighter,40,82319,43,Thief,11.59,17,3,4
343,39.09,1,-4,M,Mage,10,42008,5,Mage,10.19,16,4,2
348,91.03,-3,1,F,Thief,30,32438,31,Thief,11.51,16,3,4
346,119.86,-3,5,F,Fighter,30,38265,26,Thief,12.01,15,3,4
301,102.94,-2,5,F,Fighter,40,76481,45,Thief,11.62,16,3,4
317,92.35,4,2,M,Thief,40,20795,43,Fighter,11.69,14,4,5
338,108.95,4,-5,F,Fighter,40,11367,35,Thief,11.67,15,3,5
323,4.73,-2,3,F,Mage,30,59889,35,Thief,9.3,16,3,6
318,69.2,3,2,F,Mage,30,47138,33,Thief,10.98,17,3,5
321,88.49,0,-1,F,Mage,30,89979,30,Fighter,12.12,16,3,5
335,69.03,2,-1,F,Fighter,30,35318,34,Thief,11.69,17,4,5
333,38.04,-2,5,F,Fighter,30,69434,33,Mage,10.02,16,3,5
347,0.0,5,0,F,Mage,10,19713,5,Fighter,11.88,15,5,1
345,44.77,-5,-4,M,Fighter,30,34653,29,Fighter,10.39,16,3,4
330,13.37,5,-4,M,Thief,10,37981,8,Thief,11.13,16,5,1
337,56.38,-1,1,F,Thief,40,76128,35,Fighter,10.77,16,3,5
310,21.06,-1,-5,F,Mage,30,67914,25,Fighter,7.48,18,2,5
330,5.78,5,-4,M,Thief,10,39286,9,Thief,11.21,15,4,1
302,69.88,2,-5,F,Mage,10,72913,6,Mage,7.0,16,3,3
313,43.88,5,-5,F,Thief,10,44566,9,Thief,8.89,17,3,2
335,62.21,2,-1,F,Fighter,30,83619,25,Mage,9.96,16,3,5
303,47.41,0,1,M,Thief,10,24416,12,Fighter,8.82,17,3,2
313,46.22,5,-5,F,Thief,10,56345,9,Mage,8.08,17,3,2
347,6.2,5,0,F,Mage,10,14487,9,Thief,11.27,15,5,1
305,30.62,0,-2,F,Thief,30,89219,26,Thief,8.27,16,3,5
302,61.61,2,-5,F,Mage,10,78461,9,Fighter,7.86,16,3,3
345,45.66,-5,-4,M,Fighter,30,75688,31,Fighter,9.63,17,3,4
309,29.53,-5,-3,M,Thief,40,33606,42,Thief,10.33,15,3,5
321,98.75,0,-1,F,Mage,30,76800,33,Fighter,12.45,14,3,5
342,86.04,5,1,M,Mage,40,88967,44,Thief,11.77,16,3,5
346,98.71,-3,5,F,Fighter,30,84041,28,Fighter,12.5,16,3,4
319,78.54,0,-3,M,Mage,40,70643,38,Fighter,12.2,15,3,4
344,82.27,4,1,M,Fighter,20,51135,21,Thief,9.29,17,3,5
341,0.0,-2,3,F,Fighter,10,15254,13,Thief,10.58,15,5,1
329,79.36,0,-1,F,Mage,10,27691,6,Thief,6.38,16,2,3
340,19.3,3,0,F,Thief,20,72733,20,Fighter,9.36,17,4,2
319,64.69,0,-3,M,Mage,40,68077,41,Fighter,11.2,15,3,4
317,73.93,4,2,M,Thief,40,60392,36,Fighter,11.56,16,3,5
342,107.67,5,1,M,Mage,40,55539,39,Thief,12.23,16,3,5
334,67.4,0,1,M,Fighter,40,76430,43,Mage,11.45,15,3,5
334,67.91,0,1,M,Fighter,40,48351,36,Thief,11.14,15,3,5
348,93.96,-3,1,F,Thief,30,52028,34,Fighter,11.4,16,3,4
344,71.7,4,1,M,Fighter,20,15533,25,Mage,9.81,16,3,4
334,63.3,0,1,M,Fighter,40,85255,43,Thief,11.55,15,3,4
340,36.06,3,0,F,Thief,20,34197,17,Thief,9.45,16,4,2
325,3.66,-3,2,F,Fighter,30,42448,27,Mage,7.13,16,2,5
336,5.65,-5,1,F,Thief,40,19235,38,Mage,9.71,16,3,5
333,37.19,-2,5,F,Fighter,30,64014,29,Thief,10.47,16,3,5
321,93.02,0,-1,F,Mage,30,83128,30,Thief,11.97,16,3,4
341,0.0,-2,3,F,Fighter,10,82839,10,Fighter,10.69,17,5,1
333,51.91,-2,5,F,Fighter,30,82807,28,Thief,9.76,17,3,5
347,6.81,5,0,F,Mage,10,31251,8,Mage,11.1,16,5,1
331,91.35,2,-5,F,Mage,40,32064,40,Mage,12.11,15,3,5
346,102.12,-3,5,F,Fighter,30,20887,28,Mage,11.85,15,3,4
305,17.72,0,-2,F,Thief,30,27597,34,Thief,9.35,17,3,5
341,9.18,-2,3,F,Fighter,10,83886,15,Thief,10.81,15,5,1
313,49.84,5,-5,F,Thief,10,23909,5,Thief,7.8,16,3,3
304,23.85,3,-5,M,Thief,10,34787,7,Fighter,11.11,15,5,2
322,97.9,4,2,F,Fighter,40,11367,35,Thief,11.82,14,3,5
310,20.87,-1,-5,F,Mage,30,69901,28,Mage,7.78,16,2,5
342,97.88,5,1,M,Mage,40,77239,38,Fighter,12.31,15,3,5
334,66.01,0,1,M,Fighter,40,51841,37,Mage,10.75,15,3,5
318,76.89,3,2,F,Mage,30,76800,33,Fighter,10.63,17,3,5
328,59.1,-2,0,F,Thief,30,37612,31,Fighter,10.32,16,3,4
333,53.32,-2,5,F,Fighter,30,75694,35,Thief,10.62,17,3,5
304,14.95,3,-5,M,Thief,10,83886,15,Thief,11.27,16,4,1
320,1.46,-5,4,F,Fighter,40,41752,43,Fighter,10.79,16,3,5
305,26.08,0,-2,F,Thief,30,26151,30,Mage,8.91,17,3,5
318,77.3,3,2,F,Mage,30,42829,29,Mage,10.91,17,3,5
347,0.0,5,0,F,Mage,10,53538,15,Mage,11.7,16,5,1
342,87.03,5,1,M,Mage,40,37653,40,Mage,12.18,14,3,5
340,13.91,3,0,F,Thief,20,62032,20,Mage,10.47,16,4,2
335,64.35,2,-1,F,Fighter,30,76107,33,Mage,11.18,16,3,5
328,52.83,-2,0,F,Thief,30,74185,30,Thief,10.38,14,3,5
304,7.04,3,-5,M,Thief,10,71752,7,Fighter,10.97,16,5,1
331,96.3,2,-5,F,Mage,40,16084,38,Thief,12.12,13,3,4
319,63.7,0,-3,M,Mage,40,55539,39,Thief,12.25,14,3,4
346,100.84,-3,5,F,Fighter,30,17433,28,Mage,11.74,16,3,4
339,83.84,5,3,F,Fighter,10,34085,8,Fighter,4.21,13,1,3
334,69.53,0,1,M,Fighter,40,72632,44,Thief,11.37,17,3,5
349,31.08,3,-1,M,Fighter,30,78198,35,Thief,10.54,16,3,5
345,41.72,-5,-4,M,Fighter,30,86444,33,Mage,10.45,16,3,5
322,103.75,4,2,F,Fighter,40,76014,44,Thief,11.89,17,3,5
328,59.11,-2,0,F,Thief,30,33192,27,Mage,9.75,17,3,5
321,108.47,0,-1,F,Mage,30,81250,35,Fighter,11.52,14,3,4
301,86.97,-2,5,F,Fighter,40,38195,35,Thief,12.06,16,3,4
319,82.62,0,-3,M,Mage,40,60392,36,Fighter,11.29,15,3,5
344,67.47,4,1,M,Fighter,20,34197,17,Thief,5.56,14,2,3
310,20.52,-1,-5,F,Mage,30,56207,28,Thief,7.66,16,3,5
308,97.95,-2,5,F,Mage,20,41677,25,Mage,11.58,15,3,4
341,6.21,-2,3,F,Fighter,10,44481,8,Fighter,11.76,17,5,1
342,88.68,5,1,M,Mage,40,86997,37,Mage,12.46,14,3,5
346,103.39,-3,5,F,Fighter,30,25091,32,Mage,11.42,14,3,4
334,58.73,0,1,M,Fighter,40,25953,39,Thief,11.99,15,3,4
342,96.6,5,1,M,Mage,40,16311,42,Fighter,11.95,15,3,5
314,54.38,-2,-2,F,Fighter,30,34213,32,Fighter,10.73,17,3,5
303,29.42,0,1,M,Thief,10,76185,10,Thief,9.14,15,3,2
339,78.06,5,3,F,Fighter,10,14988,12,Thief,4.73,13,2,3
346,100.15,-3,5,F,Fighter,30,27444,29,Mage,11.78,14,3,5
334,68.26,0,1,M,Fighter,40,45278,37,Mage,11.77,15,3,4
309,47.11,-5,-3,M,Thief,40,61307,37,Fighter,9.99,16,3,5
334,66.95,0,1,M,Fighter,40,43761,36,Thief,11.42,16,3,5
332,12.09,3,-2,F,Thief,10,67356,7,Thief,10.05,16,4,1
345,42.07,-5,-4,M,Fighter,30,73528,28,Thief,10.06,16,3,5
313,51.88,5,-5,F,Thief,10,17725,9,Mage,8.19,16,3,2
341,5.41,-2,3,F,Fighter,10,77243,15,Fighter,10.62,16,5,0
319,61.59,0,-3,M,Mage,40,19512,41,Fighter,11.43,15,3,4
330,1.54,5,-4,M,Thief,10,36520,6,Fighter,11.18,16,4,1
342,109.58,5,1,M,Mage,40,63631,39,Thief,11.96,16,3,5
332,17.3,3,-2,F,Thief,10,82108,11,Thief,11.06,15,4,2
312,68.93,4,5,M,Mage,10,74230,14,Fighter,6.84,16,2,3
329,69.58,0,-1,F,Mage,10,58538,6,Mage,6.45,15,2,3
330,3.65,5,-4,M,Thief,10,81846,9,Mage,10.55,15,4,2
350,76.73,5,5,F,Mage,40,19512,41,Fighter,12.26,16,3,5
303,42.89,0,1,M,Thief,10,68983,15,Mage,9.4,18,3,2
322,92.95,4,2,F,Fighter,40,19512,41,Fighter,12.5,14,3,4
347,0.0,5,0,F,Mage,10,23904,14,Fighter,11.43,15,5,1
322,101.69,4,2,F,Fighter,40,29937,40,Mage,11.47,13,3,5
335,72.18,2,-1,F,Fighter,30,82807,28,Thief,10.66,15,3,5
318,71.78,3,2,F,Mage,30,42448,27,Mage,11.58,16,3,5
328,68.71,-2,0,F,Thief,30,35318,34,Thief,10.84,17,3,4
331,88.01,2,-5,F,Mage,40,57818,40,Mage,11.7,15,3,4
307,53.94,-5,-3,M,Mage,30,73438,31,Fighter,9.79,17,3,5
309,45.87,-5,-3,M,Thief,40,71618,41,Mage,9.75,16,3,5
317,90.72,4,2,M,Thief,40,10832,38,Mage,11.86,14,3,5
322,105.23,4,2,F,Fighter,40,25904,42,Mage,11.75,15,3,5
344,82.5,4,1,M,Fighter,20,68983,15,Mage,5.47,15,2,3
316,0.0,0,-3,F,Thief,30,69901,28,Mage,7.88,15,2,6
332,14.67,3,-2,F,Thief,10,35161,10,Mage,11.01,17,4,1
324,12.95,-5,0,M,Fighter,40,76481,45,Thief,10.0,16,3,5
324,23.74,-5,0,M,Fighter,40,59035,42,Thief,9.46,17,3,5
327,75.53,-4,2,M,Mage,20,23459,25,Fighter,10.65,16,3,4
342,102.7,5,1,M,Mage,40,35162,41,Mage,11.92,15,3,5
307,53.74,-5,-3,M,Mage,30,37476,27,Thief,9.98,17,3,5
337,41.87,-1,1,F,Thief,40,89172,41,Mage,10.93,18,3,5
335,72.73,2,-1,F,Fighter,30,80080,27,Mage,10.49,16,3,5
319,68.87,0,-3,M,Mage,40,28369,39,Thief,11.46,14,3,5
348,93.41,-3,1,F,Thief,30,88880,32,Thief,12.02,14,3,4
334,61.78,0,1,M,Fighter,40,19056,40,Thief,11.28,15,3,5
325,17.99,-3,2,F,Fighter,30,71073,26,Fighter,7.42,16,3,5
332,18.47,3,-2,F,Thief,10,76472,8,Mage,10.25,17,5,1
303,42.58,0,1,M,Thief,10,17725,9,Mage,9.61,17,4,2
336,14.85,-5,1,F,Thief,40,25054,44,Mage,9.71,17,3,5
338,94.5,4,-5,F,Fighter,40,30704,44,Thief,11.18,16,3,5
328,54.96,-2,0,F,Thief,30,58507,25,Mage,9.94,16,3,5
308,99.61,-2,5,F,Mage,20,48212,21,Thief,10.96,16,3,4
303,33.8,0,1,M,Thief,10,17335,6,Thief,9.51,16,4,2
333,38.74,-2,5,F,Fighter,30,72442,25,Thief,9.37,17,3,4
339,87.54,5,3,F,Fighter,10,34085,8,Fighter,4.15,14,1,4
328,69.93,-2,0,F,Thief,30,67621,35,Fighter,10.87,16,3,5
345,41.24,-5,-4,M,Fighter,30,64014,29,Thief,9.45,17,3,5
333,46.85,-2,5,F,Fighter,30,86000,34,Mage,10.85,15,3,5
322,97.12,4,2,F,Fighter,40,56013,36,Thief,12.03,16,3,5
303,35.47,0,1,M,Thief,10,88724,8,Fighter,9.69,16,4,2
338,103.31,4,-5,F,Fighter,40,39215,39,Mage,11.11,17,3,5
318,74.07,3,2,F,Mage,30,64270,33,Thief,11.71,15,3,5
301,98.68,-2,5,F,Fighter,40,89408,41,Fighter,11.88,16,3,5
314,57.57,-2,-2,F,Fighter,30,27891,31,Fighter,10.73,16,3,5
301,107.43,-2,5,F,Fighter,40,55675,38,Mage,11.92,16,3,5
331,90.15,2,-5,F,Mage,40,14904,36,Mage,12.09,15,3,5
319,68.37,0,-3,M,Mage,40,16245,40,Fighter,11.01,16,3,4
347,4.05,5,0,F,Mage,10,18016,11,Fighter,10.87,15,5,1
331,102.49,2,-5,F,Mage,40,57235,37,Thief,12.26,15,3,5
309,48.33,-5,-3,M,Thief,40,34923,42,Mage,9.96,17,3,4
344,71.48,4,1,M,Fighter,20,74131,23,Mage,10.34,15,3,5
318,83.15,3,2,F,Mage,30,75698,35,Mage,11.15,15,4,5
318,83.05,3,2,F,Mage,30,85461,33,Mage,10.96,16,3,5
313,40.14,5,-5,F,Thief,10,74518,8,Mage,8.96,15,3,3
330,0.3,5,-4,M,Thief,10,83013,15,Fighter,10.52,16,4,1
350,77.55,5,5,F,Mage,40,68077,41,Fighter,12.23,15,4,5
336,19.01,-5,1,F,Thief,40,15157,44,Mage,9.9,17,3,5
338,97.3,4,-5,F,Fighter,40,35409,43,Fighter,11.88,16,4,5
337,51.42,-1,1,F,Thief,40,23431,41,Thief,11.2,17,3,5
307,57.94,-5,-3,M,Mage,30,64014,29,Thief,9.11,18,3,5
340,19.5,3,0,F,Thief,20,77793,21,Mage,7.67,16,2,5
318,81.27,3,2,F,Mage,30,67018,27,Thief,9.96,17,3,5
347,0.0,5,0,F,Mage,10,35912,8,Thief,11.07,16,5,1
301,89.99,-2,5,F,Fighter,40,25904,42,Mage,11.64,16,3,4
302,63.25,2,-5,F,Mage,10,29685,12,Mage,6.72,15,3,3
307,47.1,-5,-3,M,Mage,30,27216,30,Thief,9.68,17,3,4
332,0.88,3,-2,F,Thief,10,33144,9,Thief,11.07,15,5,1
342,87.43,5,1,M,Mage,40,22840,36,Mage,12.14,15,3,5
338,87.53,4,-5,F,Fighter,40,35103,45,Mage,11.44,15,3,5
307,46.69,-5,-3,M,Mage,30,40051,32,Mage,10.1,17,3,4
343,38.16,1,-4,M,Mage,10,63765,7,Mage,9.94,17,4,2
321,100.06,0,-1,F,Mage,30,51500,35,Mage,12.29,15,3,4
325,5.13,-3,2,F,Fighter,30,24544,33,Fighter,9.38,17,3,5
303,35.81,0,1,M,Thief,10,17243,5,Thief,9.25,17,4,2
336,22.37,-5,1,F,Thief,40,13892,41,Fighter,9.32,17,3,5
345,55.33,-5,-4,M,Fighter,30,48478,27,Thief,9.82,18,3,5
320,7.19,-5,4,F,Fighter,40,83926,44,Mage,10.5,16,3,5
309,36.07,-5,-3,M,Thief,40,32064,40,Mage,10.83,16,3,5
349,44.73,3,-1,M,Fighter,30,48423,31,Thief,10.02,15,3,5
313,43.2,5,-5,F,Thief,10,61320,13,Thief,8.74,16,3,2
336,11.19,-5,1,F,Thief,40,29937,40,Mage,10.01,17,3,5
304,11.53,3,-5,M,Thief,10,87382,11,Mage,10.76,17,4,1
320,0.88,-5,4,F,Fighter,40,19235,38,Mage,9.26,17,3,5
302,72.36,2,-5,F,Mage,10,52849,10,Thief,7.24,16,3,3
301,105.0,-2,5,F,Fighter,40,26362,43,Mage,11.46,14,4,4
343,38.63,1,-4,M,Mage,10,77243,15,Fighter,9.44,16,3,2
338,88.02,4,-5,F,Fighter,40,77448,44,Mage,11.81,14,3,5
350,72.63,5,5,F,Mage,40,43850,42,Fighter,11.28,16,3,5
319,65.19,0,-3,M,Mage,40,71168,43,Thief,11.54,15,3,5
308,93.46,-2,5,F,Mage,20,88963,21,Mage,10.95,14,3,5
350,74.67,5,5,F,Mage,40,45278,37,Mage,10.98,15,3,5
343,28.24,1,-4,M,Mage,10,17335,6,Thief,9.43,17,4,2
318,70.75,3,2,F,Mage,30,41677,25,Mage,10.66,16,3,5
346,114.1,-3,5,F,Fighter,30,11367,35,Thief,12.04,14,3,4
308,109.29,-2,5,F,Mage,20,82438,21,Thief,10.18,16,3,4
302,62.27,2,-5,F,Mage,10,41253,15,Thief,7.09,15,3,3
304,23.35,3,-5,M,Thief,10,45500,7,Mage,10.84,16,4,1
335,63.59,2,-1,F,Fighter,30,63021,27,Mage,10.96,17,3,5
320,20.55,-5,4,F,Fighter,40,57092,44,Mage,10.31,14,3,5
332,5.16,3,-2,F,Thief,10,78461,9,Fighter,10.58,16,5,1
334,53.56,0,1,M,Fighter,40,80223,37,Fighter,11.29,16,3,5
309,42.17,-5,-3,M,Thief,40,21918,44,Mage,10.69,15,3,5
333,40.61,-2,5,F,Fighter,30,86444,33,Mage,9.84,16,3,4
329,83.97,0,-1,F,Mage,10,83653,7,Fighter,6.48,16,2,3
302,68.09,2,-5,F,Mage,10,71599,10,Fighter,7.34,15,3,3
337,59.8,-1,1,F,Thief,40,75698,35,Mage,10.54,15,3,5
335,83.52,2,-1,F,Fighter,30,82350,31,Thief,11.06,16,3,5
331,105.61,2,-5,F,Mage,40,64525,44,Fighter,11.58,15,3,4
301,97.54,-2,5,F,Fighter,40,88771,40,Fighter,11.59,16,3,4
346,111.38,-3,5,F,Fighter,30,24564,27,Thief,11.65,15,3,4
350,83.03,5,5,F,Mage,40,75692,44,Mage,11.27,14,3,5
317,81.77,4,2,M,Thief,40,76430,43,Mage,11.42,16,3,5
303,37.83,0,1,M,Thief,10,54600,15,Mage,9.8,17,4,2
313,50.6,5,-5,F,Thief,10,37809,13,Mage,8.26,16,3,2
331,98.18,2,-5,F,Mage,40,84450,37,Fighter,11.52,14,3,4
322,104.47,4,2,F,Fighter,40,38712,41,Thief,11.82,16,3,5
347,7.81,5,0,F,Mage,10,58599,9,Thief,12.35,16,5,1
337,43.9,-1,1,F,Thief,40,59631,44,Thief,11.44,15,3,5
348,81.43,-3,1,F,Thief,30,21681,35,Mage,11.55,14,3,4
331,87.9,2,-5,F,Mage,40,85057,43,Thief,11.72,14,3,5
322,108.12,4,2,F,Fighter,40,75694,35,Thief,11.83,16,3,5
315,94.16,-3,-3,F,Fighter,20,82394,21,Thief,11.23,14,4,4
338,96.51,4,-5,F,Fighter,40,48927,45,Thief,11.29,16,3,5
307,49.35,-5,-3,M,Mage,30,82350,31,Thief,9.99,16,3,5
345,42.22,-5,-4,M,Fighter,30,67017,35,Mage,10.41,16,3,5
333,41.13,-2,5,F,Fighter,30,74684,32,Thief,10.39,17,3,5
336,16.51,-5,1,F,Thief,40,34475,36,Thief,9.1,17,3,5
305,23.38,0,-2,F,Thief,30,17527,32,Mage,9.13,16,3,5
336,10.57,-5,1,F,Thief,40,83921,35,Fighter,9.09,17,3,5
347,0.0,5,0,F,Mage,10,44481,8,Fighter,11.17,16,5,1
317,87.3,4,2,M,Thief,40,22786,39,Thief,12.35,14,3,5
317,93.67,4,2,M,Thief,40,26234,45,Fighter,12.1,13,3,5
329,62.54,0,-1,F,Mage,10,15269,12,Fighter,5.49,14,2,3
326,34.44,-1,-1,M,Mage,20,59481,17,Thief,8.46,16,3,2
320,7.37,-5,4,F,Fighter,40,22792,42,Fighter,10.35,16,3,5
315,95.23,-3,-3,F,Fighter,20,15533,25,Mage,11.98,15,3,4
328,59.11,-2,0,F,Thief,30,67250,28,Fighter,10.68,15,3,5
301,90.09,-2,5,F,Fighter,40,16311,42,Fighter,12.15,15,3,4
344,82.1,4,1,M,Fighter,20,34197,17,Thief,5.93,14,2,3
321,93.25,0,-1,F,Mage,30,11367,35,Thief,12.46,15,3,5
335,72.17,2,-1,F,Fighter,30,74185,30,Thief,10.46,15,3,5
311,67.02,-2,-5,M,Mage,10,43561,9,Fighter,5.95,14,2,3
305,15.91,0,-2,F,Thief,30,71073,26,Fighter,8.65,16,3,5
317,84.0,4,2,M,Thief,40,44663,41,Fighter,12.2,15,3,5
344,74.07,4,1,M,Fighter,20,62766,25,Thief,10.57,16,3,5
305,31.2,0,-2,F,Thief,30,67045,30,Thief,8.73,16,3,5
343,24.79,1,-4,M,Mage,10,77243,15,Fighter,8.72,17,4,2
346,114.73,-3,5,F,Fighter,30,87820,25,Thief,12.4,14,3,4
336,22.79,-5,1,F,Thief,40,23345,43,Thief,9.82,17,3,5
343,35.17,1,-4,M,Mage,10,69632,14,Fighter,9.47,14,4,2
333,40.11,-2,5,F,Fighter,30,52136,34,Thief,10.3,16,3,5
320,2.85,-5,4,F,Fighter,40,39861,37,Thief,9.28,17,3,5
329,63.11,0,-1,F,Mage,10,42368,6,Fighter,6.29,15,2,3
341,0.0,-2,3,F,Fighter,10,41093,11,Mage,11.23,16,5,1
339,74.97,5,3,F,Fighter,10,61905,11,Thief,4.54,13,2,3
330,13.71,5,-4,M,Thief,10,56345,9,Mage,10.23,17,5,2
346,117.18,-3,5,F,Fighter,30,14570,31,Thief,12.07,16,3,4
345,54.76,-5,-4,M,Fighter,30,33192,27,Mage,9.35,17,3,5
340,18.61,3,0,F,Thief,20,62695,17,Thief,10.41,17,4,2
337,43.29,-1,1,F,Thief,40,61307,37,Fighter,9.56,17,3,5
324,1.84,-5,0,M,Fighter,40,12073,38,Fighter,9.43,16,3,5
332,17.38,3,-2,F,Thief,10,37032,9,Fighter,10.71,15,5,1
347,1.86,5,0,F,Mage,10,62902,5,Thief,10.89,15,5,1
307,54.45,-5,-3,M,Mage,30,67914,25,Fighter,9.44,16,3,5
330,12.72,5,-4,M,Thief,10,76792,10,Fighter,10.81,15,5,1
313,53.24,5,-5,F,Thief,10,15269,12,Fighter,8.55,16,3,3
347,0.0,5,0,F,Mage,10,78851,12,Thief,10.96,16,5,1
342,98.51,5,1,M,Mage,40,74736,38,Fighter,11.77,16,3,5
305,20.21,0,-2,F,Thief,30,86126,28,Thief,8.86,17,3,5
340,26.16,3,0,F,Thief,20,31980,17,Thief,9.94,16,4,1
312,65.77,4,5,M,Mage,10,41079,6,Mage,7.58,16,3,3
325,23.4,-3,2,F,Fighter,30,87622,33,Mage,8.98,18,2,5
348,90.62,-3,1,F,Thief,30,15078,30,Thief,11.46,16,3,4
314,70.26,-2,-2,F,Fighter,30,32438,31,Thief,10.4,16,3,5
310,21.1,-1,-5,F,Mage,30,38685,27,Fighter,7.73,16,2,5
323,7.27,-2,3,F,Mage,30,23459,25,Fighter,7.13,15,2,5
317,77.29,4,2,M,Thief,40,59768,44,Mage,12.16,14,3,5
328,60.3,-2,0,F,Thief,30,67045,30,Thief,10.27,17,3,4
301,109.42,-2,5,F,Fighter,40,72663,45,Fighter,12.5,15,4,4
344,84.24,4,1,M,Fighter,20,89721,16,Mage,5.49,15,2,3
328,58.21,-2,0,F,Thief,30,65603,27,Fighter,9.92,15,3,4
314,58.71,-2,-2,F,Fighter,30,35318,34,Thief,11.11,16,3,4
319,71.67,0,-3,M,Mage,40,77239,38,Fighter,11.13,16,3,5
347,10.31,5,0,F,Mage,10,80546,5,Mage,11.47,15,5,1
312,62.99,4,5,M,Mage,10,54319,10,Mage,6.62,17,2,3
312,56.95,4,5,M,Mage,10,44481,8,Fighter,7.24,17,2,3
320,3.86,-5,4,F,Fighter,40,71168,43,Thief,9.75,16,3,5
309,35.92,-5,-3,M,Thief,40,17389,39,Fighter,11.36,16,3,4
304,7.91,3,-5,M,Thief,10,37032,9,Fighter,10.63,17,5,1
303,47.14,0,1,M,Thief,10,73789,5,Mage,10.07,17,4,2
346,99.44,-3,5,F,Fighter,30,15888,27,Mage,11.55,14,3,4
341,0.0,-2,3,F,Fighter,10,57774,5,Fighter,11.29,15,5,1
324,3.34,-5,0,M,Fighter,40,77239,38,Fighter,9.01,16,3,5
320,7.88,-5,4,F,Fighter,40,38712,41,Thief,9.22,17,3,5
313,44.5,5,-5,F,Thief,10,60657,10,Mage,7.55,17,3,2
312,53.53,4,5,M,Mage,10,82108,11,Thief,7.4,16,3,3
338,96.99,4,-5,F,Fighter,40,73355,40,Thief,12.5,15,3,4
309,28.75,-5,-3,M,Thief,40,41752,43,Fighter,11.03,16,3,5
339,96.71,5,3,F,Fighter,10,15416,13,Mage,4.58,11,1,4
350,73.11,5,5,F,Mage,40,37653,40,Mage,11.46,15,3,5
321,109.36,0,-1,F,Mage,30,17268,33,Thief,12.1,15,3,5
343,39.62,1,-4,M,Mage,10,38217,6,Thief,9.2,17,4,2
337,56.85,-1,1,F,Thief,40,28447,42,Thief,10.8,15,3,5
350,76.16,5,5,F,Mage,40,22786,39,Thief,11.29,15,3,5
347,1.71,5,0,F,Mage,10,45500,7,Mage,11.67,15,5,1
334,72.83,0,1,M,Fighter,40,46241,38,Thief,10.23,15,3,5
315,96.52,-3,-3,F,Fighter,20,22561,19,Mage,2.19,10,1,3
309,35.53,-5,-3,M,Thief,40,69284,35,Thief,10.55,16,3,5
317,77.95,4,2,M,Thief,40,40703,44,Fighter,11.85,16,3,5
308,96.65,-2,5,F,Mage,20,82394,21,Thief,10.98,15,3,5
319,67.02,0,-3,M,Mage,40,76153,43,Fighter,11.4,15,3,5
302,71.12,2,-5,F,Mage,10,60311,15,Thief,7.71,16,3,3
338,101.7,4,-5,F,Fighter,40,21681,35,Mage,11.89,16,3,4
343,38.07,1,-4,M,Mage,10,24903,8,Mage,9.53,16,4,2
325,12.89,-3,2,F,Fighter,30,72803,26,Fighter,7.82,17,2,5
332,17.66,3,-2,F,Thief,10,41093,11,Mage,10.58,17,4,1
302,53.78,2,-5,F,Mage,10,34085,8,Fighter,7.44,15,3,3
311,79.3,-2,-5,M,Mage,10,31193,10,Thief,5.87,14,2,3
314,57.6,-2,-2,F,Fighter,30,17430,26,Fighter,9.98,15,3,5
312,55.71,4,5,M,Mage,10,14487,9,Thief,7.28,17,3,3
301,107.99,-2,5,F,Fighter,40,59035,42,Thief,11.71,15,3,5
304,8.79,3,-5,M,Thief,10,63493,8,Mage,11.41,16,4,2
325,0.41,-3,2,F,Fighter,30,33609,35,Fighter,9.8,18,3,5
310,11.81,-1,-5,F,Mage,30,40451,25,Mage,7.9,16,2,5
318,76.48,3,2,F,Mage,30,43701,30,Thief,10.21,15,3,5
335,80.8,2,-1,F,Fighter,30,64447,31,Thief,10.71,15,3,5
330,6.42,5,-4,M,Thief,10,89276,13,Thief,10.72,16,4,2
328,63.94,-2,0,F,Thief,30,87113,25,Thief,10.23,16,3,5
317,92.06,4,2,M,Thief,40,84338,44,Mage,11.85,15,3,5
334,49.59,0,1,M,Fighter,40,15157,44,Mage,11.81,14,3,5
341,10.21,-2,3,F,Fighter,10,82458,5,Thief,11.6,15,5,1
305,27.52,0,-2,F,Thief,30,30311,34,Thief,8.78,17,3,5
308,88.99,-2,5,F,Mage,20,68910,24,Mage,11.47,14,3,4
327,77.73,-4,2,M,Mage,20,78595,21,Thief,10.65,16,3,4
333,57.91,-2,5,F,Fighter,30,73743,26,Mage,8.65,17,3,5
323,0.0,-2,3,F,Mage,30,63006,30,Mage,7.75,16,3,6
335,82.22,2,-1,F,Fighter,30,22426,30,Mage,10.32,15,3,4
331,94.51,2,-5,F,Mage,40,68120,40,Thief,11.46,15,3,5
343,45.85,1,-4,M,Mage,10,86822,14,Mage,9.58,16,4,2
336,11.3,-5,1,F,Thief,40,44663,41,Fighter,10.07,15,3,5
327,77.88,-4,2,M,Mage,20,78595,21,Thief,11.03,17,3,4
344,69.2,4,1,M,Fighter,20,83533,19,Mage,5.1,13,2,3
316,0.0,0,-3,F,Thief,30,36793,29,Mage,7.62,15,2,6
321,104.09,0,-1,F,Mage,30,40451,25,Mage,11.73,16,3,4
302,58.64,2,-5,F,Mage,10,63765,7,Mage,7.06,17,3,3
347,0.86,5,0,F,Mage,10,63493,8,Mage,10.53,16,5,1
320,19.17,-5,4,F,Fighter,40,12710,36,Fighter,8.41,16,3,5
347,0.0,5,0,F,Mage,10,29685,12,Mage,11.24,16,5,1
350,79.57,5,5,F,Mage,40,30704,44,Thief,11.36,16,3,5
314,57.81,-2,-2,F,Fighter,30,74185,30,Thief,10.35,15,3,4
323,10.94,-2,3,F,Mage,30,26151,30,Mage,7.81,16,2,6
349,40.77,3,-1,M,Fighter,30,45657,34,Thief,9.87,18,3,5
324,17.0,-5,0,M,Fighter,40,16245,40,Fighter,9.98,16,3,5
314,65.41,-2,-2,F,Fighter,30,42545,31,Thief,9.99,16,3,5
328,54.04,-2,0,F,Thief,30,57436,26,Fighter,10.1,15,3,5
314,62.13,-2,-2,F,Fighter,30,27597,34,Thief,10.82,14,3,5
309,33.72,-5,-3,M,Thief,40,38195,35,Thief,10.19,14,3,5
350,76.11,5,5,F,Mage,40,34923,42,Mage,11.42,14,3,5
309,43.14,-5,-3,M,Thief,40,48411,39,Fighter,10.63,15,3,5
320,13.91,-5,4,F,Fighter,40,81661,39,Fighter,10.21,16,3,5
321,93.78,0,-1,F,Mage,30,72594,27,Fighter,11.91,16,3,5
314,60.69,-2,-2,F,Fighter,30,20787,28,Mage,10.39,17,3,4
301,102.33,-2,5,F,Fighter,40,71439,44,Fighter,11.89,13,3,4
329,67.59,0,-1,F,Mage,10,38157,5,Mage,6.16,17,2,3
311,81.09,-2,-5,M,Mage,10,34787,7,Fighter,5.86,17,2,3
344,70.94,4,1,M,Fighter,20,31712,16,Thief,5.01,15,2,3
301,109.18,-2,5,F,Fighter,40,14683,37,Thief,12.14,15,3,4
318,80.44,3,2,F,Mage,30,42545,31,Thief,11.4,16,3,5
305,12.83,0,-2,F,Thief,30,30541,31,Mage,8.36,16,3,5
332,13.53,3,-2,F,Thief,10,36916,5,Mage,10.68,16,4,1
347,0.0,5,0,F,Mage,10,68983,15,Mage,11.03,17,5,1
337,50.47,-1,1,F,Thief,40,63673,45,Fighter,11.44,15,3,5
319,66.98,0,-3,M,Mage,40,73486,40,Mage,11.99,14,3,5
349,30.28,3,-1,M,Fighter,30,76828,31,Fighter,9.99,17,3,5
345,43.11,-5,-4,M,Fighter,30,20787,28,Mage,9.19,17,3,5
350,84.58,5,5,F,Mage,40,88771,40,Fighter,11.35,15,3,5
310,23.79,-1,-5,F,Mage,30,38690,27,Mage,8.37,16,3,5
337,39.74,-1,1,F,Thief,40,86656,41,Mage,10.79,17,3,5
333,41.01,-2,5,F,Fighter,30,67914,25,Fighter,9.67,17,3,5
335,81.56,2,-1,F,Fighter,30,62686,27,Fighter,10.98,17,3,5
338,100.2,4,-5,F,Fighter,40,22840,36,Mage,12.04,16,3,5
348,86.51,-3,1,F,Thief,30,25168,31,Fighter,11.89,15,3,4
318,83.9,3,2,F,Mage,30,37612,31,Fighter,10.42,17,3,5
328,64.66,-2,0,F,Thief,30,25449,31,Fighter,10.06,16,3,4
338,106.15,4,-5,F,Fighter,40,57260,41,Mage,11.82,16,3,5
321,102.68,0,-1,F,Mage,30,38265,26,Thief,10.9,16,3,4
328,60.8,-2,0,F,Thief,30,17566,32,Mage,10.63,16,3,5
318,79.55,3,2,F,Mage,30,82682,30,Mage,10.76,17,3,5
310,16.89,-1,-5,F,Mage,30,42545,31,Thief,8.45,15,3,5
314,54.63,-2,-2,F,Fighter,30,33328,28,Mage,9.58,15,3,5
348,80.85,-3,1,F,Thief,30,48423,31,Thief,11.32,15,4,4
318,77.8,3,2,F,Mage,30,10230,31,Fighter,11.33,16,3,5
331,108.37,2,-5,F,Mage,40,42093,43,Thief,11.46,16,3,4
349,46.29,3,-1,M,Fighter,30,24058,28,Mage,9.9,18,3,5
313,52.64,5,-5,F,Thief,10,58538,6,Mage,9.29,16,3,3
320,18.9,-5,4,F,Fighter,40,78198,35,Thief,8.94,17,3,5
341,7.77,-2,3,F,Fighter,10,76966,13,Fighter,11.67,14,5,1
328,59.39,-2,0,F,Thief,30,85461,33,Mage,10.53,17,3,5
324,13.31,-5,0,M,Fighter,40,48411,39,Fighter,9.36,17,3,5
348,93.4,-3,1,F,Thief,30,84050,28,Thief,10.92,16,3,4
330,7.39,5,-4,M,Thief,10,86822,14,Mage,9.89,16,5,2
335,64.07,2,-1,F,Fighter,30,56207,28,Thief,10.93,15,3,5
304,15.5,3,-5,M,Thief,10,30929,9,Mage,10.38,16,5,1
325,22.29,-3,2,F,Fighter,30,52028,34,Fighter,8.88,17,3,5
338,87.84,4,-5,F,Fighter,40,56013,36,Thief,11.73,15,3,4
338,90.73,4,-5,F,Fighter,40,25663,43,Mage,12.16,15,3,5
309,29.55,-5,-3,M,Thief,40,85728,43,Thief,10.9,16,3,5
321,86.26,0,-1,F,Mage,30,82807,28,Thief,11.0,14,3,4
342,94.45,5,1,M,Mage,40,42251,39,Thief,11.78,15,4,5
321,108.36,0,-1,F,Mage,30,40218,28,Mage,12.07,16,3,4
343,45.54,1,-4,M,Mage,10,25928,7,Mage,9.72,16,4,2
308,96.0,-2,5,F,Mage,20,83013,15,Fighter,2.66,10,1,3
319,75.0,0,-3,M,Mage,40,20084,37,Thief,10.84,15,3,5
311,70.69,-2,-5,M,Mage,10,69632,14,Fighter,5.38,15,2,3
328,72.35,-2,0,F,Thief,30,89019,29,Thief,9.92,17,3,5
347,8.23,5,0,F,Mage,10,61904,13,Mage,11.64,15,5,1
318,73.75,3,2,F,Mage,30,16869,34,Thief,11.41,15,3,5
318,74.43,3,2,F,Mage,30,87423,28,Thief,10.38,16,3,5
335,63.87,2,-1,F,Fighter,30,40492,30,Mage,10.9,18,3,5
344,75.46,4,1,M,Fighter,20,40879,22,Thief,10.33,17,3,5
333,60.34,-2,5,F,Fighter,30,15888,27,Mage,8.74,17,3,5
321,98.48,0,-1,F,Mage,30,17566,32,Mage,12.29,14,3,5
302,70.88,2,-5,F,Mage,10,17335,6,Thief,7.23,16,3,3
321,93.08,0,-1,F,Mage,30,58507,25,Mage,11.58,14,3,5
350,82.36,5,5,F,Mage,40,17523,45,Thief,11.09,16,3,5
344,70.06,4,1,M,Fighter,20,77959,24,Fighter,10.63,16,3,5
317,95.7,4,2,M,Thief,40,24800,44,Thief,11.81,15,3,5
326,43.45,-1,-1,M,Mage,20,49337,20,Fighter,7.93,17,3,2
304,3.86,3,-5,M,Thief,10,83013,15,Fighter,10.54,15,5,2
330,20.75,5,-4,M,Thief,10,88724,8,Fighter,10.65,15,4,2
337,44.61,-1,1,F,Thief,40,24800,44,Thief,10.87,14,3,5
348,84.45,-3,1,F,Thief,30,83619,25,Mage,11.19,16,3,4
309,46.4,-5,-3,M,Thief,40,38195,35,Thief,9.33,17,3,5
322,95.96,4,2,F,Fighter,40,14904,36,Mage,12.12,15,3,4
341,7.47,-2,3,F,Fighter,10,37981,8,Thief,11.14,19,5,1
321,96.01,0,-1,F,Mage,30,71073,26,Fighter,11.77,16,3,4
324,19.13,-5,0,M,Fighter,40,80459,39,Mage,9.22,16,3,5
348,91.92,-3,1,F,Thief,30,76651,32,Thief,11.55,13,3,4
336,5.1,-5,1,F,Thief,40,61307,37,Fighter,9.56,17,3,5
333,37.29,-2,5,F,Fighter,30,87960,34,Mage,10.37,16,3,5
343,44.66,1,-4,M,Mage,10,71752,7,Fighter,9.5,16,4,2
331,99.17,2,-5,F,Mage,40,84392,40,Fighter,11.3,17,3,5
338,92.41,4,-5,F,Fighter,40,34893,39,Mage,11.8,15,3,4
326,43.0,-1,-1,M,Mage,20,31980,17,Thief,9.41,15,4,2
347,1.08,5,0,F,Mage,10,39590,5,Thief,10.84,16,5,1
341,0.94,-2,3,F,Fighter,10,61244,13,Fighter,11.15,16,5,1
314,65.63,-2,-2,F,Fighter,30,17268,33,Thief,9.9,16,3,4
322,102.44,4,2,F,Fighter,40,78198,35,Thief,11.86,16,3,5
322,101.33,4,2,F,Fighter,40,88541,39,Mage,12.12,15,3,5
301,95.55,-2,5,F,Fighter,40,55539,39,Thief,12.5,15,4,5
301,107.72,-2,5,F,Fighter,40,71637,43,Fighter,11.4,15,3,5
321,101.52,0,-1,F,Mage,30,16869,34,Thief,11.54,15,3,4
308,100.62,-2,5,F,Mage,20,47090,21,Mage,11.0,16,3,5
301,102.82,-2,5,F,Fighter,40,12029,38,Fighter,12.3,14,3,4
347,10.87,5,0,F,Mage,10,24366,14,Mage,10.91,15,5,1
333,49.22,-2,5,F,Fighter,30,57566,30,Mage,10.07,14,3,5
302,49.26,2,-5,F,Mage,10,38000,12,Thief,6.75,16,3,3
327,93.72,-4,2,M,Mage,20,55715,20,Mage,4.27,11,1,3
337,38.65,-1,1,F,Thief,40,79800,42,Fighter,11.01,15,3,5
347,11.7,5,0,F,Mage,10,44566,9,Thief,11.07,16,5,1
346,108.74,-3,5,F,Fighter,30,70785,34,Thief,11.94,15,3,4
343,42.75,1,-4,M,Mage,10,82108,11,Thief,9.44,18,3,2
317,77.88,4,2,M,Thief,40,13308,38,Mage,12.32,14,3,5
331,99.35,2,-5,F,Mage,40,24668,42,Mage,11.85,14,3,5
332,2.9,3,-2,F,Thief,10,70706,11,Fighter,10.93,16,5,1
332,3.22,3,-2,F,Thief,10,72133,5,Fighter,11.24,15,4,1
342,91.89,5,1,M,Mage,40,76153,43,Fighter,12.14,18,3,5
303,39.38,0,1,M,Thief,10,62328,5,Thief,9.5,17,4,2
336,4.3,-5,1,F,Thief,40,16084,38,Thief,9.63,17,3,5
316,9.81,0,-3,F,Thief,30,76128,35,Fighter,8.37,17,3,6
325,5.49,-3,2,F,Fighter,30,61269,31,Mage,8.08,16,2,5
310,11.43,-1,-5,F,Mage,30,86444,33,Mage,9.08,16,3,5
301,109.15,-2,5,F,Fighter,40,84287,36,Thief,11.62,15,4,4
309,28.22,-5,-3,M,Thief,40,25953,39,Thief,10.67,17,3,5
336,13.6,-5,1,F,Thief,40,25865,45,Mage,10.48,16,3,5
328,62.67,-2,0,F,Thief,30,14573,31,Fighter,10.75,16,3,5
334,59.95,0,1,M,Fighter,40,30704,44,Thief,10.89,15,3,5
310,0.43,-1,-5,F,Mage,30,40051,32,Mage,8.58,16,3,5
340,18.23,3,0,F,Thief,20,28186,17,Fighter,9.83,17,4,2
336,2.92,-5,1,F,Thief,40,76756,43,Fighter,9.92,16,3,5
350,61.57,5,5,F,Mage,40,48636,41,Thief,11.54,16,3,5
341,2.08,-2,3,F,Fighter,10,62896,15,Thief,12.04,14,5,1
306,92.14,0,5,M,Mage,10,57774,5,Fighter,1.7,10,1,4
334,53.15,0,1,M,Fighter,40,10264,43,Mage,11.72,16,3,4
302,71.7,2,-5,F,Mage,10,17335,6,Thief,7.56,16,3,3
341,3.23,-2,3,F,Fighter,10,42368,6,Fighter,10.78,16,5,1
337,51.4,-1,1,F,Thief,40,13892,41,Fighter,10.96,16,3,5
318,83.94,3,2,F,Mage,30,25844,34,Mage,11.28,15,3,5
310,17.73,-1,-5,F,Mage,30,27216,30,Thief,7.79,16,3,6
315,106.55,-3,-3,F,Fighter,20,48212,21,Thief,11.35,16,3,4
314,56.17,-2,-2,F,Fighter,30,45657,34,Thief,10.72,16,3,5
316,0.0,0,-3,F,Thief,30,76128,35,Fighter,8.3,16,3,6
309,35.97,-5,-3,M,Thief,40,55645,39,Mage,10.45,16,3,5
350,78.89,5,5,F,Mage,40,42785,35,Fighter,11.47,15,3,5
310,7.12,-1,-5,F,Mage,30,85461,33,Mage,9.07,17,3,5
336,7.66,-5,1,F,Thief,40,47409,36,Mage,9.19,17,3,5
343,31.21,1,-4,M,Mage,10,25928,7,Mage,9.04,15,3,2
342,98.08,5,1,M,Mage,40,71618,41,Mage,12.42,12,3,5
313,46.03,5,-5,F,Thief,10,27357,14,Thief,8.21,18,3,2
343,42.96,1,-4,M,Mage,10,43442,8,Fighter,8.7,16,4,2
320,6.4,-5,4,F,Fighter,40,67017,35,Mage,8.54,17,3,5
334,49.95,0,1,M,Fighter,40,89310,44,Mage,11.39,14,3,4
342,103.33,5,1,M,Mage,40,42779,42,Mage,12.33,16,3,5
337,44.55,-1,1,F,Thief,40,15064,45,Fighter,11.65,14,3,5
320,12.16,-5,4,F,Fighter,40,12073,38,Fighter,8.85,18,3,5
338,88.8,4,-5,F,Fighter,40,45278,37,Mage,12.06,15,4,5
324,21.56,-5,0,M,Fighter,40,88771,40,Fighter,9.33,16,3,5
336,4.69,-5,1,F,Thief,40,89172,41,Mage,9.84,16,3,5
327,96.75,-4,2,M,Mage,20,78808,23,Thief,10.49,15,3,4
319,82.35,0,-3,M,Mage,40,60586,42,Fighter,11.99,17,3,4
312,57.71,4,5,M,Mage,10,79774,5,Thief,7.39,15,3,3
316,3.47,0,-3,F,Thief,30,38438,27,Fighter,7.13,17,3,6
310,19.1,-1,-5,F,Mage,30,38377,26,Thief,8.32,18,2,5
316,1.37,0,-3,F,Thief,30,27891,31,Fighter,7.99,17,2,6
304,7.78,3,-5,M,Thief,10,31403,15,Mage,10.39,16,5,1
310,5.35,-1,-5,F,Mage,30,75688,31,Fighter,8.01,17,3,5
342,98.9,5,1,M,Mage,40,25865,45,Mage,11.81,16,3,5
349,36.36,3,-1,M,Fighter,30,74841,31,Thief,8.7,18,3,5
338,92.4,4,-5,F,Fighter,40,33872,45,Fighter,11.0,15,3,5
350,62.9,5,5,F,Mage,40,67890,43,Fighter,11.26,15,3,5
346,108.28,-3,5,F,Fighter,30,42829,29,Mage,11.29,15,3,4
314,57.01,-2,-2,F,Fighter,30,27444,29,Mage,10.21,16,3,5
313,45.76,5,-5,F,Thief,10,78851,12,Thief,7.97,17,3,2
334,73.05,0,1,M,Fighter,40,42431,43,Thief,11.99,15,3,5
346,108.15,-3,5,F,Fighter,30,50756,33,Fighter,12.0,15,3,4
332,5.51,3,-2,F,Thief,10,66482,6,Thief,11.34,16,5,1
341,8.62,-2,3,F,Fighter,10,87455,11,Fighter,11.19,16,5,1
330,8.37,5,-4,M,Thief,10,47012,11,Fighter,10.68,17,5,2
333,37.93,-2,5,F,Fighter,30,70834,35,Thief,10.49,16,3,5
320,8.25,-5,4,F,Fighter,40,48927,45,Thief,11.03,16,3,5
332,1.43,3,-2,F,Thief,10,59000,9,Mage,9.88,16,4,1
341,11.92,-2,3,F,Fighter,10,62632,7,Thief,11.33,15,5,1
349,40.63,3,-1,M,Fighter,30,70785,34,Thief,10.44,17,3,5
314,57.11,-2,-2,F,Fighter,30,69901,28,Mage,10.01,16,3,4
346,110.14,-3,5,F,Fighter,30,66722,30,Mage,12.5,15,3,5
335,82.83,2,-1,F,Fighter,30,10827,34,Thief,10.98,15,3,5
336,20.3,-5,1,F,Thief,40,22723,41,Fighter,9.82,16,3,5
336,2.99,-5,1,F,Thief,40,61925,41,Thief,9.47,16,3,5
332,19.36,3,-2,F,Thief,10,52461,15,Thief,10.03,15,4,2
343,32.46,1,-4,M,Mage,10,17725,9,Mage,9.11,16,3,2
322,86.53,4,2,F,Fighter,40,51841,37,Mage,11.85,15,3,5
328,53.75,-2,0,F,Thief,30,80080,27,Mage,10.11,16,3,5
317,73.67,4,2,M,Thief,40,69028,38,Fighter,12.5,15,3,5
313,56.81,5,-5,F,Thief,10,17335,6,Thief,8.59,16,3,2
348,91.99,-3,1,F,Thief,30,38265,26,Thief,11.34,14,3,4
344,83.93,4,1,M,Fighter,20,23233,21,Thief,9.53,17,3,5
318,67.23,3,2,F,Mage,30,84041,28,Fighter,11.13,15,3,5
335,72.46,2,-1,F,Fighter,30,86000,34,Mage,11.54,15,3,5
319,71.82,0,-3,M,Mage,40,12073,38,Fighter,12.31,14,3,5
312,68.64,4,5,M,Mage,10,60168,12,Fighter,7.15,16,3,3
311,77.74,-2,-5,M,Mage,10,56849,8,Thief,6.11,15,2,3
313,55.55,5,-5,F,Thief,10,72133,5,Fighter,8.34,16,3,2
346,109.1,-3,5,F,Fighter,30,73438,31,Fighter,11.86,14,4,4
349,43.83,3,-1,M,Fighter,30,57436,26,Fighter,8.81,17,3,5
325,8.51,-3,2,F,Fighter,30,59240,33,Fighter,9.02,18,3,5
319,70.56,0,-3,M,Mage,40,20084,37,Thief,11.92,16,3,5
304,20.33,3,-5,M,Thief,10,21587,7,Thief,10.34,16,4,2
317,90.67,4,2,M,Thief,40,18723,36,Mage,11.67,16,3,5
314,63.95,-2,-2,F,Fighter,30,38265,26,Thief,9.73,16,3,5
303,34.96,0,1,M,Thief,10,52756,10,Mage,9.3,16,4,2
334,53.25,0,1,M,Fighter,40,46241,38,Thief,11.64,16,3,4
341,0.0,-2,3,F,Fighter,10,36643,12,Mage,11.44,14,5,1
310,5.09,-1,-5,F,Mage,30,61269,31,Mage,7.8,16,3,5
329,84.3,0,-1,F,Mage,10,38726,8,Mage,6.63,15,2,3
329,65.27,0,-1,F,Mage,10,71324,9,Thief,5.39,17,2,3
346,117.36,-3,5,F,Fighter,30,63362,28,Thief,11.94,15,3,4
313,54.9,5,-5,F,Thief,10,54799,14,Thief,7.91,17,3,3
349,24.99,3,-1,M,Fighter,30,10827,34,Thief,10.12,16,3,5
308,101.18,-2,5,F,Mage,20,23647,24,Fighter,11.21,15,3,4
326,48.43,-1,-1,M,Mage,20,58634,17,Mage,8.76,18,3,2
308,96.06,-2,5,F,Mage,20,23647,24,Fighter,11.4,15,3,4
315,94.7,-3,-3,F,Fighter,20,64974,17,Mage,2.14,9,1,4
338,90.13,4,-5,F,Fighter,40,23820,37,Thief,11.62,15,4,5
343,37.98,1,-4,M,Mage,10,31723,10,Thief,9.1,17,4,2
346,106.27,-3,5,F,Fighter,30,88777,34,Fighter,11.85,16,3,4
339,84.26,5,3,F,Fighter,10,63493,8,Mage,4.83,12,1,4
332,9.56,3,-2,F,Thief,10,14487,9,Thief,11.06,15,5,2
332,7.57,3,-2,F,Thief,10,70706,11,Fighter,10.12,16,4,1
324,3.6,-5,0,M,Fighter,40,88541,39,Mage,9.78,17,3,5
303,24.79,0,1,M,Thief,10,56849,8,Thief,9.15,15,4,2
348,77.09,-3,1,F,Thief,30,25449,31,Fighter,11.15,16,3,4
350,78.91,5,5,F,Mage,40,25865,45,Mage,11.52,13,3,4
319,78.55,0,-3,M,Mage,40,51254,40,Thief,12.29,17,3,5
301,105.66,-2,5,F,Fighter,40,57235,37,Thief,11.83,14,3,4
333,47.45,-2,5,F,Fighter,30,37476,27,Thief,9.79,16,3,5
326,35.59,-1,-1,M,Mage,20,77431,20,Thief,8.87,17,3,2
331,109.23,2,-5,F,Mage,40,48927,45,Thief,12.03,15,3,5
320,14.28,-5,4,F,Fighter,40,22792,42,Fighter,9.94,16,3,5
339,79.6,5,3,F,Fighter,10,54238,7,Mage,4.85,15,1,4
312,72.2,4,5,M,Mage,10,41747,7,Fighter,6.84,16,3,3
321,104.56,0,-1,F,Mage,30,67914,25,Fighter,12.03,15,3,4
301,91.61,-2,5,F,Fighter,40,57235,37,Thief,11.85,15,4,4
303,37.44,0,1,M,Thief,10,57774,5,Fighter,9.67,16,4,2
307,43.69,-5,-3,M,Mage,30,20599,28,Mage,9.4,14,3,4
313,49.16,5,-5,F,Thief,10,60657,10,Mage,8.33,17,3,2
335,72.72,2,-1,F,Fighter,30,40492,30,Mage,10.65,15,3,5
346,98.32,-3,5,F,Fighter,30,36793,29,Mage,12.12,15,3,4
349,34.77,3,-1,M,Fighter,30,67017,35,Mage,10.42,16,3,5
317,75.31,4,2,M,Thief,40,48636,41,Thief,11.94,16,3,5
332,2.01,3,-2,F,Thief,10,50547,10,Fighter,10.7,16,4,1
324,17.19,-5,0,M,Fighter,40,35103,45,Mage,10.31,16,3,5
328,68.82,-2,0,F,Thief,30,16869,34,Thief,11.28,14,3,5
331,105.34,2,-5,F,Mage,40,73486,40,Mage,11.7,15,3,5
301,88.48,-2,5,F,Fighter,40,87591,36,Mage,11.84,14,3,5
303,35.75,0,1,M,Thief,10,71599,10,Fighter,9.38,18,4,2
350,84.34,5,5,F,Mage,40,89884,35,Thief,11.09,13,3,5
341,4.83,-2,3,F,Fighter,10,13111,13,Thief,11.76,17,5,1
342,91.74,5,1,M,Mage,40,33609,35,Fighter,11.44,16,3,5
317,94.85,4,2,M,Thief,40,88494,36,Fighter,11.56,16,3,5
330,15.18,5,-4,M,Thief,10,88724,8,Fighter,10.65,16,5,2
321,108.37,0,-1,F,Mage,30,74684,32,Thief,12.22,14,3,4
326,32.61,-1,-1,M,Mage,20,62446,16,Mage,8.82,17,4,2
304,11.98,3,-5,M,Thief,10,83886,15,Thief,10.38,17,4,1
323,0.0,-2,3,F,Mage,30,26151,30,Mage,7.48,15,2,5
328,67.67,-2,0,F,Thief,30,88841,34,Fighter,11.13,17,3,5
347,0.0,5,0,F,Mage,10,14195,5,Fighter,11.73,17,5,1
318,84.34,3,2,F,Mage,30,74185,30,Thief,10.93,16,3,5
343,40.91,1,-4,M,Mage,10,71324,9,Thief,9.79,17,4,2
308,86.05,-2,5,F,Mage,20,31653,22,Mage,11.54,14,3,4
338,96.19,4,-5,F,Fighter,40,66187,37,Mage,11.82,16,3,5
321,85.85,0,-1,F,Mage,30,26151,30,Mage,11.96,15,4,4
349,47.22,3,-1,M,Fighter,30,67017,35,Mage,10.47,17,3,5
342,86.38,5,1,M,Mage,40,57235,37,Thief,11.96,14,3,5
348,73.85,-3,1,F,Thief,30,89092,27,Mage,11.69,15,3,4
335,80.14,2,-1,F,Fighter,30,76651,32,Thief,11.09,15,3,5
309,35.44,-5,-3,M,Thief,40,84287,36,Thief,10.0,17,3,4
339,94.39,5,3,F,Fighter,10,21368,14,Thief,4.1,13,1,3
321,105.81,0,-1,F,Mage,30,63362,28,Thief,11.47,16,3,5
317,94.96,4,2,M,Thief,40,75694,35,Thief,12.1,15,3,5
320,4.03,-5,4,F,Fighter,40,75698,35,Mage,9.25,18,3,5
301,103.59,-2,5,F,Fighter,40,19512,41,Fighter,12.06,15,3,4
342,106.77,5,1,M,Mage,40,10832,38,Mage,11.76,16,3,5
301,94.54,-2,5,F,Fighter,40,21045,45,Thief,11.21,14,3,5
320,23.73,-5,4,F,Fighter,40,23431,41,Thief,9.62,17,3,5
333,58.88,-2,5,F,Fighter,30,24942,30,Fighter,9.49,15,3,5
304,1.14,3,-5,M,Thief,10,75270,11,Fighter,10.58,16,4,1
347,0.0,5,0,F,Mage,10,45561,5,Thief,12.06,14,5,1
307,56.05,-5,-3,M,Mage,30,10827,34,Thief,10.87,16,3,5
329,63.64,0,-1,F,Mage,10,57774,5,Fighter,6.86,15,2,3
346,119.37,-3,5,F,Fighter,30,18283,29,Thief,12.37,15,3,4
307,41.04,-5,-3,M,Mage,30,17527,32,Mage,9.96,16,3,5
320,7.02,-5,4,F,Fighter,40,51254,40,Thief,9.49,16,3,5
348,93.64,-3,1,F,Thief,30,14570,31,Thief,10.65,16,3,4
341,0.0,-2,3,F,Fighter,10,89658,6,Mage,11.52,16,5,1
322,103.08,4,2,F,Fighter,40,21969,45,Fighter,11.99,16,3,4
338,96.45,4,-5,F,Fighter,40,55539,39,Thief,11.72,17,3,4
320,9.66,-5,4,F,Fighter,40,38712,41,Thief,10.03,16,3,5
333,59.15,-2,5,F,Fighter,30,66722,30,Mage,10.13,16,3,5
319,71.06,0,-3,M,Mage,40,60330,45,Fighter,11.75,15,3,4
325,2.4,-3,2,F,Fighter,30,89979,30,Fighter,8.06,16,3,5
317,83.91,4,2,M,Thief,40,14904,36,Mage,11.75,16,3,5
349,31.07,3,-1,M,Fighter,30,10230,31,Fighter,9.85,17,3,5
325,10.03,-3,2,F,Fighter,30,24058,28,Mage,8.12,17,3,5
333,60.85,-2,5,F,Fighter,30,33688,25,Fighter,9.16,17,3,5
301,106.94,-2,5,F,Fighter,40,76014,44,Thief,12.19,16,3,4
338,100.96,4,-5,F,Fighter,40,42431,43,Thief,12.5,15,3,5
332,17.88,3,-2,F,Thief,10,83653,7,Fighter,11.16,16,4,1
335,81.36,2,-1,F,Fighter,30,24544,33,Fighter,10.59,17,3,4
301,104.36,-2,5,F,Fighter,40,85057,43,Thief,11.89,14,3,4
343,45.97,1,-4,M,Mage,10,61905,11,Thief,8.83,18,3,2
333,58.12,-2,5,F,Fighter,30,69284,35,Thief,10.1,17,3,5
325,20.58,-3,2,F,Fighter,30,38438,27,Fighter,8.26,17,3,5
336,13.7,-5,1,F,Thief,40,42779,42,Mage,9.74,18,3,5
334,64.41,0,1,M,Fighter,40,76128,35,Fighter,11.11,16,3,5
348,94.59,-3,1,F,Thief,30,27444,29,Mage,11.12,15,3,5
317,84.27,4,2,M,Thief,40,81722,40,Mage,12.25,15,3,5
348,81.42,-3,1,F,Thief,30,42545,31,Thief,11.53,15,3,4
310,1.57,-1,-5,F,Mage,30,38438,27,Fighter,8.09,17,3,5
341,11.73,-2,3,F,Fighter,10,80546,5,Mage,10.89,17,5,1
342,87.62,5,1,M,Mage,40,60586,42,Fighter,12.47,15,3,5
339,91.07,5,3,F,Fighter,10,43561,9,Fighter,4.15,16,1,3
319,70.61,0,-3,M,Mage,40,38712,41,Thief,11.45,14,3,4
348,97.39,-3,1,F,Thief,30,73438,31,Fighter,11.29,15,3,4
305,33.7,0,-2,F,Thief,30,67018,27,Thief,7.98,15,3,5
346,119.58,-3,5,F,Fighter,30,11682,25,Thief,11.49,14,3,4
328,57.69,-2,0,F,Thief,30,87960,34,Mage,10.93,16,3,5
333,43.59,-2,5,F,Fighter,30,38685,27,Fighter,9.04,16,3,5
335,73.42,2,-1,F,Fighter,30,25449,31,Fighter,11.1,15,3,5
338,89.63,4,-5,F,Fighter,40,49458,40,Mage,12.03,14,4,5
307,39.03,-5,-3,M,Mage,30,82682,30,Mage,9.93,16,3,4
342,91.76,5,1,M,Mage,40,42779,42,Mage,12.22,15,3,5
348,93.05,-3,1,F,Thief,30,30311,34,Thief,12.13,15,3,4
327,77.6,-4,2,M,Mage,20,77431,20,Thief,4.32,13,1,3
305,24.9,0,-2,F,Thief,30,52712,32,Mage,9.31,17,3,5
309,30.95,-5,-3,M,Thief,40,49850,38,Fighter,10.54,15,3,5
347,0.0,5,0,F,Mage,10,44481,8,Fighter,11.41,16,5,1
322,93.45,4,2,F,Fighter,40,77448,44,Mage,12.5,14,4,5
303,28.18,0,1,M,Thief,10,63390,10,Mage,9.86,16,3,2
345,38.26,-5,-4,M,Fighter,30,82350,31,Thief,9.53,15,3,5
338,87.81,4,-5,F,Fighter,40,26825,35,Fighter,11.88,14,3,5
323,0.0,-2,3,F,Mage,30,26825,35,Fighter,8.43,18,3,5
317,90.14,4,2,M,Thief,40,22840,36,Mage,11.4,16,3,5
301,92.69,-2,5,F,Fighter,40,26825,35,Fighter,11.6,15,3,4
318,81.38,3,2,F,Mage,30,64447,31,Thief,10.93,16,3,5
348,79.59,-3,1,F,Thief,30,15597,32,Thief,11.67,15,3,4
346,101.16,-3,5,F,Fighter,30,59889,35,Thief,11.66,15,3,4
350,72.3,5,5,F,Mage,40,13308,38,Mage,11.17,16,3,5
343,38.29,1,-4,M,Mage,10,43442,8,Fighter,9.48,17,4,2
320,23.47,-5,4,F,Fighter,40,80223,37,Fighter,9.03,16,3,5
325,5.83,-3,2,F,Fighter,30,63006,30,Mage,8.37,17,3,5
301,103.91,-2,5,F,Fighter,40,25054,44,Mage,11.98,17,4,4
308,93.78,-2,5,F,Mage,20,69585,18,Fighter,1.43,7,1,3
314,53.14,-2,-2,F,Fighter,30,44352,31,Thief,10.39,15,3,4
318,80.92,3,2,F,Mage,30,83921,35,Fighter,11.53,14,3,5
332,3.4,3,-2,F,Thief,10,39286,9,Thief,10.28,16,5,1
321,88.54,0,-1,F,Mage,30,64014,29,Thief,11.11,17,3,4
331,97.74,2,-5,F,Mage,40,66852,45,Thief,12.01,16,3,5
317,95.2,4,2,M,Thief,40,79800,42,Fighter,11.97,13,4,5
313,48.46,5,-5,F,Thief,10,55119,9,Mage,8.79,16,3,3
336,1.73,-5,1,F,Thief,40,10264,43,Mage,9.76,18,3,5
321,101.77,0,-1,F,Mage,30,80097,27,Mage,11.66,15,3,4
303,33.2,0,1,M,Thief,10,56849,8,Thief,8.98,17,4,2
349,40.88,3,-1,M,Fighter,30,17810,26,Mage,9.42,17,3,5
331,100.13,2,-5,F,Mage,40,34893,39,Mage,11.17,16,3,5
340,22.14,3,0,F,Thief,20,77431,20,Thief,9.73,16,4,2
308,102.57,-2,5,F,Mage,20,68866,16,Mage,3.07,11,1,4
345,42.13,-5,-4,M,Fighter,30,27138,30,Thief,9.44,18,3,5
321,90.93,0,-1,F,Mage,30,33688,25,Fighter,11.81,14,3,5
342,88.46,5,1,M,Mage,40,67621,35,Fighter,11.84,16,3,4
305,29.58,0,-2,F,Thief,30,87622,33,Mage,9.43,17,3,5
303,45.95,0,1,M,Thief,10,54319,10,Mage,9.47,16,4,2
303,31.57,0,1,M,Thief,10,60168,12,Fighter,8.83,16,3,2
311,75.55,-2,-5,M,Mage,10,53112,9,Mage,5.97,15,2,3
317,88.67,4,2,M,Thief,40,19512,41,Fighter,11.62,16,3,5
304,19.89,3,-5,M,Thief,10,38000,12,Thief,10.36,17,5,1
318,79.53,3,2,F,Mage,30,27216,30,Thief,10.89,16,3,5
301,99.2,-2,5,F,Fighter,40,85255,43,Thief,11.9,15,3,4
301,99.76,-2,5,F,Fighter,40,61041,43,Mage,12.25,14,3,4
341,9.17,-2,3,F,Fighter,10,56914,12,Fighter,10.31,16,5,1
326,37.25,-1,-1,M,Mage,20,44692,23,Fighter,8.41,16,2,5
346,98.49,-3,5,F,Fighter,30,37612,31,Fighter,12.41,13,3,4
324,6.28,-5,0,M,Fighter,40,20902,44,Thief,10.13,18,3,5
338,91.4,4,-5,F,Fighter,40,76153,43,Fighter,12.24,15,3,5
328,51.33,-2,0,F,Thief,30,24163,33,Mage,10.07,17,3,4
309,29.53,-5,-3,M,Thief,40,15157,44,Mage,11.23,16,3,5
343,39.46,1,-4,M,Mage,10,88605,11,Thief,8.93,16,4,2
312,69.15,4,5,M,Mage,10,71752,7,Fighter,7.1,16,3,3
307,42.78,-5,-3,M,Mage,30,67250,28,Fighter,9.34,17,3,5
307,41.36,-5,-3,M,Mage,30,80080,27,Mage,9.85,14,3,4
345,44.51,-5,-4,M,Fighter,30,89884,35,Thief,10.68,15,3,5
302,52.23,2,-5,F,Mage,10,56345,9,Mage,6.99,15,3,3
331,90.22,2,-5,F,Mage,40,40477,38,Fighter,11.93,15,3,5
335,76.9,2,-1,F,Fighter,30,32438,31,Thief,11.24,14,3,5
315,89.78,-3,-3,F,Fighter,20,68910,24,Mage,11.17,16,3,4
321,99.67,0,-1,F,Mage,30,69284,35,Thief,11.61,15,4,5
331,104.82,2,-5,F,Mage,40,84450,37,Fighter,11.14,14,3,5
321,97.19,0,-1,F,Mage,30,75688,31,Fighter,11.96,15,3,5
317,79.02,4,2,M,Thief,40,40477,38,Fighter,11.89,16,4,5
325,10.72,-3,2,F,Fighter,30,84716,25,Mage,7.14,16,2,5
338,93.32,4,-5,F,Fighter,40,56501,37,Fighter,12.04,14,3,4
316,0.23,0,-3,F,Thief,30,40451,25,Mage,6.78,15,2,6
336,22.63,-5,1,F,Thief,40,51841,37,Mage,10.11,16,3,5
334,49.3,0,1,M,Fighter,40,66852,45,Thief,11.6,15,3,4
326,27.46,-1,-1,M,Mage,20,40692,15,Fighter,9.6,16,3,2
302,65.86,2,-5,F,Mage,10,39590,5,Thief,7.74,15,3,2
307,42.39,-5,-3,M,Mage,30,86126,28,Thief,10.4,18,3,4
318,71.03,3,2,F,Mage,30,87356,32,Fighter,11.63,16,3,5
321,92.26,0,-1,F,Mage,30,33192,27,Mage,11.43,16,3,4
314,72.64,-2,-2,F,Fighter,30,27138,30,Thief,10.73,16,3,5
321,93.9,0,-1,F,Mage,30,89979,30,Fighter,12.5,17,3,5
345,58.68,-5,-4,M,Fighter,30,73528,28,Thief,9.76,16,3,5
346,106.26,-3,5,F,Fighter,30,64351,31,Fighter,12.47,16,3,4
307,51.39,-5,-3,M,Mage,30,64447,31,Thief,9.85,16,3,5
344,72.0,4,1,M,Fighter,20,23647,24,Fighter,10.67,16,3,4
318,79.36,3,2,F,Mage,30,15888,27,Mage,10.9,16,3,4
321,86.3,0,-1,F,Mage,30,16366,27,Thief,11.61,15,3,4
321,86.09,0,-1,F,Mage,30,89884,35,Thief,12.5,14,3,4
314,62.56,-2,-2,F,Fighter,30,87530,32,Fighter,10.51,16,3,4
310,4.1,-1,-5,F,Mage,30,89019,29,Thief,8.5,16,3,5
308,87.07,-2,5,F,Mage,20,44692,23,Fighter,11.58,16,4,4
336,3.04,-5,1,F,Thief,40,86656,41,Mage,9.94,17,3,5
326,26.27,-1,-1,M,Mage,20,53559,19,Fighter,8.67,17,4,2
302,62.4,2,-5,F,Mage,10,26857,10,Thief,7.13,14,2,3
348,86.62,-3,1,F,Thief,30,80485,31,Fighter,11.48,16,3,4
327,81.52,-4,2,M,Mage,20,54830,18,Thief,3.84,14,1,3
322,90.94,4,2,F,Fighter,40,60392,36,Fighter,12.21,17,3,5
340,19.5,3,0,F,Thief,20,77959,24,Fighter,8.02,15,3,5
324,17.25,-5,0,M,Fighter,40,23820,37,Thief,9.71,17,3,5
337,45.86,-1,1,F,Thief,40,68113,44,Thief,11.49,15,3,5
324,16.93,-5,0,M,Fighter,40,21969,45,Fighter,10.68,16,3,5
308,102.49,-2,5,F,Mage,20,42866,15,Thief,1.74,9,1,4
308,88.29,-2,5,F,Mage,20,60311,15,Thief,1.56,8,1,4
337,52.0,-1,1,F,Thief,40,13911,44,Thief,11.46,15,4,5
337,55.15,-1,1,F,Thief,40,27329,38,Mage,10.85,17,3,5
332,7.4,3,-2,F,Thief,10,60168,12,Fighter,10.6,16,4,2
345,56.0,-5,-4,M,Fighter,30,56785,31,Thief,10.08,16,3,4
347,0.0,5,0,F,Mage,10,62328,5,Thief,10.95,15,5,1
333,53.77,-2,5,F,Fighter,30,48478,27,Thief,9.97,16,3,5
331,87.05,2,-5,F,Mage,40,16311,42,Fighter,11.78,14,3,4
312,51.02,4,5,M,Mage,10,82458,5,Thief,7.41,16,3,3
319,70.47,0,-3,M,Mage,40,58388,40,Thief,12.02,15,3,5
329,82.75,0,-1,F,Mage,10,78851,12,Thief,6.16,14,2,3
338,88.21,4,-5,F,Fighter,40,76014,44,Thief,11.47,14,3,5
315,102.94,-3,-3,F,Fighter,20,77959,24,Fighter,11.23,17,3,4
302,54.18,2,-5,F,Mage,10,44481,8,Fighter,6.81,15,2,3
348,93.29,-3,1,F,Thief,30,38690,27,Mage,11.27,17,3,4
321,100.11,0,-1,F,Mage,30,89019,29,Thief,11.91,16,3,4
342,93.41,5,1,M,Mage,40,76153,43,Fighter,11.83,15,4,5
323,0.0,-2,3,F,Mage,30,23459,25,Fighter,6.85,16,2,6
349,46.1,3,-1,M,Fighter,30,17433,28,Mage,9.07,17,3,5
301,106.39,-2,5,F,Fighter,40,67890,43,Fighter,11.11,16,3,4
313,47.92,5,-5,F,Thief,10,74518,8,Mage,8.25,17,4,3
334,67.61,0,1,M,Fighter,40,69284,35,Thief,11.41,16,3,5
343,34.9,1,-4,M,Mage,10,79774,5,Thief,9.5,17,3,2
347,0.0,5,0,F,Mage,10,61320,13,Thief,10.79,17,5,1
336,5.27,-5,1,F,Thief,40,35103,45,Mage,10.27,17,3,5
321,103.16,0,-1,F,Mage,30,86444,33,Mage,12.14,14,3,4
346,106.79,-3,5,F,Fighter,30,58308,28,Mage,12.36,15,3,4
310,9.86,-1,-5,F,Mage,30,83921,35,Fighter,9.29,18,3,5
335,77.38,2,-1,F,Fighter,30,87113,25,Thief,10.1,16,3,4
335,81.18,2,-1,F,Fighter,30,42679,34,Mage,12.24,15,3,5
308,101.19,-2,5,F,Mage,20,44041,23,Thief,11.69,14,3,5
338,97.32,4,-5,F,Fighter,40,13892,41,Fighter,12.5,16,3,5
325,6.03,-3,2,F,Fighter,30,11814,28,Fighter,7.46,15,3,5
323,4.48,-2,3,F,Mage,30,20156,34,Fighter,7.9,17,3,5
309,46.66,-5,-3,M,Thief,40,82229,43,Mage,10.33,15,3,5
341,3.93,-2,3,F,Fighter,10,21368,14,Thief,10.83,15,5,1
313,42.61,5,-5,F,Thief,10,63390,10,Mage,8.36,17,3,3
334,54.04,0,1,M,Fighter,40,81499,43,Fighter,11.02,17,3,5
332,17.66,3,-2,F,Thief,10,44443,10,Mage,10.18,16,4,1
308,100.43,-2,5,F,Mage,20,14502,17,Mage,1.71,10,1,4
338,108.49,4,-5,F,Fighter,40,56013,36,Thief,11.95,15,3,5
345,56.16,-5,-4,M,Fighter,30,76049,28,Mage,9.79,17,3,5
342,108.58,5,1,M,Mage,40,16495,37,Fighter,11.43,17,3,4
301,94.65,-2,5,F,Fighter,40,42431,43,Thief,11.42,15,3,4
349,29.85,3,-1,M,Fighter,30,83619,25,Mage,9.11,15,3,5
325,16.83,-3,2,F,Fighter,30,52712,32,Mage,8.73,17,3,5
314,58.32,-2,-2,F,Fighter,30,69261,28,Mage,9.71,17,3,4
337,46.54,-1,1,F,Thief,40,60330,45,Fighter,11.3,16,3,5
337,48.45,-1,1,F,Thief,40,22786,39,Thief,10.99,16,3,5
323,8.56,-2,3,F,Mage,30,82682,30,Mage,7.79,16,2,5
323,2.32,-2,3,F,Mage,30,30311,34,Thief,8.54,18,3,5
348,79.1,-3,1,F,Thief,30,40492,30,Mage,11.73,15,3,4
301,105.72,-2,5,F,Fighter,40,60586,42,Fighter,11.85,14,3,5
309,27.54,-5,-3,M,Thief,40,51254,40,Thief,10.05,16,3,5
317,92.65,4,2,M,Thief,40,43850,42,Fighter,12.0,14,3,5
325,19.16,-3,2,F,Fighter,30,24564,27,Thief,7.95,15,3,5
310,9.97,-1,-5,F,Mage,30,87820,25,Thief,7.16,16,2,5
328,62.47,-2,0,F,Thief,30,24564,27,Thief,9.9,17,3,5
314,49.57,-2,-2,F,Fighter,30,15597,32,Thief,10.55,16,3,4
312,63.65,4,5,M,Mage,10,38726,8,Mage,7.12,16,3,3
307,55.99,-5,-3,M,Mage,30,72594,27,Fighter,8.67,17,3,4
318,74.9,3,2,F,Mage,30,41707,29,Fighter,10.98,17,3,5
326,30.66,-1,-1,M,Mage,20,24513,22,Thief,8.26,17,2,5
348,95.66,-3,1,F,Thief,30,13277,33,Mage,11.73,17,3,5
338,86.67,4,-5,F,Fighter,40,17389,39,Fighter,11.67,16,3,5
304,2.39,3,-5,M,Thief,10,55299,13,Thief,10.94,16,4,1
350,75.32,5,5,F,Mage,40,45475,45,Mage,11.11,15,3,5
342,106.08,5,1,M,Mage,40,76336,42,Thief,11.91,16,3,5
314,69.99,-2,-2,F,Fighter,30,33609,35,Fighter,10.79,16,3,4
319,84.1,0,-3,M,Mage,40,60586,42,Fighter,11.49,15,3,5
328,71.02,-2,0,F,Thief,30,63006,30,Mage,10.25,16,3,5
334,53.97,0,1,M,Fighter,40,75694,35,Thief,10.46,15,3,4
314,57.56,-2,-2,F,Fighter,30,41707,29,Fighter,9.94,17,3,5
332,9.38,3,-2,F,Thief,10,54720,7,Thief,10.63,16,4,2
306,104.86,0,5,M,Mage,10,42866,15,Thief,1.88,9,1,4
350,74.37,5,5,F,Mage,40,81724,40,Mage,11.66,16,3,5
348,85.15,-3,1,F,Thief,30,38690,27,Mage,10.7,16,3,5
324,12.98,-5,0,M,Fighter,40,18723,36,Mage,8.9,17,3,5
312,66.52,4,5,M,Mage,10,31723,10,Thief,7.45,15,2,3
334,71.17,0,1,M,Fighter,40,48636,41,Thief,10.94,15,3,5
325,12.94,-3,2,F,Fighter,30,88841,34,Fighter,8.75,16,3,5
324,12.83,-5,0,M,Fighter,40,13911,44,Thief,9.01,16,3,5
346,108.46,-3,5,F,Fighter,30,11682,25,Thief,11.36,14,3,4
304,15.72,3,-5,M,Thief,10,53112,9,Mage,10.66,16,5,1
346,117.57,-3,5,F,Fighter,30,83921,35,Fighter,12.1,15,3,4
331,102.01,2,-5,F,Mage,40,14141,39,Fighter,11.8,16,3,5
302,63.2,2,-5,F,Mage,10,63493,8,Mage,7.14,16,3,3
342,95.58,5,1,M,Mage,40,19235,38,Mage,12.0,15,3,5
324,14.32,-5,0,M,Fighter,40,12710,36,Fighter,9.17,15,3,5
318,63.89,3,2,F,Mage,30,52712,32,Mage,11.25,16,3,5
324,14.42,-5,0,M,Fighter,40,65857,39,Fighter,8.82,17,3,5
328,63.02,-2,0,F,Thief,30,30311,34,Thief,10.86,15,3,5
331,97.66,2,-5,F,Mage,40,42779,42,Mage,11.57,16,3,5
340,34.81,3,0,F,Thief,20,82438,21,Thief,7.6,17,2,5
349,28.96,3,-1,M,Fighter,30,84050,28,Thief,8.98,18,3,5
325,14.35,-3,2,F,Fighter,30,52712,32,Mage,8.59,17,3,5
334,63.66,0,1,M,Fighter,40,48349,36,Thief,11.29,16,3,5
307,41.68,-5,-3,M,Mage,30,73528,28,Thief,9.86,16,3,5
316,0.0,0,-3,F,Thief,30,23459,25,Fighter,6.34,16,2,6
324,14.93,-5,0,M,Fighter,40,61925,41,Thief,10.02,16,3,5
337,39.54,-1,1,F,Thief,40,35103,45,Mage,11.12,16,3,5
303,42.09,0,1,M,Thief,10,54600,15,Mage,10.01,17,4,2
317,95.37,4,2,M,Thief,40,62232,43,Thief,11.6,15,3,4
347,0.0,5,0,F,Mage,10,41093,11,Mage,11.98,15,5,1
338,108.43,4,-5,F,Fighter,40,83921,35,Fighter,11.54,14,3,5
346,121.56,-3,5,F,Fighter,30,34653,29,Fighter,11.76,16,3,4
303,44.93,0,1,M,Thief,10,71194,10,Mage,9.73,16,4,2
334,49.39,0,1,M,Fighter,40,40477,38,Fighter,11.64,16,3,5
323,0.0,-2,3,F,Mage,30,11682,25,Thief,7.35,16,2,6
328,55.5,-2,0,F,Thief,30,75688,31,Fighter,11.09,16,3,5
343,38.5,1,-4,M,Mage,10,86605,9,Fighter,9.57,17,4,2
316,9.15,0,-3,F,Thief,30,42448,27,Mage,7.81,16,2,6
321,92.32,0,-1,F,Mage,30,17433,28,Mage,11.53,15,3,4
331,92.68,2,-5,F,Mage,40,75698,35,Mage,11.65,15,3,4
332,15.25,3,-2,F,Thief,10,15269,12,Fighter,10.87,16,4,2
309,25.91,-5,-3,M,Thief,40,42779,42,Mage,9.58,15,4,5
313,53.13,5,-5,F,Thief,10,55745,10,Mage,8.54,16,3,2
332,5.74,3,-2,F,Thief,10,11542,10,Mage,11.12,15,4,1
342,106.94,5,1,M,Mage,40,62232,43,Thief,12.5,15,3,4
337,57.83,-1,1,F,Thief,40,86656,41,Mage,11.12,15,3,5
326,33.8,-1,-1,M,Mage,20,47090,21,Mage,8.25,18,3,5
311,62.62,-2,-5,M,Mage,10,31874,8,Thief,6.06,15,3,3
301,89.59,-2,5,F,Fighter,40,19463,43,Thief,11.09,15,3,4
306,95.88,0,5,M,Mage,10,24572,7,Thief,2.94,10,1,3
320,19.27,-5,4,F,Fighter,40,43761,36,Thief,9.3,16,3,5
343,41.18,1,-4,M,Mage,10,24366,14,Mage,9.16,15,4,2
310,17.1,-1,-5,F,Mage,30,34213,32,Fighter,8.96,17,3,5
316,0.0,0,-3,F,Thief,30,84041,28,Fighter,7.32,17,2,6
322,93.17,4,2,F,Fighter,40,78198,35,Thief,11.59,14,3,5
310,12.77,-1,-5,F,Mage,30,33815,29,Mage,7.83,16,2,5
308,101.77,-2,5,F,Mage,20,16136,25,Mage,11.27,16,3,4
320,4.21,-5,4,F,Fighter,40,19235,38,Mage,9.12,17,3,5
323,0.0,-2,3,F,Mage,30,32315,32,Fighter,7.97,18,2,6
330,23.23,5,-4,M,Thief,10,15254,13,Thief,10.26,14,4,1
316,7.25,0,-3,F,Thief,30,20787,28,Mage,7.78,17,2,6
319,81.51,0,-3,M,Mage,40,60330,45,Fighter,11.56,15,3,5
335,63.53,2,-1,F,Fighter,30,11814,28,Fighter,10.29,16,3,5
314,66.9,-2,-2,F,Fighter,30,69261,28,Mage,10.36,17,3,4
314,50.33,-2,-2,F,Fighter,30,24544,33,Fighter,11.08,16,3,5
321,91.16,0,-1,F,Mage,30,87356,32,Fighter,11.83,15,3,4
308,92.69,-2,5,F,Mage,20,87113,25,Thief,11.7,15,3,5
319,71.45,0,-3,M,Mage,40,88541,39,Mage,11.87,15,3,5
322,91.13,4,2,F,Fighter,40,67890,43,Fighter,11.79,16,3,5
332,20.42,3,-2,F,Thief,10,58488,6,Thief,11.53,15,5,2
315,89.89,-3,-3,F,Fighter,20,76302,21,Fighter,11.27,17,3,4
343,30.62,1,-4,M,Mage,10,87982,10,Thief,9.09,17,4,2
348,91.21,-3,1,F,Thief,30,74684,32,Thief,11.44,15,3,4
326,29.39,-1,-1,M,Mage,20,21083,19,Thief,9.33,16,3,2
340,31.02,3,0,F,Thief,20,31273,16,Fighter,9.9,15,4,2
344,64.41,4,1,M,Fighter,20,77959,24,Fighter,11.02,16,3,5
313,57.76,5,-5,F,Thief,10,38157,5,Mage,7.82,16,3,3
327,85.61,-4,2,M,Mage,20,62446,16,Mage,4.51,14,1,3
341,0.0,-2,3,F,Fighter,10,71222,14,Thief,11.4,14,5,1
312,69.98,4,5,M,Mage,10,71194,10,Mage,7.52,16,3,3
305,32.15,0,-2,F,Thief,30,21681,35,Mage,9.79,17,3,5
325,22.28,-3,2,F,Fighter,30,64270,33,Thief,8.69,16,3,5
337,38.82,-1,1,F,Thief,40,56501,37,Fighter,10.94,16,3,5
309,42.82,-5,-3,M,Thief,40,20084,37,Thief,10.24,16,3,5
303,38.27,0,1,M,Thief,10,50547,10,Fighter,9.56,17,4,2
319,65.76,0,-3,M,Mage,40,47409,36,Mage,11.0,16,3,4
338,100.84,4,-5,F,Fighter,40,18847,40,Mage,12.5,16,3,4
326,33.69,-1,-1,M,Mage,20,37012,19,Thief,9.17,16,3,2
348,81.01,-3,1,F,Thief,30,24163,33,Mage,11.52,17,4,4
320,7.65,-5,4,F,Fighter,40,85728,43,Thief,9.67,17,3,5
324,24.2,-5,0,M,Fighter,40,61041,43,Mage,10.76,15,3,5
346,106.52,-3,5,F,Fighter,30,37612,31,Fighter,11.89,14,3,5
337,42.14,-1,1,F,Thief,40,25904,42,Mage,10.74,15,3,5
324,12.25,-5,0,M,Fighter,40,61925,41,Thief,10.21,16,3,5
348,79.61,-3,1,F,Thief,30,27922,33,Thief,11.22,16,3,4
343,26.2,1,-4,M,Mage,10,56849,8,Thief,9.73,15,3,2
334,71.54,0,1,M,Fighter,40,38712,41,Thief,10.72,16,3,5
340,21.71,3,0,F,Thief,20,47090,21,Mage,6.74,16,2,5
301,95.19,-2,5,F,Fighter,40,66852,45,Thief,12.25,14,4,4
333,59.0,-2,5,F,Fighter,30,16599,32,Fighter,9.63,17,3,5
344,67.02,4,1,M,Fighter,20,73420,22,Mage,10.23,18,3,4
315,89.21,-3,-3,F,Fighter,20,32604,24,Fighter,10.79,15,3,4
335,67.31,2,-1,F,Fighter,30,63021,27,Mage,10.72,16,3,5
305,29.28,0,-2,F,Thief,30,82807,28,Thief,8.96,18,3,5
312,59.0,4,5,M,Mage,10,83886,15,Thief,6.97,17,2,3
332,22.53,3,-2,F,Thief,10,38912,7,Thief,10.86,16,5,2
324,22.74,-5,0,M,Fighter,40,58311,39,Mage,9.44,16,3,5
315,98.24,-3,-3,F,Fighter,20,48331,25,Mage,11.3,15,3,4
306,86.09,0,5,M,Mage,10,84217,6,Fighter,3.15,12,1,4
349,33.16,3,-1,M,Fighter,30,33688,25,Fighter,9.31,16,3,5
335,66.05,2,-1,F,Fighter,30,30311,34,Thief,11.6,15,3,4
330,13.33,5,-4,M,Thief,10,55119,9,Mage,11.0,15,4,2
309,24.82,-5,-3,M,Thief,40,81661,39,Fighter,10.29,16,3,5
303,33.16,0,1,M,Thief,10,72950,12,Thief,9.62,17,4,2
322,94.63,4,2,F,Fighter,40,42093,43,Thief,11.64,16,3,5
315,102.32,-3,-3,F,Fighter,20,40451,25,Mage,11.16,15,4,4
346,109.29,-3,5,F,Fighter,30,32533,31,Thief,12.1,15,3,4
305,14.75,0,-2,F,Thief,30,57566,30,Mage,8.78,15,3,5
320,23.23,-5,4,F,Fighter,40,72663,45,Fighter,9.87,15,3,5
316,5.21,0,-3,F,Thief,30,57436,26,Fighter,6.93,17,2,6
320,11.27,-5,4,F,Fighter,40,19512,41,Fighter,9.82,15,3,5
346,119.13,-3,5,F,Fighter,30,80080,27,Mage,11.96,14,3,4
313,50.44,5,-5,F,Thief,10,24416,12,Fighter,8.21,16,3,3
342,99.63,5,1,M,Mage,40,34893,39,Mage,11.21,15,3,5
337,37.33,-1,1,F,Thief,40,85310,40,Thief,11.28,16,3,4
312,64.49,4,5,M,Mage,10,41730,7,Thief,7.18,17,3,3
313,40.11,5,-5,F,Thief,10,54079,10,Fighter,7.97,17,3,3
332,21.72,3,-2,F,Thief,10,35954,13,Mage,10.43,16,4,1
342,93.31,5,1,M,Mage,40,10264,43,Mage,11.8,16,3,5
347,10.91,5,0,F,Mage,10,55745,10,Mage,11.11,16,5,1
347,0.0,5,0,F,Mage,10,33920,7,Fighter,11.48,17,5,1
342,91.85,5,1,M,Mage,40,31318,36,Thief,11.73,16,3,5
303,41.49,0,1,M,Thief,10,40692,15,Fighter,8.2,17,3,2
310,15.83,-1,-5,F,Mage,30,16599,32,Fighter,8.53,17,3,5
309,36.22,-5,-3,M,Thief,40,44663,41,Fighter,10.2,15,3,4
329,76.53,0,-1,F,Mage,10,78461,9,Fighter,5.77,15,2,3
312,68.52,4,5,M,Mage,10,70179,14,Fighter,6.95,17,2,3
346,118.48,-3,5,F,Fighter,30,86602,25,Thief,11.97,15,3,4
349,46.58,3,-1,M,Fighter,30,38685,27,Fighter,9.46,15,3,5
305,29.31,0,-2,F,Thief,30,83045,26,Mage,8.28,17,2,5
330,7.54,5,-4,M,Thief,10,81846,9,Mage,11.01,15,4,1
316,0.0,0,-3,F,Thief,30,22280,30,Mage,7.81,18,2,6
301,98.99,-2,5,F,Fighter,40,77239,38,Fighter,11.66,16,3,4
342,108.4,5,1,M,Mage,40,25953,39,Thief,11.81,15,3,5
318,63.0,3,2,F,Mage,30,40218,28,Mage,10.52,17,3,5
323,4.76,-2,3,F,Mage,30,33518,31,Thief,7.77,16,2,5
317,91.8,4,2,M,Thief,40,14141,39,Fighter,12.05,14,3,5
312,59.18,4,5,M,Mage,10,55130,9,Fighter,7.54,16,3,3
334,57.85,0,1,M,Fighter,40,81250,35,Fighter,10.81,16,3,5
328,72.5,-2,0,F,Thief,30,26151,30,Mage,9.91,16,3,5
301,92.96,-2,5,F,Fighter,40,19512,41,Fighter,11.12,15,3,5
303,26.71,0,1,M,Thief,10,84217,6,Fighter,9.45,18,3,2
324,8.81,-5,0,M,Fighter,40,20084,37,Thief,9.57,17,3,5
319,62.42,0,-3,M,Mage,40,33640,38,Thief,11.9,16,3,5
318,79.01,3,2,F,Mage,30,16136,25,Mage,9.76,17,3,5
317,91.56,4,2,M,Thief,40,23820,37,Thief,11.71,15,3,5
331,96.15,2,-5,F,Mage,40,10715,38,Mage,11.41,17,3,4
306,104.72,0,5,M,Mage,10,33624,12,Fighter,2.49,11,1,4
321,92.48,0,-1,F,Mage,30,30541,31,Mage,11.9,15,3,5
323,4.88,-2,3,F,Mage,30,27444,29,Mage,7.45,17,3,6
346,118.1,-3,5,F,Fighter,30,86126,28,Thief,12.01,16,3,4
331,91.92,2,-5,F,Mage,40,20084,37,Thief,12.5,14,3,5
322,104.72,4,2,F,Fighter,40,57235,37,Thief,12.11,15,3,5
317,80.93,4,2,M,Thief,40,60586,42,Fighter,12.5,15,3,5
347,10.54,5,0,F,Mage,10,47012,11,Fighter,11.53,15,5,1
349,43.34,3,-1,M,Fighter,30,83921,35,Fighter,9.61,16,3,5
306,103.78,0,5,M,Mage,10,28832,7,Mage,2.73,10,1,4
334,56.82,0,1,M,Fighter,40,70489,41,Fighter,11.55,16,3,5
330,23.98,5,-4,M,Thief,10,50521,12,Thief,10.69,16,4,2
317,90.63,4,2,M,Thief,40,81661,39,Fighter,11.42,16,3,5
348,89.14,-3,1,F,Thief,30,76651,32,Thief,11.02,15,3,4
345,39.26,-5,-4,M,Fighter,30,10827,34,Thief,9.9,15,3,4
309,42.56,-5,-3,M,Thief,40,29767,40,Fighter,10.63,17,3,5
340,33.78,3,0,F,Thief,20,74417,18,Mage,9.83,17,4,1
342,98.59,5,1,M,Mage,40,10832,38,Mage,12.32,15,3,5
317,88.91,4,2,M,Thief,40,21918,44,Mage,12.15,15,3,5
328,72.09,-2,0,F,Thief,30,24163,33,Mage,10.54,15,3,5
349,29.39,3,-1,M,Fighter,30,70785,34,Thief,10.21,15,3,5
301,85.92,-2,5,F,Fighter,40,89884,35,Thief,12.48,14,3,4
342,102.03,5,1,M,Mage,40,21918,44,Mage,11.53,16,3,5
326,34.74,-1,-1,M,Mage,20,82394,21,Thief,8.66,16,3,5
317,88.19,4,2,M,Thief,40,73241,36,Fighter,11.94,16,3,5
346,107.42,-3,5,F,Fighter,30,16869,34,Thief,11.88,15,3,4
327,91.12,-4,2,M,Mage,20,77309,22,Thief,11.13,17,3,4
312,57.73,4,5,M,Mage,10,79774,5,Thief,7.39,15,2,3
321,89.85,0,-1,F,Mage,30,87960,34,Mage,11.66,15,3,4
321,105.54,0,-1,F,Mage,30,72803,26,Fighter,12.2,15,3,4
334,54.51,0,1,M,Fighter,40,55645,39,Mage,10.59,15,3,4
338,89.49,4,-5,F,Fighter,40,35103,45,Mage,11.67,14,3,5
347,2.29,5,0,F,Mage,10,11542,10,Mage,11.39,16,5,1
318,70.98,3,2,F,Mage,30,15533,25,Mage,11.23,15,3,5
345,48.06,-5,-4,M,Fighter,30,52712,32,Mage,9.44,18,3,5
321,105.57,0,-1,F,Mage,30,64447,31,Thief,11.17,14,3,5
304,13.17,3,-5,M,Thief,10,78851,12,Thief,10.55,16,5,2
314,57.33,-2,-2,F,Fighter,30,84716,25,Mage,9.83,17,3,4
330,16.23,5,-4,M,Thief,10,57774,5,Fighter,10.85,15,4,1
331,90.43,2,-5,F,Mage,40,33872,45,Fighter,11.4,15,3,5
315,96.89,-3,-3,F,Fighter,20,78959,24,Mage,12.2,15,3,4
303,30.11,0,1,M,Thief,10,58488,6,Thief,9.66,16,4,2
350,62.52,5,5,F,Mage,40,23431,41,Thief,11.84,15,3,5
307,53.6,-5,-3,M,Mage,30,17566,32,Mage,10.24,16,3,5
307,40.63,-5,-3,M,Mage,30,15533,25,Mage,9.36,15,3,5
336,13.73,-5,1,F,Thief,40,71439,44,Fighter,9.84,16,3,5
310,9.75,-1,-5,F,Mage,30,74684,32,Thief,8.06,18,3,5
316,0.0,0,-3,F,Thief,30,32438,31,Thief,8.19,16,3,6
316,0.0,0,-3,F,Thief,30,38265,26,Thief,7.48,16,2,6
337,48.33,-1,1,F,Thief,40,39215,39,Mage,10.28,16,3,5
301,101.59,-2,5,F,Fighter,40,38712,41,Thief,11.44,14,3,4
338,104.5,4,-5,F,Fighter,40,82319,43,Thief,11.56,16,3,5
311,66.01,-2,-5,M,Mage,10,71752,7,Fighter,6.15,15,2,3
341,0.0,-2,3,F,Fighter,10,34085,8,Fighter,11.64,15,5,1
342,99.63,5,1,M,Mage,40,29767,40,Fighter,11.64,16,3,5
334,54.37,0,1,M,Fighter,40,81250,35,Fighter,9.87,15,3,5
301,93.27,-2,5,F,Fighter,40,70834,35,Thief,11.81,15,3,4
335,81.93,2,-1,F,Fighter,30,18283,29,Thief,10.81,16,3,4
312,52.93,4,5,M,Mage,10,29685,12,Mage,6.51,17,2,3
304,8.27,3,-5,M,Thief,10,35954,13,Mage,11.11,16,4,1
306,95.83,0,5,M,Mage,10,29685,12,Mage,1.65,9,1,4
338,99.75,4,-5,F,Fighter,40,55645,39,Mage,11.8,15,3,5
312,71.64,4,5,M,Mage,10,41079,6,Mage,8.07,16,2,3
322,103.14,4,2,F,Fighter,40,31548,43,Fighter,11.81,14,3,4
344,79.15,4,1,M,Fighter,20,82555,16,Thief,6.2,15,2,3
339,91.18,5,3,F,Fighter,10,41730,7,Thief,4.46,15,2,4
333,37.66,-2,5,F,Fighter,30,33688,25,Fighter,9.29,16,3,5
302,63.91,2,-5,F,Mage,10,29685,12,Mage,7.1,16,3,2
338,90.05,4,-5,F,Fighter,40,17389,39,Fighter,12.25,15,3,5
317,88.37,4,2,M,Thief,40,43576,43,Thief,12.06,15,3,5
310,14.34,-1,-5,F,Mage,30,32315,32,Fighter,8.63,16,3,5
342,102.95,5,1,M,Mage,40,81499,43,Fighter,12.31,15,3,5
335,75.82,2,-1,F,Fighter,30,56785,31,Thief,10.85,16,3,5
322,90.73,4,2,F,Fighter,40,44819,38,Fighter,11.57,15,3,5
305,32.35,0,-2,F,Thief,30,20156,34,Fighter,9.61,17,3,5
347,11.3,5,0,F,Mage,10,83013,15,Fighter,11.5,15,5,1
322,100.77,4,2,F,Fighter,40,48349,36,Thief,11.81,15,4,5
319,71.84,0,-3,M,Mage,40,14904,36,Mage,11.97,15,3,5
321,100.99,0,-1,F,Mage,30,22118,28,Fighter,11.25,15,3,4
349,29.24,3,-1,M,Fighter,30,27922,33,Thief,9.0,17,3,5
331,96.81,2,-5,F,Mage,40,62232,43,Thief,12.01,15,4,5
321,95.71,0,-1,F,Mage,30,86602,25,Thief,11.43,16,3,5
331,100.84,2,-5,F,Mage,40,67621,35,Fighter,11.55,15,3,4
337,54.63,-1,1,F,Thief,40,89172,41,Mage,11.13,15,3,5
345,38.54,-5,-4,M,Fighter,30,17433,28,Mage,9.52,16,3,4
349,44.71,3,-1,M,Fighter,30,40492,30,Mage,9.89,17,3,5
323,0.0,-2,3,F,Mage,30,71073,26,Fighter,7.15,16,2,6
317,94.84,4,2,M,Thief,40,89258,42,Fighter,12.04,16,3,5
326,39.44,-1,-1,M,Mage,20,64974,17,Mage,8.05,16,4,2
344,84.0,4,1,M,Fighter,20,53559,19,Fighter,5.6,14,2,3
333,58.52,-2,5,F,Fighter,30,27216,30,Thief,9.68,16,3,5
338,107.19,4,-5,F,Fighter,40,88967,44,Thief,11.73,18,3,5
330,17.2,5,-4,M,Thief,10,55512,7,Mage,11.24,17,4,1
303,31.17,0,1,M,Thief,10,34787,7,Fighter,9.19,17,4,2
320,12.39,-5,4,F,Fighter,40,18847,40,Mage,9.42,17,3,5
305,34.47,0,-2,F,Thief,30,38438,27,Fighter,7.71,16,3,5
341,0.0,-2,3,F,Fighter,10,77968,9,Fighter,11.97,17,5,1
329,68.66,0,-1,F,Mage,10,37481,8,Fighter,6.27,16,2,3
319,81.35,0,-3,M,Mage,40,50149,42,Thief,11.31,17,3,5
338,104.8,4,-5,F,Fighter,40,26362,43,Mage,12.33,14,3,5
337,59.7,-1,1,F,Thief,40,16122,40,Mage,10.74,16,3,5
347,0.0,5,0,F,Mage,10,63390,10,Mage,11.38,16,5,1
340,35.66,3,0,F,Thief,20,74417,18,Mage,10.47,17,4,2
314,55.68,-2,-2,F,Fighter,30,87960,34,Mage,10.49,17,3,5
346,118.08,-3,5,F,Fighter,30,81250,35,Fighter,12.5,14,3,4
336,23.13,-5,1,F,Thief,40,60586,42,Fighter,9.94,16,3,5
347,0.0,5,0,F,Mage,10,71752,7,Fighter,11.89,16,5,1
301,104.57,-2,5,F,Fighter,40,60586,42,Fighter,12.13,16,3,4
322,96.1,4,2,F,Fighter,40,33640,38,Thief,12.25,14,3,5
333,47.11,-2,5,F,Fighter,30,72442,25,Thief,9.3,17,3,5
330,17.33,5,-4,M,Thief,10,61576,9,Thief,10.28,16,4,2
320,11.12,-5,4,F,Fighter,40,55539,39,Thief,8.71,17,3,5
341,6.51,-2,3,F,Fighter,10,69632,14,Fighter,11.4,16,5,1
346,114.28,-3,5,F,Fighter,30,44352,31,Thief,11.44,16,3,4
341,2.66,-2,3,F,Fighter,10,51875,13,Fighter,11.0,16,5,1
341,0.0,-2,3,F,Fighter,10,17725,9,Mage,11.21,16,5,1
323,0.0,-2,3,F,Mage,30,86000,34,Mage,8.01,16,3,6
340,32.95,3,0,F,Thief,20,12064,19,Mage,9.89,17,4,2
335,82.2,2,-1,F,Fighter,30,52136,34,Thief,10.91,15,3,5
324,7.05,-5,0,M,Fighter,40,57818,40,Mage,9.36,17,3,5
340,35.6,3,0,F,Thief,20,55463,23,Mage,7.88,16,3,5
323,0.0,-2,3,F,Mage,30,17527,32,Mage,8.67,17,3,6
339,80.66,5,3,F,Fighter,10,14988,12,Thief,4.42,13,1,4
341,5.63,-2,3,F,Fighter,10,17725,9,Mage,11.49,16,5,1
331,89.35,2,-5,F,Mage,40,88020,45,Fighter,12.3,15,3,4
311,84.65,-2,-5,M,Mage,10,15254,13,Thief,5.69,15,2,3
331,86.8,2,-5,F,Mage,40,28369,39,Thief,11.74,15,3,5
349,42.41,3,-1,M,Fighter,30,33815,29,Mage,9.06,18,3,5
333,48.77,-2,5,F,Fighter,30,63362,28,Thief,9.68,18,3,5
342,107.63,5,1,M,Mage,40,32315,44,Thief,12.5,15,3,5
348,94.37,-3,1,F,Thief,30,83128,30,Thief,11.5,14,3,4
348,89.62,-3,1,F,Thief,30,13277,33,Mage,11.81,15,3,4
349,43.14,3,-1,M,Fighter,30,26825,35,Fighter,10.01,17,3,5
317,87.17,4,2,M,Thief,40,37653,40,Mage,12.5,14,3,5
330,10.85,5,-4,M,Thief,10,57354,6,Fighter,10.54,16,5,1
335,83.73,2,-1,F,Fighter,30,11814,28,Fighter,10.17,17,3,5
327,94.13,-4,2,M,Mage,20,14106,25,Mage,11.73,13,3,4
337,57.58,-1,1,F,Thief,40,22792,42,Fighter,10.89,16,3,4
346,100.69,-3,5,F,Fighter,30,57345,25,Fighter,11.49,15,3,4
341,6.36,-2,3,F,Fighter,10,46398,11,Mage,11.53,17,5,1
312,63.98,4,5,M,Mage,10,55299,13,Thief,6.69,16,2,3
315,105.03,-3,-3,F,Fighter,20,62722,22,Mage,11.76,17,3,5
309,47.71,-5,-3,M,Thief,40,17389,39,Fighter,9.64,17,3,5
306,101.65,0,5,M,Mage,10,58599,9,Thief,2.0,11,1,4
307,45.71,-5,-3,M,Mage,30,38690,27,Mage,10.1,17,3,5
330,4.85,5,-4,M,Thief,10,55299,13,Thief,10.4,15,5,2
332,22.52,3,-2,F,Thief,10,63765,7,Mage,10.48,16,5,2
342,109.73,5,1,M,Mage,40,47409,36,Mage,12.5,15,4,5
331,95.14,2,-5,F,Mage,40,23345,43,Thief,12.46,14,3,5
309,41.57,-5,-3,M,Thief,40,15105,45,Fighter,11.05,16,3,5
316,3.72,0,-3,F,Thief,30,35847,29,Mage,7.2,16,3,6
331,102.07,2,-5,F,Mage,40,56013,36,Thief,12.09,14,3,5
328,50.48,-2,0,F,Thief,30,17527,32,Mage,10.37,17,3,4
343,43.46,1,-4,M,Mage,10,41093,11,Mage,9.47,15,3,2
343,31.53,1,-4,M,Mage,10,28832,7,Mage,9.6,16,4,2
350,65.03,5,5,F,Mage,40,16311,42,Fighter,11.72,16,3,5
341,6.3,-2,3,F,Fighter,10,61064,14,Mage,10.84,18,5,1
342,100.21,5,1,M,Mage,40,81724,40,Mage,11.43,13,3,5
317,85.07,4,2,M,Thief,40,73355,40,Thief,11.85,16,3,5
301,99.61,-2,5,F,Fighter,40,71168,43,Thief,12.5,15,3,5
338,96.88,4,-5,F,Fighter,40,60330,45,Fighter,12.5,14,3,5
315,96.43,-3,-3,F,Fighter,20,11838,23,Mage,11.61,16,3,4
305,34.94,0,-2,F,Thief,30,48331,25,Mage,8.51,16,3,5
311,73.66,-2,-5,M,Mage,10,62328,5,Thief,5.86,16,2,3
348,97.07,-3,1,F,Thief,30,19694,35,Thief,11.71,17,3,4
318,69.77,3,2,F,Mage,30,10827,34,Thief,11.1,15,3,5
319,81.36,0,-3,M,Mage,40,16084,38,Thief,11.47,15,3,5
323,5.1,-2,3,F,Mage,30,11682,25,Thief,7.4,17,2,6
321,90.78,0,-1,F,Mage,30,84716,25,Mage,11.36,16,4,5
313,37.1,5,-5,F,Thief,10,10356,12,Fighter,8.06,17,3,3
345,38.02,-5,-4,M,Fighter,30,76049,28,Mage,9.56,16,3,4
341,10.86,-2,3,F,Fighter,10,78851,12,Thief,11.28,17,5,1
308,96.72,-2,5,F,Mage,20,36771,25,Mage,11.09,14,4,4
324,20.47,-5,0,M,Fighter,40,42251,39,Thief,9.66,16,3,5
328,69.19,-2,0,F,Thief,30,17527,32,Mage,10.88,17,3,5
315,108.5,-3,-3,F,Fighter,20,67617,22,Mage,10.88,14,3,4
324,11.97,-5,0,M,Fighter,40,59631,44,Thief,9.38,17,3,5
303,35.83,0,1,M,Thief,10,27691,6,Thief,9.13,16,3,2
347,3.76,5,0,F,Mage,10,76966,13,Fighter,11.55,16,5,1
308,96.56,-2,5,F,Mage,20,48956,22,Thief,10.92,16,3,4
350,64.36,5,5,F,Mage,40,32315,44,Thief,11.76,15,3,5
350,81.6,5,5,F,Mage,40,25865,45,Mage,12.09,16,4,5
331,87.9,2,-5,F,Mage,40,34923,42,Mage,12.46,14,3,4
338,99.13,4,-5,F,Fighter,40,20902,44,Thief,12.04,15,3,5
307,43.1,-5,-3,M,Mage,30,76128,35,Fighter,10.68,16,3,4
331,105.52,2,-5,F,Mage,40,62232,43,Thief,12.39,15,3,5
328,61.71,-2,0,F,Thief,30,20787,28,Mage,9.89,16,3,4
308,96.67,-2,5,F,Mage,20,57762,24,Mage,11.41,17,3,4
322,93.54,4,2,F,Fighter,40,66602,40,Thief,12.5,14,3,4
325,20.62,-3,2,F,Fighter,30,84667,28,Thief,7.44,16,3,5
336,19.29,-5,1,F,Thief,40,22845,36,Fighter,8.65,17,3,5
309,41.39,-5,-3,M,Thief,40,22792,42,Fighter,10.83,15,3,5
337,49.05,-1,1,F,Thief,40,52157,45,Mage,10.91,16,3,5
348,96.72,-3,1,F,Thief,30,67621,35,Fighter,11.98,15,3,4
328,71.07,-2,0,F,Thief,30,42545,31,Thief,10.17,17,3,4
323,0.0,-2,3,F,Mage,30,12892,32,Thief,8.18,17,3,6
327,95.52,-4,2,M,Mage,20,58939,24,Thief,10.27,15,3,4
336,10.27,-5,1,F,Thief,40,67017,35,Mage,8.51,16,3,5
336,17.12,-5,1,F,Thief,40,62543,43,Fighter,9.54,17,3,5
313,54.99,5,-5,F,Thief,10,70179,14,Fighter,7.31,16,3,3
336,8.63,-5,1,F,Thief,40,51841,37,Mage,9.54,17,3,5
309,48.08,-5,-3,M,Thief,40,13109,38,Mage,10.52,18,3,4
317,88.83,4,2,M,Thief,40,60330,45,Fighter,11.44,15,3,5
332,9.8,3,-2,F,Thief,10,51476,12,Mage,10.65,17,4,2
309,39.31,-5,-3,M,Thief,40,56501,37,Fighter,10.52,15,3,5
313,41.18,5,-5,F,Thief,10,77968,9,Fighter,8.25,15,3,3
303,28.45,0,1,M,Thief,10,73789,5,Mage,9.32,18,4,2
330,6.79,5,-4,M,Thief,10,31723,10,Thief,10.49,16,4,1
301,89.72,-2,5,F,Fighter,40,53775,43,Mage,12.46,14,3,4
336,22.85,-5,1,F,Thief,40,67621,35,Fighter,9.11,17,3,5
330,9.2,5,-4,M,Thief,10,38912,7,Thief,10.99,15,5,1
340,21.91,3,0,F,Thief,20,83269,20,Mage,10.44,17,4,2
313,60.43,5,-5,F,Thief,10,68024,14,Mage,7.92,16,3,3
310,19.22,-1,-5,F,Mage,30,19694,35,Thief,9.03,17,3,5
333,60.54,-2,5,F,Fighter,30,39207,30,Thief,9.57,17,3,5
330,18.31,5,-4,M,Thief,10,59661,13,Thief,10.93,16,4,2
316,0.0,0,-3,F,Thief,30,64447,31,Thief,7.56,17,2,6
328,53.95,-2,0,F,Thief,30,15533,25,Mage,10.33,17,3,5
312,55.35,4,5,M,Mage,10,89658,6,Mage,7.12,17,3,2
329,78.87,0,-1,F,Mage,10,50521,12,Thief,5.3,16,2,3
304,18.27,3,-5,M,Thief,10,38000,12,Thief,11.15,15,4,2
347,5.3,5,0,F,Mage,10,55745,10,Mage,11.19,16,5,1
339,75.98,5,3,F,Fighter,10,83013,15,Fighter,3.78,12,1,4
330,11.5,5,-4,M,Thief,10,80546,5,Mage,10.92,16,5,1
345,43.92,-5,-4,M,Fighter,30,67250,28,Fighter,9.36,16,3,4
348,93.32,-3,1,F,Thief,30,30311,34,Thief,12.35,16,4,4
319,75.49,0,-3,M,Mage,40,53013,38,Mage,11.14,17,3,5
319,82.35,0,-3,M,Mage,40,37653,40,Mage,11.85,16,3,5
318,74.38,3,2,F,Mage,30,33192,27,Mage,10.72,16,3,5
327,88.84,-4,2,M,Mage,20,22561,19,Mage,3.5,13,1,3
334,51.53,0,1,M,Fighter,40,12029,38,Fighter,11.26,17,3,5
331,90.47,2,-5,F,Mage,40,73486,40,Mage,11.41,15,3,4
343,34.84,1,-4,M,Mage,10,56914,12,Fighter,9.26,16,4,2
331,85.96,2,-5,F,Mage,40,78198,35,Thief,12.5,14,3,5
350,79.73,5,5,F,Mage,40,19056,40,Thief,11.64,13,3,5
335,83.93,2,-1,F,Fighter,30,43701,30,Thief,10.78,17,4,5
331,108.29,2,-5,F,Mage,40,74736,38,Fighter,11.89,14,3,5
314,53.18,-2,-2,F,Fighter,30,58308,28,Mage,10.22,17,3,4
342,91.38,5,1,M,Mage,40,33896,45,Fighter,11.72,16,3,5
315,88.08,-3,-3,F,Fighter,20,58507,25,Mage,11.12,16,4,4
302,49.53,2,-5,F,Mage,10,37981,8,Thief,6.9,16,2,3
319,70.04,0,-3,M,Mage,40,23431,41,Thief,12.14,16,3,4
340,13.9,3,0,F,Thief,20,57345,25,Fighter,7.65,17,2,5
333,40.21,-2,5,F,Fighter,30,78198,35,Thief,9.91,17,3,5
348,80.65,-3,1,F,Thief,30,27216,30,Thief,11.55,16,3,4
340,27.52,3,0,F,Thief,20,53538,15,Mage,10.15,17,4,2
319,84.45,0,-3,M,Mage,40,43850,42,Fighter,12.18,15,3,5
311,84.08,-2,-5,M,Mage,10,17243,5,Thief,5.95,14,2,3
314,64.4,-2,-2,F,Fighter,30,47138,33,Thief,10.78,16,3,4
324,19.69,-5,0,M,Fighter,40,70489,41,Fighter,10.07,17,3,5
303,41.95,0,1,M,Thief,10,37473,5,Thief,9.3,17,3,2
333,56.26,-2,5,F,Fighter,30,42785,35,Fighter,10.51,17,3,5
307,48.49,-5,-3,M,Mage,30,50756,33,Fighter,10.32,16,3,5
301,94.18,-2,5,F,Fighter,40,43576,43,Thief,11.87,15,3,4
325,23.9,-3,2,F,Fighter,30,38438,27,Fighter,7.82,18,3,5
349,48.3,3,-1,M,Fighter,30,13940,28,Thief,8.99,17,3,5
330,17.04,5,-4,M,Thief,10,59330,8,Mage,10.7,16,4,1
326,25.77,-1,-1,M,Mage,20,82438,21,Thief,8.54,18,2,5
312,67.0,4,5,M,Mage,10,86605,9,Fighter,7.14,15,3,3
330,16.24,5,-4,M,Thief,10,57419,9,Mage,10.62,16,4,2
309,34.12,-5,-3,M,Thief,40,15105,45,Fighter,10.62,15,3,5
334,62.16,0,1,M,Fighter,40,67017,35,Mage,11.0,15,3,5
332,9.46,3,-2,F,Thief,10,71222,14,Thief,9.8,16,4,1
324,0.23,-5,0,M,Fighter,40,14904,36,Mage,8.45,18,3,5
333,44.47,-2,5,F,Fighter,30,57436,26,Fighter,9.85,17,3,5
342,86.15,5,1,M,Mage,40,66602,40,Thief,11.8,14,3,5
343,40.75,1,-4,M,Mage,10,54799,14,Thief,9.03,16,4,2
341,5.53,-2,3,F,Fighter,10,55512,7,Mage,10.18,17,5,0
305,26.93,0,-2,F,Thief,30,86126,28,Thief,8.88,15,3,5
328,69.52,-2,0,F,Thief,30,64351,31,Fighter,10.22,17,3,5
309,28.67,-5,-3,M,Thief,40,15146,44,Thief,10.8,16,3,5
334,70.3,0,1,M,Fighter,40,28447,42,Thief,11.21,16,3,5
335,79.43,2,-1,F,Fighter,30,33192,27,Mage,10.41,16,3,5
313,57.28,5,-5,F,Thief,10,47012,11,Fighter,8.09,18,3,2
326,27.6,-1,-1,M,Mage,20,55715,20,Mage,8.99,17,3,2
307,40.05,-5,-3,M,Mage,30,17527,32,Mage,10.46,17,3,5
341,0.0,-2,3,F,Fighter,10,34267,7,Mage,12.08,15,5,1
306,102.38,0,5,M,Mage,10,21591,6,Thief,2.42,10,1,4
308,109.03,-2,5,F,Mage,20,35137,23,Thief,11.84,16,3,4
348,80.77,-3,1,F,Thief,30,33192,27,Mage,11.32,15,3,4
304,1.8,3,-5,M,Thief,10,41079,6,Mage,10.36,17,5,1
301,92.1,-2,5,F,Fighter,40,25904,42,Mage,11.84,14,3,4
320,4.21,-5,4,F,Fighter,40,12029,38,Fighter,9.66,17,3,5
327,97.05,-4,2,M,Mage,20,82438,21,Thief,10.17,17,3,4
341,0.0,-2,3,F,Fighter,10,21368,14,Thief,10.83,16,5,1
339,82.5,5,3,F,Fighter,10,17335,6,Thief,3.73,12,2,3
338,99.34,4,-5,F,Fighter,40,56125,42,Thief,12.15,14,4,5
338,96.8,4,-5,F,Fighter,40,76756,43,Fighter,11.53,16,3,5
321,98.09,0,-1,F,Mage,30,56207,28,Thief,10.97,16,3,4
348,76.23,-3,1,F,Thief,30,80485,31,Fighter,12.02,14,3,4
302,57.25,2,-5,F,Mage,10,24903,8,Mage,7.24,15,2,3
304,14.3,3,-5,M,Thief,10,58718,9,Mage,10.65,16,5,1
330,6.45,5,-4,M,Thief,10,29685,12,Mage,10.78,16,5,1
330,5.71,5,-4,M,Thief,10,87982,10,Thief,10.92,15,5,1
335,64.95,2,-1,F,Fighter,30,58507,25,Mage,10.45,15,3,5
307,49.64,-5,-3,M,Mage,30,36771,25,Mage,9.44,16,3,4
347,5.31,5,0,F,Mage,10,54319,10,Mage,11.19,17,5,1
301,94.53,-2,5,F,Fighter,40,19463,43,Thief,12.4,15,3,4
310,9.42,-1,-5,F,Mage,30,37476,27,Thief,7.91,16,3,5
336,8.04,-5,1,F,Thief,40,22932,38,Fighter,9.94,16,3,5
309,39.89,-5,-3,M,Thief,40,22792,42,Fighter,10.3,16,3,5
338,108.65,4,-5,F,Fighter,40,15157,44,Mage,12.27,15,3,5
313,53.63,5,-5,F,Thief,10,63493,8,Mage,8.94,17,3,3
337,42.7,-1,1,F,Thief,40,76430,43,Mage,11.12,15,3,5
349,28.75,3,-1,M,Fighter,30,84041,28,Fighter,8.61,16,3,5
347,0.0,5,0,F,Mage,10,62328,5,Thief,10.95,15,5,1
345,46.39,-5,-4,M,Fighter,30,33328,28,Mage,9.33,16,3,5
346,105.6,-3,5,F,Fighter,30,67621,35,Fighter,11.53,16,3,4
323,10.33,-2,3,F,Mage,30,63692,32,Mage,7.67,16,2,6
302,57.92,2,-5,F,Mage,10,19713,5,Fighter,7.0,16,3,3
331,88.34,2,-5,F,Mage,40,68120,40,Thief,11.23,15,4,5
340,15.86,3,0,F,Thief,20,83533,19,Mage,9.9,17,4,2
301,86.28,-2,5,F,Fighter,40,28447,42,Thief,11.73,15,3,4
324,19.63,-5,0,M,Fighter,40,15064,45,Fighter,9.97,15,3,5
327,90.46,-4,2,M,Mage,20,18595,25,Mage,10.52,15,3,4
311,81.41,-2,-5,M,Mage,10,54079,10,Fighter,6.41,16,2,3
319,77.6,0,-3,M,Mage,40,41752,43,Fighter,11.83,15,3,5
304,7.58,3,-5,M,Thief,10,34267,7,Mage,11.17,15,5,2
305,18.05,0,-2,F,Thief,30,76800,33,Fighter,9.31,17,3,5
350,78.19,5,5,F,Mage,40,84392,40,Fighter,11.87,14,3,5
343,34.18,1,-4,M,Mage,10,47194,12,Mage,9.03,16,3,2
337,41.48,-1,1,F,Thief,40,53775,43,Mage,10.61,17,3,5
307,45.24,-5,-3,M,Mage,30,76128,35,Fighter,10.6,15,3,4
304,16.63,3,-5,M,Thief,10,87739,8,Thief,10.59,16,5,1
305,18.32,0,-2,F,Thief,30,27444,29,Mage,8.84,16,3,5
335,65.83,2,-1,F,Fighter,30,57345,25,Fighter,10.37,17,3,5
342,95.43,5,1,M,Mage,40,43576,43,Thief,12.32,15,3,5
335,81.12,2,-1,F,Fighter,30,16136,25,Mage,10.48,16,3,5
309,39.91,-5,-3,M,Thief,40,71168,43,Thief,10.48,15,3,5
324,5.74,-5,0,M,Fighter,40,22786,39,Thief,10.19,16,3,5
301,104.18,-2,5,F,Fighter,40,35409,43,Fighter,12.31,14,4,4
318,79.07,3,2,F,Mage,30,10230,31,Fighter,10.72,14,3,5
307,40.04,-5,-3,M,Mage,30,47138,33,Thief,9.89,16,3,4
338,88.35,4,-5,F,Fighter,40,59889,35,Thief,12.07,16,3,4
304,15.48,3,-5,M,Thief,10,41079,6,Mage,10.9,16,5,1
340,33.22,3,0,F,Thief,20,13574,19,Thief,9.32,16,4,2
332,23.06,3,-2,F,Thief,10,71752,7,Fighter,10.74,14,4,1
332,7.12,3,-2,F,Thief,10,50799,7,Fighter,11.44,16,4,1
316,8.19,0,-3,F,Thief,30,21681,35,Mage,7.84,18,3,6
329,80.79,0,-1,F,Mage,10,63765,7,Mage,6.28,16,2,3
303,26.23,0,1,M,Thief,10,60001,11,Thief,9.3,18,4,2
332,20.48,3,-2,F,Thief,10,45657,12,Thief,10.37,16,4,1
307,38.84,-5,-3,M,Mage,30,16136,25,Mage,9.18,16,3,5
302,63.06,2,-5,F,Mage,10,38726,8,Mage,7.69,16,3,3
335,78.18,2,-1,F,Fighter,30,32315,32,Fighter,11.12,17,3,4
330,16.65,5,-4,M,Thief,10,62383,7,Fighter,11.43,15,4,1
304,21.57,3,-5,M,Thief,10,87455,11,Fighter,10.73,16,4,2
328,68.94,-2,0,F,Thief,30,72594,27,Fighter,9.59,16,3,4
316,7.57,0,-3,F,Thief,30,57436,26,Fighter,7.29,16,2,5
311,84.41,-2,-5,M,Mage,10,63493,8,Mage,5.77,15,2,3
328,55.39,-2,0,F,Thief,30,41707,29,Fighter,10.55,17,3,4
338,100.72,4,-5,F,Fighter,40,67890,43,Fighter,12.35,14,3,5
301,88.95,-2,5,F,Fighter,40,21681,35,Mage,11.65,15,3,4
322,104.8,4,2,F,Fighter,40,75694,35,Thief,12.24,14,3,5
317,79.06,4,2,M,Thief,40,33640,38,Thief,11.74,16,3,5
327,92.28,-4,2,M,Mage,20,51495,17,Thief,4.05,11,1,3
319,76.57,0,-3,M,Mage,40,88494,36,Fighter,10.9,17,3,5
320,9.16,-5,4,F,Fighter,40,77964,42,Thief,9.3,17,3,5
304,12.9,3,-5,M,Thief,10,82947,14,Mage,10.19,17,4,2
336,2.03,-5,1,F,Thief,40,23345,43,Thief,9.61,18,3,5
304,6.59,3,-5,M,Thief,10,33339,11,Thief,11.16,16,5,1
317,77.33,4,2,M,Thief,40,48351,36,Thief,11.42,15,3,5
308,89.47,-2,5,F,Mage,20,49337,20,Fighter,1.74,8,1,3
332,6.45,3,-2,F,Thief,10,62328,5,Thief,11.39,16,5,1
307,49.88,-5,-3,M,Mage,30,19694,35,Thief,10.34,15,3,5
314,73.06,-2,-2,F,Fighter,30,18855,26,Fighter,10.12,17,3,4
318,80.23,3,2,F,Mage,30,48478,27,Thief,10.78,17,3,5
344,82.69,4,1,M,Fighter,20,40879,22,Thief,10.39,17,3,5
335,68.08,2,-1,F,Fighter,30,40492,30,Mage,10.53,16,3,5
340,24.16,3,0,F,Thief,20,74672,16,Fighter,10.67,16,4,2
318,79.85,3,2,F,Mage,30,34653,29,Fighter,10.3,15,3,5
316,0.0,0,-3,F,Thief,30,87622,33,Mage,8.32,17,3,6
349,45.06,3,-1,M,Fighter,30,15597,32,Thief,9.58,16,3,5
323,0.0,-2,3,F,Mage,30,33609,35,Fighter,8.48,17,3,5
348,87.72,-3,1,F,Thief,30,88841,34,Fighter,11.56,14,3,4
315,102.25,-3,-3,F,Fighter,20,64974,17,Mage,2.68,10,1,4
346,108.02,-3,5,F,Fighter,30,20599,28,Mage,12.5,14,3,4
325,18.78,-3,2,F,Fighter,30,65603,27,Fighter,8.34,16,3,5
315,92.21,-3,-3,F,Fighter,20,44784,22,Thief,11.22,17,3,4
310,13.08,-1,-5,F,Mage,30,84716,25,Mage,7.11,17,2,5
316,2.15,0,-3,F,Thief,30,84041,28,Fighter,7.28,16,2,5
344,70.35,4,1,M,Fighter,20,46955,22,Mage,10.34,15,3,5
319,85.06,0,-3,M,Mage,40,85728,43,Thief,12.17,15,4,4
327,94.87,-4,2,M,Mage,20,54948,18,Fighter,3.34,11,1,3
309,41.39,-5,-3,M,Thief,40,56013,36,Thief,10.01,16,3,5
325,10.55,-3,2,F,Fighter,30,87622,33,Mage,8.13,15,3,5
319,68.12,0,-3,M,Mage,40,22723,41,Fighter,11.53,15,3,5
337,52.7,-1,1,F,Thief,40,12073,38,Fighter,10.0,15,3,5
346,117.63,-3,5,F,Fighter,30,64270,33,Thief,11.53,14,3,5
312,52.97,4,5,M,Mage,10,50799,7,Fighter,7.21,16,3,3
320,8.7,-5,4,F,Fighter,40,34923,42,Mage,10.06,17,3,5
320,1.63,-5,4,F,Fighter,40,76430,43,Mage,10.06,15,3,5
319,76.26,0,-3,M,Mage,40,11421,38,Fighter,12.25,16,3,4
337,43.84,-1,1,F,Thief,40,20795,43,Fighter,11.22,15,3,5
341,5.96,-2,3,F,Fighter,10,30895,10,Thief,11.07,16,5,1
341,7.79,-2,3,F,Fighter,10,21669,13,Fighter,10.71,15,5,1
340,19.28,3,0,F,Thief,20,23459,25,Fighter,7.85,16,3,6
308,97.25,-2,5,F,Mage,20,54948,18,Fighter,2.33,9,1,4
334,68.84,0,1,M,Fighter,40,25865,45,Mage,12.03,16,3,5
304,0.37,3,-5,M,Thief,10,52849,10,Thief,10.55,16,5,1
338,91.61,4,-5,F,Fighter,40,31548,43,Fighter,12.02,14,3,5
330,20.91,5,-4,M,Thief,10,70706,11,Fighter,11.14,17,5,2
341,0.0,-2,3,F,Fighter,10,55512,7,Mage,10.9,15,5,1
328,66.3,-2,0,F,Thief,30,62766,25,Thief,9.95,16,3,5
303,38.26,0,1,M,Thief,10,13111,13,Thief,9.05,16,3,2
318,72.78,3,2,F,Mage,30,86444,33,Mage,11.4,15,3,5
308,90.03,-2,5,F,Mage,20,58507,25,Mage,11.11,16,3,5
301,103.59,-2,5,F,Fighter,40,67890,43,Fighter,11.57,15,3,5
338,92.84,4,-5,F,Fighter,40,48927,45,Thief,12.29,14,4,5
305,25.85,0,-2,F,Thief,30,24564,27,Thief,8.37,16,2,5
342,107.71,5,1,M,Mage,40,77239,38,Fighter,11.48,17,4,5
311,76.52,-2,-5,M,Mage,10,59062,13,Mage,5.31,16,2,3
328,61.03,-2,0,F,Thief,30,75688,31,Fighter,10.63,15,3,5
333,40.18,-2,5,F,Fighter,30,83128,30,Thief,9.99,16,3,5
301,99.8,-2,5,F,Fighter,40,59889,35,Thief,11.26,17,3,4
321,97.72,0,-1,F,Mage,30,40051,32,Mage,11.11,16,3,4
344,76.0,4,1,M,Fighter,20,48176,21,Fighter,10.23,17,3,5
332,6.13,3,-2,F,Thief,10,50521,12,Thief,10.26,17,4,1
329,81.23,0,-1,F,Mage,10,31403,15,Mage,5.79,16,2,3
304,4.3,3,-5,M,Thief,10,69863,11,Thief,10.61,16,4,1
318,82.96,3,2,F,Mage,30,41707,29,Fighter,10.2,16,3,5
321,95.6,0,-1,F,Mage,30,70834,35,Thief,11.1,15,3,5
303,27.81,0,1,M,Thief,10,60168,12,Fighter,8.37,17,3,2
322,109.1,4,2,F,Fighter,40,22840,36,Mage,11.42,15,3,4
350,64.21,5,5,F,Mage,40,78198,35,Thief,11.71,15,3,5
332,9.93,3,-2,F,Thief,10,62632,7,Thief,11.28,16,5,1
313,37.95,5,-5,F,Thief,10,89276,13,Thief,8.31,18,3,2
335,84.31,2,-1,F,Fighter,30,32438,31,Thief,10.35,17,3,5
314,65.85,-2,-2,F,Fighter,30,64351,31,Fighter,10.02,16,3,4
338,88.6,4,-5,F,Fighter,40,88541,39,Mage,12.02,14,3,5
342,103.09,5,1,M,Mage,40,85057,43,Thief,11.21,16,3,5
334,57.08,0,1,M,Fighter,40,38195,35,Thief,11.46,16,4,5
325,0.95,-3,2,F,Fighter,30,14106,25,Mage,8.08,17,2,5
305,30.59,0,-2,F,Thief,30,26825,35,Fighter,9.09,17,3,5
342,103.43,5,1,M,Mage,40,77631,44,Fighter,12.08,15,3,5
301,100.0,-2,5,F,Fighter,40,55539,39,Thief,11.84,16,3,4
