Travel_type,Price_per_night,Distance_to_center,Review_count,Room_size,Host_response_time,Has_fast_wifi,Has_dedicated_workspace,Has_parking,Has_gym,Has_breakfast,Has_kitchen,Has_pool,Has_laundry,Amenities_comfort_extra,Amenities_luxury_extra,Satisfaction,Would_recommend
Pleasure,173.7654083475998,7.709602746156799,38,91.59168276260772,203.5483503369507,1,1,1,1,1,1,1,1,1,7,7.980142925677596,1
Pleasure,100.78002527178313,18.627950332938916,265,54.34093140415678,218.3291900346734,1,1,1,1,1,1,1,1,1,3,7.204375267672984,0
Pleasure,467.29027417497167,0.889723905432025,329,115.57304017117545,48.274574480333264,1,1,1,1,1,1,1,1,4,5,5.336510916474087,0
Pleasure,489.3484869129568,17.812584301198683,392,27.117356783256355,219.40773362696643,0,1,1,0,1,1,1,1,0,0,1.0,0
Pleasure,300.43097947816864,13.969196214796915,389,81.42828116729875,15.676724727628072,1,1,1,1,1,1,0,1,0,0,8.432359471453525,1
Pleasure,332.92777119251554,18.861948822642447,497,73.94318142623248,124.23350881845936,1,1,1,1,1,1,1,1,2,3,6.366890187846021,0
Pleasure,224.53518246881654,1.746721042383177,207,28.106193465906824,89.3284727928233,1,1,1,1,1,1,1,1,0,0,7.704916425326565,1
Business,129.87307979695217,19.309006565981623,294,91.32892854176522,112.97291762760955,1,1,1,1,0,1,0,1,0,0,1.0,0
Pleasure,151.86036315522972,5.436562510333525,287,86.27093180934192,138.61963798894436,1,0,1,1,1,1,1,1,0,0,8.486052737206942,1
Business,384.1755926517833,14.914285679909671,226,52.86727727444923,189.15088657859948,0,1,1,1,1,0,0,1,0,0,1.0,0
Pleasure,237.77556474798658,4.92700203511146,412,35.545737548415964,51.140791278027145,1,1,1,1,1,1,1,1,1,2,9.098583865755774,1
Business,362.02642016084474,17.874436978516954,477,45.993063843407484,12.569356088507565,1,1,1,1,1,1,1,1,7,0,1.5944715814185868,0
Pleasure,61.14312114892908,6.2926400285761,357,66.47213797164953,48.0012404957042,1,1,1,1,1,1,1,1,0,0,7.980137459034969,1
Business,290.7063067084582,18.885283157298783,499,119.53285114005948,161.84309518381144,1,1,1,1,1,1,1,1,0,0,1.0,0
Pleasure,438.14043572405143,11.668308354290131,19,39.670394677231066,25.897974025368157,1,1,1,1,1,1,1,1,0,0,1.0,0
Pleasure,107.1967236970468,16.988422041430717,121,78.95868080066057,174.00678076773553,1,1,1,1,1,1,1,1,1,5,5.508712818024982,1
Pleasure,136.71151982308484,0.028184173354603992,79,96.59642554095798,41.0423034086609,1,1,1,1,1,1,1,1,1,1,8.692332812593023,1
Pleasure,163.9286237594072,1.5557151092621502,105,67.29265840125079,142.01898928994996,1,1,1,1,1,1,1,1,1,2,7.841386421586509,1
Pleasure,69.11646722714454,11.883940722067054,22,115.67201099190906,53.402302099628784,1,1,1,1,1,1,1,1,4,3,5.879235301726288,1
Business,281.82489324973193,2.84738154616734,183,48.86989022634263,162.9138992546626,1,1,1,1,1,1,1,1,2,0,6.466624478072316,0
Business,412.2755476522803,11.141562379998316,411,65.69744014297116,228.70544446618365,1,1,1,1,1,1,1,1,0,0,2.0659212662192026,0
Pleasure,476.0083990445041,19.623651693739653,228,82.68365816841981,83.02777440319969,1,1,0,1,0,0,1,0,0,0,1.0,0
Pleasure,401.22244481302346,7.004119572450403,75,19.77950781892298,126.49951304596985,1,1,1,0,1,1,1,1,0,0,2.714543754050785,0
Pleasure,71.67593096843935,8.14899633665865,241,100.73973086621898,84.79665230700607,1,1,1,0,1,0,1,1,0,0,6.8049702625218895,1
Business,446.8342841830851,0.9044585717910003,34,67.74823406973385,119.48496899925661,1,1,1,1,1,1,1,1,3,4,10.0,1
Business,77.29273835066579,15.421091348190174,216,33.498468831798796,234.61060281127183,0,1,0,0,1,1,0,1,0,0,1.0,0
Business,113.21188244752055,2.294290577775684,266,75.30632794833129,83.6342613098235,1,1,1,1,1,1,1,1,3,1,6.968181514365297,1
Business,164.78889225497082,1.4053822880933287,305,97.07839114564848,209.30298267355366,1,1,1,1,1,1,1,1,4,1,7.757669285068896,1
Business,80.32365611897774,19.977331916636516,368,21.744924930500037,143.78842593669933,1,1,1,1,1,1,1,1,2,0,1.0,0
Business,65.98068921683823,7.3812858240811074,157,21.45040077005809,45.296990025929446,1,1,1,1,1,1,1,1,4,3,6.505459711337679,1
Business,364.369874497741,8.916488907879582,434,106.32825602800429,118.78368915679549,1,1,1,1,1,1,1,1,5,2,4.641997092286001,1
Pleasure,130.7513717068369,4.693136969931054,26,24.42004977412919,164.23005345687434,1,1,1,1,1,1,1,1,2,2,4.081390643039619,0
Pleasure,77.70489630050149,9.933791683704758,396,116.17769861052122,152.28132676478566,1,0,1,0,1,0,1,1,0,0,7.477991515072119,0
Business,319.57489476344415,17.537879298368885,421,100.63319450452293,143.01568724838782,1,0,1,0,0,0,0,1,0,0,1.0,0
Pleasure,79.66769320328804,2.6022149172856657,99,25.909850383265166,125.01703834432516,1,1,1,1,1,1,1,1,0,0,5.783457327363174,0
Business,171.43143541688752,16.211047496057116,378,17.057778542177786,77.77024397200255,1,1,1,1,1,1,1,1,2,2,1.0,0
Business,335.843085038735,12.337791178667539,432,79.16618719773237,92.9695696176279,1,1,1,1,1,1,1,1,5,1,4.028937594616881,0
Business,171.23363416332853,8.857679635584859,190,74.50130458888162,220.4822857322661,1,1,1,1,1,1,1,1,4,3,5.487906661445412,0
Pleasure,138.48061410533364,1.3395818602122267,86,33.41402062458793,225.53807979068662,1,1,1,1,1,1,1,1,0,3,6.076176341157518,1
Business,228.39763065029584,12.45525712876417,165,32.63557712421599,203.14198384213628,1,1,1,1,1,1,1,1,6,2,2.123090632411598,0
Business,239.49780169868757,5.222029562572914,306,40.4638711691583,97.93378667746678,1,1,1,1,1,1,1,1,6,2,7.441572089845417,1
Business,123.74924735189198,4.408111840022064,297,19.012842291381506,168.35492349982357,1,1,1,1,1,1,1,1,0,0,6.163389863991762,0
Pleasure,203.57403756510774,4.254184847210678,217,103.67103883723495,56.43808000764791,1,1,1,1,1,1,1,1,1,5,9.154324518964797,1
Pleasure,456.8348503148843,0.42145774229953137,249,117.82305541471612,142.07510299407684,1,0,1,1,1,1,0,1,0,0,2.4792192323870763,0
Business,248.07112333190062,12.243642233961038,281,84.58857971570772,34.005567884302785,1,1,1,1,1,1,1,1,3,0,3.783549341595701,0
Pleasure,375.70033308054394,18.546391575200193,162,48.85740998528848,96.07638684793471,1,1,1,1,1,1,1,1,3,2,3.109943657909313,0
Pleasure,237.8751095415692,6.49455968632803,99,75.16466890613026,56.22847823670057,1,1,1,1,1,1,1,1,4,0,7.469437857209868,0
Pleasure,422.43812015022587,10.59018301795249,109,19.4872906027413,221.18070109110192,1,1,1,1,1,1,1,1,1,1,3.0511349597034796,0
Pleasure,475.359670181867,16.39758338254534,368,69.71051646928204,72.73663378719975,1,1,1,1,1,1,1,1,1,2,1.558738987358542,0
Pleasure,494.16409282828033,14.567809335219124,316,87.57254023862181,157.33005888389997,1,0,1,0,1,0,1,0,0,0,1.1876033594380029,0
Business,309.2637664449224,15.045681769538227,13,23.545201942270168,178.218118540364,1,1,1,1,1,0,0,1,0,0,1.0,0
Business,78.30406107357737,11.970722337609697,289,60.249443821383565,11.939455662915297,1,1,1,1,1,1,1,1,6,2,3.7989653380688253,0
Business,73.59727403799609,1.0582817922653387,383,75.06882157366539,165.75732732956556,1,1,1,1,1,1,1,1,0,0,8.07369709782444,0
Pleasure,94.65491098244115,19.733938669132534,1,65.50087154856428,204.47404496017,1,1,0,0,1,1,0,0,0,0,2.304595050373803,0
Pleasure,257.37167122966576,19.585993121576315,149,26.42306650551713,22.2104749008726,1,1,1,0,0,1,1,1,0,0,4.871061020217509,0
Business,186.72707113565775,10.963157268934383,16,22.497693835005002,37.172888255638185,1,1,1,1,0,1,0,1,0,0,2.8898631918040207,0
Pleasure,74.46918585595272,16.662053839601157,293,73.80607144823736,18.9591777781163,0,0,1,0,0,1,1,1,0,0,6.28409894625684,0
Business,351.2229411974476,6.869581051482219,354,44.90573249205955,17.06373490369029,1,1,0,0,0,1,0,1,0,0,5.08690428121327,0
Pleasure,456.5166288264745,18.736767809399833,306,119.45773496187024,190.62235619071643,1,1,1,1,1,1,1,1,0,0,1.0,0
Business,365.15305021321547,15.975094810834152,292,55.455333884253676,24.874035860755917,1,1,1,1,1,1,1,1,2,0,1.0,0
Pleasure,397.69289682334875,6.563393578927739,455,16.63656145126037,116.79808425638527,1,0,0,0,1,1,1,1,0,0,4.246710000448944,1
Pleasure,208.07060411133625,6.6249984199062295,87,89.9443307986216,228.20488851683626,1,1,1,1,1,1,1,1,0,0,8.091879471193547,0
Business,362.37146361180606,2.514586829799441,425,95.93330653252839,220.38910501505464,1,0,1,1,0,1,0,1,0,0,5.44014758764349,0
Pleasure,374.33348433926176,14.36828858737885,81,109.13195850533627,42.343563107371544,1,1,1,1,1,1,1,1,2,4,4.246382137225167,0
Business,433.2070890378349,2.8161909408334496,362,46.41958906293962,17.126525116411308,1,1,1,1,1,1,1,1,3,1,7.822224870036092,0
Pleasure,129.5066367479551,10.787651110378377,241,91.02869691975071,106.99349295394833,1,1,1,1,1,1,1,1,0,1,7.238139402239728,0
Business,325.1894336586611,17.64357351300168,0,25.960591307513553,175.77508084523978,1,1,1,1,1,1,1,1,2,1,1.0,0
Pleasure,264.94848468600895,2.570850438549852,395,19.13586166891055,10.653318591675319,1,1,1,1,1,1,1,1,3,2,9.22980003402455,1
Business,76.687063826519,16.42122351982541,12,39.12466561309956,167.62358212794416,1,1,0,0,0,0,0,1,0,0,1.0,0
Business,130.7503475780914,15.19786933955362,189,63.32888018144481,25.758196476691676,1,1,1,1,1,1,1,1,2,2,2.4016384435414526,0
Pleasure,486.08808735539924,2.855129287779592,468,96.99427531792567,162.70696317376826,1,1,1,1,1,1,1,1,1,0,4.719025866497631,0
Business,282.29623901164234,2.5165252677728445,134,28.49645919438207,206.0801835004018,1,1,1,1,1,1,1,1,0,1,7.498853531516017,1
Pleasure,207.77870642402686,13.661754892643124,38,88.38106475596555,167.8653530703932,1,1,1,1,1,1,1,0,0,0,7.470701897740345,1
Business,299.88711199507225,2.476820306539791,30,117.4090289727223,223.2056521623442,1,1,1,1,1,1,1,1,1,0,5.53599302864669,0
Business,302.47104166530306,4.20362329828464,396,114.08736723010547,149.29620835102824,1,1,1,1,1,1,1,1,4,1,7.508480104084599,0
Pleasure,466.9746013757288,2.0744243372729976,363,29.521703043583884,169.7180635857286,1,1,1,1,1,1,1,1,1,5,4.2250299934603435,0
Pleasure,304.2928940015745,19.29089410173684,332,45.109677830701074,221.51034123293377,1,1,1,1,1,1,1,1,0,0,5.223667372371816,0
Business,417.622839809431,4.8970324397079645,246,24.397718774836314,17.86818193723412,1,1,1,1,1,1,1,1,2,1,7.265739437047723,0
Business,158.55140742304184,12.387266597630703,472,42.29106968145709,44.27370218151069,1,1,1,1,1,0,0,1,0,0,3.3548813954153793,0
Business,403.5831518337542,2.176861082246895,45,48.39217862816487,195.28965395892035,1,1,1,1,1,1,1,1,6,3,8.8842014734054,1
Pleasure,209.8058317052437,19.785243582140303,448,53.70794323120731,80.67064078779676,1,1,1,1,1,1,1,1,2,2,8.206862550074788,1
Business,257.87590524337963,1.0545323737346712,450,44.05954771476243,58.4115719127122,1,1,1,1,1,1,1,1,4,2,7.630036600668791,1
Business,308.8954637167627,13.787992378382318,319,100.64693723122465,58.58256006291811,1,0,1,0,1,0,0,0,0,0,1.0,0
Pleasure,361.1773090177028,1.4576222905368152,179,97.62269922342412,144.40698136632693,1,1,1,1,1,1,1,1,1,2,6.986340374267145,1
Pleasure,402.69571080923623,8.932629954737035,194,57.835265499630985,40.99221934087113,1,1,1,1,1,1,1,1,0,2,3.2550425968596004,0
Pleasure,115.32055345762393,17.40361688793756,428,18.26471572812254,194.7362860362643,1,1,0,0,1,1,1,1,0,0,7.304738224501815,1
Business,77.62337233060882,9.855675366130184,406,43.7204870008639,21.016109968195913,1,1,1,1,1,1,1,1,3,0,3.5435046092669973,0
Business,201.5578136937344,19.116381202674923,415,91.41178726935382,92.11180064112993,0,1,1,0,0,0,0,1,0,0,1.0,0
Business,111.67809381170528,19.159353138208772,189,36.752111752212116,76.11997575378676,1,1,1,1,1,1,1,1,3,1,1.0,0
Business,323.74495417101787,16.783724831427207,466,109.62815125214289,134.5940056517014,1,1,1,1,1,1,1,1,5,2,1.1719404011543328,0
Pleasure,379.44068008484635,15.939606403782127,420,23.16889700570519,10.700470972031582,1,0,1,1,0,1,1,1,0,0,4.983064989934978,0
Business,262.4623111762541,17.72507171574102,176,71.01409399040618,6.301374678993398,1,1,1,0,0,1,0,1,0,0,1.0,0
Pleasure,167.15299718856272,3.087332178657982,488,47.71263598811449,123.65450654646605,1,1,1,1,1,1,1,1,6,2,9.288045829120009,1
Business,319.65603243302,13.627380922221153,401,71.76272226014736,185.12651675811122,0,1,1,1,0,0,0,1,0,0,1.0,0
Business,459.8794625607119,17.05741435389524,126,111.5979159687923,87.57404794324457,1,1,1,1,1,1,1,1,3,0,1.1686679423101856,0
Pleasure,304.59767680023134,16.807736255981233,0,48.26228836879227,51.175144490096734,0,0,0,0,0,1,1,1,0,0,3.356536263649824,1
Pleasure,94.13003606360982,2.3113636701564366,363,82.46796632122212,64.61503137449218,1,1,1,1,1,1,1,1,3,2,7.318176267436489,0
Business,278.5542282376725,0.6148730965271421,131,49.26653443862179,224.25193545441954,1,1,1,1,1,1,1,1,2,2,8.27428832622711,1
Business,162.59258505835675,5.230173540130416,38,51.83459885756778,88.37880404526186,1,1,1,1,1,1,0,1,0,0,5.74944404765983,0
Pleasure,373.44894151653534,4.4978588458687145,314,92.37076263988972,149.3246239330951,1,1,1,1,1,1,1,1,1,0,8.319384030488086,1
Pleasure,266.1517339738201,8.078984204686181,264,50.025723607687375,67.82373255923278,1,1,0,1,1,1,0,1,0,0,7.20642275885403,1
Pleasure,63.18257379743365,15.252674887228189,298,37.21044215790899,105.08554303881525,0,1,1,1,0,1,1,1,0,0,5.160937844406151,0
Pleasure,179.91869083767045,10.019177811433744,299,54.6953871577701,165.21022774781508,1,1,1,0,1,1,1,1,0,0,8.312480885380259,1
Pleasure,148.20648328777685,9.550083517532586,132,93.6894555083549,213.41509146290184,1,1,1,1,1,1,1,1,0,0,6.944369816030594,1
Pleasure,276.9605171785869,9.90199606888453,480,41.901733104385265,155.93166712021716,1,1,1,1,1,1,1,1,8,0,7.032854124054471,1
Business,130.04801034456943,1.72850400189146,24,89.77987798237056,196.5739769891591,1,1,1,1,1,1,1,1,2,5,7.670842628936421,1
Business,401.0220767476339,11.780089311776917,443,111.05665617290208,82.42601483845085,1,1,1,1,1,1,1,1,1,0,3.6385321554614483,0
Business,438.59668397223624,8.195942808179073,456,110.80606156001625,116.19521600953989,1,1,0,1,1,0,0,0,0,0,3.949112819314727,0
Pleasure,137.17476487147076,19.824731000514735,480,94.26773257719682,173.02805481518206,1,1,1,1,1,1,1,1,4,3,9.296269472303418,1
Pleasure,337.8934451260654,2.9048649221484846,97,72.5880486703381,227.20318042776387,1,1,1,1,1,1,1,1,3,1,6.687089676681255,1
Pleasure,485.4234225112478,19.283773323622643,198,27.91274045112334,19.932024645211673,1,1,1,1,1,1,1,1,2,3,1.0,0
Business,389.36811069022133,13.104047331517577,453,107.39481825679628,181.28456621623835,1,1,1,1,1,1,1,1,3,2,3.2712501933421665,0
Pleasure,256.9609239659751,4.665910756555299,106,60.0226457511863,183.99043595546553,1,1,1,1,1,1,1,1,2,4,7.6920122616732565,1
Pleasure,248.9267524485346,10.816208828764427,426,114.75289009534887,161.58462925154,1,0,1,0,1,1,1,1,0,0,9.401342008830705,1
Business,496.5065395432513,18.554001221541817,419,22.217527281226552,220.15652887562356,1,1,1,1,1,1,1,1,1,0,1.0,0
Business,457.8635088129154,18.01360479505934,492,34.40865194359195,186.92421872306932,0,1,0,1,0,1,0,1,0,0,1.0,0
Business,304.62526474772835,15.194634089362262,30,59.72997984929973,188.79325242539224,1,1,1,0,1,0,0,1,0,0,1.0,0
Business,277.5668740905133,1.3063227256130183,496,116.02590806321173,133.95263896354112,1,1,1,1,1,1,1,1,0,0,7.676372488739293,1
Pleasure,280.62254803665013,3.262258919892349,262,115.0925226547465,75.62730699593773,1,1,1,1,1,1,1,1,2,3,9.034034387186862,1
Pleasure,485.5243121114191,8.790293240980434,25,20.60323698967472,94.82033622712137,1,1,1,1,1,1,1,1,2,5,1.0,0
Business,150.38303635464172,6.443534885824134,255,48.6590737123699,225.93682849781965,1,1,1,1,1,1,1,1,3,0,4.114731379013376,0
Business,307.12495733490346,3.202412805939572,328,54.874644909273215,121.11435776310435,1,1,1,1,1,1,1,1,2,1,5.80034002228153,1
Pleasure,400.9932277910825,3.7469859819479368,416,71.91387718878607,169.3881270430892,1,1,1,1,1,1,1,1,1,0,6.319794038642407,1
Pleasure,412.4432045546083,11.235954379492643,115,54.268606986586505,143.10038518551823,1,1,1,1,1,1,1,1,4,4,2.41197991931809,0
Business,80.19270455519828,3.6993150939060304,19,27.68209417773278,18.024300834132248,1,1,1,1,1,1,1,1,3,1,7.755829999335269,1
Pleasure,67.73404754767456,6.502832550752395,56,65.2159317538322,66.96679132407287,1,1,1,1,1,1,1,1,2,4,5.61819620283033,1
Business,496.154929660755,5.25839622384447,456,97.51607609797634,206.15809806945276,1,1,1,0,1,1,1,1,0,0,6.271432547387486,1
Pleasure,449.0273641642248,2.2710006257621673,38,67.4805388897567,111.96419940542707,1,1,1,1,1,1,1,1,0,0,1.0,0
Business,174.55274224403706,16.98824256953328,329,48.47627740971449,201.18310646203804,1,1,1,1,1,1,1,1,2,0,1.0,0
Business,142.85635397535478,14.905283751316462,291,27.358662428373012,50.63746337313152,1,1,1,1,1,1,1,1,1,0,1.0,0
Business,454.24023812637074,0.23263395512698404,229,51.37556349216879,76.68606722947278,1,1,1,1,1,0,0,1,0,0,7.052285977118045,1
Business,171.65179366019274,18.91442953611123,252,107.04022910716111,166.44614901397875,1,1,1,1,1,1,0,0,0,0,1.0,0
Business,229.3051020705471,2.342599141826991,104,32.04803388136312,36.535922628911244,1,1,1,1,1,1,1,1,3,0,8.530857431999253,1
Business,118.97184141268681,19.405299914175203,74,33.64748434596402,111.08079378806194,1,1,0,0,1,1,0,1,0,0,1.0,0
Pleasure,429.4809698147408,4.41114845238727,317,111.3581114218806,12.963416843680792,1,1,1,1,1,1,1,1,1,2,3.7886632649857845,0
Pleasure,348.1798723945165,0.9427702700868257,304,102.10700142476652,120.65135640801114,1,1,1,1,1,1,1,1,2,4,7.506296471892702,1
Business,197.48902257261477,16.58289595907749,397,103.22158656753635,102.05015387949643,1,1,1,1,1,1,1,1,3,1,1.7454356825431314,0
Pleasure,491.6131577999638,3.1372489279673466,201,75.36237309098618,188.96669278507756,1,1,1,1,1,1,1,1,4,4,1.0,0
Business,69.14292367825593,3.8783945606055337,270,21.189511841154243,225.2268298912182,1,1,1,1,1,1,1,1,3,0,6.467536196393656,0
Pleasure,120.67765073308465,6.125143899627408,403,54.66718054830868,181.06426737894347,1,1,1,1,1,1,1,1,2,4,7.859838190527424,1
Pleasure,168.83544789749476,5.816530264572042,482,52.69331318155702,224.90673607337948,1,1,1,1,1,1,1,1,0,2,9.721043127129837,1
Business,184.20443104079027,14.403699275379061,277,26.788969115963678,155.0225153356631,1,1,1,1,1,1,1,1,0,0,1.0,0
Pleasure,186.05545876697326,2.6857419287453266,267,80.34523551819326,166.66299339370988,1,1,1,1,1,1,1,1,2,3,8.607427543083466,1
Pleasure,453.48573909643665,13.783489008750962,340,93.55826013259569,99.12039266616326,1,1,1,1,0,0,0,1,0,0,1.0,0
Pleasure,119.50335919105075,14.831825381705688,464,60.50819275408747,85.8093645131156,1,1,1,1,1,1,1,1,3,1,8.324395028259008,1
Pleasure,463.4274244540634,9.21236573746893,13,73.39431894329817,230.27111173406897,1,1,1,1,1,1,1,1,1,3,1.0,0
Pleasure,84.42904656354474,19.892010023431897,295,31.317929831456123,196.8855149796406,1,1,1,1,1,1,1,1,1,2,4.418550981969828,0
Business,399.9213904493922,5.895605176540942,305,116.50470606547185,140.2121998190619,1,1,1,1,1,1,0,1,0,0,4.188755682979585,0
Pleasure,307.7240140354517,15.939201220913287,449,98.69517988208507,178.33731352538078,1,1,1,1,1,1,1,1,0,4,6.881056183000991,1
Pleasure,159.56606082147704,18.3186669909986,438,97.19017407106041,24.978317787795003,1,1,1,1,1,1,1,1,2,2,9.088955942132625,1
Business,342.1837521989802,11.481026682175184,68,75.1173156130218,238.1312627011494,1,1,1,1,1,1,1,1,2,1,2.1311549098438167,0
Pleasure,208.5673909124907,15.299081143588358,485,106.29169485139788,187.4986590504889,1,1,1,1,1,1,1,1,4,2,9.150784567235506,1
Pleasure,335.32328121974314,2.669513306441258,35,55.41448510069256,140.92083384261548,1,1,1,1,1,1,1,1,1,0,4.294636979262902,0
Pleasure,287.5586180390165,0.17692593723586336,328,33.81025848250693,56.096347439763186,1,1,1,1,1,1,1,1,6,0,8.088545331323957,1
Business,263.668698278184,18.604405227667446,55,94.19354640822931,19.968387569911954,1,1,1,1,1,1,1,1,5,0,1.0,0
Business,157.57812516984922,18.521381044422128,416,42.30849088575383,98.66617074612441,1,1,1,1,1,1,1,1,0,0,1.0,0
Pleasure,191.14974431651072,13.815989980359713,339,116.09728305985556,34.60442941189265,1,1,1,1,1,1,1,1,2,2,8.662660154284008,1
Business,105.90340886413009,4.2861268562815935,96,78.77490373526469,195.16063339450253,1,1,1,1,1,1,1,1,4,2,7.044016074075967,1
Pleasure,376.93486250538064,8.088496057812442,245,70.32344698081442,87.45461628720656,1,1,1,1,1,1,1,1,1,1,4.350739977399984,0
Pleasure,311.8832928572382,1.5804720805147876,294,106.79742016870411,78.37993513509417,1,1,1,1,1,1,1,1,0,0,6.931816399875704,1
Pleasure,238.65588880449647,0.16591544316844953,310,40.665280184515325,122.67984443809246,1,1,1,1,1,1,1,1,4,5,8.398616372888402,1
Business,127.69095103416396,19.51641588873853,74,98.23932590648477,119.26894644100324,1,1,0,1,1,1,0,0,0,0,1.0,0
Pleasure,450.5053143234088,2.9772065654689173,113,96.10200522748272,113.19117695674792,1,1,1,1,1,1,1,1,1,2,2.411954978626935,0
Business,378.717470148013,10.635835429426482,270,80.14967092336173,188.57117183129353,1,1,1,0,0,0,0,1,0,0,1.154802835701107,0
Pleasure,489.3823997894665,15.992335720423767,322,85.45532115985004,101.66613403760097,0,1,1,1,0,0,1,0,0,0,1.0,0
Business,337.0434586643702,0.7360221121530541,234,90.85082004546386,14.725014805493387,1,1,1,1,1,1,1,1,8,0,10.0,1
Pleasure,96.29434764407746,7.533364501739605,480,17.226430748527374,107.27010582181259,1,1,1,1,1,1,1,1,1,1,7.278617944915764,1
Pleasure,374.3312413439409,19.70125837835465,269,71.87136448885704,95.64893547055074,1,1,1,1,1,1,1,1,2,2,5.923617369709307,0
Business,377.8292166314383,19.967527122209944,20,29.124796863894797,127.498860751474,1,1,1,1,1,1,1,1,3,0,1.0,0
Pleasure,150.83148545468174,4.578246748428619,5,43.23433819032782,124.39225793594764,1,1,1,1,1,1,1,1,2,1,5.638716455982518,1
Pleasure,177.1186888691398,2.4141168829412507,268,58.99676798647506,157.60303955713806,1,1,1,1,1,1,1,1,2,1,7.912178006816441,1
Pleasure,91.61636248656943,6.690691688471235,136,53.2554032137281,121.04317595528354,1,0,1,1,0,1,0,0,0,0,5.557071721068215,0
Pleasure,269.00979606616175,3.401868934239627,4,84.21835066763892,122.79824225059728,1,1,1,1,1,1,1,1,1,1,6.969553582078053,1
Pleasure,311.6384634411484,15.23516604863379,472,93.31488279012726,222.11655452280291,1,0,1,1,0,1,1,1,0,0,6.001856936076457,1
Pleasure,192.7426615805806,18.398903851495014,369,117.16820942230636,174.7935659452695,1,1,1,1,1,1,1,1,0,0,8.979297158773083,1
Pleasure,426.1125984341502,4.831585299189401,447,19.885408316896893,9.399393048861139,1,1,1,1,1,1,1,1,2,4,6.2613299479828255,0
Business,405.5958638384399,0.5109051645957607,288,93.93039773054704,182.3087312078863,1,1,1,1,1,1,1,1,4,0,9.915613644277991,1
Business,304.3509517237419,2.881731880111731,220,63.667344057055125,55.635234359994435,1,1,1,1,1,1,1,1,7,1,7.708681506335489,1
Pleasure,159.4094959699557,11.664159038811924,291,75.29112357002893,101.15080814931211,1,1,1,1,1,1,1,1,0,3,6.603654253493814,1
Pleasure,188.04752505297097,10.731500694939902,350,110.63212001107937,102.66058477494387,1,1,1,1,1,1,1,1,2,4,9.642206890027438,0
Business,484.78729560440473,19.8366229214002,195,39.579640310410234,172.07492972754383,1,1,1,1,1,1,1,1,4,0,1.0,0
Pleasure,374.29515520829165,13.599199771903013,77,21.381901146766207,68.10474691907125,1,1,1,1,1,1,1,1,2,2,2.6364564056137882,0
Business,65.51357619548172,1.0194082257105896,292,71.74020881388454,213.68610460462233,1,1,1,1,1,1,1,1,7,0,7.23012723018992,1
Pleasure,494.5254125920463,8.469295922761544,48,58.01343414885746,224.38876227437382,1,1,1,1,1,1,1,1,3,2,1.0,0
Pleasure,222.27613327960137,8.529232845865662,413,40.93579970577942,85.36036184669642,1,1,1,1,1,1,0,0,0,0,7.349944766652476,1
Pleasure,290.50856161475474,8.56786971684562,110,84.7927637381172,97.4188770179238,1,1,1,1,1,1,1,1,1,3,5.932455979668456,0
Pleasure,208.0641719935686,9.594578073428679,15,82.51698209750485,185.016658396304,1,1,1,1,1,1,1,1,0,0,6.070451214625765,0
Business,156.31152151261927,1.2102976042188507,20,27.905947685645074,78.05854888618674,1,1,1,1,1,1,1,1,5,3,10.0,1
Pleasure,150.2986647824825,11.57003771871226,474,88.63336834990302,148.94102731433858,1,1,1,1,1,1,1,1,2,0,8.489667725366662,1
Pleasure,87.38478125608776,6.717675254066089,278,101.28925912754659,178.7940408548268,1,1,1,1,1,1,1,1,1,3,9.242566506582854,1
Business,226.9786619256391,13.17179765728676,221,49.85233007821839,195.51664140187734,1,1,1,1,1,1,1,1,5,0,1.6395788228361026,0
Pleasure,305.7607764972533,14.979741734586916,99,84.69852725061214,76.42400975770897,1,1,1,1,1,1,1,1,4,2,5.988694425365947,1
Business,239.86606869046423,11.85071365787895,225,79.39422990192655,7.786521336932171,1,1,1,1,1,1,1,1,5,2,5.6261910025823605,1
Pleasure,443.0240334139231,5.8769558750362005,278,21.41158588974963,132.4674194415823,1,1,1,1,0,0,1,1,0,0,1.597564238096432,0
Pleasure,225.36343025933817,13.928066212489798,147,37.24798196797367,107.70237925124233,1,1,1,1,1,1,0,1,0,0,5.368585741768181,1
Pleasure,425.82660262278955,9.78182495338981,109,80.875353484147,34.93828874331953,1,1,1,1,1,1,1,1,2,2,2.469059736196428,0
Pleasure,347.2408399517626,18.32725057285854,318,21.028451686041716,23.92350853376956,1,1,1,1,1,1,1,1,0,0,5.220617673837478,0
Pleasure,173.11240689278623,17.999905870257212,44,99.17548542332551,139.60913427279945,1,0,1,1,1,1,0,1,0,0,5.990848311498084,1
Business,239.71611646130765,11.583496324804424,309,32.492456458741195,164.17360442498358,1,1,1,1,1,0,0,1,0,0,1.591824401866946,0
Pleasure,267.86579760751897,19.426631448259343,429,95.43835414114,117.81718034244024,1,1,1,1,1,1,1,1,1,2,7.75641447221376,1
Business,291.98507057183235,16.148636417306903,102,54.183530987591915,210.34178604707432,1,1,1,0,0,0,0,1,0,0,1.0,0
Business,272.5517539801112,18.237136922480705,436,47.11208382885034,86.41330744820078,1,1,1,1,1,1,1,1,2,0,1.0,0
Business,467.49676322534424,14.349739439943662,469,57.398031157208514,53.289125661287585,1,1,1,1,1,1,0,1,0,0,1.9749188020970232,0
Pleasure,438.9689696541283,3.9621736513494943,141,48.00526343649604,237.73012954375722,1,1,1,1,1,1,1,1,0,0,3.6111062596677947,0
Business,121.0476788014449,1.8127461874529027,398,30.746930334772564,18.25166077880332,1,1,1,1,1,1,1,1,2,0,8.025318146194602,1
Business,163.7494717223437,14.958875888382375,155,99.17420522090828,102.45420084563739,1,1,1,1,1,1,1,1,4,0,1.9076288090084015,0
Pleasure,406.520380278264,11.193297577833636,100,98.51520559830742,95.28936622469732,1,1,1,1,1,1,1,1,0,2,3.5148434545320812,0
Business,112.193318154603,0.9475310549628535,21,98.86777465820963,186.8540807627875,1,1,1,1,1,1,1,1,8,0,8.62108732758849,1
Business,484.8479983385566,18.23557539293345,33,49.78887337640586,192.72051427857656,1,1,1,1,1,1,1,1,2,0,1.0,0
Business,317.830823622496,2.9093816003187767,126,24.272053667222952,89.96142164466855,1,1,1,1,1,1,0,0,0,0,6.248535381690183,0
Pleasure,249.78828954655765,14.344973384207409,75,103.71192054001781,24.325280012016872,1,0,1,1,0,1,1,0,0,0,5.296987437996276,0
Business,109.34748073716419,13.819521067474705,391,107.76504030281014,220.81488736668314,1,1,0,1,0,0,0,0,0,0,1.5309996246504607,0
Business,286.0886386844546,7.664156243238636,202,116.51504010448208,42.33061955367869,1,1,1,1,1,1,1,1,6,2,6.903978289773334,1
Pleasure,358.48555004075615,18.34649353878038,164,49.86022598246427,78.9094305246059,1,1,1,1,1,1,1,1,1,2,4.7723357095880505,0
Business,139.4425952210838,15.324796809520153,197,53.11570374202896,221.54857533325185,1,1,1,1,1,1,1,1,1,0,1.0,0
Business,225.02464733246939,7.710340663762447,111,49.41030850154847,110.67004378312107,0,1,1,1,0,0,0,1,0,0,1.170315360468103,0
Business,451.81736660603866,12.974171446172885,199,85.64652579689115,168.1594139175546,1,1,0,1,0,0,0,1,0,0,1.7463449467261918,0
Business,347.21000416911943,11.39188191278958,105,112.23343577245069,113.32949153683242,1,1,1,1,1,1,1,1,4,2,6.398367255193785,0
Business,330.66599048432977,1.5364429315957606,45,102.17814084507044,235.01493755325697,1,1,1,1,1,0,0,1,0,0,6.5585026218194065,1
Pleasure,286.92107416074714,16.90156925801212,369,86.00384497583478,28.491679145687346,1,1,1,1,1,1,1,1,3,2,6.351182303965215,0
Pleasure,137.8874132992359,1.0482767218134947,99,17.33166429796646,73.48972630084391,1,1,1,1,1,1,1,1,3,5,6.042193702931256,1
Pleasure,475.64654672157025,12.43174036871186,113,38.345945016489665,104.17558889025904,1,1,1,1,1,1,1,1,1,4,1.0,0
Business,276.02727922686677,9.85717732121012,31,83.39045983760867,26.706972183658582,1,1,1,1,0,1,1,1,0,0,2.734853055416749,0
Business,430.6126597735543,11.781917986194657,75,77.61659059459713,63.62342946216781,1,1,1,1,1,1,1,1,2,0,3.1124168745833156,0
Business,201.3344751616024,12.131042597976776,435,51.100312023715425,206.81498546942868,1,1,1,1,1,1,1,1,7,1,2.7851309734418095,0
Pleasure,181.43118844532768,7.318933264340872,137,39.603179790651346,149.60756181162225,1,1,1,1,1,1,1,1,2,3,7.179826906288073,0
Business,214.87646309817697,16.99585109143062,279,45.29226013764558,71.6958712279055,1,1,1,1,1,1,1,1,6,1,1.0,0
Pleasure,118.47423773551627,7.191855148634671,207,44.81530616347979,104.79760699342056,1,1,1,1,1,1,1,1,1,6,8.225223704908286,0
Business,304.2531778264921,0.9606632746071253,116,106.3960174650048,112.8987219516131,1,1,1,1,1,1,1,1,6,0,10.0,1
Pleasure,475.627400433193,14.264601684920466,435,60.42591326702925,136.50743553262475,1,1,1,1,1,1,1,1,0,0,1.772876308434635,0
Business,306.790792514276,3.356565382759149,323,95.72823673201447,198.21856335327254,1,1,1,1,1,1,0,1,0,0,6.4692724157931565,0
Business,423.73553567216334,0.2578531794683503,219,48.839781536435964,182.80784976006407,1,1,1,1,1,1,1,1,4,3,8.498560357363695,1
Pleasure,362.86847714621956,4.0739654891809245,167,19.857742491984478,160.32713737876273,1,1,1,1,1,1,1,1,1,2,7.1385172335983444,1
Business,366.3317855300733,15.283303365288024,439,100.16805339443087,171.95188287820923,1,1,1,1,1,1,1,1,5,1,3.0708523731873036,0
Pleasure,228.49224056004644,17.021204446417233,193,89.39241312084343,113.76723942423428,1,1,1,1,1,1,1,1,3,1,7.697563097985539,1
Business,387.21343539589066,15.192693311963378,45,117.1569162643499,91.02249561135989,1,1,1,1,1,0,0,1,0,0,1.5889726390623293,0
Business,419.8890151860158,16.774585953038226,164,47.50743157424037,110.86198731343661,1,1,1,1,1,1,1,1,1,0,1.0,0
Pleasure,420.53481388124317,0.35743988037592933,0,15.883805473360994,90.66337027285657,1,1,1,1,1,1,1,1,5,3,2.858389925131481,1
Pleasure,309.06464235327104,19.2702887820921,195,102.33365339040884,99.63132461121664,1,1,1,1,1,1,1,1,2,2,6.679338218798087,0
Business,337.4370184454261,0.07121796448240625,49,73.41242100167443,239.21664147996984,1,1,1,1,1,1,1,1,7,1,9.510874578223584,1
Pleasure,448.6788591736325,4.938647115553878,414,65.08174930200363,12.444038127331966,1,1,1,1,1,1,1,1,5,4,4.6592187023453,0
Pleasure,109.59405240498344,3.429661167168372,167,70.90086468431487,173.53791204948786,1,1,1,1,1,1,1,1,0,0,7.874825613808949,0
Pleasure,442.51812699323835,19.36715403108477,7,91.23986806043793,188.17191778375542,1,0,1,0,0,1,0,1,0,0,1.0,0
Pleasure,99.98927636089032,12.291091889852424,161,59.59729530845063,179.80907693253448,1,0,0,1,0,1,1,1,0,0,4.566008675159429,0
Business,403.7550623130165,8.912312972646355,150,62.25562892073651,133.71155715904206,1,1,1,1,0,0,0,0,0,0,1.4393778751976296,0
Business,362.05516356409703,17.97997542768852,500,78.19753618000614,230.38555379788104,0,1,0,0,1,1,0,1,0,0,1.0,0
Pleasure,347.81458308263285,1.1139598109366489,286,33.270521483091535,226.25002102632516,1,1,1,1,1,1,1,1,0,5,6.983590349000048,1
Business,218.10452617844808,10.256351041701334,52,17.002763115715176,139.79734319759234,1,1,1,1,1,1,1,1,0,0,1.7068061675064023,0
Pleasure,362.89649233573994,3.9876993141304062,252,57.601377221396,71.54551026232211,1,1,1,1,1,1,1,1,2,4,6.546519032466212,1
Business,186.4459263357128,11.949848924796703,283,99.43499768153559,191.94763756704378,1,1,1,1,1,1,1,1,6,1,4.395634020965459,0
Business,215.09443564661797,2.786984803301926,288,116.43042156915774,43.87994898066969,1,1,1,1,1,1,1,1,4,1,9.43331086181339,1
Pleasure,100.94398510909402,0.3090330224080029,446,50.84287172802156,69.8115855562714,1,0,1,1,1,1,0,0,0,0,8.280600232949393,1
Pleasure,322.99416898995617,7.685861727913224,259,59.91445936114228,17.664436832366235,1,1,1,1,1,1,1,1,2,3,8.44959538241531,0
Business,122.14827497223415,6.888844778051098,279,49.003942130080716,239.35760453573877,1,1,1,1,1,1,0,1,0,0,3.8484101946035643,0
Pleasure,410.71364446264715,0.06349332213408942,182,25.900196557589762,99.35169829215076,1,1,1,1,1,1,1,1,7,2,3.588364706874849,1
Business,170.4992598146361,19.06094133731949,403,107.7049601722712,205.20888059015172,1,1,0,1,0,0,0,1,0,0,1.0,0
Pleasure,223.3836693921889,13.630399024798571,182,92.23061864018658,18.621678277978283,1,1,1,1,1,1,1,1,0,0,8.46854880240778,1
Pleasure,499.99513173207856,8.955032986249405,21,40.70379448147646,58.87834256893046,1,1,1,1,1,1,1,1,1,4,1.0,0
Pleasure,232.59095960622219,14.777594224501323,102,92.48604178866233,181.90600223969923,0,0,1,1,1,1,1,0,0,0,8.063541309103806,1
Pleasure,102.11834685541568,12.787577982035687,331,15.290894604713873,40.341183106377564,1,1,1,1,1,1,1,1,0,0,6.274614808109448,0
Pleasure,207.68700615000873,14.846161874087985,433,94.95292462999798,79.60266456983749,1,1,1,1,1,1,1,1,0,0,9.181655826495406,1
Business,125.59398924359813,2.0790441119986447,254,17.968301443473727,57.09533812187027,1,1,1,1,1,1,1,1,2,0,8.631755638170981,1
Business,348.3261762996207,12.26962194339865,170,18.550176318570358,230.2974691884591,1,1,1,1,1,1,1,1,4,3,2.704211828791625,0
Pleasure,217.60831516809858,2.0347345556462315,41,29.126029735999158,34.01938565656674,1,1,1,1,1,1,1,1,1,5,5.3352799018159764,1
Business,424.5399870068594,8.94858045662798,337,78.67392430321412,25.334264807674902,1,1,1,1,1,1,1,1,4,1,5.575884491683933,0
Business,193.88909691034075,12.731723547540955,392,85.41249271860094,204.6916620765695,1,1,1,1,1,1,1,1,1,1,2.32006681381507,0
Business,310.3478453625743,11.252461069235522,201,69.27223145049196,37.30941162549125,1,1,1,1,1,0,0,1,0,0,1.5840423922924112,0
Pleasure,187.2141027379102,8.948256386200066,321,34.33309840002418,198.5664431063495,1,1,1,1,1,1,1,1,1,3,8.610661884003804,1
Pleasure,148.19967474477662,13.974209342087388,87,55.81348575702414,179.40130683184628,1,0,0,1,1,0,0,0,0,0,5.9323759186755165,1
Business,402.3299298998419,16.31108376168565,146,28.666996581928398,24.028137802593672,1,1,1,1,1,1,0,1,0,0,1.0,0
Business,139.7157945028457,0.7574888138051961,277,74.72561250815741,8.670154159545103,1,1,1,1,1,1,1,1,5,1,9.229225709784924,1
Business,351.6744786697862,13.88396940790839,216,104.93001811743522,123.1838592308407,1,1,1,1,1,1,1,1,6,0,1.854266407881005,0
Business,334.66615588308775,0.8544598178541096,182,26.41850600127155,210.4226646006822,1,1,1,1,0,1,0,1,0,0,7.5158782245278495,1
Business,248.96077685923956,17.262090734291256,159,87.14217656295432,212.75454347397968,1,1,1,1,0,0,0,0,0,0,1.0,0
Business,200.6778609602206,0.09726685369162436,420,95.93481661782667,94.06857424241562,1,1,1,1,1,1,1,1,5,2,10.0,1
Pleasure,351.12934077345744,13.239064300826868,115,70.58065429862272,183.68030802131992,1,0,0,1,1,0,0,1,0,0,2.9635162438308393,0
Pleasure,442.05924468600625,11.65553355570675,130,104.07975650059481,17.240547741618034,1,0,1,0,1,0,1,1,0,0,1.0,0
Business,115.02649542124331,13.993251113666904,178,24.677985194445412,71.46737466931998,0,1,0,1,0,0,0,1,0,0,1.0,0
Pleasure,97.60075797515137,16.7799229265843,437,97.40514113525744,118.32663213174274,1,1,1,1,1,1,1,1,0,2,8.22337310218897,1
Business,124.14733261845912,12.02548876997675,406,76.17425525828378,118.6274848021699,1,1,1,1,1,1,1,1,6,0,4.148406862606467,0
Pleasure,63.674758977320316,11.836211771380182,256,101.73586558443418,222.036769477823,1,1,1,1,1,1,1,1,0,0,6.746850180061266,1
Business,402.0991591770858,16.76517574725545,462,98.02718822300527,125.87419782351942,1,0,0,0,1,0,0,1,0,0,1.0,0
Business,237.39524088505166,4.188911791545353,324,81.1255592537563,137.9338141247513,1,1,1,1,1,1,1,1,5,2,7.671494919602877,1
Business,78.15642156805377,13.687280856361197,71,25.11162717179508,55.52915036512261,1,1,1,1,1,1,1,1,3,1,2.7183321479149445,0
Business,300.33577642098595,5.59528657631266,214,55.46635537879256,164.36753427409238,1,1,1,1,1,1,1,1,4,1,7.5109955451292665,0
Pleasure,71.9902604624996,6.672362272514494,440,118.06985573056248,124.52104633116234,1,1,1,1,1,1,1,1,0,1,7.480390937833594,1
Business,221.24628106099186,16.27765032196792,461,74.61011399347285,210.4124685221524,1,1,1,1,1,1,0,1,0,0,1.0,0
Business,190.7184794575054,15.216016100499354,125,80.93881599283122,208.28418216106436,1,1,1,1,1,1,1,1,1,1,1.0,0
Business,240.896191181107,0.3509669410267402,394,68.20411055733842,86.1945496570777,1,1,1,1,0,1,1,1,0,0,7.404313915506145,1
Business,195.4047968973919,17.01156088437263,5,109.77115622564911,150.20492737952677,1,1,1,1,0,1,0,0,0,0,1.0,0
Business,69.74943643759093,19.568552911735278,486,71.36317642244134,233.1535974443511,1,1,1,1,1,1,1,1,6,0,1.0,0
Pleasure,359.38504982409,1.696654109477389,212,31.504794449663276,194.78675808011604,1,1,1,1,1,1,1,1,0,8,4.3944015492586725,0
Pleasure,201.02364856188825,12.131247959946247,194,48.05430541240652,227.52044975005242,1,1,1,1,1,1,1,1,1,5,5.801054247411055,1
Pleasure,391.13413639864615,17.736294343728748,424,102.32211136871213,157.64784212130846,1,0,0,1,1,1,1,0,0,0,5.594411001191567,0
Business,346.1875307990349,15.536029003172164,261,66.20161298529199,133.3358672066839,1,1,1,1,0,1,0,1,0,0,1.0,0
Pleasure,255.66599790246437,19.569849569134792,403,78.5846789702661,206.22352338664953,1,1,1,1,1,1,1,0,0,0,8.289987085820705,1
Business,486.02346249207096,13.220017935118452,445,52.83641795070299,27.83320877048005,1,1,1,1,1,1,1,1,0,0,3.4789925042669267,0
Business,225.89034761631572,10.81343735102411,27,21.70566742710039,159.93792448868084,1,1,1,1,1,1,1,1,6,1,3.919793168665807,1
Business,167.53304756789385,19.988870213865077,428,56.098734248554464,208.37398851186353,1,1,1,1,1,1,1,1,0,0,1.0,0
Pleasure,335.6422421705873,9.37769762522411,497,23.79567148942987,9.176619993561339,1,1,1,1,1,1,1,1,3,3,6.473478196759965,0
Pleasure,355.430035280088,12.428645771741724,186,32.50831374034598,202.43517050287437,1,1,1,1,1,1,1,1,2,3,4.718548724957006,0
Business,279.1185578443856,1.4541832066645144,38,105.59253146053277,144.36803708267772,1,1,1,1,1,1,1,1,8,0,8.24277081059816,1
Business,123.75429251052766,1.3620610031230607,247,55.99086090744245,13.07276034652661,1,1,1,1,1,1,1,1,4,2,8.962460751387038,1
Business,269.4153759100537,7.437672747725365,410,77.98255552740213,76.7558652027099,1,1,1,1,1,1,1,1,1,0,5.802205453040969,0
Pleasure,74.24209658763172,19.200538533216893,495,70.4948705615222,185.38956246664736,1,1,1,1,1,1,1,1,2,5,7.542554272859428,1
Pleasure,356.7809686072581,1.649279754515549,375,88.38797704832854,89.04394759359599,1,1,1,1,1,1,1,1,2,7,7.163165682559956,1
Pleasure,443.38067546935105,19.377634070395384,244,21.422071280235368,237.9496550820637,1,1,1,1,1,1,1,1,3,4,2.0858150674301443,0
Pleasure,462.67019353362264,13.208950933495718,302,78.48353133762392,53.933923569031535,1,1,1,1,1,1,1,1,0,0,1.7344901532490842,0
Pleasure,468.44902787647356,6.480878488272204,35,30.56003975326241,128.36306398212392,1,1,1,1,1,1,1,1,0,0,1.0,0
Pleasure,187.24771979293914,1.066492335690703,456,16.025475775137505,117.08221224203695,1,1,1,1,1,1,1,1,1,1,10.0,1
Business,192.7734617071398,5.309166613748686,9,29.274747720523255,232.2637549828119,1,1,0,1,1,1,0,1,0,0,4.830369476263329,0
Business,136.4405619472913,19.1237059075616,396,41.43032557166078,72.59609025936551,1,0,1,0,0,0,0,1,0,0,1.0,0
Pleasure,68.18051325263576,11.936767843427008,144,55.46022979127256,184.39496250503097,1,1,1,1,1,1,1,1,0,1,5.415294106270384,0
Business,422.52446978664614,17.877775715460665,343,72.999291842847,156.68865261399597,1,1,1,1,1,1,0,0,0,0,1.0,0
Pleasure,408.0350167010222,9.41411210095064,342,103.49187821613415,203.36066494623125,1,1,1,1,1,0,0,0,0,0,4.810854895380674,0
Business,444.1567214007965,15.388530830601255,330,48.579219325746905,44.46347210178196,1,1,1,1,1,1,1,1,3,0,1.1018073020857113,0
Business,67.32328326219577,2.804749258003838,191,15.887403241597543,24.537616900667828,1,1,1,1,1,1,1,1,1,0,6.9285280780106895,1
Pleasure,136.40513810617796,0.5125161469145745,446,74.14912612840565,147.5698987398638,1,1,1,1,0,0,1,1,0,0,10.0,1
Business,342.71055984472673,8.974768425172988,493,107.16191551559226,124.38743616671219,1,1,1,1,1,1,1,1,3,3,6.978427267973052,0
Business,282.03650259178426,15.565819839777435,185,112.77770816808496,231.10901878842705,1,1,1,1,0,0,0,1,0,0,1.0,0
Pleasure,318.9173520004435,6.7619716854742435,281,73.52287747240108,123.49191710627694,1,0,1,1,0,1,1,1,0,0,6.559853280064903,0
Business,390.5744895390783,6.586030539212913,466,111.40291446359088,91.04135865398018,1,1,1,1,1,1,1,1,1,1,5.059403545543808,0
Business,332.52055948905024,5.962331478136516,114,79.18809457572199,76.83015800180144,1,1,1,1,1,1,1,1,4,3,6.658895888154617,1
Business,410.29209890687457,15.707976680363684,164,33.830743421305385,95.96138813230263,1,0,0,1,1,0,0,1,0,0,1.0,0
Business,114.33925306457887,15.54802363610617,129,84.79901657272913,153.1081414843466,1,1,1,1,1,1,1,1,1,0,1.0,0
Business,453.8675070460591,5.595562494866277,248,47.56679438967877,13.413037076108683,1,1,1,1,1,1,0,1,0,0,4.557394435432759,0
Pleasure,341.23319426406096,14.191543873702326,138,96.03065600514127,147.5277122290212,1,1,1,1,1,1,1,1,0,0,3.9198206192691396,1
Pleasure,155.857962331833,3.117978651641402,158,41.5087485706136,51.855009867250175,1,1,1,1,1,1,1,1,4,5,8.199133658186879,0
Business,352.1969424830979,8.28398399433192,403,51.94610411333501,200.9137895250993,1,1,1,1,0,1,1,1,0,0,3.1850210267810626,0
Pleasure,336.67430176463097,7.895759838571341,360,112.42489409518613,218.18762598620845,1,1,1,1,1,1,1,1,4,3,7.772174811380713,1
Business,123.11323837644315,2.727975466250232,89,36.416041491663165,209.48223429404038,1,1,1,1,1,1,1,1,1,1,7.346029754886434,0
Pleasure,309.7466547865356,18.494314661954935,372,117.09883602354756,60.19533032239185,1,1,1,1,1,1,1,1,0,2,6.889516122876824,1
Pleasure,390.5862477208304,2.175582359093211,452,60.617835768984634,37.559070152294204,1,1,1,1,1,1,1,1,4,3,7.767687351982135,1
Pleasure,296.3416327693825,12.921377488084527,117,74.31164294951364,234.05082929907672,1,0,0,1,1,1,0,0,0,0,6.890854218221224,1
Business,141.7429436964468,14.669367245615017,14,65.86996340175445,149.9815672072893,1,1,1,1,1,1,1,1,1,2,1.779862280556295,0
Business,362.5172330730739,18.70590788280851,465,104.43706711737798,6.161204062651841,1,1,1,1,1,1,1,1,1,1,1.021310670245516,0
Pleasure,397.16903712635803,1.7879828418141552,199,17.80739194872636,199.69725161624663,1,1,1,1,1,1,1,1,3,3,4.871505794204061,1
Business,288.3869403510951,7.6134183304608705,473,24.943985650551433,28.695574539867696,1,1,1,1,1,1,1,1,5,1,7.707318421778571,0
Pleasure,178.85697656283327,11.047314890675995,291,119.81688136042143,82.0992700375445,1,0,1,1,1,0,0,1,0,0,8.892872523915269,0
Pleasure,271.16075580967123,17.168282916991735,64,82.39444390114646,10.915492165344792,1,1,1,1,1,1,1,1,2,1,6.93041159767467,1
Business,256.5990455416362,4.060577967255618,461,107.28099588282592,74.52325744767965,1,1,1,1,1,1,1,1,2,0,7.930821237409453,1
Pleasure,124.74157883353756,3.2548141859671276,79,46.9802873250232,203.35063076609288,1,1,1,1,1,1,1,1,3,4,6.150479539547208,0
Business,448.9834498444383,1.763385705954763,5,59.527816583835445,194.20206494497677,1,1,1,1,1,1,1,1,5,0,8.041683422974684,1
Business,94.57897385079201,18.188073727436084,175,62.47047272457122,31.771198288479198,1,0,1,1,0,1,0,1,0,0,1.0,0
Pleasure,277.74002554589197,5.986822027928238,490,60.42724487436498,206.93932647566118,1,1,1,1,1,1,1,1,2,5,9.038231688776028,1
Pleasure,346.7485125650319,3.8679790215148913,63,89.03280647731488,202.230744711859,1,0,1,0,1,1,0,1,0,0,5.739673128560152,0
Business,431.70599145146605,6.965269531619674,135,106.69862104630674,165.8667897429576,1,1,1,1,1,1,0,0,0,0,3.5364091517976672,0
Business,324.37113679826126,17.907496074069314,131,92.99296243012148,183.7579225168623,1,1,1,1,1,1,1,1,5,1,1.0,0
Pleasure,91.15494058114128,16.56431954751737,357,97.47582195159755,82.60851227996343,1,1,1,1,1,1,1,1,1,0,7.2280420202194415,1
Pleasure,462.1135114737762,19.817982471262546,117,80.09108011320302,29.134019969974627,1,1,1,1,0,1,0,1,0,0,1.0,0
Pleasure,455.3403401618642,17.22204881296523,433,68.46458983722862,44.91700271166439,1,0,1,1,1,1,1,0,0,0,2.8197256892624383,0
Business,449.63972204851905,7.774638513829435,101,76.63083476891319,183.41922286340352,1,1,1,1,1,1,1,1,7,1,5.698892755728768,1
Business,129.94914859527145,19.182229343289528,416,78.60295248187634,212.40743575613936,1,1,1,1,1,1,1,1,6,1,1.0,0
Business,445.46348616014257,16.635963311960584,144,115.15971343236208,127.22065412328132,1,1,1,1,1,1,1,1,5,2,3.019858629131634,0
Business,136.96689534778247,18.06413416558943,326,75.14509748530017,219.73578314839514,1,1,1,1,1,1,1,1,1,0,1.0,0
Business,287.30941257165944,14.044074848798552,96,102.82048759661411,128.41000235807175,1,1,1,1,1,1,1,1,3,2,3.1490530737214524,0
Pleasure,378.7516291149543,2.032116343164778,449,29.630466643611104,94.88730133019025,1,0,1,1,1,1,1,1,0,0,5.994235850956835,1
Business,106.27383049965123,14.4172119253218,98,57.14110258908293,131.7109502502676,1,1,1,1,1,1,1,1,4,3,2.7421764375716755,0
Business,475.9182014494289,15.447471749820544,110,63.45425207190734,51.88045937693245,1,1,0,0,0,1,0,0,0,0,1.0,0
Pleasure,141.18016479589667,13.457820160609462,487,83.46903325285221,146.44685070697122,1,1,0,1,0,1,0,1,0,0,8.175632918350948,1
Pleasure,342.3835468205454,2.6632675552534213,425,112.665471833723,236.29053452003905,1,1,1,0,1,1,1,1,0,0,9.076615295923075,1
Business,281.77461869106963,4.799553042636367,361,26.39360566890372,197.6384701103508,1,1,1,1,1,1,1,1,7,1,6.42950359917969,0
Pleasure,434.37000132475754,13.022414766581758,268,97.81033265215278,43.61330484898932,1,1,1,1,1,1,1,1,1,2,5.46475732812203,0
Business,136.72555247437558,6.606783743353459,246,58.12791504881133,148.90100688686672,1,1,1,1,0,1,1,1,0,0,4.752473173076227,0
Pleasure,409.8171660664575,19.447826228539256,296,61.92326041448029,100.57943678490665,1,1,1,1,1,1,1,1,0,2,3.5195578342161884,0
Pleasure,220.2881996517366,7.267011603195302,347,119.13437272231693,186.25470698852033,1,1,1,1,0,0,0,1,0,0,9.011931225067332,1
Business,430.2372639079691,9.386304674890384,373,18.27930285582541,235.1066874700899,1,1,1,1,1,0,0,1,0,0,1.3326750551359086,0
Pleasure,429.86945381557115,11.637949079127965,47,108.58019901326884,162.4923623114916,0,0,1,1,0,1,0,1,0,0,1.0,0
Pleasure,198.8519164169333,4.700272271936665,228,117.61060499883257,227.5037434621257,1,1,0,0,1,1,1,1,0,0,8.711654339979587,1
Business,412.63621046801404,16.42204297058313,444,56.698710541542596,35.399962670254986,1,1,1,1,1,1,1,1,2,0,2.6967572286833192,0
Pleasure,273.2180940351015,15.560939088953187,79,100.54053282248205,143.71889714841248,1,0,0,1,1,1,0,1,0,0,7.136448972947889,1
Business,202.02295047570044,10.67839684843694,268,102.59832733682207,197.86827772126438,1,1,0,1,0,0,0,1,0,0,2.6286459972575438,0
Pleasure,302.21515763507153,4.3087126835229945,56,94.11921603841002,13.60433391428189,1,1,1,1,1,1,1,1,2,0,6.37156411125336,1
Business,290.80369079468466,7.717810107347878,15,75.44608045244195,47.011625453011476,1,1,1,0,1,1,1,1,0,0,5.259091002474637,0
Business,159.11090136951017,5.418386746970154,247,55.24397952314326,107.29201690152266,1,1,1,1,1,1,1,1,3,4,7.396223433364183,0
Pleasure,463.3578956992548,12.307002046118212,248,58.41374898864441,82.95449404120262,1,1,1,1,1,1,1,1,0,0,1.5183027044403417,0
Pleasure,225.007258562182,16.646971501655052,396,25.147728220505705,235.59861939871666,1,0,0,1,1,1,1,1,0,0,6.834734446912038,1
Business,322.4224056268617,4.383367453596976,24,22.093422273849722,214.41736343075144,1,1,1,1,1,1,1,1,1,0,4.783472491675937,0
Pleasure,307.162846902023,11.521318903099377,173,62.66838155942922,101.80007441401764,1,1,1,1,1,1,1,1,3,3,6.767145722701858,1
Business,479.2560096999904,15.161263602337115,269,70.82958140325212,6.494689392224214,1,1,1,1,1,1,0,1,0,0,1.0,0
Pleasure,446.61167136233126,5.543023929736006,391,57.49236669994494,160.4586784050149,1,1,1,1,1,1,1,1,0,0,4.712375040985076,1
Business,232.32940188789146,3.8532297904861434,229,57.29724665475897,55.02884931263815,1,1,1,1,1,0,0,1,0,0,5.436923269906618,1
Business,151.68795306909635,13.686324851675653,459,44.80769978932904,201.0305318645785,1,1,1,1,1,1,1,1,5,2,1.7356153118399265,0
Business,433.50489049008064,17.124797914309394,82,75.42338598731347,127.88387856468614,1,1,1,1,1,1,1,1,2,0,1.0,0
Pleasure,494.60544178163485,12.828956506785945,119,113.85006710956002,156.8375659977365,1,1,1,1,1,1,1,1,4,1,1.05981737597478,0
Business,419.7570763235253,11.680866363610198,489,103.1918265992589,102.65778473383942,1,1,1,1,1,1,1,1,1,0,2.958854539603051,0
Pleasure,324.9023676378942,18.048417801310034,111,51.51684448523042,214.80283828305403,0,0,1,1,0,1,0,0,0,0,2.958074328236148,0
Business,339.4528605616459,1.7329259365085892,494,65.74647594252392,85.18967236791427,1,1,1,1,1,1,1,1,3,1,8.963073158813211,1
Business,485.0435707333279,5.6288088998128245,339,29.453889227908814,146.45378663871904,1,1,1,1,1,1,1,1,2,3,4.9876354339066875,0
Business,468.2508181315034,2.682947004110088,335,25.732476271259955,43.16402633601031,1,1,1,1,1,1,1,1,0,1,5.965374380936829,1
Pleasure,99.41452819534106,13.887529171381557,417,110.8080567260412,187.283054466275,1,1,1,1,1,1,1,1,3,3,8.5625026711999,1
Business,377.1307275770445,15.87187815966837,354,35.54220779126894,74.47570115808271,1,1,1,1,1,1,1,1,1,0,1.0,0
Pleasure,105.21534320286054,17.384191663360873,422,26.82855242944511,42.49264537364805,1,1,1,1,1,1,1,1,2,5,8.666216621120746,1
Pleasure,202.75689885748557,14.707902277388246,118,113.61955488917853,28.610043921944396,1,1,1,1,1,1,1,1,5,2,8.153656481823404,1
Pleasure,92.41804023595893,9.147696521236153,237,53.31682260308316,38.90699512935822,1,1,1,1,1,1,1,1,0,5,6.116804560047525,1
Pleasure,270.33023159564567,11.157788692463331,310,62.27880629021333,45.672942359733646,1,1,1,1,1,1,1,1,0,0,8.045119544749832,1
Pleasure,248.25529078842368,4.596184305537383,294,82.57417841617713,179.47722827462744,1,0,1,1,0,0,1,1,0,0,7.56931821117883,1
Business,409.7554538683441,19.66841696981049,146,77.95890536917658,217.79364498877226,1,1,1,1,1,1,1,1,0,1,1.0,0
Pleasure,140.5934856029889,13.649790473655994,129,19.18774351066044,134.3324504500474,1,1,1,1,0,1,1,1,0,0,5.430500630396063,1
Business,73.23041528213841,15.169859146143478,191,88.17431031663266,156.0001272057054,1,1,1,1,1,1,1,1,1,0,1.0,0
Pleasure,352.9330570976562,0.11208160267972334,221,91.55282000053933,85.89370934140905,1,1,1,1,1,1,1,1,2,6,6.177818660529057,0
Business,364.5441361167294,14.954611389131635,67,19.78417688884112,6.0942547208841376,1,1,1,1,1,1,1,1,0,0,1.0,0
Business,146.08801261174898,19.846044762483775,41,97.46471477821694,127.67085737855504,1,1,0,0,1,0,1,0,0,0,1.0,0
Pleasure,126.22092062972452,14.748944389148006,1,75.43881457569555,31.507188927753745,1,1,1,0,1,0,0,0,0,0,4.072275126933517,0
Business,331.43659597786643,16.806289537135445,250,16.628730063966504,174.16736599760313,1,1,1,1,1,1,0,1,0,0,1.0,0
Business,128.71987447821706,16.262314669348495,23,76.88133421942415,167.14128773427754,1,1,1,1,0,0,0,1,0,0,1.0,0
Pleasure,384.4688418000113,18.856349478520162,86,55.88940634645569,69.43279811558635,1,1,1,1,1,1,1,1,3,1,2.495526981736907,0
Pleasure,91.50140086097217,11.487146745237805,4,91.7169163579255,143.4425667045652,1,0,0,1,0,0,1,1,0,0,4.845010651775113,0
Pleasure,319.53945443467086,11.68435942683044,494,55.37653267163017,64.0294509825585,1,1,1,1,1,1,1,1,1,3,7.23064850696592,0
Pleasure,95.09046482515193,4.964938294544206,82,52.33704255047951,205.686414831454,1,1,1,1,1,1,1,1,1,2,6.294463036625244,1
Business,245.97811087055723,9.83518346807066,380,65.95208035605896,93.47360753073511,1,1,1,1,1,1,1,1,4,2,4.732646345231209,0
Business,127.54442047161854,14.796829310698332,134,55.92334404935557,63.213553882415255,1,1,1,1,1,1,1,1,1,2,1.5684833506503464,0
Business,481.6341910009046,13.935663313752451,327,58.82794219355269,157.36879158630413,1,1,0,1,0,0,0,1,0,0,1.0,0
Pleasure,219.04108079818988,5.11207337794427,184,54.25745510921432,156.17123529428076,1,1,1,1,1,1,1,1,0,0,6.31882995245112,1
Pleasure,302.8185549574486,0.18574438665980963,445,91.40263149711535,202.69538133722733,1,0,1,1,0,1,0,1,0,0,8.74517403471467,1
Business,109.09645321844349,12.775110814310457,370,32.80939785393494,170.64305980199418,1,1,1,1,1,1,1,1,6,0,3.9254535219563307,0
Pleasure,385.56050609515285,4.440702335662139,154,91.92129368501077,50.36986962417236,1,1,1,1,1,1,1,1,2,2,7.69225113888888,1
Pleasure,211.00552786039037,14.319900438579566,284,102.30894241618522,68.55043720493563,1,1,1,1,1,1,1,1,1,1,8.700445144261545,1
Business,195.44146900141288,15.27608632394092,446,90.1475277299356,206.39915026933303,1,1,1,1,1,1,0,1,0,0,1.1100293045817082,0
Pleasure,101.40032331861045,9.40943564349041,12,20.597537964301388,167.84199335923034,1,1,1,1,1,1,1,1,2,2,5.2089216471395705,0
Business,459.83330013772667,7.509980958127869,448,17.243575297130526,116.82485653418473,0,1,1,0,1,1,1,1,0,0,3.739966538257641,0
Business,352.4525793694677,19.248988219840157,114,49.043304308153616,157.15727904949358,1,1,1,1,1,1,1,1,3,1,1.0,0
Pleasure,75.60059942854552,9.257097113437098,156,104.36217204674426,218.11734993181568,1,0,1,1,1,1,1,0,0,0,7.642399964520159,0
Business,308.4355257072236,19.13798108776896,418,71.99957381200336,181.72247694550805,0,1,0,1,1,0,0,1,0,0,1.0,0
Pleasure,297.81140064573106,4.327456221196117,126,29.19531959956343,57.99587002471248,1,0,1,1,1,1,1,1,0,0,6.227815850437018,1
Pleasure,228.55331872335123,11.984343407345772,133,26.728924527596917,223.55666905748424,1,1,1,1,1,1,1,1,3,4,7.545820403779202,1
Business,321.69801500935574,16.22494702657146,102,93.19743599303978,12.353504952996202,1,1,1,0,0,0,0,0,0,0,1.0,0
Business,262.910173551307,15.56211555306309,278,103.12108236651983,226.24175179073418,1,1,1,1,1,1,1,1,4,2,1.071650011023944,0
Business,499.9126416694278,15.514918811167107,303,88.1785019684655,89.2512578449939,1,1,1,1,1,1,1,1,1,0,1.0,0
Pleasure,77.4055859384389,17.59200343875422,357,19.915340936207492,48.386961232251,0,1,1,1,1,1,1,1,0,0,5.390706948741684,1
Business,163.73096974148103,9.949264858116111,280,44.87382348470961,146.94025293423996,1,1,1,1,1,1,1,1,4,3,5.755621911636403,1
Business,151.3917605436372,7.679395290775746,40,29.839196534174977,26.87767735619425,1,1,1,1,1,1,1,1,2,0,4.4124657065717265,1
Business,268.13250443909186,1.0860306791668117,332,68.34912226960837,103.3333856284107,1,1,1,1,1,1,1,1,0,4,9.155422994640265,1
Business,312.41329061231943,7.540492118677989,187,100.22994527384073,52.47277928600411,1,1,1,1,1,1,1,1,3,0,5.635821436628361,1
Business,486.2243711440785,8.070969412570332,9,28.16045946321098,196.07451791976172,1,1,1,1,1,1,1,1,3,0,3.9108683878254498,0
Business,61.79142254337035,4.543604347108021,205,48.282483980643256,168.9830449179261,1,1,1,1,1,1,1,1,2,1,6.215137371380629,1
Pleasure,65.07549460392693,0.4195553425070919,165,44.31005359394623,11.012322929475097,1,1,1,1,1,1,1,1,2,0,7.387181182847878,0
Business,207.3915492818941,18.821301336618653,66,40.89690910753682,216.42345246951191,0,1,1,1,0,0,0,1,0,0,1.0,0
Business,484.5640686263249,11.976489222447388,296,106.42563951829177,143.34142909698735,1,1,1,0,0,1,1,1,0,0,2.248873647991388,0
Pleasure,74.5015828006219,7.498887188321555,98,83.80802471418862,196.47707484829877,1,0,1,1,1,1,0,0,0,0,6.332881069617167,1
Business,204.44901963421634,17.625671156053585,225,113.3621789260027,84.43469934985298,1,1,1,1,1,1,1,1,4,0,1.0,0
Business,377.0034038405025,6.269329790549536,154,79.63942807175218,123.9398358020122,1,1,1,1,0,0,0,1,0,0,4.94890308952711,0
Business,497.0651151195279,5.92901307333856,303,54.970111799006936,23.925384981060834,1,1,1,0,1,1,0,1,0,0,5.751988966725179,1
Business,75.82706749145787,7.033875497180544,286,26.082654190288952,109.82583889869397,1,1,1,1,1,1,1,1,2,2,4.667877969425578,0
Business,420.7158785913279,9.268963716355586,373,18.79530161329955,53.00906855104846,1,1,1,1,1,1,1,1,0,0,3.976882401529613,0
Pleasure,453.234469439805,4.3646243928184925,180,66.8559845949304,123.68616277404487,1,1,1,1,1,1,1,1,4,4,3.0701205032060166,0
Business,67.27638049800609,18.40319134632452,51,15.079045993464392,179.01107032075942,1,1,1,1,1,1,1,1,3,3,1.0,0
Business,380.54244438648095,6.760789811943802,118,30.96414731407449,167.41735984923392,1,1,0,1,0,0,0,1,0,0,3.5748592983433216,0
Business,163.3850137683103,11.716657164335075,47,53.246042188682345,176.6021133060409,1,1,1,1,1,1,0,1,0,0,1.7655629725607882,0
Business,338.04007566134516,3.778657325629704,485,65.71181470671091,175.24691078700891,1,1,1,1,1,1,1,1,4,3,7.9368311703456556,1
Pleasure,390.75235447847115,14.807472317984413,87,39.84504483829713,130.47000219460176,1,1,0,1,0,0,0,1,0,0,3.025103487698696,0
Pleasure,426.5803827688608,3.979903933938529,371,64.31854889473162,163.34946492286014,1,1,1,1,1,1,1,1,4,1,5.120869581606047,1
Pleasure,288.9630570264515,10.527083695559332,26,44.9667440716435,43.45631030480039,1,1,1,1,1,1,1,1,3,2,6.669291818474869,0
Pleasure,97.66057267744654,19.71727071787457,168,111.10915931001037,188.83390370202585,1,1,1,1,1,1,1,1,4,3,5.696097726036614,1
Pleasure,236.5476498017132,4.342635015953937,106,118.6797172255148,138.0265209057489,1,1,1,1,1,1,1,1,1,1,8.535072476536326,1
Pleasure,207.43121804551214,0.3747278012253852,161,33.26350597393617,156.99245036544005,1,1,1,1,1,1,1,1,3,5,8.794459455003231,1
Business,361.36362531696074,4.261309135586078,193,87.1417370967283,11.939323151999853,1,1,1,1,0,1,1,1,0,0,4.835090492384545,0
Business,141.66781498763356,5.2216624448429645,25,48.30091544918714,27.528053792956197,1,1,1,1,1,1,1,1,3,3,6.728538463457815,1
Business,324.6595404570653,15.387331007055074,250,59.6305681804977,211.45794626899456,1,1,1,1,0,1,0,0,0,0,1.0,0
Business,192.35537331492654,4.95153069107789,311,48.00765500325366,190.76378342666123,1,1,1,1,1,1,1,1,0,0,4.80668887938344,0
Pleasure,307.8101714535397,8.754402362735725,23,76.26517488322376,34.08787575591562,1,1,0,0,0,1,0,1,0,0,4.484130914112006,0
Business,437.9441323173731,8.763091665081362,335,89.12495754396912,213.45594474835522,1,1,1,1,1,1,1,1,1,1,4.9659080837691745,0
Pleasure,477.9254020386707,18.034198670858665,303,74.01555803808355,79.09048291032938,1,1,1,1,1,1,1,1,3,4,3.0919037060378782,0
Business,68.81652475737278,0.5812534842416173,471,98.80528629656979,225.7140095196316,1,1,1,1,1,1,1,1,0,0,9.07203117568954,1
Pleasure,285.32393091081207,17.75682294174153,387,92.45306989283843,186.45010381987348,1,1,1,1,1,1,1,1,0,0,7.320331855746272,1
Pleasure,243.14911686538247,4.19188357426208,206,42.707346200608306,118.40744976187267,1,1,1,1,1,1,1,1,1,2,8.317572630323106,1
Business,421.14556752228066,16.278969063198417,276,37.90945516436414,17.26516588451728,1,1,1,1,0,0,0,1,0,0,1.0,0
Pleasure,143.22294831306056,0.24591882701877177,173,88.96774750792022,217.41853365463803,1,1,1,1,1,1,1,1,0,6,8.335025197236337,0
Pleasure,460.11744368778,10.512463067429037,143,31.047139729519742,42.320900475348154,1,1,1,1,1,1,1,1,3,4,1.0,0
Business,313.1257508511716,15.909064251639407,40,109.57990529155204,225.7016376798456,1,1,1,1,1,1,1,1,3,0,1.0,0
Pleasure,191.03855878305959,17.376323690566498,453,99.71888868974095,208.52752381948326,1,1,1,1,1,1,1,1,2,2,10.0,1
Pleasure,312.00217929603184,15.915418606587405,259,81.5665941386291,79.02758388783877,1,1,0,1,1,1,0,1,0,0,6.314807486475696,1
Business,178.43866131819746,15.043973784839554,74,93.0259509015116,52.120042675335455,1,1,1,1,1,1,1,1,1,0,1.3704473127064878,0
Pleasure,101.28043380008168,0.7384521287803181,317,87.11431160725827,31.378936646031804,1,1,1,1,1,1,1,1,2,4,9.13444190364565,1
Pleasure,90.9766295359275,9.067519447466857,260,41.97641654311189,47.42543235536993,1,1,1,1,1,1,1,1,0,1,4.537708263438858,0
Business,206.89677488945725,16.82142370205308,135,108.03195464455875,125.98886548215852,1,1,1,1,1,1,1,1,3,4,1.5895455085499854,0
Pleasure,217.13599539891666,1.677174703972919,146,57.298066658112695,132.48613749664233,1,1,1,1,1,1,1,1,0,8,7.510968300816789,1
Business,162.63343138388103,9.206978942266428,96,112.28969440873449,64.54056543988497,1,1,1,1,0,0,1,1,0,0,3.1101441332032906,0
Business,436.46653885557424,14.017391160893178,500,66.21179674512717,133.55129592984173,1,1,1,1,1,1,1,1,0,0,1.0,0
Pleasure,109.70128309296652,1.1798982135400005,375,111.75564360784995,186.86728195749004,1,0,1,1,1,1,1,1,0,0,8.392496198834635,1
Business,208.1514709411145,15.59958915743232,112,77.75129331159265,41.534330385324814,1,1,1,1,0,0,0,0,0,0,1.0,0
Business,215.64654878851854,0.8038106599019756,156,44.25547586288845,207.11823804314042,1,1,1,1,1,1,1,1,1,0,7.527368502943854,1
Business,444.5591294529319,14.46919897753552,237,107.74346100121919,138.22881904315878,1,1,1,1,1,1,1,1,3,1,1.639162630488276,0
Pleasure,96.56917570062782,19.05725323852082,41,70.98655179165911,137.33773924995123,1,1,1,0,0,1,0,1,0,0,4.314870016712017,0
Business,249.54810006239026,6.485717894578695,363,72.00657670758432,74.23025169146852,1,1,1,1,1,1,1,1,5,3,7.273827482329209,1
Business,103.01371799203662,1.901335102313495,49,26.72765293060441,174.21250287272946,1,1,1,1,1,1,1,1,5,2,7.275802093384952,1
Business,288.70133058219096,5.057902690380929,71,78.2201931596271,186.5914722730801,1,1,1,1,1,1,1,1,4,1,5.9937568538192885,1
Business,271.98440574999296,0.08072798614630505,16,17.643214036759748,137.8272587063053,1,1,1,1,1,1,1,1,7,2,9.180596564155302,1
Pleasure,301.37640108842686,19.40917472886738,289,60.79481705823284,122.01367481352878,1,1,1,1,1,1,1,1,0,1,4.156954727379313,1
Pleasure,162.7143902304447,0.5504111967413516,381,60.39679748358287,235.95067804316892,1,1,1,1,1,1,0,1,0,0,8.141655568043074,1
Business,241.96063125613,5.599844663457181,226,74.6561370749213,70.69565956396823,1,1,1,1,1,1,1,1,0,1,6.546543209149272,0
Pleasure,345.6375165291534,16.66310991235769,184,52.271404264150995,103.97556602070432,1,1,1,1,1,1,1,1,1,4,4.595932351407175,0
Business,382.44115636203156,5.596292349290561,367,52.8977063895043,149.6111504905101,1,1,1,1,1,1,1,1,7,2,8.496054353426992,0
Business,332.82463453583307,0.3267455032688815,262,115.27917503700621,25.25233504528063,1,0,1,0,1,1,1,0,0,0,6.051400173337241,1
Pleasure,372.1654144101336,17.125812727235726,371,79.40507364876856,208.8561340065919,1,1,1,1,1,1,1,1,2,5,5.8181515109343795,1
Pleasure,434.67711010213367,3.568393378184489,86,70.93275701201826,200.7276970349271,1,0,1,1,1,1,0,1,0,0,1.3881132301962436,0
Business,212.32797309021967,0.9031657006631377,375,76.10753814935904,171.06640639004527,1,1,1,1,1,1,1,1,0,0,9.472492942927527,1
Pleasure,445.1916638175316,6.157551850752481,82,87.41513965335707,105.03633690411985,1,1,1,1,1,1,1,1,0,0,3.4098851474474996,0
Business,191.64129311360574,11.226250114761624,440,95.07798884535633,110.82200502078992,1,1,1,0,1,0,0,1,0,0,2.1257904271354375,0
Pleasure,408.63467974378466,6.083312116525641,52,82.32280496430283,145.42984208804756,1,1,1,1,1,1,1,1,3,6,1.6712249372485917,0
Business,133.62414956803946,16.446235153918103,82,37.43919637704966,109.96235048423685,1,1,1,1,1,1,1,1,1,1,1.0,0
Business,186.63283333950048,18.137804953707015,55,48.3651604196452,205.15852746461945,1,1,1,1,1,1,1,1,0,0,1.0,0
Business,68.05800326996966,19.542021167530386,446,29.77883958578805,71.41571559457952,1,1,1,1,1,1,1,1,5,1,1.3508535664541483,0
Business,436.41044764864057,1.9990786942595085,45,106.38460353759763,41.17014486418154,0,1,1,1,0,1,0,1,0,0,7.279593954600779,1
Business,162.26084114370465,12.463770704707473,284,58.56735151636969,27.37450383734447,1,1,1,1,1,1,1,1,0,0,2.729052161157658,1
Business,234.17506890326237,18.411254751991372,371,107.95368993646086,87.39601071148138,1,1,1,1,0,1,0,1,0,0,1.0,0
Business,486.5598100915723,13.990718633662297,383,87.73468599102212,48.95766409453952,1,1,1,1,1,1,1,1,7,0,3.1881546215009835,0
Business,113.4133808073457,16.531150306375757,193,80.52852106675309,222.14418670935922,1,1,1,1,1,1,1,1,1,1,1.0,0
Pleasure,462.48191723638564,12.34480363702728,40,76.9048027039564,236.48524653558835,1,1,1,1,1,1,1,1,3,4,1.0,0
Pleasure,307.8604727309508,18.68963488140817,165,44.38214838320994,23.852505828328464,1,1,1,1,1,1,1,1,0,2,5.063168222266242,0
Pleasure,496.36196937015416,15.759748821964099,238,26.167435546886523,110.3884452475991,1,1,1,1,1,1,1,1,3,4,1.0,0
Business,226.56626721802536,8.576425106057695,14,33.290856377475436,98.97568073651686,1,1,1,1,1,1,1,1,6,0,4.795370140621135,1
Pleasure,172.0073840029103,14.568887971166927,437,46.695538030887064,11.645464694260914,1,1,1,1,1,1,1,1,3,2,8.460064714736992,1
Pleasure,129.27138117054,16.851015512154305,261,88.40132910628019,73.44651088324753,1,1,1,1,1,1,1,1,2,4,7.159075002704964,1
Pleasure,68.9066274751266,5.459146634552326,289,20.192252515223565,59.55229827141016,1,1,1,1,1,1,1,1,0,4,6.768012491565856,1
Pleasure,130.39552733463665,10.247499426811226,168,20.832703816002137,102.72921943745378,1,1,1,1,1,1,1,1,0,3,5.920619710821144,1
Business,342.0065947520559,16.32886085989075,236,116.28116229189403,121.37939699336894,1,1,1,1,1,1,1,1,2,2,1.0,0
Business,99.25898824758443,1.788637323676796,491,101.92580981902559,201.03551020430658,1,1,1,0,0,1,0,1,0,0,6.213642624104673,0
Business,283.8199629642881,9.665188247149807,117,47.61992301568619,186.5100886456587,1,1,1,1,1,1,1,1,4,0,3.4999105560839863,0
Business,76.06384906461425,17.08109140908157,329,107.62072938596395,189.2197214828932,1,1,1,1,1,1,1,1,2,0,1.09588784236229,0
Pleasure,322.3769202089349,12.759758222846925,12,119.66274053948881,5.720666323054538,1,0,1,1,1,1,0,1,0,0,5.264701990108656,0
Pleasure,229.56896619487716,13.142091460473138,160,50.6250848929025,137.32465151036862,1,1,1,1,1,1,1,1,1,6,7.243513747905294,0
Pleasure,220.2153573561987,16.657694276947247,349,80.61507448017234,187.61029555609585,1,1,1,0,1,1,0,0,0,0,7.440839172388332,1
Pleasure,68.7569023503168,13.486804264846977,111,29.468288726982625,234.97194859050862,1,1,1,1,1,1,0,1,0,0,4.724675489193209,0
Business,352.5380073105319,8.450905762133264,448,49.59383057021048,87.60661394712774,1,1,1,1,1,1,1,1,6,1,4.0633469021293696,0
Pleasure,113.26130254341847,4.539971007677311,161,85.71796112947946,164.95690444667636,1,1,1,1,1,1,1,1,1,0,7.830531935395102,0
Pleasure,463.8643798357098,6.8928622326662214,242,101.27321512480924,77.7910654588472,1,1,1,1,1,1,1,1,1,3,1.9426459386927895,0
Pleasure,287.62713353834437,12.147992572347464,87,74.55855754403348,211.3475921429677,1,1,1,1,1,1,1,1,1,5,6.384568844517036,0
Business,403.9708500687013,2.6255295314287763,116,115.60149685931655,226.27369401943275,1,1,1,1,1,1,1,1,1,0,6.547194906513439,0
Business,139.69361484788132,9.364757784111049,471,115.99631894030686,64.76644023265416,1,1,1,1,1,1,1,1,4,2,4.623078280930713,0
Business,417.9781103284056,4.060898339426675,487,56.24855856812381,189.07203548432298,1,1,1,1,1,0,0,1,0,0,5.800276462344755,1
Pleasure,125.7265076122747,0.37651938167727383,95,88.42108348247885,125.33328524479064,1,1,1,1,1,1,1,1,3,2,7.270197516872644,1
Pleasure,65.45374008772876,15.65650112318875,115,21.022474793997848,230.0698848710899,1,0,0,1,1,1,1,1,0,0,3.694060359664803,0
Business,380.9120792327414,13.86424803994769,414,104.04487476426662,140.27014969782888,1,1,1,1,1,1,1,1,5,0,2.060420804022012,0
Business,473.51664810423483,17.431698599816528,486,61.93902637846445,213.1969062925214,1,1,1,1,1,1,1,1,3,0,1.0,0
Pleasure,459.2944888830905,8.606751485354913,318,26.83856796062717,170.90982756750523,1,0,1,0,0,1,1,1,0,0,2.236556209421434,0
Business,414.5926061381996,7.242460348797448,211,40.67230207180282,143.04363527388836,1,1,1,1,1,1,1,1,5,3,5.700806416619131,1
Business,417.6020728167389,3.1328741112345804,183,88.87276670400263,238.7492323503579,1,1,1,1,1,1,1,1,4,0,8.202876333010007,0
Business,379.467824345894,10.317712086749237,263,70.71898086033451,197.3100765844244,1,1,1,1,1,1,1,1,1,0,4.313427089302409,0
Pleasure,175.2520731396429,16.91763207338566,390,71.32540972160876,141.2385200703187,0,0,1,1,0,1,0,1,0,0,7.308919349485043,0
Business,359.05397605010074,12.138150025455513,430,114.61057360488171,125.4423632565385,1,1,1,1,1,1,1,1,0,0,3.509517400006491,0
Business,277.82623291529234,1.7391089369748491,326,51.702329638023166,43.2123029587732,1,1,1,0,1,0,1,1,0,0,7.033498187568773,0
Pleasure,198.91972325071245,13.474187558337789,167,71.13406939754681,34.15871260391558,1,1,1,1,1,1,1,1,0,2,6.866887785870584,1
Business,219.52849195935593,7.905553270251524,10,91.07082458363998,99.81688808173476,1,1,1,1,1,1,1,1,3,0,4.6065807992967525,0
Pleasure,307.32101803174925,15.606082128240725,73,117.16107997121426,21.348583964608824,1,1,1,1,1,1,1,1,2,5,6.390142719819454,1
Pleasure,98.92888825550123,10.046594581465644,402,33.628837834449065,110.15906737409603,1,1,1,1,1,1,1,1,2,5,8.857204134557971,1
Pleasure,226.21077038332217,8.631451760051807,350,59.79741874019905,161.03486766130322,1,1,1,1,1,1,1,1,1,7,8.762395867729975,1
Business,321.11334991084317,3.6973693460275703,26,95.50573740970273,40.04538269473152,1,1,1,1,1,1,1,1,5,4,10.0,1
Pleasure,185.65947751887464,5.416643766772921,54,71.61300473521192,203.15579794667192,1,1,1,1,1,1,1,1,0,0,7.190201163313803,1
Business,405.970380401756,12.372079224857286,4,110.2803132206494,216.82072489515775,1,1,1,1,1,1,1,1,7,1,2.4503668940537646,0
Pleasure,411.7232238490206,15.869497771042324,137,102.7488966642697,224.9589728741166,1,1,1,1,1,1,1,1,2,3,4.790557663999428,1
Pleasure,373.39457715280605,7.066328104077395,393,68.51232335116929,223.00548955157007,1,1,1,1,1,1,1,1,0,2,6.414547336455458,0
Pleasure,389.0989513662619,12.782877939836986,13,94.45803130551586,62.94232256199365,1,1,1,1,1,1,1,1,0,1,3.6597368108656445,0
Business,285.99689184496106,8.108636984749907,330,62.76328617783968,64.26017030082782,1,1,1,1,1,1,1,1,0,0,4.6136649770924185,0
Business,410.6191906802224,19.27238221449277,490,31.63222992987368,10.864959581521058,1,1,1,1,1,1,1,1,1,0,1.0,0
Pleasure,273.879789926231,14.670387157902951,352,70.60058505602301,91.7950520060444,1,1,1,1,1,1,1,1,4,2,7.530717558154915,1
Business,485.4681333782847,4.382953761750654,326,25.75849520159722,183.71978508793234,1,1,1,1,1,1,1,1,2,1,6.173987873347029,1
Business,287.74751960737535,7.983158086734359,197,83.01321490376142,23.32259657967457,1,1,1,1,0,0,0,1,0,0,4.026554007904686,0
Pleasure,261.1738390009627,6.510960464761986,424,60.781286696808735,21.08308204538713,1,1,1,1,1,1,1,1,2,3,9.72223812426592,1
Business,76.78331374873068,7.640674061714328,252,79.97340718002052,94.54338424044636,1,1,1,1,1,1,1,1,2,2,4.76320612035739,0
Business,277.35449749577225,19.181975012205573,63,43.763571955913044,77.80119264054908,0,1,0,1,1,1,0,1,0,0,1.0,0
Pleasure,152.5265554960169,6.405360790723009,247,85.79776803857742,234.46427511270647,1,1,1,1,1,1,1,1,0,3,8.288028532475126,1
Pleasure,168.1855134232527,7.370379898000284,127,22.984782872002686,151.2014059710215,1,0,0,1,1,1,1,0,0,0,5.8488499752013015,0
Business,488.5737791406674,8.430097891667037,405,25.432641388062745,122.31710858719073,1,1,1,1,0,0,0,1,0,0,3.8591256684239186,0
Business,490.35530431170537,4.694294751399322,299,46.289297514604975,197.36240979673167,1,1,1,1,1,1,1,1,5,3,6.4108440098440385,1
Business,201.59870585145092,4.183409033348868,469,65.26412240682522,10.750151438825371,1,1,1,1,0,0,0,1,0,0,7.223415971068561,1
Pleasure,411.86492995249785,14.555127624527708,268,23.080017701895713,20.88753191880515,1,1,1,1,1,1,1,1,0,6,3.0700237116726026,0
Pleasure,249.92753430116093,12.558087649600969,421,81.1971171191457,10.074754277542256,1,1,1,1,1,1,1,1,0,0,8.815558037558905,0
Business,257.10110035804496,7.726297811455753,403,107.3543466164029,20.901612697531423,1,1,1,1,1,1,1,1,5,1,5.732465757347551,1
Pleasure,458.041314759482,10.136010694932196,190,91.87214441589991,208.785054957541,1,1,1,1,1,1,1,1,0,0,2.0736226075508983,0
Business,187.35062117425122,1.7315726217322736,474,98.78595134957108,58.89428841478345,1,1,1,1,1,1,1,1,3,1,7.438825316994166,0
Business,184.3762891884801,3.418749308798996,364,59.55672036370298,129.60076130596565,1,1,1,1,1,1,1,1,5,0,8.295366260846837,1
Pleasure,219.09794200399094,9.880403454310558,176,21.245934430031884,64.09166754953252,0,1,0,0,1,1,0,1,0,0,8.354708599239551,1
Business,157.2493180193756,1.9463084107687645,151,80.85509848312553,231.04747320891576,1,1,1,1,1,1,1,1,2,0,6.605150158112212,0
Pleasure,208.44168353001177,6.958534582964015,352,98.27673342427862,88.27701433208942,1,1,1,1,1,1,1,1,2,3,10.0,1
Pleasure,499.28096495739777,15.156348342468105,169,108.65821533978252,21.07755133788002,1,1,1,1,1,1,1,1,1,1,1.0,0
Pleasure,235.16323755740308,9.763326799223336,213,49.54471945897152,64.69425715514659,1,1,1,1,0,1,1,1,0,0,6.049133867971082,1
Business,110.80256391564653,5.588696578895849,379,39.55017677363797,215.23144326386017,1,1,0,1,1,0,0,1,0,0,2.4052588116383675,0
Pleasure,222.04069155355367,13.413996933239975,111,51.052020224031224,183.687559145324,1,1,1,1,1,1,1,1,2,1,6.476164636599123,1
Pleasure,148.0783330656392,7.423582609809129,342,105.08186656044745,151.12518794697962,1,1,1,1,1,1,1,1,5,2,10.0,1
Pleasure,430.9404568236965,4.19830252399676,381,81.38686064128743,97.0130340499794,1,0,0,1,1,1,0,1,0,0,5.99040587893723,0
Business,60.36521703302014,13.333442994171477,126,117.14505245831789,210.0209568476138,1,1,1,1,1,0,0,1,0,0,1.049551940899004,0
Pleasure,480.9890674944785,3.394758197245833,282,98.00057599742946,212.6671984021167,1,1,1,1,1,1,1,1,3,3,2.077048118197478,0
Pleasure,198.60877961753593,12.763401600609507,145,57.470658567451544,214.12160268365625,1,1,1,1,1,1,1,1,2,2,5.47956233095568,0
Pleasure,317.03227082541184,13.655683247192222,223,40.13511067531386,126.0604907682692,1,1,1,1,1,1,1,1,3,1,5.256750719293264,0
Business,218.8486247295205,0.49197817269100996,258,70.21954828870331,154.11855245475522,1,1,1,1,1,1,1,1,4,3,10.0,1
Pleasure,153.89844257015463,19.437255654117426,262,113.42906761401123,211.77417183529684,1,1,1,1,1,1,1,1,1,2,5.972071894992102,0
Pleasure,83.37053848490268,17.002896723740626,395,118.77303762596726,107.09205587719204,1,1,1,1,1,1,1,1,1,1,7.130330230738589,0
Pleasure,167.7545489400169,5.417451660411274,184,18.82092433110493,88.64932624460268,1,1,1,1,1,1,1,1,0,1,7.436516221827217,0
Pleasure,171.18869381166027,11.605725666386618,165,39.33532666627556,67.51165606735707,1,1,1,1,1,1,1,1,1,1,7.413781333491128,1
Pleasure,178.9170509385669,17.970173111796658,191,42.01158601156368,99.51009504610006,1,1,1,0,0,1,0,1,0,0,4.032191790209259,0
Pleasure,468.26793098796696,5.792493791846138,497,72.218431814976,110.62939425125528,1,1,1,1,0,1,1,1,0,0,3.931259141620218,0
Pleasure,174.6874616381082,6.448221958288891,365,18.473660227341142,168.16776385516798,1,1,1,1,1,1,1,1,0,4,8.80307496116721,1
Business,319.18738816512104,1.9137827981310385,132,62.68157791435466,122.66159931223788,1,1,1,1,1,1,1,1,0,0,5.7268206576855585,1
Pleasure,295.27566272095515,6.87564864963905,483,112.77634284575565,13.045021999602044,1,1,1,1,1,1,1,1,2,1,10.0,1
Business,218.50498362109352,16.431714713111806,260,58.99046661722656,172.17847767000407,1,1,1,1,1,1,1,1,4,0,1.0,0
Business,327.8641440527951,11.882107329897874,228,56.154455839897516,27.247173924999146,1,1,1,1,1,1,1,1,3,1,3.26815176151492,1
Business,263.89367988521957,17.034951171521463,378,35.68511315443722,220.11915509862837,1,1,1,1,1,0,0,1,0,0,1.0,0
Pleasure,476.64218586619626,1.5963542815637388,345,40.860364675292004,106.54311348189343,1,1,1,1,1,1,1,1,0,0,3.5715073026305983,0
Pleasure,191.7461233751764,12.082941822614373,384,26.9874077078088,173.133366215851,1,1,1,1,1,1,1,1,0,0,7.052331794306127,1
Pleasure,153.7926140872848,15.280355935055717,133,103.1951994604978,69.26874593737627,1,1,1,1,1,1,1,1,1,2,6.18086072882803,1
Business,62.81248334920198,10.306870526315596,473,33.886654664163956,109.21449894636166,1,1,1,1,1,1,1,1,6,0,2.9521850472872098,0
Business,496.11761603125655,4.242692667562437,354,20.64264651463743,212.02330748231483,1,1,1,1,1,1,1,1,6,1,5.600495306423378,1
Business,152.1938455625858,12.696341581444813,415,84.79765584356022,121.64616459038228,1,1,1,1,1,1,0,1,0,0,1.7598333912901847,0
Business,121.52540786389092,16.697034123145183,463,32.07761040907148,58.19334688053574,1,1,1,1,1,1,1,1,4,0,1.0,0
Pleasure,430.52711468800476,13.369800410258561,128,102.48575666014099,85.85088936705746,1,1,1,1,0,1,1,1,0,0,2.5051692782081574,0
Business,292.610336740379,4.0989579661661235,386,72.54088800270739,61.590497169192844,1,1,1,1,1,0,0,1,0,0,5.752267301579168,0
Business,356.8119016945616,5.255361100284411,159,38.42274245591758,85.11258377781664,1,1,1,1,1,1,1,1,5,2,6.119570883542217,1
Pleasure,475.70531402475393,18.931337131099454,96,79.39273346728714,121.18133181640988,1,1,1,1,1,1,1,1,1,4,1.0,0
Pleasure,433.18710479458446,13.280205203770205,453,28.175581081342113,114.08832713833876,1,1,1,1,1,1,1,1,1,1,2.89360971457325,0
Business,248.8605587043515,5.413372722075986,331,28.130278661605725,104.80315073855039,1,1,1,1,1,1,1,1,3,2,7.102906321210969,1
Business,335.3359391633928,1.3170206678327179,235,42.665729257829945,208.52936486054182,1,1,1,1,1,1,1,1,4,1,7.771520207830869,1
Business,336.04298825848497,17.589602693702574,484,66.48782308514468,224.26218443248496,1,1,1,1,1,1,1,1,0,0,1.0,0
Business,328.28546646606935,18.266981267812238,232,104.18622913653583,28.530041525497666,1,1,1,1,0,0,0,1,0,0,1.0,0
Business,425.33443724758274,1.3423344316709152,33,101.04336507918141,108.62466341033043,1,1,1,1,1,1,0,1,0,0,7.401462574176156,1
Pleasure,83.0532905872261,15.134141436625821,267,20.554670415366775,92.83648505434302,1,0,1,0,1,1,0,0,0,0,5.133370886944975,0
Business,436.83372009839087,1.5084705836222767,281,110.14625854181915,161.70698424953235,1,1,1,1,1,1,1,1,3,0,8.447823394398528,1
Pleasure,375.9761437245716,0.7803891820081965,229,61.78111929161895,206.61484154379977,1,1,1,1,1,1,0,1,0,0,6.045026130481255,1
Business,328.4807831285754,19.903307854053097,192,98.59294555199064,162.58930569710085,0,1,1,1,0,1,0,1,0,0,1.0,0
Business,117.9156904222166,15.39220897642203,220,24.099157482617425,153.49034791037,1,1,1,1,1,1,1,1,4,1,1.0,0
Pleasure,198.9911445371377,1.0636279043062724,419,36.90042345690271,154.56473281270735,1,1,1,1,1,1,1,1,0,0,10.0,1
Pleasure,453.0146008024617,8.732019109346377,169,101.95380940670383,136.27045227110492,1,0,0,1,1,1,0,1,0,0,2.4077819803232536,0
Business,63.83992222205262,14.924161121495512,81,88.64339406654213,189.82021604581084,1,1,1,1,1,1,1,1,1,1,2.685301785097151,0
Pleasure,98.64343502314664,12.58623349459268,400,26.87446744744153,237.1626838050002,1,1,1,1,1,1,1,1,2,1,6.701750144478192,0
Pleasure,290.0701255175996,19.44758287991913,162,40.924249460420064,158.5268459235567,1,1,1,1,1,1,1,1,3,2,5.622031181664551,0
Pleasure,455.54761971767863,19.322292918934654,286,17.993110694184807,11.683487642574526,1,1,1,1,1,1,1,1,0,3,1.0,0
Business,117.7059270546178,15.565383383087303,264,64.2661307107402,113.96459210171011,1,1,0,1,0,1,0,1,0,0,1.0,0
Pleasure,265.6697113860133,11.386420676307845,356,62.163981066217296,223.1480952040179,1,1,1,1,1,1,1,1,1,3,8.84829629608196,1
Pleasure,149.2811328682993,16.660375605529204,118,45.1189663764423,49.960495182487996,1,0,1,1,1,1,0,0,0,0,4.280230886495301,0
Pleasure,78.54280496088175,10.287890941532712,170,113.70515031901044,66.50203071619713,1,0,1,0,0,1,1,1,0,0,5.8102676169009335,1
Pleasure,403.0804965615142,19.566998731935794,468,67.21509083370593,158.4601188016068,1,1,1,1,1,1,1,1,0,1,5.0739608123345565,1
Business,316.02097908382206,12.607259590782892,478,91.54325343448033,203.69097067766793,1,1,1,1,1,1,1,1,6,2,4.51321946035295,0
Pleasure,478.47312109391396,10.986425455950302,300,49.64721597493559,74.25041549880308,1,1,1,1,1,1,1,1,0,0,1.168937248819638,0
Business,470.1296584823841,19.696001941091016,301,33.07636584410056,170.27365499545596,1,1,1,1,1,1,1,1,3,1,1.0,0
Pleasure,115.66154961608306,6.501829285446377,220,32.40006176550445,38.558127435806014,1,1,1,1,1,1,1,1,1,3,7.177094347253543,0
Business,68.36474076581713,19.041759346204575,349,118.75272492523993,25.383141580470575,1,1,0,0,1,1,0,1,0,0,1.0,0
Business,243.97105462035876,14.70479011531481,68,28.095520928595228,106.30111950795248,1,1,1,1,1,1,1,1,0,0,1.0,0
Pleasure,188.80023948689796,2.157131973605617,79,86.76472240476406,232.67161439401053,1,1,1,1,1,1,1,1,3,3,7.651670338192875,1
Pleasure,336.80154315975295,12.21872163972093,226,38.091547151116664,70.16553788069066,1,1,1,1,1,1,1,1,1,6,4.45446818468384,1
Business,487.23125660144734,0.4451396187363499,24,20.933661176200378,59.704292805154225,1,1,1,1,1,1,0,1,0,0,7.136594994857824,1
Pleasure,102.74525090735672,2.859070058217692,379,21.388747367673833,82.10958112263972,1,1,1,1,1,1,1,1,0,5,9.357268086965242,1
Business,296.7967633042156,7.3052670990638084,301,62.25417389819802,50.09116093042202,1,0,1,1,1,0,0,0,0,0,4.251773044512965,0
Business,263.42924087013296,15.360389355043896,478,32.096399966968654,88.51384051283301,1,1,1,1,0,0,0,1,0,0,1.0,0
Pleasure,81.23072108151523,8.681979815284551,334,91.84397920714655,116.06460991214128,1,1,1,1,1,1,1,1,0,0,7.558384711709619,0
Business,260.8529593480285,7.906601861935729,381,58.35705889146744,172.2312919070123,1,1,1,1,1,1,1,1,5,2,6.274770683213145,0
Pleasure,147.52586138332626,12.984943157354127,494,56.89535635449095,30.69734132536049,1,1,1,1,1,1,1,1,1,1,10.0,1
Pleasure,217.0933646587935,2.8015203155815604,326,43.65886185777447,40.51586773653311,1,1,1,1,1,1,1,1,2,3,8.78025671377667,1
Pleasure,277.1161212171091,13.307112553206121,69,77.28002239415224,14.583247342867645,1,0,1,1,1,1,1,1,0,0,6.959382012493771,1
Pleasure,265.1995439648951,4.1615731356637875,171,19.63000088479899,57.07270807053156,0,1,1,1,1,0,1,1,0,0,7.087691068042298,1
Business,144.09347613194316,0.2850228938495958,427,114.95273745989057,134.42724672082016,1,1,1,1,1,1,1,1,2,0,9.752315075300247,1
Pleasure,416.96595354373716,5.274128221019647,88,98.45186075877089,171.14979161029967,1,1,1,1,1,1,1,1,0,3,3.2511410668044514,0
Pleasure,456.71650879292054,19.509614486061004,305,31.389018127102737,163.30338587633398,1,1,1,1,1,1,1,1,2,1,1.0,0
Pleasure,364.8125452508546,11.769376904888034,40,66.31362103484854,53.175396214328586,1,1,1,1,1,1,1,1,1,2,3.5927694225491718,1
Business,142.8358074753797,1.604958571000552,492,99.65174567419895,40.750365241752235,1,1,1,1,1,1,1,1,5,0,10.0,1
Business,486.2041144643317,2.9511547098249724,283,69.10815010731234,112.89123601840447,1,1,1,1,0,0,0,1,0,0,6.732000315755515,1
Pleasure,398.6508884690161,6.871121370430224,121,79.15771283303175,12.74521699543321,1,1,1,1,1,1,1,1,2,4,5.42855295692487,0
Business,404.7002761510774,2.9237796418200723,171,40.32673618347491,190.2767632052233,1,1,1,1,1,1,1,1,3,1,7.070097954575705,1
Pleasure,185.3039477206882,3.5453313808609566,152,40.603108754338365,124.59457936857387,1,0,1,1,1,1,1,1,0,0,7.416126541036945,0
Business,188.66991038204642,2.94141543014941,333,101.22768413752405,233.23563833423353,1,1,1,1,1,1,1,1,1,0,6.407878967060404,0
Pleasure,85.91630017482598,15.776054703693651,429,61.640916020900484,118.85146073028032,1,1,1,1,1,1,1,1,2,2,7.406866397685345,1
Business,390.38965525512907,9.619747705179346,260,103.94076482246874,174.90122162308555,1,1,1,1,1,1,1,1,6,1,5.417350239780116,0
Business,412.172155638957,4.754144318843931,380,34.72037318558111,84.80556876412761,1,1,1,1,1,1,1,1,2,1,8.149405237959122,1
Business,425.9648225811243,19.65179808625708,350,78.96953415376007,84.16510878440324,1,0,0,1,0,1,0,1,0,0,1.0,0
Pleasure,267.87187339890926,4.868990366972879,441,104.94135354517414,103.49523763689308,1,1,1,1,1,1,1,1,5,1,9.320838749174875,1
Pleasure,172.60044480847037,16.18499678314908,319,85.89637191895171,161.05724133076933,1,1,1,0,1,0,0,0,0,0,7.419459050789045,1
Business,257.01986384134125,4.249056443853652,257,23.362640145157588,66.65180650011754,1,1,1,1,1,1,1,1,0,0,5.4651215563072215,0
Pleasure,61.39711249271435,10.430533315191116,289,90.21723562695472,14.412941205513249,1,1,1,1,1,1,1,1,0,0,6.187626380517764,1
Pleasure,110.79090052949392,18.995380406990495,6,34.21071782435679,204.98837809377142,1,1,1,1,1,1,1,1,2,1,3.0800465402677264,0
Pleasure,495.8568515114835,19.387552796837358,266,53.047761391062906,127.25713959770361,1,1,1,1,1,1,1,1,0,0,1.0,0
Business,101.08187222282247,10.505044340332573,298,23.35622684712252,238.2876925868158,1,1,1,1,1,1,0,1,0,0,2.7458387424822437,0
Business,198.76185681785077,15.54769239626131,160,81.48426852097813,116.15707244062118,1,1,1,1,1,1,0,1,0,0,1.0,0
Business,435.3312587121367,5.549215208368787,52,69.90304074793508,98.85139716640502,1,1,1,0,0,1,1,1,0,0,4.901746246329166,0
Business,361.0550598932213,5.391946620767336,145,118.47698323166397,101.90548045843326,1,1,1,1,1,1,1,1,2,3,6.578183908822043,1
Pleasure,249.52688408564683,8.110029276610788,351,116.00004459941823,177.43644871413278,1,1,1,1,1,1,1,1,1,2,9.331954129129041,1
Business,420.75045800969417,3.7669669868994826,39,116.69660674429022,129.77424571415767,1,1,1,1,1,1,1,1,5,3,8.189717921859868,1
Pleasure,173.2144367447158,15.85609075258616,324,59.39414834699106,66.83171941056584,1,1,1,1,1,1,1,1,4,0,6.0130849877380745,1
Business,433.51449961556096,10.851409779847241,466,77.76994211412718,146.22558548448976,1,1,1,1,1,1,1,1,6,1,4.190055968072322,0
Pleasure,121.89652881708514,2.94316744866705,477,31.196923699715544,79.17299923436967,1,1,1,1,1,1,1,1,1,4,9.021629397579497,1
Pleasure,171.54442653368957,11.633842833673814,222,78.36545327630601,18.969210263922594,1,1,1,1,1,1,1,1,2,0,5.973952445176992,0
Business,205.2452288278737,7.734828914285039,500,35.14322875275032,162.90114208141637,1,1,1,1,1,1,1,1,2,0,3.53988590565585,0
Business,262.6355087343409,14.964415697826531,485,112.91459294144053,220.54603070537766,1,1,1,1,1,1,1,1,3,0,2.534208333913155,0
Pleasure,239.75894819790346,0.9581888459726806,94,40.25870844106071,76.97768483417694,1,1,1,1,1,1,1,1,0,2,7.835586829280424,1
Business,392.6944355861611,11.037999458052221,362,70.94155921665528,124.09557204274748,1,1,1,1,1,1,1,1,4,1,3.6945309080982174,0
Pleasure,232.66853567646828,18.530179118417625,250,112.44586474721949,236.47339320177977,1,1,1,1,1,1,1,1,0,0,8.347499142473433,1
Business,418.8096111569781,7.437312323646625,194,50.9969990884338,8.361623153771717,1,1,1,1,1,1,1,1,3,1,6.048252063871102,1
Business,182.25416729319986,6.330857505533718,84,55.551204994993235,74.04291064476347,1,1,1,1,1,1,1,1,0,0,5.284210578653518,0
Business,211.07021941229226,9.36050008065413,187,111.6476858602568,163.02760278717008,1,1,1,1,1,1,1,1,0,1,3.746784982934393,0
Pleasure,107.80804875443798,11.48629194635493,173,87.82027096482418,27.469499050216726,1,1,1,1,1,1,1,1,5,0,6.488935278099275,1
Business,419.19231792200526,4.3645552317922665,270,30.058865964521132,155.3176006747972,1,1,1,1,0,1,1,1,0,0,6.214123572748235,1
Business,413.4417717440594,1.0199454309338396,280,16.30852174876075,103.71827513523998,1,1,1,1,1,1,1,1,5,3,8.591565941623667,1
Pleasure,391.8576452336785,1.9824507837800742,373,66.55043172370624,41.37843288937261,1,1,1,1,1,1,1,1,0,0,6.520264987559609,1
Business,462.7798177759904,17.216664818850575,192,113.92234211832536,81.81127505138028,1,1,1,1,1,0,0,1,0,0,1.0,0
Business,277.4450930180182,7.472874823202817,5,97.98237088628686,203.52151517112404,1,1,1,1,1,1,1,1,1,1,4.3578385221048475,0
Business,392.90162221220635,14.133896266403802,204,94.55493563147114,207.63179856772547,1,1,1,1,0,0,0,0,0,0,1.0,0
Business,101.2203100118731,1.7225248618328903,215,20.003637056568966,87.34944154379203,1,1,1,1,1,1,0,1,0,0,6.366712051875579,0
Pleasure,183.0908617897051,11.754363070460784,484,79.6751544114787,80.54826722710956,1,1,1,1,1,1,1,1,1,1,8.346819026575927,1
Pleasure,66.7321281870007,3.3923744712022574,325,88.39899068179375,29.40723499003143,1,1,1,1,1,1,0,1,0,0,8.14351351681543,0
Business,148.57717674506353,1.24071297568916,307,94.41764436520945,207.38421031917025,1,1,1,1,1,1,1,1,4,4,9.06557561435082,1
Pleasure,490.40939730635296,15.790074499557017,360,68.66354427075522,160.72651850306065,1,1,1,1,1,1,1,1,0,6,2.537812810387759,0
Pleasure,304.1448411495863,8.007369525028718,391,25.303660860031954,177.8097525895142,1,1,1,1,1,1,1,1,0,1,7.277753164506237,1
Pleasure,488.5552713321739,11.65244369354182,337,87.38904486875921,129.13503102781868,0,1,0,0,0,1,1,1,0,0,1.5849162135727206,0
Pleasure,183.32160061527722,10.629179941842077,117,74.0009235843927,166.2330643347845,1,1,1,1,1,1,1,1,1,2,6.096920726422901,0
Pleasure,466.76946649281484,10.250306536612646,31,16.756548301844983,202.6429622915753,1,1,1,1,1,1,1,1,4,2,1.0,0
Pleasure,154.28445474346697,10.858954294074124,386,54.95510980790976,160.63870968106878,1,1,1,1,1,1,1,1,1,3,8.201015681394853,1
Business,186.8663409854809,5.723313589598227,394,44.5442280810101,158.05922478080302,1,1,1,1,1,1,1,1,0,0,6.135651054249692,0
Business,161.0240815081533,2.8338052298676097,212,23.613212995450297,198.32194423036617,1,1,1,1,1,1,1,1,3,0,6.72914417634218,1
Business,246.5109311010003,11.201452842263784,149,100.76806201226647,226.9897162187071,1,1,1,1,1,1,1,1,0,2,2.161995862117669,0
Pleasure,441.1619590009443,0.35178407493555053,462,95.09530194365368,114.87564103795127,1,1,1,1,1,1,1,1,4,0,6.042574720759282,0
Pleasure,225.7828252428,18.27622724010149,386,23.458661184033918,129.56258351719643,0,0,1,1,0,1,1,1,0,0,5.851194029079436,0
Business,395.5952244036217,18.068099866886833,270,59.13285614538345,39.484011835736325,1,1,1,1,1,1,1,1,1,1,1.0,0
Pleasure,271.2545668225197,18.54724570841786,24,34.02925195690729,180.13004664753143,1,1,1,1,1,1,1,1,2,4,5.0995466937985645,1
Business,349.99536321307613,7.376728860162127,142,97.31578208900399,217.167330430472,1,1,1,1,1,1,1,1,4,0,6.086039177911651,0
Business,346.42315371455805,16.828093854563736,359,31.35818744049178,128.89330900853213,1,1,1,1,1,1,1,1,0,0,1.0,0
Pleasure,188.47012897388984,8.788145017357888,376,118.05539624378189,79.460365193059,1,0,0,1,1,1,1,1,0,0,9.904282167554435,1
Business,406.0556615328583,3.5199305272436177,287,15.550779903658471,167.5528762655406,1,1,1,1,1,1,1,1,7,0,6.558224719496622,1
Pleasure,172.56963869814308,9.664244469224732,107,101.00027254964712,65.01698978217154,1,1,0,1,0,0,1,1,0,0,7.022781850666205,1
Pleasure,143.90949442805896,2.408155968627741,473,69.38879895539272,13.566021922265401,1,1,1,1,1,1,1,1,0,0,10.0,1
Pleasure,164.27704589774532,18.79030737160132,55,63.81026100656535,65.72568615009635,1,0,1,0,0,1,1,1,0,0,4.978812067634499,0
Business,143.32496532882078,14.283004476254062,465,117.60413986293091,82.45695634584085,1,1,1,1,1,1,1,1,3,1,2.213195490304815,0
Business,427.9815948888185,5.517150952516852,234,75.02144183510076,232.9783825225947,1,1,1,1,1,1,1,1,0,0,4.6039197022639575,0
Business,462.4121309940675,17.644250356113847,302,95.57909388412637,53.43614862477045,1,1,0,0,0,0,0,1,0,0,1.0,0
Pleasure,298.41712779387353,1.3548465344157545,394,24.482401833985005,183.0535124186687,1,1,1,1,1,1,1,1,2,6,8.304968499868911,1
Pleasure,460.53014673003867,2.294924602865278,172,32.95885699484467,236.69621323770443,1,1,1,1,1,1,1,1,2,3,2.4539900027852117,0
Business,277.5994382655025,17.234321017057965,241,57.60836642490091,208.77374081048438,1,1,1,0,1,1,0,0,0,0,1.0,0
Business,259.3465271917085,15.185258893226486,145,45.88862712834186,108.84660548200524,1,1,1,1,1,1,1,1,5,1,1.0126737453089398,0
Business,398.5585164282409,10.520697688770198,474,112.26628078178061,9.840766171461095,1,1,1,1,1,1,1,1,4,2,4.9208670006942015,0
Business,212.81351839922812,4.9940777112509505,483,54.00782094994974,159.88423287673865,1,1,1,1,1,1,1,1,5,1,6.531363678403467,1
Pleasure,142.3470564319411,5.31791154328751,217,65.29751464268216,24.009551358270013,1,1,1,1,1,1,1,1,2,5,8.672142640149769,1
Pleasure,313.9579114954721,10.741489992180266,30,78.102833750378,129.39154862080508,1,1,1,1,1,1,1,1,1,1,5.880565530431386,0
Business,338.25338033643715,7.039754941056402,144,68.31416426236002,20.08818798904553,1,1,1,1,1,1,1,1,2,1,5.92165645583543,1
Business,463.30095427303047,15.464945882535122,435,17.843336059514563,23.89299082893692,1,1,1,1,1,1,1,1,5,2,1.1143681498808995,0
Business,379.82692594221766,11.6206951826392,247,95.84857997226237,166.89614967665568,1,0,1,1,1,1,0,1,0,0,1.4637884033582287,0
Business,478.4086456582894,19.332395882589392,396,73.11789562281979,200.6577743564739,1,1,1,1,1,1,1,1,0,0,1.0,0
Business,95.92514170508238,1.5585091642344562,23,45.7074970851277,162.43634380739823,1,1,1,1,1,1,1,1,4,3,9.117177278755138,1
Business,476.4489146104769,0.029509228196031856,228,37.26103441673398,117.52350287352519,1,1,1,1,1,1,1,1,2,0,7.517580723103009,0
Pleasure,341.7652380476465,13.569698957848868,56,70.8133967536155,195.97773114291644,1,1,1,1,1,1,1,1,0,4,3.422696654541058,0
Pleasure,211.45797188301376,4.060929928691232,91,47.88705235884133,14.627310968050985,1,1,1,1,1,1,1,1,2,4,7.606756908321467,1
Business,308.51342283057096,6.848011034588022,120,66.5658363851552,130.17677960171,1,1,1,1,1,1,1,1,0,0,4.731271539255223,0
Business,477.69004782897,4.468250918950729,71,22.13356168005625,196.14242414461495,1,1,1,1,1,1,1,1,8,0,7.223570542973805,1
Business,231.84267906417034,10.564879585044899,356,88.47059450831618,169.48160006586002,1,1,1,1,1,1,1,1,4,2,3.5268402155496226,0
Business,198.67253288554986,18.01703701810213,167,51.44042799797155,159.64487140303564,1,0,1,1,1,0,0,1,0,0,1.0,0
Pleasure,110.26014408472848,13.065483555913225,473,64.1574536466581,195.003751233391,1,1,1,1,1,1,1,1,0,2,8.637215631260869,0
Business,211.43626495566255,5.826512867591889,61,93.6977680039037,156.02761773837642,1,1,1,1,1,1,1,1,6,2,7.7908000116467075,0
Business,434.5837546107516,7.100675598732041,30,52.53428227263356,69.91025365084117,1,1,1,1,1,1,1,1,7,1,6.527239745241218,1
Pleasure,270.7306265888461,7.160209270129137,211,15.156624924886176,98.93184849634163,1,1,1,1,1,1,1,1,4,2,6.203945008309254,0
Business,324.42570095225454,18.576556944682984,95,108.82498772611032,170.24100178005077,1,1,1,1,0,0,0,0,0,0,1.0,0
Pleasure,431.9043244885165,19.067588838508293,233,115.42576808188043,181.1021424338289,1,1,1,1,1,1,1,1,3,3,3.2900041812600884,1
Business,118.16623331504395,12.243730546066145,317,56.40102451570374,176.41574149860443,1,1,1,1,1,1,1,1,4,2,3.1594644008229147,0
Business,313.0480124918643,11.877753208992015,329,89.62052137212359,75.97810939802477,1,1,1,1,1,1,1,1,2,0,2.765090067100891,0
Business,485.5732562512578,6.818307110208417,208,98.94114954048645,81.017438440841,1,1,1,1,1,1,1,1,5,1,6.223179587976903,0
Business,100.00049835045317,15.276753428719257,297,116.46652302077425,161.10913604503781,1,1,1,1,1,1,1,1,0,0,1.0,0
Pleasure,382.26581020654004,9.893502978586211,384,119.10471556965028,196.167702106499,1,1,1,1,1,1,1,1,3,4,7.369387527520271,1
Business,373.75844030343166,15.636898290458262,467,45.12414420534374,68.12988294227303,1,1,1,1,1,1,1,1,5,1,1.0905802108996028,0
Pleasure,355.1981033399334,13.883988383896702,17,70.81166045652003,168.81971054039798,1,0,1,1,1,0,0,1,0,0,4.116992962502515,1
Pleasure,265.66018069002484,6.313284815074658,130,18.47088820828229,89.61145499743459,1,1,1,1,1,1,1,1,2,1,7.28598494023923,1
Pleasure,338.53998280040094,12.469396043940968,453,65.49049081496052,57.253908223956024,0,1,1,1,0,1,0,0,0,0,6.799709891707422,0
Pleasure,245.27059798639112,6.544583670547393,360,57.57247161680241,158.35721942796516,1,1,1,1,1,1,1,1,0,2,9.343953679905946,1
Business,171.0552909309207,5.81062370231302,134,66.91058817763644,175.6285138154409,1,1,1,1,1,1,1,1,1,0,5.907265349586819,0
Pleasure,406.5835854006831,14.148459692227238,344,31.98219611514194,121.19727185660078,1,1,1,1,1,1,1,1,2,2,4.684610783941017,0
Business,286.8785915549306,10.314094563330228,228,119.40311032354144,21.778518875430937,1,1,1,1,1,1,1,1,2,0,4.111907556231249,0
Business,143.84742843891166,13.193158875619094,262,60.54116142339446,167.72695803419427,1,1,1,1,1,1,1,1,2,0,1.8624742369952434,0
Business,337.3105003565853,10.678119350251176,95,44.77337534899543,236.9028761163696,1,1,1,1,1,1,1,1,2,0,2.744099606642734,0
Business,242.9049038438594,16.577110506632668,336,62.37318597963488,182.83511185634492,1,1,1,1,1,1,1,1,0,0,1.0,0
Business,87.75121541923978,14.531011517968334,227,69.39989795796306,229.27504458727583,0,1,1,1,0,0,0,0,0,0,1.0,0
Pleasure,283.7127285080558,5.698832565279421,478,107.30251571394238,141.05082603580723,1,1,1,1,0,1,1,1,0,0,8.581826790222516,1
Business,333.25053429308866,14.565153907599015,352,103.68835500196239,208.2604894162592,1,1,1,1,1,1,0,1,0,0,1.0,0
Pleasure,297.7448981052722,0.7402193626927533,209,76.16690006611213,59.99524547076139,1,1,1,1,1,1,1,1,4,3,8.358738997082831,1
Pleasure,217.08418636643614,18.687027434006065,353,21.241739499833034,92.45015382687966,1,1,1,1,1,1,1,1,5,2,7.3193975854169695,1
Business,450.1588296163928,15.380166873988323,43,85.48587979984049,136.95639179691432,1,1,1,1,1,1,1,1,0,0,1.0,0
Pleasure,195.78442334699653,14.997497181101489,385,98.28548402832106,100.9911480739566,1,1,1,1,1,1,1,1,2,4,9.321469717800172,1
Pleasure,287.3315630696276,16.402359666854597,44,63.653875234049536,6.436244949504349,1,1,1,0,1,1,0,1,0,0,4.506625086370648,0
Pleasure,104.68545821912609,5.763534914255668,360,95.30033260696514,50.23052674736867,0,1,1,0,0,1,1,1,0,0,8.911157839912159,1
Pleasure,361.44069849592336,7.329468678848777,223,58.942241978533744,204.97638917905593,1,1,1,1,1,1,1,1,2,4,4.797340698059753,0
Pleasure,150.27268520513172,5.350858937536382,435,34.491392046981275,143.4709604883393,1,1,1,1,1,1,1,1,1,0,7.306367501548469,1
Pleasure,415.23267979155617,2.3546402490907847,397,44.0788361517538,218.931207211732,1,1,1,1,1,1,1,1,4,0,4.85738557171014,0
Pleasure,164.9473266050257,6.784378291353946,229,78.03099405415381,91.36480235474599,1,0,0,1,1,0,0,1,0,0,6.834711378381505,1
Business,287.60453765300605,5.701698775736794,62,83.89305931125297,56.11755156922309,1,1,1,1,1,1,1,1,0,0,6.203098065100682,1
Business,459.77454680324354,15.07052344924965,40,111.90747372487718,131.09594909634666,1,1,1,1,1,1,1,1,3,2,1.4837836152778074,0
Pleasure,475.5670491615221,19.83797092571294,426,24.946983748390146,180.20051382003516,1,1,1,1,1,1,1,1,2,3,1.0,0
Pleasure,248.06230688839446,8.6679136316578,428,29.778855009631258,93.68183323569878,1,1,1,1,1,1,1,1,5,3,7.850821701435599,1
Business,256.8937636648365,0.07186193640278171,36,39.89411417641958,167.4624096862164,1,1,1,1,1,1,1,1,0,0,6.779359052468962,0
Business,172.99314435340168,1.4055144958711852,45,83.91803018436448,122.79451025753244,1,0,1,0,0,1,1,1,0,0,8.528857741432738,1
Pleasure,127.02219779099157,9.46547018365872,160,61.17314340216957,46.712024247209605,1,1,1,1,1,1,1,1,0,0,6.130594276527952,0
Business,215.19489430699096,19.315185938250483,434,54.52625847892122,126.08540300113931,1,1,1,1,1,1,0,1,0,0,1.0,0
Business,245.857838873367,13.388617513164052,247,113.5181661460372,76.02272596536093,1,1,1,1,1,1,0,1,0,0,2.6757137188017506,0
Pleasure,140.29507710052627,9.41487577867428,93,22.221882349209864,157.3991373570492,0,1,1,0,1,1,1,1,0,0,5.90948312910358,0
Pleasure,275.761732274153,3.6663021088526193,352,27.186275961929333,108.3188590921046,1,1,1,1,1,1,1,1,2,2,6.728133508968476,0
Pleasure,437.1355628432611,16.450510161940247,389,35.38598387682989,118.68158680827435,1,0,1,0,1,1,1,0,0,0,2.6022498349543417,0
Business,300.7577174451676,9.344346828831792,322,103.96476575170054,5.312363743202637,1,1,1,1,1,1,1,1,1,0,4.263346443244805,0
Business,241.92861233642887,3.558415561517856,29,70.13735995942268,238.1551004094462,1,1,1,1,1,1,1,1,4,2,8.048363698495491,1
Pleasure,144.51341553032915,13.858659615991545,434,55.624217326461746,171.4325528997745,1,1,1,1,1,1,1,1,0,0,7.433176216556636,1
Business,248.25192589134812,9.240495239580714,239,57.056785877447815,116.2439451382377,1,1,1,1,1,1,1,1,3,0,4.297567518101652,0
Business,119.94476107924761,17.347886452592427,392,30.281063856173322,129.87171945024213,1,1,1,1,1,1,1,1,2,0,1.0,0
Business,444.03145778954564,17.518884880001956,395,36.41669563722335,207.17916114753356,1,0,0,0,1,0,0,1,0,0,1.0,0
Pleasure,146.66489200600552,17.873758148171706,167,36.828680515661915,57.418909090903085,1,0,1,0,0,1,0,0,0,0,3.4326828685611783,0
Business,160.0419070711187,3.04307469529858,299,111.75893258697963,29.90789879400526,1,1,1,1,1,1,1,1,2,0,7.647506442083953,1
Pleasure,474.5937594939331,12.741297894229845,128,24.502909859681694,135.22434550807534,1,1,0,1,1,1,1,0,0,0,1.0,0
Business,483.6029655174683,5.6216750012641175,361,45.510459122192636,14.780572840372553,1,1,1,1,1,1,1,1,2,0,5.979596811811002,0
Business,294.1834373811257,19.579325385480782,450,74.43498583495503,186.3334878978723,0,1,1,0,1,1,0,1,0,0,1.0,0
Business,159.38782705576645,5.539544015707341,336,21.761343340892868,125.29698899692733,1,1,1,1,1,1,1,1,2,1,7.072070007845591,1
Business,294.39797122460755,0.8454400014786234,156,94.0246348638917,61.812645563880444,1,1,1,1,1,1,1,1,7,2,9.329215548256457,1
Business,76.35593523679182,17.497543825041348,440,72.13765645590983,158.9870238751953,1,1,1,1,1,1,1,1,2,1,1.0,0
Pleasure,306.21405515035934,18.16185391717122,171,93.96670073440598,130.9609983691379,1,1,1,0,1,1,1,1,0,0,6.405323871015979,1
Pleasure,373.1442087551502,14.032636715453714,477,89.92759957020478,102.09311312280421,1,0,0,1,0,1,1,1,0,0,4.85511833064255,0
Pleasure,301.5071987091938,14.304373980684613,295,50.106024067149825,69.60178137578774,1,0,1,0,0,0,1,0,0,0,6.73700294429768,1
Business,452.0507743204946,4.348433980317767,279,69.55544472721573,200.14053788554355,1,1,1,1,1,1,1,1,3,0,6.018779298714229,1
Business,357.47567810132773,6.20835050121376,26,29.224774638880074,114.07221410318894,1,1,1,1,1,1,1,1,5,0,5.501933151639525,0
Business,416.45339600714647,8.456561810658487,257,50.50390937243952,59.411384801742976,1,1,1,1,1,1,0,1,0,0,2.9275356345291645,0
Pleasure,281.1419075148851,15.9995380260974,163,37.78868124328423,104.51960211813727,1,1,1,1,1,1,1,1,3,3,6.028547634236152,0
Business,432.45257151054295,19.29997358981006,68,74.32875569942415,29.54882039175475,1,0,1,1,0,0,1,1,0,0,1.0,0
Pleasure,408.71671445199445,5.36259586567418,421,54.64655515629779,130.7672717139356,1,1,1,1,1,1,1,1,3,2,6.6514381976873596,1
Pleasure,138.2463330739404,6.193919776550388,67,78.44834680119043,135.50932393124097,1,1,1,1,1,1,1,1,2,4,6.446110637676615,0
Pleasure,141.04171815417217,19.004452482411505,488,42.18494852496273,15.807203201525967,1,1,0,1,1,1,0,1,0,0,8.066569533257384,1
Pleasure,358.5609263210822,13.486935764897323,266,70.67089722197632,99.3523496436939,1,1,1,1,1,1,1,0,0,0,4.27821583153405,0
Pleasure,433.4382936351883,1.046601606070492,318,20.445399941764183,25.33544977248328,1,1,1,1,1,1,1,1,4,4,5.18785216082672,0
Business,242.65855440916732,13.548838472187592,130,64.41041263911892,193.87461247380475,1,1,1,0,0,1,0,0,0,0,1.0,0
Business,381.44318885501525,19.275437493574113,252,38.09538985184825,92.54552618824655,1,1,1,1,1,1,1,1,2,0,1.0,0
Business,399.40273735356186,13.098081900095195,319,52.32733182167778,93.2018829891301,1,1,1,1,1,1,1,1,0,0,2.0072985108506733,0
Pleasure,144.4265117028749,5.302631398583557,355,94.66526565103405,8.526577184832469,1,1,1,1,1,1,1,1,1,3,9.96828311977989,1
Pleasure,418.124756785538,8.089226830329736,381,100.11601528417546,197.4356320474869,1,1,1,1,1,1,1,1,4,4,5.252975011194961,0
Business,144.8826997707934,6.821740796737002,14,21.77438272926994,23.31266192368357,1,1,1,1,1,1,1,1,1,1,4.7049380298520305,0
Pleasure,438.47504581332606,2.144207523398869,146,46.0793189937076,229.24766554390405,1,1,1,1,1,1,1,1,1,4,3.320288259353005,1
Business,316.67166097247843,0.8375053985506042,489,84.4392227821692,226.05169247614995,1,1,1,1,1,1,1,1,0,0,7.801677689045054,0
Business,139.98826460154913,6.13425418016154,431,77.67069725916659,226.95226195202952,1,1,1,1,1,1,1,1,0,0,5.5077990815314655,0
Pleasure,151.90555977201157,4.852800380161795,209,61.1122164840929,187.3360600593313,1,1,1,1,1,1,1,1,2,3,7.637885050916994,1
Pleasure,245.56595283736715,14.57335507335297,49,44.12125371570278,34.702001763034204,0,0,0,1,0,1,1,1,0,0,6.767502181374944,1
Business,329.56141662894584,6.4391242251479515,413,104.43667746554573,119.63332693699505,1,1,1,1,1,1,1,1,4,1,6.045438810243376,0
Business,433.053782191874,8.977815275734036,214,114.13202829993998,134.66923705275747,1,1,1,0,0,1,0,0,0,0,1.9872609242723303,0
Business,246.66453110402773,14.31080790137994,139,23.719083165059114,55.96243554598972,1,1,0,1,0,0,0,0,0,0,1.1331095530247803,0
Pleasure,256.8066115444776,18.07967996129952,370,22.581324178063362,78.20363371029079,1,1,1,1,1,1,1,1,0,0,6.385870283652238,0
Pleasure,176.07445840544432,19.724796001884513,31,25.95395924891708,133.97027229538276,1,1,1,1,1,1,1,1,1,5,3.5155135848048245,0
Pleasure,365.96355455745385,2.749185616792531,440,50.94725597586329,199.3409070399603,1,1,1,1,1,1,1,1,2,2,7.65875052897638,1
Pleasure,142.71826744983218,0.7543790198297562,149,45.4832813196778,151.58949876273587,1,1,1,1,1,1,1,1,0,1,8.200498461936586,1
Business,349.56196438503906,3.912402650347393,12,20.35934374859707,194.7208016287136,1,1,1,1,1,1,1,1,5,1,7.1471640395805025,1
Pleasure,318.10900901005095,15.759074497125843,118,107.06894312492715,118.52979359309987,1,1,0,1,0,0,1,0,0,0,4.417646881342071,0
Pleasure,396.59411143607235,19.802854398648012,435,93.90533960612225,234.8730927120158,1,1,1,1,1,1,1,1,2,1,4.5606877464578455,0
Business,111.8102413615518,19.782191190649186,478,106.6098206065068,134.38696216710628,1,1,1,1,1,1,1,1,6,1,1.0,0
Pleasure,467.36656953857903,0.9912881830447695,59,37.511433650486175,84.99995324883955,1,1,1,1,1,1,1,1,2,4,1.6860383419128908,0
Business,387.7739150199714,4.738961537870194,350,36.23716144218587,10.9663535072527,1,1,1,1,1,1,1,1,0,0,6.366467207119751,1
Business,124.60303740117705,14.43634080234794,317,34.309266547991434,201.28296744082127,1,1,1,1,1,1,1,1,0,0,1.028602358367849,0
Pleasure,460.37533114105594,17.410814759487657,401,31.13959683909153,234.3231492629565,1,1,1,1,1,1,1,1,2,3,1.1751142285335079,0
Business,372.74589460092085,1.9096132767130625,418,103.0487414304426,191.46448243331704,1,1,1,1,1,1,1,1,5,3,8.51684718342853,0
Pleasure,131.58326589678066,7.691273132222722,246,89.92863869374733,75.06010526082653,1,1,1,1,1,1,1,1,3,5,8.375143028578432,1
Pleasure,89.72490654573609,0.7514439478254209,473,49.519605749277055,120.0190187425529,1,1,1,1,1,1,1,1,1,5,9.848699132976346,1
Business,84.28331079493793,11.777960403683728,19,90.16269642083263,112.96149815315754,1,1,1,1,1,1,1,1,0,0,3.704931362316196,0
Pleasure,108.70861903672741,4.323801016540665,144,40.85834230960566,126.82683301270795,1,1,1,1,1,1,1,1,0,0,5.995491633108953,1
Pleasure,494.69311621271953,16.620496997647102,108,26.479976501310748,20.87271051386134,1,1,1,1,1,1,0,0,0,0,1.0,0
Pleasure,191.86385930341783,4.158412945072271,44,60.73666043658633,234.56996435058534,1,1,1,1,1,1,1,1,2,3,6.991074597206734,1
Business,286.0505337550913,1.282963694304311,239,110.41214035376704,199.28782122073517,1,1,1,1,0,0,0,1,0,0,6.674796202220801,1
Pleasure,368.8452862697858,7.450642049195466,485,89.78375244265551,8.607356372382784,1,1,1,1,0,0,1,1,0,0,6.797894628020429,1
Business,228.60892222202992,14.518379265500185,122,36.50525488117741,16.922420346109124,1,1,1,1,1,1,1,1,5,2,2.6122198633328844,0
Business,322.75686023111274,19.658206378218036,83,22.003644224780448,77.44979143037541,1,1,1,1,1,1,1,1,0,0,1.0,0
Business,180.15084049338412,13.593937610891448,223,70.47732964740057,161.599205728674,1,1,1,1,1,1,1,1,0,0,1.8404412309604137,0
Pleasure,303.5849156257622,15.503005444225046,71,30.896015170865557,58.36506460514246,1,1,1,1,1,1,1,1,0,0,4.719625764060474,0
Business,341.99543520382866,11.533568450189316,80,115.14414707733074,161.3218694396399,1,1,1,1,1,1,1,1,6,1,4.175632118463879,1
Pleasure,484.06567079688926,1.4676673123956174,449,108.74635757956382,16.841969947335908,1,1,1,1,1,1,1,1,0,0,3.5220988166293026,0
Pleasure,148.17597643087015,9.180473477839616,324,41.02471028279193,235.4821478557386,1,1,1,1,1,1,1,1,2,1,6.717641085020368,0
Business,348.1541159435304,0.5200667318650365,167,16.590925133262616,85.76596664301903,1,1,1,1,0,0,0,1,0,0,5.781485510436754,1
Business,101.27739899854402,14.90455675572089,263,47.06369436837437,33.68654033083412,1,1,1,1,1,1,1,1,2,1,2.2228934399705893,0
Pleasure,303.21395815958107,11.570043428415978,498,89.49778129668881,31.041876085853175,1,1,1,1,1,1,1,1,1,1,9.663496917947747,1
Business,414.1464015270539,5.266743889178624,90,36.910849211028555,224.94085058134542,1,1,1,1,1,1,1,1,4,4,6.682427829845793,1
Pleasure,328.46318408137654,17.72853050740839,350,73.72048163983919,193.94502913180548,1,1,1,1,1,1,1,1,0,0,6.840352784323167,1
Pleasure,184.84720426696813,16.6973576375602,327,33.33150980808636,29.736854851606214,1,1,1,1,1,1,1,1,3,2,8.80238038851541,0
Pleasure,406.19805081970037,9.043155615623453,27,88.83768239651566,46.26444143004664,1,1,1,1,1,1,1,1,4,3,4.746953018130655,1
Pleasure,496.72598279851906,12.705715642924497,14,90.83221195822557,213.6470611760053,1,1,1,1,1,1,1,1,3,0,1.0,0
Pleasure,420.1449623880838,0.9153860664067426,483,111.2037601595734,19.76780291010988,1,0,1,1,1,1,1,1,0,0,6.6754823763498,1
Pleasure,490.49182058887976,3.4707066589948243,419,108.58830601517464,128.55743131210914,1,1,1,1,1,1,1,1,0,1,3.1248241778634203,0
Pleasure,335.5844717853641,19.745152256360875,162,100.88498498840858,36.09697495345167,1,1,1,1,0,1,0,1,0,0,5.7561482349819055,1
Pleasure,269.1977125506834,6.437215715587115,227,110.77673979561408,94.6229737759662,1,1,1,1,1,1,0,1,0,0,8.288396416432539,0
Business,161.05540208322753,13.73278877673203,123,20.4741670349779,14.428238966450955,1,1,1,1,1,1,1,1,2,2,2.2741651936614327,0
Business,243.55884054981246,14.949280896556076,60,20.944223499905362,174.1818554583665,1,0,1,1,1,0,0,0,0,0,1.0,0
Pleasure,68.91821874572895,19.83754119064562,424,40.46012938776312,22.437848393798674,1,0,0,1,0,0,0,1,0,0,6.309145101946937,0
Business,162.82373130414052,13.942239668687076,155,97.90481932561302,87.49927551989613,1,1,1,1,1,1,1,1,0,0,2.1563665810814308,0
Pleasure,444.6991433015976,15.40108417462326,405,79.5730362607012,183.3743901456724,1,1,1,1,1,1,1,1,1,2,4.041204312481302,0
Pleasure,314.6630587808258,4.4301863640191925,474,78.4104492649916,136.08093517823838,1,1,1,1,1,1,1,1,1,0,8.31331948478716,1
Business,333.9742072260868,7.6194627803981,435,80.53922252936644,104.58381826261282,1,1,1,0,1,0,0,1,0,0,3.2314030254648336,0
Pleasure,246.67988529904383,18.77837332781401,332,68.61950251798861,211.0704541563001,1,1,1,1,1,1,1,1,0,0,6.775479521889025,1
Business,406.2542374835757,14.189266661739328,197,80.48109505531625,108.32324229860545,1,1,1,1,1,1,1,1,2,1,2.987445308758181,0
Business,269.82408448322445,2.841546666199677,75,33.69367629219801,123.01924081894005,1,1,1,1,1,1,1,1,2,1,6.010145870260914,1
Business,172.3850232341989,17.065430130852832,373,118.82082333652885,65.07914403020719,1,1,1,1,1,1,0,1,0,0,1.0,0
Pleasure,369.1558116123366,5.7054508595467945,425,84.07855734402972,36.15460479073007,1,1,1,1,0,0,0,1,0,0,7.873859868210265,0
Business,233.84491674029871,3.969862893863161,215,24.622707430251868,139.19086108894288,1,1,1,1,1,1,1,1,4,1,6.971317218388048,1
Business,224.5526231867833,3.8057031463539714,200,72.88031999008552,189.27649230317778,1,1,1,1,1,1,1,1,0,0,6.446506912902001,0
Pleasure,201.19818665584688,9.824854442557513,411,111.9905981247851,162.18468626801527,1,1,1,1,1,1,1,1,4,3,10.0,1
Pleasure,233.90624787504962,13.154968797417457,221,115.87797818464716,126.29028164151106,1,1,1,1,1,1,1,1,0,4,8.065224606263344,1
Pleasure,137.50755009942674,6.930807818777334,65,67.9508120647236,18.920839397362865,1,1,1,1,1,1,1,1,2,4,6.213629720867847,0
Pleasure,298.6678088786228,16.858081501287728,218,57.609785120035255,8.126765115661406,1,1,1,1,1,1,1,1,1,4,5.630695651112894,1
Business,275.18809252606667,11.356314519005224,375,64.28007356511755,177.174822551682,1,1,1,1,1,1,0,1,0,0,2.8300173232966843,0
Pleasure,264.5640917168187,4.101446997960167,145,67.3072290493548,217.2019810717003,1,1,1,1,1,1,1,1,6,2,7.91421498835657,0
Business,464.01244776054244,4.824579049855425,228,77.80939319944554,219.3412237621819,1,1,1,1,1,1,0,1,0,0,5.78801215960359,1
Business,151.63948537532002,17.345795298674393,203,91.60445297583105,202.6587170610535,1,1,1,1,1,1,1,1,3,2,1.0,0
Pleasure,387.6140255876912,1.8892726979601981,398,101.01132522284445,219.19411936943004,1,1,1,1,1,1,1,1,2,6,7.4181939987540595,0
Business,60.29139678443003,15.742562396728783,298,56.02481863867534,158.5952093091501,1,1,1,1,1,1,1,1,2,1,1.154150654679611,0
Business,275.2278481502987,17.8832900113943,13,36.1908980244929,177.71793031388762,1,1,0,0,0,0,0,1,0,0,1.0,0
Business,157.20789531795384,15.990657808748644,190,100.90427019610728,10.633736130955748,1,1,1,1,1,1,1,1,6,1,2.9168008041325537,0
Business,318.9005902081699,8.917174885375198,94,42.198627006236855,161.61223266521955,1,1,1,1,1,1,1,1,3,1,4.054163209354063,0
Business,99.3399886163299,4.873114338317377,333,19.176471142410456,238.57206206981,1,1,1,1,1,1,1,1,8,0,7.685313768023207,1
Pleasure,220.14501029809466,3.7246008570486167,453,77.45124008714868,21.895708749281447,1,1,1,1,1,1,1,1,2,3,10.0,1
Business,369.34039568534536,17.43601858316887,155,96.98658800624582,73.57604021134003,1,1,1,1,1,1,0,1,0,0,1.0,0
Pleasure,353.5438361664242,12.615553396794411,456,105.952693170156,216.41784363240208,1,1,1,1,1,1,1,1,0,0,6.8276135490562275,1
Business,324.8580778973621,1.0457274326446697,227,72.781186299653,81.57272023088201,1,1,1,1,1,1,1,1,5,3,9.412042404430306,1
Business,285.98332305241627,12.383015199075524,484,98.35974856429708,106.23948404760993,1,1,1,1,0,0,0,1,0,0,1.0,0
Pleasure,117.38018383764222,6.496877139522654,223,106.97458326676215,160.7529121202282,1,1,1,1,1,1,1,1,4,1,6.882889944285845,1
Pleasure,270.65721771702835,10.25943254564127,424,71.35817166735518,110.24270246012429,1,1,1,1,1,1,1,1,2,2,8.786982519608848,1
Pleasure,212.2592494177626,13.091294656689582,170,34.039937146264805,195.40483494210267,1,1,1,1,1,1,1,1,3,5,7.534017213068811,1
Business,302.9536733952116,10.507365987664425,52,107.36061053502425,103.59545860471718,1,1,1,1,1,1,1,1,2,2,4.286729123790826,0
Business,456.78421622727984,4.324150166175544,52,64.43373715934085,55.81929778633167,1,1,1,0,0,1,0,1,0,0,4.80795538836667,0
Business,306.25142444388723,19.21437139861206,102,62.0074805630658,8.220203698480162,1,1,1,1,1,1,1,1,2,2,1.0,0
Pleasure,459.1172799913473,16.20319035220604,479,35.788067830403115,64.5546563371757,1,1,1,1,1,1,1,1,5,2,3.696427723783973,0
Pleasure,138.45259547011628,3.3895252009477606,208,77.92802740453479,209.5657456870515,1,1,1,1,1,1,1,1,6,3,7.93712597786771,1
Business,144.38461672637743,5.233960442648764,189,94.48556075935042,11.826874091065411,1,1,1,1,1,1,1,1,0,1,4.668433649633491,0
Pleasure,492.7447193236655,15.067055397916992,346,26.45383242715874,190.8350204521777,1,1,1,1,1,1,1,1,2,0,1.0,0
Pleasure,391.977259581296,9.64589206884379,192,34.667225555537726,62.661965383813715,1,0,1,1,0,1,1,1,0,0,1.8322601494231887,0
Business,321.2731455768874,9.921469466921593,403,22.807665135943456,30.386524036089515,1,1,1,1,1,1,1,1,3,0,4.838015305257814,1
Business,228.6672065463723,0.4449400762992739,438,91.89084668920151,164.4885809946547,1,1,1,1,0,0,0,1,0,0,6.910902657477717,0
Business,444.3316387456327,10.190758458349071,8,93.80514248465579,50.158407888548716,1,1,1,1,1,1,1,1,5,2,5.422674686668947,1
Pleasure,256.72099106851124,17.23804421316721,296,109.709250284304,80.08080428897995,1,1,0,0,1,0,0,1,0,0,7.606116949338398,1
Pleasure,131.79256024778198,4.289195864586153,311,88.04512031776243,196.3097499407651,1,1,1,1,1,1,1,1,2,5,8.55367502222141,1
Pleasure,377.1020469250053,12.704716099096597,312,55.61278453199452,139.72466837860637,1,1,1,1,1,1,1,1,3,4,4.555774745222397,0
Business,364.7719408836938,2.8949141223075703,347,77.87131776509734,155.07645903759806,1,1,1,1,1,1,0,1,0,0,7.343359298014124,1
Pleasure,345.3769245592768,18.627396225585894,8,90.94365276910588,72.88285718090688,1,1,1,1,1,1,1,1,0,0,4.44297793845876,1
Pleasure,433.8490590412463,18.80403096005342,341,102.29895003724565,50.07783522804097,1,1,1,1,0,1,1,0,0,0,2.5051814255115112,0
Business,98.7685874839931,15.331082157556061,169,44.985410493180076,39.57000935220806,1,1,1,0,1,0,1,1,0,0,1.0,0
Business,243.38829486287634,6.206726700641914,196,115.34423685464535,170.90658735719137,1,1,1,1,1,1,1,1,6,2,7.121248333135104,0
Pleasure,427.25397380569075,19.862559342118537,63,86.61832215767946,125.9751023112775,1,1,1,1,1,1,1,1,0,1,2.2901007544917595,0
Pleasure,373.4596392624513,9.89210062821347,236,70.32284705187354,172.35690732341584,1,0,0,1,1,0,1,1,0,0,3.6684709177575203,0
Business,172.27615128744932,16.30602349400718,225,31.0483780224299,22.93601343503071,1,1,1,1,1,1,1,1,2,0,1.0600111840023982,0
Pleasure,270.13161010879696,3.001713124987506,164,70.86333927220691,108.63430909729503,1,1,1,0,1,1,0,1,0,0,7.969623860826147,1
Business,429.0874485321729,4.71291955072285,243,94.92098615580254,109.943886255875,1,1,1,1,1,1,1,1,4,2,7.383147435432065,1
Business,243.8374424557919,4.395402512467648,453,103.05599578544502,11.878849762603288,1,1,1,1,1,1,1,1,4,0,7.329234735932831,0
Business,491.9277532376918,17.781067067104537,114,94.88787681535689,236.7841936026584,1,0,1,0,0,1,0,1,0,0,1.0,0
Pleasure,138.89372261098708,15.769913672234392,249,23.062313913246353,224.4171160182863,0,1,1,1,0,1,0,1,0,0,6.7038485225945585,1
Pleasure,204.89475223066785,14.754515680611714,364,28.120866337221457,76.70047909645656,1,1,1,1,1,1,1,1,1,6,8.504350898932266,0
Business,97.86408618674845,6.850818818106736,417,70.70809219620796,197.2882092892949,1,1,1,1,1,1,1,1,4,0,5.016995125070347,1
Business,390.55710497614547,11.074057030823903,277,111.612996181254,95.87013710273384,1,0,1,0,1,1,0,1,0,0,2.3515701728469156,0
Business,473.3095836697257,11.584390904413057,240,54.132979722839075,205.50752218980847,1,1,1,1,0,1,0,1,0,0,2.4801120343907064,0
Pleasure,190.2083110097727,6.524863070636928,481,82.15625214906586,130.70217501840608,1,1,1,1,1,1,1,1,2,7,9.603877925461841,1
Business,297.1276149805334,19.234706427244515,212,35.025407509807536,122.08607514051103,1,1,1,1,0,0,0,1,0,0,1.0,0
Business,176.36302791252913,7.766877418745031,223,42.9590598448927,67.47517137807388,1,1,1,1,1,1,1,1,1,1,5.788812328586183,0
Business,287.1597504200491,1.7094057941225338,368,19.713465061733846,189.89307651932802,1,1,1,1,1,1,1,1,5,1,7.350228801035486,1
Pleasure,98.28290734532217,18.998081096103636,424,95.10651399920391,46.74843057805458,1,1,1,1,1,1,1,1,0,2,6.848283733542222,1
Business,371.25070919152256,13.361443149863337,450,105.7942196797592,9.715551039912462,1,1,1,1,1,1,1,1,1,0,3.3642589818588635,0
Business,195.09465585402808,5.420324336013691,195,82.83530903140328,15.4844174516556,1,1,1,1,1,1,1,1,4,1,6.751598616558819,1
Pleasure,378.70689355967056,7.570133060491249,166,84.13938873184804,23.657484084744397,1,1,1,1,1,1,1,1,0,1,5.0764725076090755,1
Business,177.83820808827898,1.3349773949062471,261,91.76724889089537,9.197494143129807,1,1,1,1,1,1,1,1,3,1,8.735891745101524,1
Business,397.56097680060134,9.46896655636133,36,27.130361867482442,45.15628717408809,1,1,1,1,1,1,1,1,2,1,2.398057413008445,0
Business,398.6085300758188,1.9565043251855863,369,113.68043045831082,47.06109005956267,1,1,1,1,1,1,1,1,3,2,9.100318285622553,1
Pleasure,316.25095864426095,8.197037414038506,437,113.43410634094516,209.36848987870496,1,0,1,1,0,1,1,1,0,0,7.683629305485198,1
Business,85.15992731835772,14.44894100535609,331,112.0308384795441,141.51515614372013,1,0,1,0,0,1,0,1,0,0,1.511870759363363,0
Pleasure,130.09687245043787,16.41593239071828,299,92.35673822298668,181.7104724128415,0,1,1,1,1,0,0,1,0,0,7.905397555224849,0
Business,475.5565201838343,19.66563809499181,261,41.669680111094166,144.8206878902871,1,1,1,1,1,1,1,1,4,1,1.0,0
Business,498.42163001383403,14.863376982109939,342,32.9528600151832,146.57641971189915,1,1,1,1,1,1,1,1,5,2,2.5378475481056437,0
Pleasure,282.7770254518632,19.550619517010908,157,41.206026268466196,19.95362785235451,1,1,1,1,1,1,1,1,2,1,6.4505795371081245,0
Business,291.44667838326006,16.688229670765345,453,103.0219931315662,53.219084153192895,1,1,1,1,1,1,1,1,1,0,1.0,0
Business,394.2029308599275,6.2621993153398225,210,93.57833275043903,57.881436858132616,1,1,1,1,1,1,1,1,4,4,6.323045110603529,0
Pleasure,489.2095196705166,13.198458896423762,388,88.36932185720575,48.24367985214906,1,1,1,1,1,1,1,1,0,1,1.4891565460968776,0
Business,311.7154890632722,10.658408924478524,24,95.06513280641106,199.04227692316525,1,1,1,1,1,1,1,1,4,0,2.7053456311764745,0
Pleasure,70.40075600950075,13.563807559626706,14,36.99588102608652,88.13242934673781,1,1,1,1,1,1,1,1,1,2,4.021035548994639,1
Pleasure,433.27383790129295,0.3274285499609553,265,112.77271006954244,195.44640019539193,1,1,1,1,1,1,1,1,1,1,4.3258900493013535,0
Business,304.2472656192109,17.735255405064883,297,85.0581720286713,9.54022131446062,0,1,1,1,1,0,0,1,0,0,1.0,0
Business,381.27346264957305,2.108168470909857,55,96.24926635635346,152.37399770473715,1,1,1,1,1,1,1,1,1,0,6.630297395856395,0
Pleasure,301.35558930936475,7.7152263636116825,19,91.74769969208255,208.4178249843359,1,1,1,1,1,1,1,1,4,3,5.623194024949358,1
Business,75.48257756065819,8.127242859839308,104,49.93033357675417,133.1477080019269,1,1,1,1,1,1,1,1,4,3,4.925981678544556,0
Pleasure,397.55753379615857,8.39177773801749,208,63.355732867017316,52.78174219477016,1,1,1,1,1,1,1,1,0,0,2.629528206716997,0
Business,256.1579102931983,14.808614386367172,50,82.87453239345446,178.83599358513297,1,1,1,1,1,1,1,1,2,1,1.0,0
Business,175.80376699932876,15.262046128748814,308,54.010028412367525,165.6669004985988,0,0,1,1,1,1,0,1,0,0,1.0,0
Business,190.9061762958644,16.87081401191382,285,104.301005226308,130.21181228252732,1,1,1,1,0,1,0,1,0,0,1.0,0
Pleasure,434.2570796828982,3.257175688776599,499,77.96763655738029,60.55524512286858,1,1,1,0,1,1,1,1,0,0,5.570442222872838,1
Business,438.1270081632243,19.06968325974807,201,93.81319752186607,196.1685615516059,1,1,1,1,1,1,1,1,1,0,1.0,0
Business,345.2896373459435,4.737778372023338,368,52.88107584154071,160.4558152190209,1,1,1,1,1,1,1,1,6,1,7.964610249034124,1
Pleasure,477.3009802477212,18.10324681334923,475,116.40743455356778,125.2555165115511,0,0,0,0,1,1,1,0,0,0,2.6434577509401915,0
Pleasure,346.0088825305716,17.898899066833387,207,110.34904234060438,155.550306534498,1,1,1,1,1,1,1,1,0,0,5.588200550726192,0
Pleasure,475.53583579008614,5.389876056852236,413,77.7384492091186,208.22626561696373,1,1,1,1,1,1,1,1,2,2,2.173933663525004,0
Pleasure,337.05734569269157,5.579208173163304,297,68.18934201694215,54.05078470188464,1,1,1,1,1,1,1,1,0,2,5.765016685008057,0
Business,295.9408573236127,15.154598910610662,81,55.453384980718205,185.96052049770307,1,1,1,1,1,1,1,1,1,0,1.0,0
Pleasure,109.83867140584684,5.941239026144656,329,77.15922617768027,132.9806173428394,1,1,1,1,1,1,1,1,0,0,6.899697424374682,1
Pleasure,148.43698310187756,18.847143579439805,281,91.36945523562684,56.381861098885466,1,1,1,1,1,1,1,1,0,1,8.117120054005712,0
Business,115.45246884356585,3.5058863686707387,125,102.05546451125105,63.52775664341958,1,1,1,1,1,1,1,1,0,0,7.41445248994138,1
Pleasure,82.18155985890112,13.89540511266725,393,110.65956617140847,205.77162717716587,1,1,1,1,1,1,1,1,0,0,6.973796851611472,0
Pleasure,250.92272413021774,15.754629617462836,152,109.28580639775618,26.137670661120723,1,1,1,1,1,1,1,1,2,4,7.573163693364175,0
Pleasure,280.5593897392104,4.588531423365443,301,24.047108443570565,238.14925238231308,1,1,1,1,1,1,1,1,0,0,6.412798384961164,0
Business,269.12789379288154,6.729318685085477,275,15.800363567870217,67.7961446341382,1,1,1,1,1,1,1,1,3,1,4.734030387751549,0
Business,185.82021810959398,13.93180736281223,472,54.642484109946274,158.77024089980503,1,1,1,1,1,0,1,1,0,0,1.1247661144737866,0
Business,478.9325709556381,18.151202658489755,334,112.318436384568,98.70633073892309,1,1,1,1,1,1,1,1,2,0,1.0,0
Pleasure,428.947086401941,18.076025825612493,357,95.47378422887226,98.14372747472872,1,1,1,1,1,1,1,1,2,3,3.7295675114398574,0
Pleasure,268.96591398489994,2.044465635139683,175,97.3278524316626,169.1157952541882,1,1,1,1,1,1,1,1,1,3,7.854108459021447,1
Business,309.4897431408423,5.837566974746959,226,67.34986686497268,9.762426513389343,1,1,1,1,1,1,1,1,4,2,7.145770361377073,1
Business,450.3816906165476,16.090408589708055,332,85.51988214563893,192.14972997312518,1,1,1,1,1,1,0,1,0,0,1.0,0
Pleasure,325.69222995073517,11.155993878974183,473,70.23866502769087,125.02603318811512,1,1,1,1,1,1,1,1,1,5,8.949828573058012,1
Business,403.5634967840499,6.595086429983414,420,53.0619642989733,77.9488525911315,1,1,1,1,1,1,1,1,6,3,8.27764912466894,1
Pleasure,289.4932957247653,19.70883475874252,169,33.718604293981514,114.62259720783449,1,0,1,1,0,1,1,1,0,0,5.174821678548959,0
Pleasure,330.49897621365466,14.16069987724435,106,45.84159563195725,209.5985048152424,1,0,0,0,1,1,1,1,0,0,4.275361502648936,0
Pleasure,399.00878711005396,10.557054048027384,178,65.26030297865297,210.63825632921015,1,1,1,0,0,1,1,0,0,0,3.649363709267447,1
Business,137.7906444253702,6.543258132186267,412,38.3438225914922,104.57210819899092,1,1,1,1,1,1,1,1,3,1,6.507416642201284,1
Business,309.37930649513646,0.2638448329141907,253,21.720562173037397,148.57868634635508,1,1,1,1,0,1,0,1,0,0,7.071977478103005,0
Pleasure,319.7063977334146,7.939527725541302,352,49.72917043683531,58.12448076388075,1,1,1,1,1,1,1,1,5,3,7.918234568325803,1
Business,88.25661717941175,11.665187976053799,40,43.18061176637495,165.88736485232772,1,1,1,1,1,1,1,1,4,4,3.9952592561581506,0
Business,178.97002039848238,7.1573086861772195,438,35.93219379496607,158.68148846208504,1,1,1,1,1,1,0,1,0,0,3.0702823643291017,0
Business,433.3781147750412,1.4593853085967257,36,73.92616932705675,119.48190037335937,1,1,1,1,1,1,1,1,7,1,7.6578895812770025,1
Pleasure,154.28107151533487,4.257119500033079,365,53.92031773041916,216.75962233228964,1,1,1,1,1,1,1,1,3,2,10.0,1
Business,87.09490550232677,14.271875217853369,132,86.82435049398333,60.869702033725524,1,1,1,1,1,1,1,1,4,0,1.5308870053551806,0
Pleasure,228.9202408578789,4.689032954110437,163,71.70689942107194,174.62292493975474,1,1,1,1,1,1,0,1,0,0,8.205676565005454,1
Pleasure,131.1015768225388,13.500605901581093,187,29.27352687903726,189.11874786022906,1,1,1,1,1,1,1,1,5,1,6.338439570540501,0
Business,309.93584579597706,10.890680209153574,140,61.03552522990489,51.40758842419958,1,1,1,1,1,1,1,1,4,0,4.096496019850295,0
Business,480.78837086505615,17.764760257511846,283,97.57624602594043,188.27509235191815,1,1,1,1,1,1,0,1,0,0,1.0,1
Pleasure,107.69012273953209,4.894334592778414,415,48.905264240846556,81.33754795018369,1,1,1,1,1,1,1,1,4,0,8.326934433977916,1
Business,181.5915188975953,1.5288237062973375,66,85.1122579473713,190.81979230623216,1,1,1,1,1,1,1,1,1,2,8.596352984148455,1
Business,436.3459724640161,1.2186717995226304,217,114.4737479068419,109.68401785229752,1,1,1,1,1,1,1,1,1,0,10.0,1
Business,168.02980139299845,9.414875683544581,293,32.00758061587837,31.7809963997812,1,1,1,1,1,0,1,1,0,0,3.1976179996928384,0
Business,73.68737830714005,9.046017089901554,81,20.55215923548269,128.719063862084,1,1,1,1,1,1,1,1,5,0,3.676107211306586,0
Business,349.02577833417035,2.0339338882569957,168,88.68586618879081,154.32569468637226,1,1,1,1,1,1,1,1,5,0,8.448405894610874,1
Pleasure,465.4031347007417,18.27494854335924,371,80.87243431518208,168.22714686624133,1,1,1,1,1,1,1,1,0,1,2.714445697312184,0
Business,313.835354860881,4.245091398035772,465,22.770150303452333,82.32783242867394,1,1,0,1,1,0,0,1,0,0,5.9161353349066355,0
Business,299.39402866888514,8.039290077321553,468,119.57292305177153,174.65633464011307,1,1,1,1,1,1,1,1,5,0,5.282785269677589,0
Business,475.922394825811,6.254405480219695,366,15.824013151590439,111.05519977589726,1,1,0,1,1,1,0,1,0,0,3.753578961359178,0
Business,494.6155466410671,16.716883326050155,467,62.88813327881255,118.756254289666,1,0,1,1,1,0,0,1,0,0,1.0,0
Business,85.11044379822224,17.556362728392486,329,79.4128095098054,142.32427893520753,1,1,1,1,1,1,0,1,0,0,1.0,0
Pleasure,146.630213661631,0.9961207993040433,186,92.72558741134337,79.12617833504211,1,1,1,1,1,1,1,1,3,5,7.578990656214187,1
Pleasure,350.21832314324473,15.983523366080195,77,45.88786499897267,17.12507991615584,1,1,1,1,1,1,1,1,3,2,4.402052584563274,0
Pleasure,387.8509927129044,8.30075012633791,356,117.04779258142392,204.57107131166472,1,1,1,1,1,1,1,1,4,4,7.39302940431699,0
Business,75.38074558801375,16.906847263950606,129,119.88879962181038,57.1618080448233,1,1,1,1,1,1,1,1,5,2,2.621629002400766,0
Business,195.29350570629342,0.7211480528168779,481,37.88636412373083,109.15926352399654,1,1,1,1,1,1,0,1,0,0,7.786602827648481,1
Business,92.6923215058504,19.587246959039295,211,31.06074776943774,27.265670143590405,1,1,1,1,1,1,1,1,6,0,1.0,0
Business,61.25526139692302,4.797000639296584,30,64.88313742662599,223.2402859626042,1,1,1,1,1,1,1,1,6,1,4.705591140106729,0
Business,75.63692542139174,12.105590453636356,455,23.973760595595028,49.02445556764998,1,1,1,1,1,1,0,1,0,0,2.099868923607455,0
Pleasure,455.8535184112051,11.024238056486649,433,42.56771491822756,224.3231839099293,1,1,1,1,1,1,1,1,4,2,2.956667956894256,0
Business,287.5716347757466,9.593964828456967,446,100.18404578805216,177.04839715853817,1,1,1,1,1,0,0,0,0,0,2.739779938044912,0
Pleasure,281.0782706604261,14.02219923039198,381,79.16597323825086,172.7006225618202,1,1,1,1,1,1,1,1,3,4,8.463103920401208,1
Pleasure,375.29103582181864,16.4058314964911,396,110.33048135826249,19.522385041828418,1,0,1,0,1,1,1,1,0,0,5.632866830923673,1
Business,199.79421541649216,10.637669965165939,123,36.78582209794368,187.845746036781,1,1,1,1,1,1,1,1,4,2,2.916276462096948,0
Pleasure,156.36903330615073,17.57925284557055,195,71.91903399700139,54.32064054550928,1,1,1,1,1,1,1,1,2,3,8.246952697003818,1
Business,71.05841393726969,2.4311765594362234,257,103.5126806815633,115.9211582154061,1,1,1,1,1,1,1,1,1,1,8.537110857059016,1
Business,336.31755604217267,9.5519668664213,214,73.51179157028876,92.54673235347362,1,1,1,1,1,1,0,1,0,0,3.675103463865291,0
Business,281.8959013717783,14.785494113990383,439,32.16930219220841,68.19421217148842,1,1,1,1,1,1,1,1,3,0,2.6300619451380807,0
Pleasure,309.9208369614728,19.506825789790486,130,71.79697895580067,157.87122258101175,1,1,1,1,1,1,1,1,1,2,4.993925488673533,0
Business,343.4478640604629,0.035270023446591914,275,114.26204181825368,148.4685403348333,1,1,1,1,1,1,0,1,0,0,8.501738037737693,1
Pleasure,138.88493224022278,16.31277274728801,396,40.810704897196146,222.61810878860945,0,1,1,0,1,0,0,1,0,0,5.407655167086987,0
Pleasure,200.1379807267318,12.955692265576541,147,61.4961501082467,177.67041749691217,1,1,1,1,1,1,1,1,1,0,6.334872227228497,0
Business,389.25415460793835,5.008977785888997,121,20.295133376464555,218.82085809964443,1,1,1,0,1,1,1,1,0,0,4.859448946186855,0
Business,125.15344290540476,13.94236009436835,492,88.47416352461025,23.72508105096302,0,1,0,0,1,0,0,1,0,0,1.4582734507930637,0
Business,308.0616179431556,13.912582611174187,102,100.76932140354056,141.43901023587048,1,1,1,1,1,1,1,1,4,1,1.6961125697751425,0
Pleasure,60.69339848560377,5.841270898177518,69,117.32286571281544,19.733203814971247,1,1,1,1,1,1,1,1,6,2,5.872410506388897,0
Pleasure,306.10172244861445,14.602016757907588,476,23.375823333833875,62.63361852646958,1,1,1,1,0,1,1,1,0,0,6.578725046205285,0
Pleasure,120.98323660833454,14.443741061561045,450,71.07055018188478,206.70119849396693,1,0,1,1,1,1,1,1,0,0,7.308654068092011,0
Pleasure,122.48296310911262,0.3005469900007185,457,51.72595262591711,127.35765973910486,1,1,1,1,1,1,1,1,2,5,10.0,1
Pleasure,207.61995540516725,11.590421896569012,244,39.4709538809889,136.12831486696544,1,1,1,1,1,1,1,1,3,5,7.244606684151784,1
Business,347.13940786377094,14.786340001598578,282,101.16871482507239,84.90234789165261,1,1,1,1,1,1,0,1,0,0,1.0695750721140593,0
Pleasure,120.53447276399942,2.3999166036772945,389,40.70665542068809,102.05546055530726,1,1,1,1,1,1,1,1,2,0,8.95302808509537,1
Business,210.92958266000144,6.43814274292525,286,32.51695315546884,193.28006045512552,1,1,1,1,1,1,1,1,2,0,5.177372702907653,0
Pleasure,215.06083116359602,16.510672317874928,83,64.83439830228212,67.0475311472168,0,0,1,1,1,0,1,1,0,0,6.4332593243847,1
Pleasure,261.2571003277994,9.326094946455814,232,93.94544716763036,72.60821250189184,1,1,1,1,1,1,1,1,3,3,7.24898830061789,1
Business,136.70033670602447,18.992872881056076,426,21.391692789991616,128.86842204912915,1,1,1,1,1,1,1,1,4,0,1.0,0
Business,159.85603926062078,18.660000765719417,91,65.80429143682453,203.03310155497667,0,1,1,1,0,0,0,1,0,0,1.0,0
Pleasure,171.33984272256265,10.911803675183071,40,86.31539741642706,212.60185486202252,1,1,1,1,1,1,1,1,2,0,7.4679089621770505,1
Business,334.386805347298,13.52253324464747,25,72.15300907925095,225.6303114507779,1,1,1,1,1,1,0,1,0,0,1.0,0
Pleasure,303.1472686981823,5.217895935747401,349,57.49109767530215,175.55734258712022,1,1,1,1,1,1,1,1,0,0,7.730589025612703,1
Business,174.48084957449186,11.88088072950648,39,81.28135600401913,36.41730187549066,1,1,1,1,1,1,1,1,6,1,4.880876311379407,0
Pleasure,453.50783747152167,1.8652750387161854,23,37.58009946197398,39.1089239729862,1,1,1,1,1,1,1,1,1,4,1.199909811510255,0
Pleasure,442.4966688411959,19.42599540360916,420,32.64075917950636,149.91575778232945,1,1,1,1,1,1,1,1,0,2,2.942219678832155,0
Pleasure,160.89967949447833,9.18028744937124,428,99.31071360129356,14.116531678916823,1,1,1,1,1,1,1,1,0,2,8.449970497836315,1
Pleasure,395.38394343505774,18.80449097902012,35,67.82324936313321,78.96240422297348,1,1,1,1,1,1,1,1,4,1,2.904775607769274,0
Business,105.56382618807056,8.871511317919413,306,62.575243870571775,56.24202400381337,1,1,1,1,1,1,1,1,2,3,3.9939000555582402,0
Business,415.3818716098121,3.752994367970952,248,68.08070710916483,81.0589912854409,1,1,1,1,1,1,1,1,2,2,8.38567480971958,1
Business,200.12719819829806,11.514034114553105,359,20.68746647840877,35.25342650310389,1,1,1,1,1,1,1,1,0,0,1.980559929397116,0
Pleasure,102.85987592771757,19.18765632011238,145,35.9966823380676,139.76094335728175,1,1,1,0,0,1,0,1,0,0,4.998446862741212,0
Pleasure,75.07689639018204,15.966755601503568,262,119.27007260695474,43.476693708235736,1,1,1,1,1,1,1,1,1,4,6.434000033522807,1
Business,317.7928345595912,2.388631690768679,115,21.854551020049513,135.89641573387541,1,1,1,1,1,1,1,1,6,3,7.779717725486663,1
Pleasure,295.79463735530175,11.124323617098518,50,68.72602451721956,172.846964751449,1,0,1,1,0,1,0,1,0,0,6.608519834499709,1
Business,384.04890961896893,13.718873986242492,500,103.85800528830762,9.634068543033388,1,1,1,1,0,1,1,1,0,0,1.7729123222838596,0
Business,347.7371966245986,3.4943027987201902,436,109.81689158630273,218.20593741415195,1,1,1,1,1,1,1,1,7,2,7.334046565146496,1
Business,416.5899473618585,13.287209753429403,178,55.654558848934464,218.2992156898939,1,1,1,1,1,1,1,1,6,0,1.935264179624299,0
Pleasure,423.4621322247923,19.60765656164428,286,116.8036014798266,231.23834138051117,1,1,1,1,1,1,1,1,1,0,2.5973511754293317,0
Business,328.4320261303348,7.631672212307201,431,63.92521246629844,85.70216767678947,1,1,1,1,1,1,1,1,5,1,6.716167780518369,1
Pleasure,499.0229095307685,2.4935174135533766,117,19.068997022567288,208.50329954341217,1,1,1,1,1,1,1,1,2,4,1.0,0
Business,195.35671855503384,2.5814090320687444,349,15.328477490990116,156.25815212303328,1,1,1,1,1,1,1,1,2,2,6.549375780138507,0
Pleasure,488.3062224179905,12.362420673747035,344,119.56946769481694,46.28283588178203,1,1,1,1,1,1,1,1,1,0,3.1062748432923746,0
Business,450.6334518751249,14.515364211826478,54,68.72440135045144,78.92531481844217,1,1,1,0,1,0,0,1,0,0,1.0,0
Business,425.0286543982121,2.5339813191666316,100,61.15589889617128,58.63048475089868,1,1,1,1,1,1,1,1,7,2,7.912001411902923,1
Business,256.13892317403975,13.113427143912118,413,33.08398461836645,182.74498565864408,1,1,1,1,1,0,0,1,0,0,1.4370970133496836,0
Business,208.97929846260774,5.026765009500112,121,110.64071088053619,92.73430968412362,1,1,1,1,1,1,1,1,1,0,7.333216852189168,1
Pleasure,165.6164029242948,5.5323368110037485,232,28.05877245520099,66.19517800049701,1,0,1,1,1,1,0,1,0,0,7.194119682366056,1
Business,162.4654146699049,13.539532763800132,444,74.08151246661637,96.4701883846236,1,1,1,1,1,1,0,1,0,0,1.8393384689052548,0
Pleasure,118.80889849002057,0.7051043612081331,433,74.93467286409268,99.70731772784559,1,1,1,1,1,1,1,1,4,3,9.14645942189019,1
Business,499.4813039662524,8.455906713420099,117,102.57890465419874,111.70569950107817,1,1,1,1,1,1,1,1,0,0,3.384877668613959,0
Pleasure,81.09777269575733,7.782883178685802,195,98.8980261191799,124.09577865603707,1,1,1,1,1,1,1,1,3,4,7.546024150716996,1
Business,62.52190076895019,6.036165820431614,403,31.88279529329388,37.76007975959806,1,1,1,1,1,1,1,1,2,3,5.623402991345289,0
Business,455.0691532885282,4.387035100605539,95,45.52484226562997,115.27413371268328,1,1,1,1,1,1,1,1,4,2,6.549520274867382,1
Business,178.41588593053427,13.980312922572606,402,63.80896272915553,22.29802451115533,1,1,1,1,1,1,1,1,1,0,1.4678155558982884,0
Business,325.72853529242,7.517728176234408,339,100.00240943750491,51.552361918751046,1,1,1,1,1,1,1,1,3,0,5.026852782731506,0
Pleasure,87.81526254696766,0.6011151148731098,429,75.27067989268592,35.89941907693833,1,1,1,1,1,1,0,1,0,0,10.0,1
Pleasure,186.78323738343377,7.962542493867877,324,95.84922557145099,82.80586772643075,1,1,1,1,1,1,1,1,3,4,9.339521738689042,1
Pleasure,357.6549464034895,8.020026491022215,56,54.588452570639404,91.02864582927565,1,1,1,1,1,1,1,1,0,0,3.1379135658924557,0
Pleasure,135.019617867028,0.8041854975184104,17,18.29421745688128,39.9113835422779,1,1,1,1,1,1,1,1,2,1,5.225782266842102,0
Business,306.2223445128999,18.30495219564769,246,119.82040471945244,229.14551856933738,1,1,1,1,1,1,1,1,3,3,1.638001118315069,0
Business,353.1995113777949,15.37253327424679,245,33.74144627448728,164.70692419590182,1,0,0,0,1,0,0,1,0,0,1.0,0
Business,259.2620746856881,0.5019368046052075,262,73.20040695756731,148.13214642240507,1,1,1,1,1,1,1,1,2,0,8.226720218804717,1
Business,463.85912235707656,5.502322952151708,61,34.50394695481638,119.08388004432763,1,1,1,1,0,1,0,1,0,0,5.121496985082421,0
Pleasure,70.30131914498637,6.885202629800979,64,95.41855470334791,189.16673780484732,1,1,1,1,1,1,1,1,0,1,4.601545914478125,0
Business,246.2791728723502,8.221154238795753,413,83.94557357795098,96.4892516120204,1,1,1,1,1,1,1,1,5,1,6.04955151915054,1
Business,185.3755178577456,12.044123771974672,307,95.39760817618112,88.87288373534591,1,1,1,1,1,1,1,1,1,2,2.5876605839309494,0
Business,127.31984750437437,2.9471213773929072,338,69.586571768411,168.1749223145264,1,1,1,1,1,0,0,1,0,0,5.487716569075763,0
Business,74.8974977975529,2.1488661637434703,174,112.16498891875938,81.84092993134249,1,1,1,1,1,1,1,1,7,1,9.662878224277021,1
Pleasure,148.08672919748017,6.41313473252522,448,116.97846849669895,12.231895802786918,1,1,1,1,1,1,1,1,0,0,10.0,1
Business,268.324526092794,14.785858384476263,265,64.8414095680247,11.745625328594485,1,1,0,1,0,0,0,1,0,0,1.0,0
Business,350.9342697958842,2.7593876347482538,252,92.4833013182907,90.23470154848957,1,1,1,1,1,1,1,1,1,0,7.822214623640782,1
Pleasure,71.9394295723923,12.02715061092087,108,57.19261600091175,111.24664716304282,1,1,0,0,0,1,0,1,0,0,6.145344676379886,0
Pleasure,207.1000355352293,6.015803451398414,285,19.583353368617004,187.68818955381795,1,1,1,1,1,1,1,1,3,3,7.736412586265886,0
Pleasure,409.8788691407294,19.472278360452137,405,48.42324316819099,149.23071146113094,1,0,1,0,1,1,0,1,0,0,4.483551711181962,0
Pleasure,106.60347171070093,3.0105897264438397,75,93.61674372943047,72.29514858083694,1,1,1,1,1,1,1,1,4,3,8.826756822960407,1
Pleasure,141.2229131501475,5.157586849832634,364,31.0488242263212,199.72513299708442,1,1,1,1,1,1,1,1,3,5,8.414385224645045,1
Pleasure,339.3267004816802,17.435981142835956,398,113.12864620287216,81.01825822377798,1,1,1,1,1,1,1,1,1,1,5.700486602599851,1
Pleasure,252.41349147325025,7.234106516898535,471,46.52220539613869,46.48854596850711,1,1,1,1,1,1,1,1,1,3,9.033302058019379,1
Business,382.1015036381267,9.533497649500893,490,39.14153389290003,51.845471158850955,1,1,1,1,1,1,1,1,1,0,3.9287581470059623,0
Pleasure,484.7461167005994,1.4257718438958245,162,89.64220187650231,37.59175511324415,1,1,1,1,1,1,1,1,0,7,2.4614000214656975,0
Pleasure,451.7625825278352,3.991057979699635,440,86.7143279241013,127.806960551783,0,1,1,1,1,1,1,0,0,0,3.7428699152207296,0
Pleasure,351.3013470834055,3.5320447412576583,32,71.83563522675972,113.22629085302631,1,1,1,1,1,1,1,1,0,0,4.935152985773995,0
Business,373.2133701313033,4.62325900418082,463,69.67018456069539,94.19977982999873,1,1,1,1,1,1,1,1,8,1,8.512759406850835,1
Pleasure,456.44367528585946,19.841119505606255,399,38.94527896868347,150.35836832144403,1,1,1,1,1,1,1,1,0,1,1.0,0
Business,336.3889396654536,11.675738490631202,172,31.066427977455607,144.5457543424887,1,1,1,1,0,1,0,1,0,0,1.308710706721291,0
Pleasure,473.84177007657405,4.384709800080908,303,106.73210578695333,166.22337041679003,1,1,1,1,0,1,1,1,0,0,2.0611253905762608,0
Pleasure,265.8402511767031,12.081691324051198,302,84.69028764348838,38.978419200523774,1,1,0,0,1,0,1,1,0,0,8.280119729891641,1
Business,362.97030789933615,8.149814661061283,490,73.34749042156048,109.83976494450067,1,1,1,0,0,1,0,0,0,0,3.30389567842244,0
Business,97.48155294848708,12.187634985235862,33,40.33535016421211,172.043634173988,0,1,1,1,1,0,0,1,0,0,1.0,0
Business,155.56929893287784,6.963937144240164,6,74.03214498374639,71.63639955888834,1,1,1,0,1,1,0,1,0,0,4.018131176749017,0
Business,440.34515460559396,11.636827846270402,338,41.01401935271373,232.22249461650676,1,1,1,1,1,1,1,1,0,0,3.22818950309423,0
Business,497.56897361116415,1.6877820261322918,135,101.02319295203546,122.11425614958188,1,1,1,1,1,1,1,1,5,2,10.0,1
Business,357.09119588447714,19.87156048492681,405,35.56895243633776,235.10852092639576,1,1,0,1,0,0,0,1,0,0,1.0,0
Business,427.3560692932602,17.360145966124698,434,17.939525139183296,210.2177751507591,1,1,1,1,1,1,1,1,1,0,1.0,0
Pleasure,219.71885610713298,9.375116879687615,445,90.92764886263802,38.25210074949559,1,1,1,1,1,1,1,1,2,0,9.705734829754988,1
Pleasure,437.3889303631627,6.404172527601945,359,59.19585561407115,155.5031591474208,1,1,0,0,0,1,1,1,0,0,2.66061096550138,0
Business,460.80277415293335,7.0738736379527705,1,93.59188843205936,58.315134373339916,1,1,1,1,0,0,1,1,0,0,5.2813123384007055,1
Business,170.98501652468187,17.278911142701517,160,114.1174393289829,88.14377114673431,1,1,1,1,0,1,1,1,0,0,1.0,0
Pleasure,184.93255293397135,8.278433300945752,449,107.62965733836975,143.4457342480325,1,1,0,0,0,0,1,1,0,0,10.0,1
Business,347.9426634779881,7.169000220567845,396,67.82175609884366,54.856750679538415,1,1,1,1,1,1,1,1,2,1,5.603452268148511,0
Business,147.8089136671834,3.942887890081468,409,51.555606490863745,35.832375009527055,1,1,1,1,1,1,1,1,3,1,6.800236851029115,1
Business,133.10555528589916,16.972834274699807,379,93.61205397189069,152.29240533530714,0,1,1,0,0,0,0,1,0,0,1.0,0
Business,326.96031582335166,6.77795885913879,1,17.32866928551255,134.29069629846245,1,1,0,1,0,1,1,1,0,0,3.3534462863235994,0
Pleasure,87.15030510695537,18.727836215963553,482,15.401798460018824,7.08759432692278,1,1,1,1,1,1,1,1,0,0,6.7360946610108545,0
Pleasure,156.5296330716382,8.739287627877946,320,97.34392431983446,202.20321137433783,1,0,1,0,1,1,1,0,0,0,7.572917311453643,1
Pleasure,324.91597849092693,7.53684028438113,397,28.546125238871618,88.2800095425819,1,1,1,1,1,1,1,1,0,1,7.469192621220635,1
Pleasure,230.8482533693625,11.255337796123754,170,49.36894223321994,222.23759648217853,1,0,0,0,1,1,1,0,0,0,5.659204771029624,0
Business,429.31125026415253,3.059345191223728,92,106.71439981990355,184.1178860216565,1,1,1,1,1,1,1,1,2,1,7.177993989547168,0
Pleasure,62.87197345010216,7.943778136800792,26,52.434239694022494,81.95255521677308,1,1,1,1,1,1,1,1,2,0,3.8994762776997596,0
Business,482.2165361714847,19.723737256275605,17,100.47133696079696,163.9264634506982,1,1,1,1,1,1,1,1,4,1,1.0,0
Business,148.7027067240085,3.5660269456964766,489,24.328283487600046,233.9234880714976,1,1,1,1,1,1,1,1,1,3,4.6246845440082485,0
Pleasure,92.06379107648755,15.29994898286069,328,80.87255347293403,91.59310600762196,0,0,0,1,1,1,1,0,0,0,5.530915374679849,0
Pleasure,223.12002584633447,12.758754365390763,140,67.05056255291105,77.11429653647896,1,1,1,1,1,1,1,1,2,2,6.638847021904236,1
Business,304.98894888228233,6.729814077620315,375,43.72827161921775,179.3661245393332,1,1,1,1,1,1,1,1,0,1,3.4947712174406176,0
Business,64.03647755704073,15.89378775827804,78,92.848094301768,230.17904162652056,1,0,1,0,0,1,0,1,0,0,1.0,0
Pleasure,206.7794296156156,13.666692070237673,247,104.88456619691526,170.41109353511513,1,1,1,1,1,1,1,1,1,1,8.480861268235193,0
Business,180.42444973171925,14.915220964203073,62,43.07586907164806,129.01435556982685,1,1,1,1,0,1,0,1,0,0,1.0,0
Business,96.68903256876266,7.634628336527629,387,50.58908708463,144.55068229307184,1,1,1,1,1,1,1,1,2,1,4.639399905044052,0
Pleasure,87.15556564911213,3.5430884790103345,245,93.792200003714,60.43457791742717,1,1,1,1,1,1,1,1,4,5,8.227636574242128,1
Pleasure,348.7684826989051,15.733862264784502,289,68.31716628609188,12.056047362975532,1,1,1,1,1,1,1,1,1,6,5.839281224924219,0
Business,223.82916143619266,19.44407539952438,431,66.38604637849302,117.51255340576252,1,1,1,1,1,1,1,1,1,1,1.0,0
Business,205.36472034765293,9.818444898267938,272,47.39329730795855,29.311916952375327,1,1,1,0,0,1,0,1,0,0,3.3246304705622847,0
Pleasure,264.1838937698541,5.460628154359393,75,53.2888217155376,80.96720573021416,1,1,1,1,1,1,1,1,1,3,8.481585992181323,0
Business,324.0065214042459,3.495215875340656,330,76.43430853667081,198.5348063418049,1,1,1,1,1,1,0,1,0,0,4.743305895200514,0
Pleasure,161.36473844128406,9.767903047562278,235,111.01142276780965,9.006375539573064,1,1,1,1,1,1,1,1,5,3,9.462353501677523,1
Business,424.66694814538,2.432968109298934,399,25.0655296428175,104.93551823431046,1,1,1,1,1,1,0,1,0,0,5.639711321971679,1
Pleasure,330.17253624657803,13.215858866689409,432,97.61562957674332,112.91499587900245,1,1,1,1,1,1,1,1,1,3,7.617737461823185,1
Business,267.6525500276958,2.7299694171502487,298,107.87947216530303,238.0429428895059,1,1,1,1,0,1,1,1,0,0,5.037682709977986,0
Pleasure,317.9195976451432,8.093403953261296,444,32.4049410981479,192.9219474463226,1,1,1,1,1,0,0,1,0,0,7.20567504768059,1
Business,465.4918333690511,1.1147495032204247,338,40.027054895527236,171.75007838756176,1,1,1,1,1,0,1,1,0,0,8.295559797891595,0
Business,214.4999098303373,5.180183376865182,164,86.32421788376338,222.10099588193884,1,1,1,1,1,1,1,1,1,0,5.17744381250634,0
Business,319.3535057060783,4.43140415320962,2,36.9817862831884,198.15112586215213,1,1,1,1,1,1,1,1,2,0,5.249381413731829,0
Business,392.30093650650616,7.6697340171664425,27,115.03745189703227,232.1668845959993,1,1,1,1,1,1,1,1,0,0,3.6779668274056316,0
Business,61.875993351236495,7.0681243724797564,141,116.00948784062521,136.97503617745605,1,1,1,1,1,1,0,1,0,0,3.6902543191578285,0
Business,81.8639915740487,9.13276490782754,309,58.97866275817058,185.13240278768828,1,1,1,1,1,1,1,1,3,2,4.798912316109629,0
Pleasure,92.25496539255079,4.4926857222030385,90,35.125288141355284,118.79795447458038,1,1,1,1,1,1,1,1,2,3,5.288282511992108,0
Pleasure,229.45413604720477,1.7846796549464972,58,45.37776438927979,171.47243084320007,1,1,1,1,1,1,1,1,4,2,8.460648059729312,1
Pleasure,149.7235937389071,13.726587657552173,254,70.98196975629169,54.581581565271904,1,1,1,1,1,1,1,1,2,3,8.761510275468837,1
Pleasure,402.1964718782011,16.119209785071934,105,85.09981649911715,52.25535707658113,1,1,0,1,0,1,1,1,0,0,4.365461162968025,0
Business,64.59479913000014,10.064319929677286,10,24.510277591725817,94.04864668630873,1,1,1,1,1,1,1,1,3,0,3.2493864197970934,1
Pleasure,316.38492977092125,19.1828480597162,55,91.81929717860756,125.82030419547814,0,1,1,1,1,0,0,1,0,0,5.164754524262059,0
Business,98.8009538055029,4.802659739442429,312,21.459532301614278,100.42681488292332,1,1,1,1,1,1,1,1,9,0,7.026106083129159,1
Business,283.75216118166094,8.156184138516124,324,27.44507559474365,195.5716204942333,1,1,1,1,1,1,1,1,2,0,3.337310818441479,1
Business,417.9814360501882,10.54111626174726,434,17.560387811877323,12.783076890747893,1,1,1,0,0,0,0,1,0,0,2.36034808906446,0
Pleasure,325.8062629154818,14.018274364941394,451,19.12358831376279,180.11709865811176,1,1,1,1,1,1,1,1,2,1,7.2632184735647565,1
Business,492.9872180456954,12.222425122560788,283,18.068967168015963,34.51014527711524,1,1,1,1,0,0,0,1,0,0,1.0,0
Business,118.02212529907587,1.1395828853467393,254,40.92769165683434,165.81881755005548,1,1,1,1,1,1,1,1,1,0,7.291559657724756,1
Pleasure,323.24389006443715,13.658450916225544,340,80.45060187311684,145.52728445237452,1,1,1,1,1,1,1,1,2,2,6.457746361019053,0
Business,389.60066226938295,0.23743310868943102,121,50.962532321227314,78.39610127989988,1,1,1,1,1,1,1,1,1,1,8.15164899273485,1
Pleasure,137.6900219700433,16.082275429436635,394,59.35460130918807,215.7363153380592,1,0,0,0,1,1,1,1,0,0,7.100121692911698,1
Business,104.11874869941293,16.09342211511828,125,111.28358668610278,195.06035267902166,1,1,1,1,0,1,1,1,0,0,1.0,0
Business,64.10168932891253,19.699154641170693,92,57.071152917699244,194.2680364385637,1,1,1,1,1,1,1,1,0,0,1.0,0
Pleasure,497.98862372066947,18.381531335243764,218,112.9631340403761,90.789152379785,1,1,1,1,0,1,1,1,0,0,1.3625345790691807,0
Pleasure,115.43751059623892,1.678732337111437,149,37.6269613914822,175.5110377770093,1,1,1,1,1,1,1,1,0,6,7.190179122378835,1
Pleasure,428.45550572049,0.6546240652845081,426,39.006117112148424,160.03363368774671,1,1,1,1,1,1,1,1,2,3,6.5311052435153965,1
Pleasure,218.95362931462046,10.569949815162417,9,94.04726773637981,18.310997404274975,1,1,1,1,1,1,1,1,0,1,6.351324784250097,1
Pleasure,297.8128189186889,4.21548631544238,81,53.92162732020907,232.1546859492958,1,1,1,1,1,1,1,1,2,4,6.186672712266999,0
Business,430.35351906493855,6.6375563906355906,435,96.00488103150151,182.4646848807787,1,1,1,1,1,1,1,1,0,0,5.429159455976538,0
Pleasure,152.27143645369352,10.96225793322579,99,93.72402735070186,11.092659247150824,1,1,0,1,1,1,0,1,0,0,5.279717357459118,0
Pleasure,252.92835277432357,7.776823424999262,343,83.75953467243852,215.82444659735242,1,1,1,1,1,1,1,1,4,4,9.574884322663268,1
Pleasure,388.29860413272223,13.972973957204935,402,84.52997722419164,23.80704536872875,1,0,1,1,1,1,1,1,0,0,5.3094963717320445,0
Business,161.919537009634,7.27066833103772,398,90.91107135579813,171.99937396714316,1,1,1,1,1,1,1,1,3,1,4.511379878052971,0
Business,144.38635775888966,7.366759882752456,279,104.53262355351086,116.18291549292269,1,1,1,0,0,0,0,1,0,0,3.0990399409324003,0
Pleasure,153.51591400363696,10.882232690018597,322,93.82202788824698,44.88613421695947,1,0,1,0,1,1,0,0,0,0,6.698896670677157,1
Business,452.2808433070056,4.623825887559121,290,96.88155072247567,6.349688790365337,1,1,1,1,1,1,1,1,2,3,7.230040031601931,1
Business,353.10640786489495,14.210327713190924,223,108.52016035480563,197.45388314817367,0,0,1,1,0,1,0,1,0,0,1.0,0
Pleasure,102.28965898402481,9.085388738161308,114,99.3461691815585,235.1502442311202,1,1,1,1,1,1,1,1,0,2,6.712253109609329,1
Pleasure,161.30706364405773,3.7472825263713716,56,55.171029846507565,10.17181132370732,1,1,1,1,1,1,1,1,1,0,6.505388036173728,0
Pleasure,362.14509960750877,18.56110945955153,14,43.2291974930015,16.153860410733305,1,1,1,1,1,1,1,1,3,2,3.8358786863796563,0
Business,278.85942507922147,7.094863627505177,249,91.92058903661272,94.5196269978577,1,1,1,0,0,1,0,0,0,0,4.88992517162187,1
Pleasure,397.0364391384302,3.647445881457727,259,84.2791609186198,22.408827734534515,1,1,0,1,0,1,0,1,0,0,3.767297136855838,1
Pleasure,410.9095781879364,13.017520698057554,465,58.59183648481813,168.34822311341642,1,1,1,1,1,1,1,1,3,2,5.417381360797541,0
Pleasure,276.48247050065464,16.904888164207893,201,68.33903487938227,43.86314987098154,1,1,1,1,1,1,1,1,1,1,6.448052878902423,1
Pleasure,361.5795992342198,4.440513636720425,349,46.93501356246461,114.94160567663829,1,1,1,1,1,1,1,1,5,4,8.285111634328938,1
Pleasure,439.74221245332325,14.764211698255403,452,75.84722887704297,171.55689945398285,0,0,1,0,0,0,1,1,0,0,4.114850746242643,0
Business,352.8759517360991,2.977461724064283,486,93.88527385961929,235.07147501219265,1,1,1,1,1,1,1,1,3,0,8.560002116555433,1
Pleasure,334.37427461702055,18.140731803070892,346,87.76743536093029,10.853982281238926,1,1,1,1,1,1,1,1,0,4,7.760078282872804,1
Business,270.04201805175825,19.689540091572425,498,118.00446404167457,219.37094577453172,1,1,1,1,1,1,1,1,3,0,1.0,0
Business,90.58164318825739,9.468256661427858,360,25.302661936299973,8.139710308831043,1,1,1,1,1,1,1,1,4,1,3.4266822627357776,0
Business,467.70280967436247,9.968565685367698,108,92.55836324140971,124.07429984192801,1,1,1,1,1,1,0,1,0,0,3.7500742059997147,1
Business,435.7462027339418,12.921561280091655,457,115.28540142575297,93.4992214073847,1,1,1,1,1,0,0,1,0,0,2.1379651579758034,0
Pleasure,185.00150360844634,12.240465024417515,212,84.667248959215,146.12708814153336,1,0,1,1,1,1,0,1,0,0,7.443125057361271,1
Pleasure,284.19553183851184,6.990766119736042,256,41.51140527808296,187.4288288553972,1,1,1,1,1,1,1,1,6,1,7.070505493909556,0
Business,436.46676980246536,4.573908692046822,464,86.57096950618333,70.2687837444726,1,1,1,1,1,1,1,1,2,2,6.738508803800809,0
Pleasure,135.58850617270826,19.679426595499695,97,28.33781980855813,149.66317966209903,1,1,1,1,1,1,1,1,1,6,5.41457206106731,0
Pleasure,405.38212592147204,4.81937478782956,447,52.16720985134517,45.05052907182284,1,1,1,1,1,1,1,1,3,2,5.602535910239751,0
Business,393.76981145042146,6.545151000202223,50,76.33199041531968,214.95133856463957,1,1,1,1,1,1,1,1,1,0,4.375612213224254,1
Business,152.5144882500443,8.628059013054601,357,34.351476307337066,133.86134217930828,1,1,1,1,1,1,1,1,0,0,3.610668994493408,0
Pleasure,83.0416439763022,6.984899443346797,291,75.1528816102881,161.92891243969078,1,1,1,1,1,1,1,1,1,0,7.055205120457003,1
Business,493.98810184412577,14.442887316599098,148,88.58566478290543,18.65347227554395,1,1,1,1,0,0,0,1,0,0,1.0,0
Business,302.7335106669217,5.837770029619264,126,97.37413190940381,175.90506021514125,1,1,1,1,1,0,0,1,0,0,4.326621971196093,0
Business,272.2060417810715,2.6329867856972977,40,78.25173078103109,32.91456973184831,1,1,1,1,1,1,0,1,0,0,7.449198707108497,1
Business,174.3984604243139,13.814256566473503,147,74.67015267003782,217.40813933019353,1,0,1,1,0,1,0,1,0,0,1.0,0
Business,123.53679116586903,3.826672928770005,51,111.54088784855172,208.61137574636408,1,1,1,1,1,1,1,1,5,1,7.949499386428249,1
Business,317.97563705826315,10.545995948885798,199,63.06941732442136,216.485066158738,1,1,1,1,1,1,1,1,3,2,2.6329029016424284,0
Business,327.6097623430734,13.342007237508405,486,56.38578418891679,105.94825672270926,1,1,0,1,1,0,0,1,0,0,1.0,0
Pleasure,376.2447050169412,12.524196096803049,248,118.63655421679823,156.61239283295996,1,1,1,1,1,1,1,1,2,3,6.278950715934936,0
Pleasure,470.5841301011006,11.380097725410273,138,103.24020288085582,151.8339357847941,1,1,1,1,1,1,1,1,0,3,2.650464548225572,0
Pleasure,214.3747989221138,4.721471188226262,196,71.91563761322675,185.2602299580986,1,1,1,1,1,1,1,1,3,0,7.88036134589379,0
Business,216.40833889787288,6.593469900903592,473,77.69864863541045,150.20558758066443,1,1,1,1,1,1,1,1,0,0,6.110924955551031,1
Business,240.9354051934214,0.2386506914524933,249,93.57331514671534,79.1377677733551,1,1,1,1,1,1,1,1,7,1,9.625015645872267,1
Business,169.03992193833918,8.498174951935562,309,46.662524977051135,111.77234240957058,1,1,1,1,1,1,0,1,0,0,3.5874005135303295,0
Pleasure,485.09756711447903,5.045929496536106,84,56.431050457035525,30.014043775186863,1,1,1,1,1,1,1,1,2,3,1.0,0
Pleasure,383.6754163908126,9.639861870529582,97,115.67788813721391,138.74727829809086,1,1,1,1,1,1,1,1,0,0,4.089112365355708,0
Pleasure,307.80051269612903,18.826004715362355,284,70.30165112630925,236.14172694557718,0,0,1,1,1,1,1,1,0,0,5.054573660012115,0
Pleasure,283.799056816344,4.235359010024395,334,30.160637061229934,74.00911406811919,1,1,1,1,1,1,1,1,1,5,7.980838099630898,1
Business,432.7234161163362,10.199953416709445,299,56.33145791671124,66.88227133622343,1,1,1,1,1,1,1,1,0,0,3.8622295454979083,1
Business,262.25337506351815,13.843125191586847,52,71.37143333386041,235.5239145959562,1,1,1,0,0,0,0,0,0,0,1.0,0
Business,248.44805832076125,16.10148510459219,302,18.7798956359003,190.99804210931563,1,1,1,1,1,1,1,1,5,1,1.0,0
Pleasure,175.79017032374725,4.731644666641801,451,72.92515552442768,170.94434782619564,0,0,1,1,0,1,1,1,0,0,9.326176775728053,1
Pleasure,464.4532826751168,0.4762149534477067,113,110.85778076590286,237.51693380405172,1,1,1,1,1,1,1,1,2,4,2.0414839531955824,0
Business,69.50453917016341,7.16629891611025,290,57.73626637974853,153.80487177612795,1,1,1,1,1,1,1,1,5,1,5.001349517177362,1
Business,86.337024099718,2.9491400506921717,246,102.04311439042233,218.54969236283736,1,1,1,1,1,1,1,1,5,0,8.210022829842979,1
Business,212.68798762423808,12.740212749695557,109,59.42892188374894,65.54301135926426,1,1,1,1,1,1,0,1,0,0,1.226843676262051,0
Business,128.50513913974322,11.866811772049362,146,68.26373210729089,35.05562356062874,1,1,1,1,1,1,1,1,2,0,4.613728505436998,1
Business,171.25280720322132,17.798068191875565,347,78.4095478865715,201.5479391853695,1,1,1,1,1,1,1,1,3,0,1.0,0
Business,170.30871281459488,3.1043970153375566,108,54.72665609139306,134.18080677857176,1,1,1,1,1,1,1,1,0,0,5.186722352823133,1
Business,193.1742294318268,2.421290875108404,321,78.4927683690892,10.982846518125053,1,1,1,1,1,1,1,1,4,2,8.49099630570723,1
Pleasure,493.5191070558321,7.76956541859837,155,94.42612853301964,30.450364930372547,1,1,1,1,1,1,1,1,2,4,1.0,0
Business,203.8637272321547,13.748674251725092,462,106.45411980588544,237.47849124298142,1,1,1,1,1,1,1,1,1,0,1.0,0
Business,101.55919068934344,16.958408528965332,477,62.79569456892513,234.58262542779352,0,1,1,0,0,1,0,1,0,0,1.0,0
Business,263.37210148553027,14.620607089311804,260,30.15473727867937,203.37748263259886,1,1,1,1,1,1,1,1,5,1,1.2060095628451366,0
Pleasure,140.9893551436664,5.17090443921928,12,17.32625677034974,147.26200283759286,1,1,1,1,1,1,1,1,1,7,5.807173036216488,1
Business,395.56676544366803,7.939192845091451,453,69.1700435936716,100.43303484337473,1,0,1,1,0,0,0,1,0,0,3.951545654532485,0
Business,152.75578879826585,12.980102539343655,98,111.24171104256483,81.54780677261247,1,1,1,1,1,1,1,1,1,0,3.1514280661032528,0
Pleasure,398.6293924931027,2.6073232203619012,473,107.97206786964027,145.10732679014126,1,1,1,1,1,1,1,1,2,0,6.729962529970943,0
Business,201.877804280214,5.801862072140778,27,23.307959342024418,81.48321755982641,1,1,1,1,1,1,0,1,0,0,5.14632584699687,0
Pleasure,307.54890339890613,5.23269891401627,88,77.4749368974059,7.315743012539766,1,1,1,1,1,1,1,1,4,5,7.20760437086742,0
Business,71.38197597503232,9.24928565886967,42,19.505730851584833,156.8514506233973,1,1,1,1,1,1,1,1,3,1,3.1652961340638126,0
Business,246.28179026963954,11.174642677094731,346,61.23562659917699,15.994754767094843,0,1,1,0,0,1,0,1,0,0,2.0464520499976446,0
Pleasure,272.20758888893636,2.601916919258349,166,63.484998619111636,108.47340301584595,1,1,1,1,0,0,1,0,0,0,8.146372560294182,1
Business,300.30886351178987,13.035967788505946,436,57.08868651166441,151.77888994443555,1,1,1,0,0,1,1,1,0,0,1.2241900260310972,0
Business,60.62591215450591,9.353339632654647,450,80.93990308406289,141.11994710805652,1,1,1,1,1,1,1,1,0,0,3.775370874049847,0
Pleasure,407.2930561640976,8.293039793813502,55,94.64797947365881,7.924478812538544,1,1,0,1,1,1,1,1,0,0,4.130209118563886,0
Pleasure,325.566683880748,16.157025335593463,418,77.3972556392374,157.3961842461536,1,1,1,1,1,1,1,1,1,3,7.254099113456609,0
Business,472.29518611316786,10.584053044981992,231,76.70515805615426,177.9722400082298,1,1,1,1,1,1,1,1,1,3,5.204271938341513,1
Business,298.87406550440176,8.581553498770518,18,23.9952957188197,41.97422457065246,1,1,1,1,1,1,1,1,6,2,5.8150245763175175,0
Business,190.21514314432144,17.403768893870147,315,24.782071952154478,108.29925766708087,1,1,1,1,1,1,1,1,2,0,1.0,0
Pleasure,99.86318384867823,8.847631918781094,184,42.84747962614052,107.47948958047617,1,1,1,1,1,1,1,1,2,1,6.576124218028376,1
Business,87.42894760977761,7.605972842052687,282,119.18276744981617,47.71772956712258,1,1,1,1,1,1,1,1,5,1,6.081414637195778,0
Pleasure,355.60608380268417,13.74641797426984,170,36.31567424424448,15.732927852084291,1,1,1,1,1,1,1,1,1,3,5.564451706951893,0
Business,288.61214951191994,2.689617423006039,173,76.82784544389922,38.760945822735835,1,1,1,1,1,1,1,1,1,1,7.720713855271701,0
Business,427.1621160388754,13.371690997155524,279,59.371379924535056,193.3777955524323,1,1,1,1,0,1,1,1,0,0,1.0,0
Business,268.4945688711364,5.657082729169103,349,86.4670258834561,135.6377323535572,1,1,1,1,1,1,1,1,1,2,6.863123810375916,0
Pleasure,419.8378088761167,1.712673042750843,227,50.251850498018946,158.8717050893722,1,0,1,1,1,1,1,0,0,0,4.550140589933674,0
Pleasure,434.48485170609405,12.497408022005938,90,95.24290289307861,214.68177685848127,1,1,1,1,1,1,1,1,1,7,3.6483967637337082,0
Pleasure,134.8079239696853,3.377415415294913,328,27.54540012364615,156.40668862267552,1,1,1,1,1,1,1,1,6,2,8.574072958532179,1
Pleasure,117.57056735476975,16.28917662797001,393,37.102507096423494,109.37140047964425,0,1,0,1,1,0,0,1,0,0,6.4077462637161515,1
Business,285.344258426567,8.49008501607271,303,22.980515081146446,103.51749391799635,1,1,1,1,0,1,1,1,0,0,4.092357245516265,0
Pleasure,109.54420785781899,17.871167004499895,290,74.08452025511434,191.20566945730573,1,0,1,1,0,1,1,1,0,0,6.07458634937695,1
Business,447.06227150471216,12.566356998142654,178,85.9344818885889,171.57817003452718,1,1,1,1,1,1,1,1,1,0,2.9852439761860037,0
Pleasure,385.1760378860868,13.266594345325105,406,105.65832957502076,28.294957920179826,1,1,1,1,1,1,1,1,1,3,6.585402442235442,1
Business,373.8373063105312,2.3779857089697076,335,76.32489639992147,185.01682780460635,1,1,1,1,1,1,1,1,7,1,8.95062907255728,1
Pleasure,313.91232839438624,19.46465930746802,271,53.14880828658023,158.89041987911713,1,1,1,1,1,1,1,1,2,5,4.881784104898956,0
Business,194.73237684690713,11.414544640136315,320,43.181242317629476,10.61713118033597,1,1,1,1,0,0,0,1,0,0,2.0175775062045522,0
Business,362.04959781066816,6.560432989356122,132,41.62119864243434,31.67560455966901,1,1,1,1,1,1,1,1,3,2,6.241846213274039,0
Pleasure,341.27074843419655,3.634713336998534,120,102.72319813003566,72.82666323755788,1,1,1,1,1,1,1,1,3,1,6.376559459727918,1
Pleasure,207.50821110126316,15.737102440507506,496,56.623956529941374,174.19618184860747,1,1,1,1,1,1,1,1,1,2,9.312324850249858,0
Pleasure,295.08677835162996,15.548402626896676,378,37.2887750418458,85.44388530939787,1,1,1,1,1,1,1,1,0,0,5.196801820112843,0
Pleasure,75.11524193040786,3.7410605159200183,56,112.37359280709614,63.56420317816201,0,1,0,1,1,1,1,1,0,0,4.6253900346370385,0
Pleasure,425.4082407463256,0.14722126039178773,346,74.52321620701241,190.45116691316466,1,1,1,1,1,1,1,1,0,0,3.317884903648869,0
Business,267.58250696511095,1.46985809271595,287,85.50330432698583,162.91946522575208,1,1,1,1,1,1,1,1,3,2,8.437527832696002,1
Business,64.01163178372614,11.548134750825598,24,66.07906957366724,58.42549275621902,1,1,1,1,1,1,1,1,0,0,1.9916411910998777,0
Pleasure,92.64661913603744,6.623213173531488,350,93.65615063810024,226.4536365620358,1,1,1,1,1,1,1,1,2,1,8.084210055901599,0
Business,289.4902395145033,16.723632290803632,416,70.28326792055852,235.07226793448166,1,1,1,1,1,1,1,1,1,0,1.0,0
Pleasure,455.96380223396005,6.582684468663129,96,109.89542190608756,202.04304257352118,1,1,1,1,1,1,1,1,2,3,2.478397136688971,0
Business,393.19422469745916,6.884345935614027,433,44.28916940812434,39.27359346378006,1,1,1,1,1,1,1,1,8,0,6.0631874816399485,0
Pleasure,194.52585492817175,16.252535329891987,238,67.42372439126028,154.00527621206467,1,1,1,1,1,1,1,1,1,2,5.600606551607655,0
Business,360.36575458685337,6.564973448375431,394,99.59084107016125,112.32656101605055,1,1,1,1,1,1,1,1,1,2,4.759494013504304,0
Pleasure,322.4049296988164,5.16501496593524,300,80.69555126703429,226.42053232665683,1,1,1,1,1,1,1,1,2,4,8.326744136145706,1
Business,135.65005458995543,4.5372063747303315,142,119.85352162092477,120.38550683709836,1,1,1,1,1,1,1,1,2,1,6.7843076034799505,0
Pleasure,315.2860527602021,12.06462699747998,130,80.20235451320227,235.25848113233232,1,0,1,1,1,1,1,1,0,0,4.913006505422639,1
Pleasure,242.2868008227458,4.780504997340158,292,109.62175229481342,120.04003111372832,1,1,1,1,1,1,1,1,1,1,9.570212417084784,1
Business,391.4149740648673,14.143756674057052,283,31.862272750785962,15.20992452070649,1,1,0,1,0,0,0,0,0,0,1.0,0
Business,210.04114663264565,4.591187594520991,395,59.52365185421829,128.56789320717982,1,1,1,1,1,1,1,1,2,1,6.994982942451152,0
Business,429.66651769540556,13.2752659642954,352,61.326971023593764,75.75377980929754,1,1,1,1,1,1,1,1,4,3,4.493412657390294,0
Business,64.33667395323384,12.24137372025586,124,100.01502780692782,117.05905357142868,1,1,1,1,1,1,1,1,5,1,4.209989945843498,0
Pleasure,377.05367238442096,11.868657058910394,122,44.61523505247544,83.87430023917914,1,1,1,1,1,1,1,1,1,7,4.093995136642334,0
Business,271.48934005783724,13.910615509138571,145,117.19017920706385,25.00304606074979,1,1,1,1,1,1,1,1,3,1,4.219706866359663,0
Pleasure,136.93718570217243,12.392816235771022,309,24.97405074469456,146.69135379785084,1,1,1,1,1,1,1,1,5,3,7.064147404246556,1
Pleasure,466.7466568344709,12.866215524835491,298,58.44744037332674,93.2572913263656,1,1,1,1,1,1,1,1,2,5,2.7816198080676697,0
Pleasure,269.25403714470013,12.802587674385514,494,88.23549899343453,154.87722979093542,1,1,1,1,1,1,1,1,0,5,8.496068028646867,1
Pleasure,487.62081062146154,10.21459531282562,165,97.74328084085553,199.35215092118912,1,1,1,1,1,1,1,1,3,4,1.0,0
Business,397.3138933510013,4.571778964588333,134,79.06125133428219,38.60167178782441,1,1,1,1,1,0,0,1,0,0,6.98895224744871,1
Business,128.5473267882584,8.474983271285176,494,18.27876686363102,110.35034002568645,1,1,1,1,1,1,1,1,2,2,5.325742327275064,0
Pleasure,473.5252819466835,10.415501484395229,76,60.92728714702815,63.24354907604097,1,1,0,1,0,0,1,0,0,0,1.0,0
Business,206.5007581037518,12.766442182642335,405,61.7615627946051,217.85002393534526,1,1,1,1,1,1,1,1,0,1,2.329194817498965,1
Business,310.2487575214227,13.719364345872942,345,100.14623722150917,141.32410719268853,1,1,1,1,1,1,1,1,3,2,3.291860722228618,0
Business,157.53901283951043,1.9120707034604156,18,104.69098034488268,173.33245422691803,1,1,1,1,1,1,1,1,5,1,8.929336709001301,1
Pleasure,297.31897701384037,19.403644822277005,259,67.75100774201823,169.65342972198508,1,1,1,1,1,1,1,1,3,1,6.328257863729641,0
Pleasure,285.0504411989432,0.16764050450964296,55,83.39332729846916,102.17234759738771,1,1,1,1,1,1,1,1,5,3,8.35771908131389,1
Pleasure,318.47327687409705,12.741779100237999,460,24.735084763475804,50.16273017730877,1,0,1,1,0,1,0,1,0,0,5.984157771169298,0
Pleasure,198.5751350423651,0.912844569068787,22,21.12702767193879,38.75210074837195,1,1,1,1,0,0,1,1,0,0,6.4320947471803605,1
Business,141.47828713661474,0.47897954963266987,213,94.24079940635635,44.861640355887744,1,1,1,1,1,1,1,1,2,1,8.970017332770071,1
Pleasure,357.7308595912613,19.61629443671183,139,67.69317955085992,80.40490212455231,1,0,1,1,0,1,0,1,0,0,3.830423518552776,0
Business,437.06095048470627,1.729341795271646,204,42.34253958711848,25.804999758937754,1,1,1,1,1,1,1,1,5,1,7.771716510343666,1
Business,427.5726600331061,5.6857486955043495,252,30.084874759836158,235.99235443050924,1,1,1,1,1,1,1,1,2,1,5.4177136950061175,1
Business,404.28850288912594,19.207471479954027,456,118.72822417896084,188.33308297297293,1,1,1,1,1,1,1,1,0,0,1.0,0
Pleasure,160.97737604521174,3.0239418224791303,469,70.52345900255392,104.55659127023674,1,1,1,1,1,1,1,1,0,1,10.0,1
Pleasure,390.6639560010312,6.200315401515068,75,57.72341869554186,114.44108627086602,1,1,1,0,1,1,1,0,0,0,3.9136152574925083,1
Business,498.49418062779057,5.522059998286024,23,65.13373620023388,145.71760669832787,1,1,1,1,1,0,0,1,0,0,4.992712664802428,1
Pleasure,137.01410155866333,8.803969349740575,367,93.64350468583308,90.53447523389528,1,0,1,1,1,1,1,1,0,0,8.255704078092887,1
Pleasure,452.00076906859096,8.295706127463232,271,54.116538611987245,38.0439806430947,1,0,0,1,1,1,0,0,0,0,1.0,0
Business,370.24588842564833,19.87553379095896,271,38.428054887677796,102.28999412920281,1,1,0,1,1,1,0,1,0,0,1.0,0
Pleasure,238.6975604852423,16.618706434471708,323,80.72989350284364,228.0355639110308,1,1,1,1,1,1,1,1,1,1,6.870918198415996,1
Business,161.71160468645,18.618512861871814,488,89.18407929868403,54.17331711196321,1,1,1,1,1,1,1,1,4,1,1.8403022697067033,0
Pleasure,183.84914038420627,16.25947308573178,165,92.43156312594594,194.78155678736067,0,0,1,0,0,1,0,1,0,0,6.245167536284785,0
Pleasure,212.53609002291066,16.940992623372786,340,16.172043219923626,115.69599280416008,1,1,0,1,1,0,0,1,0,0,6.224244009103256,1
Pleasure,431.82117725991014,7.659302378759429,335,84.57747349360069,163.91093271377468,1,1,1,1,1,1,1,1,5,1,4.5805403448790125,0
Business,158.98085324473107,5.965841983075508,273,37.58303222773214,127.58359343922625,1,1,1,1,1,1,1,1,5,1,7.491480328529698,1
Business,405.7009703486078,0.39125415937835806,368,98.27051290647627,77.53158367812848,1,1,1,1,1,1,1,1,2,0,8.296665949424334,1
Business,179.7738797652205,0.8791268822819776,389,31.434453885530704,190.5393902061248,1,1,1,1,1,1,1,1,5,0,8.027430964565621,1
Business,427.74352784331023,13.541131670529083,272,18.14363171413036,39.86353361677577,1,1,1,1,1,1,1,1,3,0,1.0095183787626216,0
Business,225.31969244732096,8.29733971516784,363,118.8880874208106,7.781983551804643,1,1,1,1,1,1,0,1,0,0,5.404639046678182,1
Business,157.89803849879922,5.398032154759496,456,49.010992784316144,108.58355134259571,1,0,1,1,0,1,0,1,0,0,3.9897867097870225,0
Business,105.26875573706299,7.106942029039396,266,84.4613682787375,106.81866052838056,1,1,1,0,0,1,0,1,0,0,4.264445294504542,0
Pleasure,344.6467732006638,16.454477464737906,418,29.248442986411618,126.7726682487274,0,0,0,1,0,1,0,1,0,0,5.666217922627747,0
Business,306.12064657505124,4.810387875878148,234,21.160114850979685,174.35737813181535,0,1,1,0,1,1,0,1,0,0,5.3753443522872,0
Business,164.8491696048407,16.87664868683081,393,109.09798495672221,213.88449995740538,1,1,1,1,1,1,1,1,4,0,1.0,0
Business,61.12846906968931,10.465982646357535,273,43.94741692039516,45.910455135239786,1,1,1,1,1,1,1,1,7,1,4.550035754133119,0
Business,369.4482344107325,12.594165978719726,95,25.973766259423755,32.57910289724213,1,1,1,1,1,1,0,1,0,0,1.3214728045443125,0
Pleasure,109.72872354431244,17.603082424557513,284,70.6775640824875,38.669599808223005,1,1,1,1,1,1,1,1,0,0,4.342288156931758,0
Business,253.08750516538012,16.03733126329219,29,70.19629354258878,212.65183585170513,1,1,1,1,1,1,1,1,4,1,1.0,0
Pleasure,480.8228574905386,10.07592342249209,214,73.30763497997836,43.67037909437974,1,1,1,1,1,1,1,1,3,3,1.0112655830322135,0
Business,423.84886130544896,15.740448868912807,60,88.74845844225018,67.94030130365536,1,1,1,1,1,1,1,1,1,1,1.342638854835387,0
Pleasure,139.30275151590303,15.563948784151052,419,69.336603313564,123.47564184620181,1,1,1,1,1,1,1,1,4,3,8.120853088071726,1
Pleasure,441.6186377442038,4.656322856692936,135,37.65666048067684,216.51751226775627,1,1,1,1,1,1,1,1,6,2,1.1074993927013335,0
Pleasure,385.0461076943262,10.36486866991404,255,43.359059637553464,5.066928858254415,1,1,1,1,1,1,1,1,1,1,5.0739509366155415,0
Business,487.9335044551683,1.0929587353190051,456,115.84023953171703,163.96583164065524,1,1,1,1,1,1,1,1,5,0,9.600744037353873,1
Business,231.97993894526059,8.984882934607306,335,103.22387008415824,74.9720562641559,1,1,1,1,1,1,1,1,4,1,5.7450608656639615,1
Business,176.3264683921232,5.321530667060308,196,67.01199045772974,206.07638146807307,1,1,1,1,1,1,1,1,3,0,7.801727359974546,0
Pleasure,411.4149663901234,17.36258733084324,191,95.9342168000808,166.0388263444312,0,0,1,1,1,1,1,0,0,0,2.754843128921264,1
Business,229.24591800602244,19.215742797593723,483,27.88060287059922,66.80375818646907,1,1,1,0,0,1,0,0,0,0,1.0,0
Business,465.4869205469722,4.0580925052037475,422,97.44897157946919,190.99805132752883,1,1,1,1,1,1,1,1,2,0,7.506805844349556,1
Business,492.413351976375,1.6489819359807,332,24.479399638915382,28.537422822345494,1,1,1,1,1,1,1,1,5,0,7.91451027539368,1
Business,492.04223460063974,9.308277121760156,477,107.96416823759344,78.93161116625413,1,1,1,1,1,1,1,1,2,1,5.8946883991773795,0
Pleasure,113.31299043967171,10.238311164591568,277,58.33738201232674,200.31798437151204,1,1,1,1,1,1,1,1,3,3,6.6991070590014195,0
Pleasure,426.05207525599576,16.664753149155974,83,107.16949382874753,70.02763830011244,1,1,1,1,1,1,1,1,1,1,1.5033477958624117,0
Business,483.8851251678357,5.803845747170371,349,100.3841116105597,97.20007733094765,1,1,1,1,1,0,0,1,0,0,4.958905873822367,0
Pleasure,171.4111138446157,0.63225478332396,394,94.79743657073985,82.16623963965213,1,1,1,0,0,0,1,1,0,0,10.0,1
Pleasure,229.23405517351782,7.6416815947231616,97,98.68358789197933,60.95824624965498,1,1,1,1,1,1,1,1,3,0,7.608064808364154,1
Pleasure,262.475477157593,13.583385856427729,31,106.25559152420644,94.66254927932737,1,1,1,1,1,1,1,1,0,0,5.208796589823473,0
Pleasure,329.4795025606591,8.423558900188482,176,21.298838342981366,163.06721612261106,1,1,1,1,1,1,1,1,1,4,6.805989822800017,0
Business,262.18846918023826,12.283923522978615,110,83.46599586342427,26.25552418552715,1,1,1,1,1,1,1,1,3,1,4.5560010479514075,0
Pleasure,202.52749989552933,19.034521065807283,135,86.62923886910758,5.907867242772396,1,1,1,1,0,1,1,1,0,0,6.832978885785341,0
Business,429.31212004581363,19.006208854295842,38,89.76700731739493,27.53440733132165,1,1,1,1,1,1,1,1,3,0,1.0,0
Pleasure,389.5276398615785,9.040392231465582,12,22.85627632644039,157.9196810818438,1,1,1,1,1,1,1,1,0,0,1.529650374590964,0
Business,352.04611859561913,17.904120114765824,139,23.283135793976435,38.414602378061154,1,1,1,1,1,1,1,1,2,2,1.0,0
Business,287.22394582301723,12.505515916821325,455,119.32906177000575,106.82281771964274,1,1,1,1,1,1,1,1,0,0,2.2071128992403706,0
Business,433.2437668809612,0.7658529712207485,364,17.74806634464738,53.63144844069413,1,1,1,1,1,1,1,1,3,2,8.37407147908463,1
Business,156.46280685242903,16.70556416310298,337,89.36418144787532,182.3609154928255,1,1,1,1,0,1,0,1,0,0,1.0,0
Business,350.61123401100264,19.417269674478227,248,40.326420059553826,198.65769630959446,1,1,1,1,1,1,1,1,2,1,1.0,0
Pleasure,244.9369533892527,0.34821205641018205,123,113.88969691495424,11.603791947233942,1,1,1,1,1,1,1,1,3,6,8.228457976869763,1
Pleasure,308.5367045401905,17.963443898616386,167,79.97830057387002,202.71104857293344,1,1,1,1,1,1,1,1,4,3,7.083721997534032,1
Business,417.6631923299569,17.023501010927244,306,99.48758303150393,5.250867309302949,1,1,1,1,1,1,1,1,6,1,3.011138153182844,0
Pleasure,102.32973369367426,1.8039938874484251,473,39.61980288851124,229.96148512999576,1,1,1,1,1,1,1,1,1,1,8.286940270227277,0
Pleasure,309.0577895196573,14.294752918413627,212,99.35836183910634,46.479409246866396,1,1,1,1,1,1,1,1,2,3,6.678718803900379,1
Business,251.096035515893,13.783474222902456,204,41.17198255375128,203.20404256378148,1,1,1,1,1,1,1,1,0,0,1.0,0
Business,129.3088841905396,10.777209192042854,452,75.40327414422742,13.344498315037255,1,1,1,1,0,0,1,1,0,0,2.6024485214970765,0
Business,79.61124364586814,5.893316138126465,172,94.34047842243002,156.84249213649994,1,1,1,1,0,1,1,0,0,0,5.60810210048291,1
Business,169.91665812990925,15.369909580332067,123,32.64188542566571,40.05959932528309,1,1,1,1,1,1,1,1,5,2,2.284447497120117,0
Pleasure,216.8385986358569,9.12669636777637,407,93.67332029027224,127.59216238902658,1,1,1,1,1,1,1,1,0,4,8.970606073387103,1
Business,444.5761727446534,4.72514168635549,180,67.04388972974427,222.7882501288536,1,1,1,1,1,1,1,1,0,0,4.192545852125339,0
Business,131.822653696958,8.829391574013709,340,30.26741355155168,30.413856743388006,1,1,1,1,1,1,1,1,5,2,6.663734948517358,0
Business,181.98869357290002,7.9944987557032405,417,106.16862075290724,163.7630038537351,1,1,1,1,1,1,1,1,2,0,6.825623579679185,1
Business,230.91038297409395,3.3636771696115475,129,73.43987852420868,149.2617074373867,1,1,1,1,1,1,1,1,6,0,9.32841254935058,1
Business,91.96405876305856,5.202804683026125,99,19.020441816654934,42.02785935681526,1,1,1,1,1,1,1,1,1,0,6.208371660480202,1
Pleasure,427.2814146039923,9.289214837817777,332,60.59812713048129,36.47992021221534,1,1,1,1,1,1,1,1,0,1,2.16509680704797,0
Business,180.58996800180307,16.369796382892456,413,97.16332479326105,114.77205680623132,1,0,1,0,1,0,0,0,0,0,1.0,0
Pleasure,471.11733161263396,11.557004062816077,4,78.68524050615247,12.09861122126204,1,1,1,1,1,1,1,1,2,5,1.0,0
Business,377.96824022457724,1.1611730389816355,108,114.04540303866672,78.07675179079692,1,1,1,1,1,1,1,1,2,1,8.355705292137081,1
Pleasure,107.14809753945927,13.790696493782992,488,17.856272321527772,129.2949103312209,1,1,1,1,1,1,1,1,3,4,7.787213757882721,1
Business,153.55651799760196,8.000645757198882,51,25.738160528454,174.42813598869333,1,1,1,1,1,1,1,1,4,0,3.6778366422119317,0
Business,245.12403178459638,17.487177913250957,434,76.74607407085993,221.06426861622575,1,1,1,1,1,1,1,1,3,1,1.0,0
Business,168.37753307211753,0.9997823615026635,437,37.54657186177954,7.4736871665629785,1,1,1,1,1,1,1,1,6,3,10.0,1
Business,377.1447051222179,12.977778351474942,136,53.38905199387551,65.31158512165722,1,1,1,0,0,0,0,1,0,0,1.0,0
Pleasure,444.31727966845096,14.694256094486297,139,35.91634803358836,119.4643685443073,1,1,1,1,1,1,1,1,5,2,2.010071325070324,0
Pleasure,377.30269678540515,8.922726246068187,301,51.72492855828767,232.07443706364296,1,1,1,1,1,1,1,1,0,1,5.9813968677514335,0
Pleasure,77.69234662276844,16.32118247216547,232,88.76901314632211,232.99323448744732,1,0,0,1,1,0,0,1,0,0,5.127384187156887,1
Business,275.87273903936693,3.8899887605347594,354,76.5283972836407,206.2711006417352,1,1,1,1,1,0,1,1,0,0,7.0700982144732425,1
Pleasure,112.17487458533148,0.1373283440352946,39,24.897455382251035,38.43867303847186,1,1,1,0,1,1,1,1,0,0,6.885004351016756,1
Business,456.9449731711244,4.823312876285819,151,94.19767012075,137.56289683917134,1,1,1,1,1,1,1,1,4,0,6.620914724876485,0
Business,91.31147960490408,2.515137990763896,371,60.89338212124726,43.576476285396495,1,1,1,1,1,1,1,1,2,4,9.572608827224624,1
Pleasure,420.655902593572,14.40882812391504,424,25.55807141915575,110.48348639182613,1,1,1,0,1,1,1,1,0,0,3.0254648058016738,0
Pleasure,445.574331543994,12.667434551887766,321,31.25330832988842,86.98479220970792,1,1,1,1,1,1,1,0,0,0,2.988380003470107,0
Business,284.3435287209256,18.0466278675739,359,36.57950121314978,176.5782563356839,1,0,1,0,0,0,0,1,0,0,1.0,0
Business,271.46646839175924,5.599403208704445,275,27.41420503021265,64.44857186883789,1,1,1,1,1,1,1,1,3,2,7.2201029975589215,1
Pleasure,164.16490094852657,19.596891036631508,285,88.63620756126227,152.64865552986294,0,1,1,1,1,0,1,1,0,0,6.4795306382062625,1
Business,428.7499510092835,13.667017508382603,393,101.25212870106877,214.30935536700696,1,1,1,1,1,1,1,1,2,1,2.3512175474024746,0
Pleasure,266.6505973433611,2.1092414987135966,223,45.64038460495592,89.93328665252191,1,0,1,0,1,1,1,1,0,0,6.664751522498746,1
Business,469.15543224136445,12.448640598145357,437,88.21058532896554,57.717291439032856,1,1,1,1,1,1,0,1,0,0,2.4861699560574904,1
Pleasure,276.5106942551304,1.6429899111091206,316,78.11104291673354,116.01870921391286,1,1,1,1,1,1,1,1,3,4,10.0,1
Pleasure,254.5458165070556,13.548793316722914,228,74.17235671011285,57.92508210025612,1,1,1,1,1,1,1,1,2,3,7.90917235267618,1
Business,355.78683063774207,19.326843928261187,56,56.33977323201907,20.21882625365503,0,1,0,1,0,0,0,1,0,0,1.0,0
Business,400.0776410964875,4.684785924009551,325,78.36036370903554,179.51075497829945,1,1,1,1,1,1,1,1,3,2,6.6796786110593285,1
Business,152.0645769687009,14.365258426260624,303,29.074601743031018,83.72676494554308,1,1,1,1,1,1,1,1,4,3,1.0,0
Pleasure,388.63452270196854,15.472761293905021,164,45.59488116718577,125.77475320942857,1,1,1,1,1,1,1,1,2,0,3.4078117557225482,0
Business,276.4033595707642,18.864828598931183,181,94.80236280284434,208.0032179883683,1,0,1,1,0,1,0,0,0,0,1.0,0
Pleasure,71.84683650817684,15.676973958689896,104,57.74322924422977,196.23527018663546,1,1,1,1,1,1,1,1,4,2,4.632297423604749,0
Business,235.0755003958813,18.06374651559498,29,82.5693487099182,27.65852011344907,1,1,1,1,1,0,0,1,0,0,1.0,0
Pleasure,489.85502980916976,1.00262748312953,424,48.68507832755382,43.61792237196249,0,1,0,0,1,1,1,1,0,0,1.955106788357,0
Pleasure,464.42855056383587,17.525845714999765,417,67.46136575250202,110.8994575988483,1,1,1,1,1,1,1,1,1,4,1.8647619420426564,0
Pleasure,274.1140626444136,3.8182796810663944,26,97.20646448755892,63.64072408901176,1,0,0,0,1,1,1,1,0,0,5.709514465132932,1
Pleasure,378.5629768594404,3.860749070350651,479,99.51127952745806,111.67091892736939,1,1,1,1,0,1,1,1,0,0,7.577280154669037,1
Pleasure,376.7447400765522,14.948372019941571,289,73.4152281771028,236.38097848164023,1,0,1,1,0,1,1,0,0,0,3.5331783874757985,0
Pleasure,305.2314493070582,4.942873638597815,202,102.73814427699259,85.16902301491395,1,1,1,1,1,1,1,1,4,3,7.593720848816633,1
Pleasure,147.40462488842874,14.73992137723746,38,69.04575041792573,226.57276202228235,1,1,1,1,1,1,1,1,2,2,5.197813554628471,0
Business,390.47318096878644,4.094189347070736,446,37.148181199659625,72.86569902767079,1,1,1,1,1,1,1,1,0,0,4.8948672685241235,0
Business,166.38066019635,1.7287087341438134,61,89.18514285670035,102.21089543783158,1,1,1,1,1,1,1,1,0,1,7.041080845624285,1
Business,311.6596055756924,11.446515979721513,176,115.75974441871455,175.14692173079607,1,1,1,1,1,1,1,1,3,0,4.487633709608365,0
Business,327.1925090708197,0.8685062018644607,466,84.4773209650656,133.43601579227172,1,1,1,1,1,1,1,1,1,3,8.892520243094541,1
Business,418.7692187555618,6.683643379043307,430,35.16022208795409,106.6523158552328,1,1,1,1,0,1,0,1,0,0,4.68287267996429,0
Business,230.2494471523463,5.878069942057229,114,99.7560307406855,98.28581899471705,1,1,1,1,1,1,1,1,1,1,6.59534620799942,0
Pleasure,76.16235208075474,2.1893361221951646,461,81.54612830733784,129.9718365007754,1,1,1,1,1,1,1,1,6,2,9.223524055753805,1
Business,429.90596464045836,6.852096463751838,397,63.95547834149682,201.16568113649802,1,1,1,1,1,1,1,1,0,0,4.807189683103742,0
Pleasure,240.31741889786161,11.354616525988359,86,57.77427506215352,189.13049274744506,1,0,0,1,0,1,0,1,0,0,6.387059670230513,0
Pleasure,172.63202781710064,2.5337882640948406,25,107.62287401432958,31.280373216393766,1,1,1,1,1,1,1,1,5,3,7.765290187652486,1
Business,137.90713308997076,0.06139938177635029,319,47.134690294501674,218.43879386936243,1,1,1,1,1,1,1,1,2,0,7.173409257040343,0
Business,116.67192036344505,8.975377140138184,276,39.95183999906633,111.57317850035125,1,1,1,1,1,1,1,1,1,0,3.4900541359273247,0
Business,401.224693415462,10.972232058698006,57,115.32260963741366,221.03269355422782,1,1,1,1,1,1,1,1,4,0,2.8161032494353853,0
Pleasure,225.06028469003502,4.984228982839991,356,107.13211928681055,230.91301686247135,1,1,1,1,1,1,1,1,0,1,10.0,1
Pleasure,89.2927050371019,15.87015085938311,280,113.53996239016713,37.056009100805035,1,1,1,1,1,1,1,1,0,0,7.785474945241366,1
Business,134.12379257941183,10.47996966473939,192,96.602216867195,180.69425797498099,1,1,1,1,0,0,1,1,0,0,2.746003327274008,0
Business,169.07296736798347,6.421669785248101,90,60.73112189603879,162.4877464006054,1,1,1,1,1,1,1,1,1,2,5.811502206122934,0
Pleasure,470.0067658791181,0.5787382686076636,439,113.66222409234014,193.88025944685492,1,1,1,1,1,1,1,1,3,3,4.891108679801409,0
Pleasure,428.1932463172139,1.9038580834524321,467,93.8631142239222,153.25023845475786,1,1,1,1,1,1,1,1,2,0,7.0596434768436,1
Business,309.3598694097313,6.112499864386427,468,71.04997771149228,226.8936979537683,1,1,1,1,1,1,1,1,1,1,6.769820980523075,1
Business,367.66434481094234,0.11092609422284738,482,46.65309774831877,141.70563957800982,1,1,1,1,1,1,1,1,3,2,9.821432108955218,1
Pleasure,408.94867083444893,11.12170154735151,331,56.0889380014427,210.63113277774053,1,0,1,0,0,1,1,1,0,0,5.3755568088186,1
Pleasure,252.58493879035674,8.705268036561842,23,83.03166615712533,10.683992913744834,1,1,1,0,0,1,1,1,0,0,6.554512817168624,0
Business,306.5738399674902,5.20795414249503,365,81.80360857594137,187.6142154442394,1,1,1,1,0,1,1,1,0,0,4.64444176886111,0
Pleasure,137.0595083506744,3.2869674339863564,426,32.4467859626821,35.84585706049489,1,1,1,1,1,1,1,1,5,3,9.710782799505745,1
Pleasure,493.0940656062578,1.2157426562462126,357,36.00433201972024,239.26793799929794,1,1,1,1,1,1,1,1,2,3,1.6447676613100497,0
Business,250.1721434661387,8.148383247773115,401,16.68985618316132,51.15341979066623,1,1,1,1,1,1,1,1,6,2,5.219722799854678,1
Business,139.01496722853702,4.184247051753454,116,103.49252533010085,29.48690998105798,1,1,1,1,1,1,1,1,6,3,7.918557726853786,1
Pleasure,210.74812424414964,13.498411447527934,197,83.1850175756833,149.21720248340753,1,0,1,1,1,1,1,1,0,0,7.271863627573669,1
Pleasure,354.37749037977693,12.299317521952634,49,80.5182491705019,75.44556090209831,1,1,1,1,1,1,1,1,3,0,4.466928257657697,0
Pleasure,489.73310654465234,7.734400532437704,156,79.5397100026833,123.36081900897544,1,1,1,0,1,1,1,1,0,0,1.0,0
Pleasure,232.31918791183696,7.204961148298475,157,115.5447782541869,207.94790967483468,1,1,1,1,1,1,1,1,3,3,8.63461435068762,1
Business,366.2961073590529,16.701015616149853,500,98.7053600519097,146.14196944187265,1,1,1,1,1,0,0,1,0,0,1.0,0
Business,411.9709871406844,18.757595381716637,120,33.283389554979784,229.74749291261904,0,0,0,1,1,1,0,0,0,0,1.0,0
Pleasure,298.8249450300191,8.656059176208926,355,31.381348734275072,173.7191526809845,1,1,1,1,1,1,1,1,0,0,7.090898366099075,1
Business,146.0511226498653,18.694479663181315,291,27.674300303068705,177.7017501596336,0,1,1,0,0,0,0,1,0,0,1.0,0
Pleasure,400.39723225613614,1.4195028744288352,365,39.83562423050453,44.882452949545616,1,1,1,1,1,1,1,1,1,6,6.322391845309083,0
Business,283.8805563943907,10.927017509156284,302,28.117585500000278,207.12061454014676,1,1,1,1,1,1,1,1,0,0,1.358114704915285,0
Business,496.6394500663657,7.714234532900919,352,65.45629637730384,75.74691440990148,1,1,1,1,1,1,1,1,6,2,4.4207335446606795,0
Business,488.026607108391,16.64520806545604,112,28.058791774537795,86.81191354846797,1,1,1,1,1,1,1,1,6,1,1.0,0
Pleasure,343.6593718202956,2.4884732133975307,236,68.20924335798976,94.02891123497265,1,1,1,1,1,1,1,1,5,3,7.28287588224454,1
Business,354.8558016025182,19.92985982186257,181,50.446450531287994,74.9222807590313,1,1,1,1,1,0,0,0,0,0,1.0,0
Pleasure,438.8534380970073,5.804697149905289,167,25.707005005929414,62.14081565102989,1,1,1,0,0,1,1,0,0,0,1.0,0
Business,236.80946208058643,2.1493708837979475,117,57.32621888282098,144.7107384129565,1,1,1,1,1,1,1,1,7,2,8.719293467673614,1
Business,476.5906120456871,1.2500337448999188,247,88.75662075864074,65.09871866300175,1,1,1,1,1,1,1,1,6,3,10.0,1
Business,267.42624026701395,12.602126581893003,157,67.21094130917048,199.33244527719634,1,1,1,1,1,1,1,1,3,4,3.206299096024285,0
Business,458.3877281825422,10.2978861168277,371,53.71616729550706,141.73507851934966,1,1,1,1,1,1,1,1,2,1,2.4349289150168847,0
Business,287.45495323773866,9.397030961523976,308,15.453795513533079,239.736384814795,1,1,1,1,1,1,1,1,3,1,3.717155462163592,0
Pleasure,143.32172346561327,5.475536830025596,370,77.82989799221323,137.56595583189642,1,1,1,1,1,1,1,1,2,5,9.957969779148243,1
Business,84.29634060447843,0.44297416563563674,375,67.79651573318631,63.31405293151311,1,1,1,1,1,1,1,1,6,2,9.808156924413312,1
Business,171.9766705154216,8.668333750007527,327,81.82326193308269,206.70888975988754,1,0,1,0,0,0,1,1,0,0,2.8475754637703297,1
Pleasure,386.61645711621674,4.874577955297412,288,66.43454525919458,41.94582647449052,1,1,1,1,1,1,1,1,6,3,7.994949231695376,1
Pleasure,71.11056989250997,12.929386410215848,189,22.670522981302675,119.43617265726338,1,1,1,1,1,1,1,1,1,1,5.31616363299874,0
Pleasure,407.7121020337424,16.21444076099243,399,58.947298042236675,101.46060405545556,1,1,1,1,1,1,1,1,2,2,5.200069728321921,0
Pleasure,101.30480270223102,11.775319987942993,31,119.25968981686572,87.04638285887036,1,1,0,0,0,1,1,1,0,0,5.571058453678723,0
Business,467.07994586659754,9.347797172290225,57,29.44545957757573,231.11515490586535,1,1,1,1,1,1,1,1,6,2,5.019552300379074,0
Pleasure,278.77303706417575,6.935676693098511,375,26.50651329226064,229.3181382939708,1,1,1,1,1,1,1,1,0,0,6.7741210494406205,0
Pleasure,324.3081814520786,17.788884517792724,48,50.13885278529636,106.48501127583418,0,0,0,0,1,1,1,1,0,0,3.0684369100963416,0
Pleasure,276.01744620008566,19.982606865487828,12,30.59625573725295,122.3795547978013,1,0,0,1,1,1,1,1,0,0,3.1635246213189983,0
Business,366.7906921748555,4.484467684865347,182,41.04085506113353,36.862710681945856,1,1,1,1,1,1,1,1,5,3,6.818649502549169,0
Business,463.3319083198449,7.296861295424493,219,119.55465878983696,53.44898046537953,1,1,1,1,1,1,1,1,3,4,7.726416854965578,0
Pleasure,130.36086259217464,6.817939546994733,74,62.47263154178511,116.86318161326693,1,0,0,1,0,1,1,1,0,0,7.020230761427873,0
Pleasure,66.71053240081508,7.761969071213848,29,30.969025068053845,83.67413031167352,1,1,1,1,1,1,1,1,4,2,4.6913152801606,0
Business,455.50786487260615,13.359621679244128,130,57.591501775693224,223.18736056228016,1,1,1,1,0,0,0,1,0,0,1.0,0
Pleasure,202.90140012364145,15.932184511919349,59,33.46422192752992,130.10259850571293,1,1,1,1,1,1,1,1,0,3,5.774657716551432,1
Business,370.4595681280043,3.598128292522631,238,39.28733570305547,15.500724030248138,1,1,1,1,0,1,1,1,0,0,6.706906038843834,0
Business,383.24922315997384,3.4060787587082264,419,53.02740833552036,237.21474047655255,1,1,1,1,1,1,1,1,5,3,6.790460133896979,1
Pleasure,206.70795582188327,14.183676420263627,194,89.43746193489997,137.53986829795585,1,1,1,1,1,1,1,1,2,3,7.300656162143232,1
Business,403.1725789110163,19.55872343324213,372,58.26347781995748,83.17619170522178,1,1,1,1,1,1,1,1,3,1,1.0,0
Business,114.69608460572692,6.776560147947057,13,112.02130966833991,63.13139708352342,1,1,1,1,1,1,1,1,6,1,7.18392892892607,1
Pleasure,282.35740222732557,17.541470697517695,352,69.83342303874652,238.6444289940208,1,1,1,1,1,1,1,1,0,0,7.881068459888673,1
Pleasure,460.2907150943056,8.96235110891868,401,45.920601637844705,64.2777008841693,1,1,1,1,1,1,1,1,2,4,4.00996316121137,0
Pleasure,486.8608242904218,16.34928203555048,130,64.93845385239757,193.9602141659261,1,1,1,1,1,1,1,1,0,3,1.0,0
Business,252.7897471770545,4.3789714779676885,306,75.20400593093444,46.7820523762922,1,1,1,1,1,1,1,1,6,1,9.000725688651539,1
Business,348.5528167320069,2.9333608283538815,48,52.698056747271465,136.90922597314588,1,1,1,1,1,1,1,1,7,1,8.090659505119854,1
Business,496.22964805210415,0.8330004464693941,342,94.74571969115686,73.47960447684353,1,1,1,1,1,1,0,1,0,0,7.316990197434418,1
Pleasure,242.59393103764862,4.688896548713148,293,95.84338981432225,47.01623065269623,1,1,0,1,1,1,1,1,0,0,8.917797759517114,1
Pleasure,316.4411994011059,4.809434240165675,493,38.76891990128394,35.846677289625575,1,1,1,1,1,1,1,1,2,1,10.0,1
Business,352.0147573911314,2.666613303058507,112,95.5348561341286,75.82386087731074,1,1,1,1,0,0,0,1,0,0,5.421341390374806,1
Business,381.36870751935635,5.113383684564681,153,26.945433912223365,196.3324963754328,1,1,1,1,1,1,1,1,3,1,5.115564823322034,0
Pleasure,334.3611045585426,12.135581838045962,239,87.65603749127393,93.96829285883068,1,1,1,1,1,1,1,1,6,2,8.755307508170503,1
Business,263.0526790695389,17.4165997250225,487,50.87224665024426,73.60985596091587,1,1,1,1,1,1,1,1,5,1,1.0,0
Pleasure,330.76618413471056,19.748087031083067,63,101.09488686287362,75.49421050597124,1,1,1,1,1,1,1,1,3,4,5.257369353355543,0
Business,183.25728783302898,0.34181768154770253,44,74.79463627203839,238.92756622117477,1,1,1,1,1,1,1,1,3,0,7.929345039228917,1
Pleasure,235.9738612215561,2.8743999286382516,139,22.821687708229614,26.15668802788247,1,1,1,1,1,1,1,1,1,1,7.009096812274237,1
Pleasure,169.84164620017532,13.454493374299531,4,32.45398922194994,235.628862297528,1,1,1,1,0,1,1,1,0,0,4.72256147267884,0
Pleasure,447.9137407521765,19.697838393766258,111,92.403994329687,78.1296807531092,1,1,1,1,1,1,1,1,0,1,1.1638675351326784,0
Business,288.14007897589244,11.541425621857924,453,24.69170425528229,223.67504846393493,1,1,1,1,1,1,1,1,1,0,1.0,0
Pleasure,355.3962351054775,11.807743054572398,85,60.00782554276182,200.18167658042935,1,1,1,1,1,1,1,1,0,3,4.408460344784066,0
Pleasure,420.90060546434546,12.108829490282485,60,96.92478154287298,131.6488747033286,1,1,1,1,1,1,1,1,5,0,2.2950930902615676,0
Business,287.25116937151273,14.309225144127367,428,45.24115467975571,174.91435183683296,1,1,1,1,1,1,1,1,4,0,1.6731092062547765,0
Business,179.6918896744558,3.8736753017315806,344,64.50517099501452,103.73546721140917,1,1,1,1,1,1,1,1,2,2,6.925500693043304,1
Pleasure,224.163395980343,2.306970699820723,405,51.42317813958418,29.119579799053135,1,1,1,1,1,1,1,1,0,3,9.252284335151582,1
Business,101.41753214550369,1.7977541087211102,323,103.78382566647794,215.7545567424954,1,1,1,1,1,1,1,1,8,1,9.35196715136661,1
Pleasure,81.92325215856049,14.41147345011855,45,37.266576906217196,152.86674777855248,1,1,1,1,1,1,1,1,3,0,4.6839605180441755,0
Pleasure,213.7332928187149,1.8936790319351848,500,64.9302036441884,54.27660178985885,1,1,1,1,1,1,1,1,3,2,9.502693792083633,1
Pleasure,205.69086386206789,19.822871710025172,12,111.70345548613136,79.40726031670124,1,1,1,1,1,1,1,1,3,0,7.686343283953713,1
Business,332.4361677956946,1.8697457100928805,489,44.44680130433431,209.1179534832165,1,1,1,1,1,1,1,1,0,0,6.3899365164932025,1
Pleasure,430.900719332957,10.85739880707594,109,46.21295296529384,107.51452854914538,1,1,1,1,1,1,1,1,2,4,3.0587211999705426,0
Pleasure,268.3885981841576,16.07427802027569,283,106.30747009362152,165.39656487015833,1,1,0,1,1,1,0,1,0,0,6.228291685900637,0
Pleasure,445.64481755077196,4.730890573296362,187,46.95073655965509,79.2730680806028,1,1,1,1,1,1,1,1,3,1,2.40110200923552,0
Business,264.9490038491512,10.61506556835923,240,37.22466565453173,42.661376259927984,1,0,1,1,0,1,0,1,0,0,1.0,0
Pleasure,115.22397059528323,4.974529987012946,120,96.05611512540956,125.87920302025849,1,0,1,1,1,1,0,1,0,0,7.329237805195637,0
Business,411.70679974365305,1.1013135426420417,288,57.37242449525765,58.801413211394554,1,1,1,1,1,1,1,1,5,4,8.804440978054583,1
Business,181.9593205139103,11.757394564663343,346,91.8881822700551,197.4857751620973,1,1,1,1,1,1,1,1,0,0,1.5792105269962264,0
Pleasure,212.05340337257698,11.98308722012575,484,83.50987610464357,20.888262747161356,1,1,1,1,1,1,1,1,2,5,9.680263419348025,1
Pleasure,393.17984365067036,5.603525317508442,374,62.535989339256744,56.013504131288094,1,1,1,1,1,1,1,1,0,2,5.8758557124174535,1
Pleasure,136.40603329592008,17.82822951197628,120,118.52379301099751,124.13356144322884,1,1,1,1,1,1,1,1,1,0,6.206683977006555,1
Pleasure,415.33629405567797,1.6539427183688749,435,108.42366767831342,205.1992722448796,1,0,1,1,0,1,1,1,0,0,6.634259512532048,1
Business,434.642570437606,15.289276905166469,358,56.2217145424231,219.38158322790585,1,1,1,1,1,1,1,1,1,0,1.6490418498561412,0
Pleasure,299.77455023429894,15.575080515547683,56,54.61566752953543,120.34259703943742,1,1,0,1,0,1,1,0,0,0,4.289970147898459,0
Pleasure,66.40064304818176,10.69294667830982,23,19.182985166638396,84.70921001298588,1,1,1,1,1,1,1,1,0,5,5.113139634185865,0
Business,118.0526688518015,8.752534750368916,78,51.87020611282107,129.78169543213534,1,1,1,1,1,1,1,1,0,1,4.7700759917848705,0
Business,424.01557779992083,19.313323895491976,313,47.09794241722152,47.98475183201814,1,1,1,1,0,1,0,1,0,0,1.0,0
Pleasure,292.7777398113998,9.696626872107801,220,37.890557998367875,14.830333549022242,1,1,1,1,1,1,1,1,1,1,6.098406182752951,0
Pleasure,260.12935014313877,12.720505114388382,32,55.76470622886679,65.12389303092579,1,1,1,1,1,1,1,1,3,1,6.067661759612401,1
Pleasure,239.3421746753938,2.2794739599731573,270,83.17885084544456,145.0918830165828,1,1,1,1,1,1,1,1,2,1,8.489276012091915,0
Business,456.9995324379816,3.5503278045300934,299,30.661798602054674,138.06297411558097,1,1,1,1,1,1,1,1,4,3,7.389644053984211,1
Pleasure,397.2292402521537,15.418894309319665,45,18.281677966381643,142.75597101270364,1,1,1,1,1,1,1,1,2,1,1.0,0
Pleasure,135.97677782514998,3.7469292166695545,335,22.122452362715997,21.07003849628696,1,1,1,1,1,1,1,1,0,0,7.822025010293907,1
Business,168.0909848084049,8.975066241827879,132,33.82097102750225,239.08211231157094,1,1,1,0,1,0,0,0,0,0,1.9487853660947614,0
Business,486.9257163797438,14.706564581631465,31,71.05977686908855,128.25197079872902,1,1,1,1,0,1,0,1,0,0,1.0,0
Business,220.51092245620742,19.253568708793832,461,48.05288855502033,33.710937363505785,1,1,0,0,0,0,0,1,0,0,1.0,0
Business,392.81969871368307,0.6201046812218936,313,52.35615079386366,209.32599372933922,1,1,1,1,1,0,0,1,0,0,6.283059337167163,0
Pleasure,386.5471251429067,15.251572310474721,183,96.40137054051586,145.0888006968076,1,1,1,1,1,1,1,1,1,2,4.4319359354399355,0
Pleasure,408.2977548884936,17.206266774530462,482,105.97052115701587,148.81525288713675,1,1,1,1,1,1,1,1,0,1,5.24554236996854,0
Business,445.54713102792226,5.788989858173402,251,60.47354049092949,40.32065830972808,1,1,1,1,1,1,1,1,4,2,6.851306810493728,0
Business,221.91076317517516,13.012086801118416,364,17.95240142681696,27.437294198873865,1,1,1,1,0,1,0,1,0,0,1.0,0
Pleasure,329.39221084332536,17.98232164505292,305,51.39899452333573,159.75522964556373,0,0,0,1,0,1,0,1,0,0,5.46393354986495,1
Business,289.2681745342358,1.1617110081892679,123,45.74427291150277,92.78353853625642,1,1,1,1,1,1,1,1,2,0,8.132210036476817,1
Business,220.45454126601132,9.737374191939598,489,56.65630286717116,39.91644372860465,1,1,1,1,1,1,1,1,0,0,3.1956229466948587,0
Business,278.3966164046332,17.218362159392356,234,117.45822163620245,231.2019475694003,1,1,1,1,1,1,1,1,2,2,1.0,0
Business,263.28875203621095,4.975343300717936,477,77.00768996972835,58.23219795408528,1,1,1,1,1,1,0,0,0,0,7.610926479368011,1
Business,177.8258331382879,1.9620194318652606,407,119.11319604148933,157.55225076042368,1,1,1,1,1,1,1,1,4,0,8.093285323456527,1
Pleasure,309.6537637829674,10.621454933833485,65,44.73254639626733,223.38220187222282,1,1,1,1,1,1,1,1,1,0,4.219767613232648,0
Business,443.1420521347334,1.3224641183130537,269,53.44240107735201,190.57557259917817,1,1,1,1,0,0,0,1,0,0,6.538550960960334,1
Business,172.28792519135175,0.39235336854472,333,45.513776008699196,73.52497236003578,1,1,1,1,1,1,1,1,7,1,10.0,1
Pleasure,430.38270219106334,4.144355698717794,231,60.86441553976938,188.14498543902576,1,1,1,1,1,1,1,1,0,0,3.3440904250330235,0
Business,268.74038604843287,18.385157643439275,436,54.55807351392345,37.20180109851798,1,1,1,1,1,1,1,1,4,1,1.0,0
Pleasure,213.0014896686611,17.575645643178966,192,105.71810640707787,188.91238435412865,1,1,1,1,1,1,1,1,2,2,6.800882700192915,1
Pleasure,181.59589612529538,1.3496020896000571,258,42.74127485979292,134.27326240784043,1,1,1,1,1,1,1,1,3,3,8.319992192487646,1
Business,458.16275823640734,12.950994615997216,357,119.78689979280432,189.84004560281483,1,1,1,0,1,1,0,0,0,0,1.337765695874895,0
Pleasure,353.0662466973121,4.91754260675714,251,95.85786158810073,103.02511787036299,1,1,1,1,1,1,1,1,1,6,6.58707038217769,0
Business,333.0101339358887,1.5332901906240592,258,80.25515240286884,61.13306526910667,1,1,1,1,1,1,1,1,0,0,8.533757993050294,1
Business,388.64980599423234,9.325568382709799,231,106.77846468845001,14.210798959439146,1,1,1,1,0,0,0,0,0,0,3.5322659249437924,0
Pleasure,125.56567284417126,3.914444517940878,46,45.31475196742407,152.61854218051343,1,1,1,1,1,1,1,1,2,5,6.74123284023369,1
Business,118.75779939887157,0.14873427433509834,98,95.74755230122955,31.54297034598774,1,1,1,1,1,1,1,1,1,2,8.974575001386713,1
Business,327.06519040258377,13.088465892017636,267,32.546952678556494,75.72320014063182,1,1,1,1,1,1,1,1,1,0,2.078712943062239,0
Pleasure,499.5821759749104,1.7869258406247424,233,60.95675131236795,59.06343679137367,1,1,1,1,1,1,1,1,1,0,1.5992732252210442,0
Business,93.10094079859891,10.356297372764786,32,19.151976932882736,17.23692925274446,1,1,1,1,1,1,1,1,6,1,2.9621181137831725,0
Business,380.488326837125,19.64210687426673,488,38.41632467689483,104.4193857024245,1,1,1,1,1,1,1,1,1,1,1.0,0
Pleasure,154.02968052714706,2.701403648275673,480,105.71864300086588,136.39846103515634,1,1,1,1,1,1,1,1,2,6,10.0,1
Business,398.78849733630284,9.026936966096963,291,36.20302329256091,179.66128992301518,1,1,1,1,1,0,0,1,0,0,2.228074763294429,0
Business,71.36943582416392,2.127886983169942,356,75.15303608161213,164.67039616860248,1,1,1,1,1,0,0,1,0,0,6.127613630022861,0
Business,262.00487265750206,7.731874573049787,404,45.707647995912026,11.91284842692677,1,1,1,1,0,1,0,1,0,0,4.2010546587845425,0
Business,469.16081482429126,4.162077719526611,490,36.82407785221714,17.919255764609325,1,1,1,0,0,1,0,1,0,0,4.246209815823639,0
Business,305.0073102473781,12.867535921309774,175,97.00947391955718,77.65955824025895,1,1,1,1,1,1,1,1,1,0,1.8150043303165813,0
Business,133.9425247834181,12.382899903699053,20,104.45361241053182,7.289673550702992,1,1,1,1,1,1,0,1,0,0,2.2751105801218237,0
Business,343.6467281884878,12.821126545600517,357,49.6669648002944,224.28337330172977,1,1,1,1,1,1,1,1,1,0,1.0,0
Pleasure,408.3188235510124,17.2159164767175,161,57.57687219989947,209.0783759337285,1,1,1,1,1,1,1,1,2,3,3.0457275211519517,0
Business,405.4469003955437,13.346878604071508,131,111.1294147460338,227.22421170031308,1,1,1,1,1,1,1,1,3,4,3.4133760318055604,0
Pleasure,482.86646597523855,15.808726680431082,99,67.43253652486385,7.705300367702866,1,0,0,0,1,1,0,1,0,0,1.0,0
Pleasure,164.37574595217043,2.9544024220687826,350,28.170514226447477,16.02832204491891,1,1,1,1,1,1,1,1,4,1,8.450466354560133,1
Pleasure,88.80181061650423,0.16893075885882292,122,54.997314137326214,89.13228240199518,1,1,1,1,1,1,1,1,2,5,6.700748165109701,0
Pleasure,113.190671333619,2.997904031776173,160,48.144922172204865,58.81010485429734,1,1,1,1,1,1,1,1,0,0,7.293330302481768,1
Business,323.4779191767653,1.4818610040936164,258,61.94672854281723,221.950041346595,1,1,1,1,1,1,0,1,0,0,6.300522421770025,0
Pleasure,259.10979878732803,17.181023206331982,354,72.19915314923847,65.75440370186239,1,1,1,1,1,1,1,1,4,3,7.836730207672211,0
Business,386.73038928048436,12.720202369202443,476,60.94659852588804,199.10041378602597,1,1,1,1,1,1,0,1,0,0,1.0,0
Business,118.16691815664144,11.678220883016419,123,117.5409917342803,202.35649389626542,1,1,1,1,1,1,1,1,6,0,4.724240893316269,1
Pleasure,432.4629140042036,5.468864738519484,325,92.51239663829834,76.56201060226459,1,1,1,1,1,1,1,1,5,3,5.5970154609136795,0
Business,237.45699046966092,11.748539977399563,384,110.2841438124661,107.74430407990722,1,1,1,1,0,1,1,1,0,0,2.4465582170092484,0
Business,167.99514902683407,18.596074898083145,332,65.9669574575658,212.24100065586737,1,1,1,1,1,1,0,1,0,0,1.0,0
Pleasure,139.38848674168497,19.366564609102358,171,110.43092307728202,173.88383314714474,1,1,1,1,1,1,1,1,0,0,6.767459816287565,1
Business,340.49218839993017,19.07396542724883,310,64.76324391906331,41.7556433946332,1,1,1,1,1,1,1,1,3,0,1.0,0
Business,274.6393385796974,15.213569758582203,92,64.00163630343825,70.13347736666314,1,1,1,1,1,1,1,1,3,1,1.104975332945547,0
Business,313.0025602321066,8.681072772270353,138,48.549209449316606,9.86991914559197,1,1,1,1,1,0,1,0,0,0,3.268746719099448,1
Pleasure,233.17853421754518,9.854061670850276,70,65.0589467855907,167.5434324160663,0,0,1,1,1,1,1,1,0,0,6.456734166361247,0
Pleasure,244.73147332950265,14.595384953682693,413,99.18945339090038,216.95447256407024,1,1,1,1,1,1,1,1,1,2,9.345929680351361,1
Pleasure,259.52316721432965,13.120761386393582,327,54.74387331442732,115.37441542718057,1,1,1,1,1,1,1,1,4,0,8.97893164253644,1
Business,375.76460362010585,15.064656316267866,395,68.55420306762551,223.3759550482078,1,1,1,1,1,1,1,1,4,1,2.7025230063795442,0
Business,212.6171441133299,14.062397885295148,206,113.55527264924717,180.74937651938933,1,1,1,1,1,0,0,1,0,0,1.9955350414088466,0
Pleasure,424.66174021940685,7.781274520795172,388,65.97406409365902,207.84677347900382,1,0,1,0,1,1,0,0,0,0,4.273574991894286,0
Business,192.42007493272558,12.354845111029839,122,85.09513858817208,204.21808876595742,1,1,1,1,1,1,1,1,1,0,1.2688586528110029,0
Business,152.620714051117,16.886465757770523,172,56.230148952999144,63.15183948984829,1,0,1,1,0,0,0,1,0,0,1.0,0
Business,263.67146426157757,10.742549545771034,487,72.3697577410891,111.0012756043142,0,1,1,1,0,1,0,1,0,0,2.849730040231223,0
Business,495.81764928418323,5.612311040337006,21,102.00937343428137,36.62616091741706,1,1,1,1,1,1,1,1,3,0,7.679401197248398,1
Pleasure,138.89760550209724,9.808832326232553,386,94.9930910392197,217.29602104884313,0,1,1,1,1,1,1,0,0,0,8.098982158288049,1
Business,261.1459296324362,15.001272680269206,199,44.27790676018928,180.23613811916877,0,0,0,1,0,1,1,1,0,0,1.0,0
Business,169.24495170024537,13.779039518592885,109,55.14997285584464,48.11811133811897,1,1,1,1,1,1,1,1,0,0,1.6619723851714274,0
Business,308.9305040627605,9.108853377974462,230,61.27011704965654,178.59297243159912,1,1,1,1,1,1,1,1,0,0,4.152099136877344,0
Pleasure,466.2692329386613,9.350753191506113,113,104.92740286283811,37.34224937811058,1,1,1,0,1,0,1,0,0,0,1.5432149897068073,0
Pleasure,185.47993550855742,17.52546869374672,438,119.80493118465223,135.95837956912513,1,1,1,1,1,1,1,1,0,0,7.832989143181022,1
Business,73.77017625459371,1.0823853922315485,166,53.769831668794794,71.55611667908113,1,1,0,1,0,1,0,1,0,0,6.174175988222929,1
Pleasure,375.3080444120254,7.925857787002048,303,90.32176548223836,107.37540640501095,1,0,1,1,1,1,1,0,0,0,6.346309115283939,1
Pleasure,327.7420658582869,18.384606489217962,289,37.832216212962784,180.65022890143726,1,1,1,1,1,1,1,1,5,1,5.270559613102623,0
Business,189.5074640123453,6.311468836842266,331,77.75377916024901,30.5959347112749,1,1,1,1,1,1,1,1,3,0,6.147893340360422,1
Pleasure,424.9175313327857,0.3290158938249532,26,89.47933962009259,226.60526185918107,1,1,1,1,1,0,1,1,0,0,4.891386016480824,0
Pleasure,200.68629602781434,15.96738248005433,247,29.652573542282898,231.72740939062427,1,1,1,1,1,1,1,1,1,1,7.391587111323379,0
Business,284.9047046679727,6.457756187814896,114,55.174550095751904,10.075966086009883,1,1,1,1,1,1,0,1,0,0,4.909071157084298,0
Business,467.7338607420134,6.369501705868979,387,104.40594065865729,109.44389344693643,1,0,1,1,1,1,0,0,0,0,4.557875515931149,0
Business,173.37071076426372,19.517928051487605,395,115.18964552826905,222.07721640638678,1,1,1,1,0,0,0,1,0,0,1.0,0
Business,465.3479471594936,7.3794898158752575,226,39.72321718346301,203.14251347214858,1,1,1,1,1,1,1,1,4,3,4.8005747347438765,0
Business,103.87564373280658,11.174129587692004,67,74.70309890383713,110.70244841497548,1,1,1,1,1,1,1,1,3,2,3.3575703027225616,0
Pleasure,329.536060059211,18.05592501006761,496,23.16515135534713,13.714875640138937,1,1,1,1,1,1,1,1,0,0,6.681243316222619,0
Pleasure,390.5822270902526,10.46602688510834,361,119.50952196433296,51.175519750441254,1,0,1,1,1,1,1,1,0,0,7.178218416191252,1
Business,245.44923566613343,13.059432932901956,422,33.593852755663264,168.36272138240585,1,1,1,0,0,0,0,1,0,0,1.0,0
Pleasure,87.85875374101295,1.5729916024071655,265,85.5102149856364,75.21456161820969,1,1,1,1,1,1,1,1,4,3,6.265877164225726,1
Pleasure,470.1916175058204,4.165335186497494,311,86.59694956981001,151.45558622723277,1,1,1,1,1,1,1,1,1,1,3.1319125814559263,0
Pleasure,282.9010611977546,16.95651662564297,143,103.81533995817148,23.21310247131543,1,1,1,1,1,1,1,1,2,2,6.764710536928387,1
Pleasure,432.11815840310624,18.964158947566574,78,92.2762081256506,7.047814633492181,1,1,1,1,1,1,1,1,2,0,1.0,0
Pleasure,243.02647383304273,7.773505203142779,118,82.50626099096864,73.02625297214207,1,1,0,1,1,1,1,1,0,0,8.47816570721091,1
Business,397.11156319928824,18.032958343170257,327,109.6901194393787,100.5741803804013,1,1,1,1,1,1,1,1,1,1,1.170002689532747,0
Business,331.6938753376344,7.449475818712181,158,50.41337967460356,103.24829071702796,1,1,1,1,1,1,1,1,2,0,5.701733544979487,0
Pleasure,399.57242988037075,8.218705222712984,88,42.88461198349441,49.999087236770215,1,1,1,1,1,1,1,1,0,2,2.73497063997996,0
Pleasure,105.78365602012569,18.440330744859615,369,51.62260160595557,34.41445679430828,1,1,1,1,1,1,1,1,1,2,7.030281405396295,1
Business,402.1207640633997,5.0517460433412715,485,56.12776495195024,220.99521055523252,1,1,1,1,1,1,1,1,7,2,6.258855537389171,0
Business,282.4343853793165,12.348823375629806,254,53.93910656793488,153.96543237718794,1,1,0,1,0,0,0,1,0,0,1.668339321715366,0
Business,77.87051099563477,10.209959884918284,344,119.44596401335333,35.09978216241502,1,1,1,1,1,1,1,1,1,0,4.237554922296278,0
Business,327.45669905409795,7.13044687413896,185,18.58908689989911,80.83034911182872,1,1,1,0,1,0,1,1,0,0,4.635515767528581,0
Business,177.129017461303,14.170129185417599,34,18.216214942939555,49.723137604157046,1,1,1,1,1,1,1,1,4,2,1.0,0
Business,363.11390982931675,12.694254700736824,227,87.59837647793816,53.79043874572772,1,1,1,1,1,1,1,1,3,0,3.3242917542648325,0
Business,166.51626091511648,7.265822791675028,351,108.97125993517137,97.8108612155971,1,1,1,1,1,1,1,1,6,0,6.69044757583937,1
Pleasure,433.2279996074449,15.33688647977276,312,43.19973493998549,178.85621398580673,1,1,1,1,1,1,1,1,2,4,4.51883888056296,0
Pleasure,382.5770599357203,0.8117267590563415,488,76.65290116491829,149.83079281489324,1,1,1,1,1,1,1,1,1,3,7.567125426931512,0
Business,160.69738935804003,12.465457197178438,226,70.79813102141969,206.93051489403618,1,1,1,1,1,1,0,1,0,0,1.8502006340126465,0
Pleasure,231.8445256676508,2.920646465547254,280,61.65506347926474,158.70354788012378,1,1,1,1,1,1,1,1,1,1,9.367650249825555,1
Pleasure,146.88538985534228,4.047381742484298,40,19.049612428000664,175.71299971559742,1,1,1,1,1,1,1,1,4,2,5.740923683297654,0
Business,346.96702160440935,15.777728672816817,356,72.90851902691551,34.16151902570429,1,1,0,0,0,0,0,1,0,0,1.0,0
Pleasure,443.65762604567,14.876694745845846,128,71.21863740045649,18.996456667333597,1,1,1,1,1,1,1,1,2,1,2.1552557384980133,0
Business,484.67205841523804,16.1192697606931,160,50.704755444159396,231.8968998119981,1,0,1,0,1,0,0,0,0,0,1.0,0
Pleasure,499.19326361693055,0.23539206184555628,191,117.85093928757082,14.896732145314449,0,1,1,0,0,1,1,1,0,0,1.0,0
Pleasure,290.7668232985116,11.537775868895803,20,113.23637181340571,146.756828415451,1,0,0,1,1,1,0,1,0,0,5.166973082590525,0
Business,335.41054113834247,8.508111223673811,389,35.76854030074455,124.26856636504495,1,1,1,1,1,1,1,1,0,1,3.4328508997718763,0
Pleasure,149.78873637834877,0.48196363337035475,141,61.19651734132674,39.32775391233933,1,1,1,1,1,1,1,1,4,4,7.190879019700213,1
Business,181.31056781416314,1.2239551860835496,41,74.63297879444688,60.18338826382021,1,1,1,1,0,1,0,1,0,0,7.309652537260714,0
Business,481.86748932359257,19.62033428472304,138,109.73735954691739,30.189531601506427,1,1,1,1,1,1,1,1,7,0,1.0,0
Pleasure,381.04647605277586,2.4821139582874907,479,82.25249336393155,62.85747926656509,1,1,1,1,1,1,1,1,6,3,8.23094145969433,1
Business,273.4952661248094,1.7114065758171693,407,97.81297980034934,121.75828678521982,1,1,1,1,1,1,1,1,6,1,10.0,1
Business,282.157778034357,7.483999398975749,77,65.83575926176316,138.20759983822146,1,1,1,1,1,1,1,1,3,2,5.3269488481332345,1
Business,325.80646482027186,0.7063508968386323,289,109.00828735846696,111.67069305861715,1,1,1,1,1,1,1,1,0,0,8.656468347852387,1
Pleasure,449.5631546595555,16.74108949955835,495,65.41404722751201,155.87771675576823,1,1,1,1,1,1,1,1,3,4,3.548138236694617,0
Pleasure,468.6656120346889,17.385049145355268,12,53.87353547538063,72.01371906488905,1,1,1,1,1,1,1,1,1,1,1.0,0
Pleasure,442.3272864301552,8.220039984451352,360,50.201182456236225,183.78473778615398,1,1,1,1,1,1,1,1,0,0,2.1472030017693555,0
Pleasure,440.8129396791834,18.624851911491906,297,22.296580135521477,7.246556247346252,1,1,1,1,1,1,1,1,1,2,3.3461772673907015,0
Business,389.6925776321762,10.69503988559877,418,58.46646591199981,151.78883195267477,1,1,1,1,1,1,1,1,5,1,3.584042774380634,0
Business,222.99115733822782,8.102784978370966,118,74.51604552936976,157.26330972292186,1,1,1,1,1,1,1,1,2,0,4.183578084537392,0
Business,453.07199475220597,14.689213903853048,141,101.57277312776277,115.65802464007166,1,1,1,1,1,1,1,1,3,1,2.3966087320681893,0
Pleasure,145.54621707002633,12.83406831258189,3,110.89783271787262,155.8258196065815,1,1,1,1,1,1,1,1,2,1,6.098486835619263,0
Pleasure,339.0360594606983,4.736031554423342,293,75.27402848538678,31.19903963578102,1,1,1,1,1,1,1,1,3,3,6.765235518673817,1
Business,302.3375934374142,6.555584630805735,428,78.31739009702817,226.69509411021932,1,1,1,1,1,1,1,1,3,2,5.83926065397423,0
Business,222.38883587339947,5.05418034278075,285,101.50016195198845,67.1011588347112,1,1,1,1,1,1,1,1,0,0,7.856891660932152,1
Business,252.26154422262786,3.9692200580648285,374,87.3274928440781,59.542863719655294,1,1,1,1,1,1,1,1,6,0,6.805964095671534,0
Business,252.3865281881611,8.718136967319154,361,69.14251645366049,43.93601472988844,1,1,1,1,0,1,1,1,0,0,3.4043639091311375,0
Pleasure,393.52485869908895,10.475154587440457,416,117.2951905762036,131.6326327570981,1,1,1,1,1,1,1,1,4,2,6.633860140338217,1
Pleasure,237.656645366385,16.17553561505582,338,87.40229354823538,122.66977421988447,1,1,0,1,0,1,1,1,0,0,8.178525686357677,1
Business,144.33740334172205,19.389589255029552,490,72.18711781748816,94.03947882263698,1,1,0,0,0,0,0,1,0,0,1.0,0
Business,464.62645366164736,9.43897034053385,304,48.07918685484354,55.14054192063497,1,1,1,1,1,1,1,1,5,0,4.516999031859427,0
Pleasure,85.04930892481667,2.5922896963983444,240,40.624194705738404,169.17141538991447,1,1,1,1,1,1,1,1,0,2,7.694008916284552,0
Business,423.32665253542086,4.358525226378789,26,54.02444679974122,207.42529237345846,1,1,1,1,1,1,1,1,2,0,5.502698431897606,1
Pleasure,430.8130038734616,3.5258134323750134,329,54.544750412501195,200.9658482792151,1,1,1,1,1,1,1,1,0,1,4.481001818796123,0
Business,237.424936539839,15.535321547879432,381,62.533939174594224,6.702369742020563,1,1,1,1,1,1,1,1,2,2,1.0,0
Business,443.4329679922001,6.971078479437738,424,49.644097650345344,10.206811698837441,1,1,1,1,0,0,0,1,0,0,5.086962446578388,0
Business,168.39187329775976,9.924268055911208,104,26.146828636758944,101.4428877261178,1,1,1,1,1,1,1,1,4,0,4.211532897552557,0
Pleasure,495.6322218391396,18.388082807132133,51,94.24331803935664,176.95349021491174,1,1,1,1,1,1,1,1,1,3,1.0,0
Pleasure,114.91147255599112,14.405771716817256,344,44.92114226116292,197.10313675863864,1,1,1,0,1,1,0,1,0,0,7.817828846207847,0
Business,228.80640911292343,17.016537963273315,455,98.52314722512361,25.080445847618673,1,1,1,1,1,1,0,1,0,0,1.0,0
Pleasure,95.09655999077367,19.092288522091284,44,72.26048510303553,116.1238951415631,1,1,1,1,1,1,1,1,1,1,4.483358675482222,0
Business,63.51185441668886,17.013855934889722,274,61.995431091900656,54.974387015080175,1,1,1,1,1,1,1,1,0,0,1.80685763838041,0
Pleasure,214.74234700048333,5.533184000462943,439,26.68760641469349,142.46468865986748,1,0,1,0,1,0,1,1,0,0,8.049054520399917,1
Business,84.32957558549867,15.482158207456912,31,86.47883872552237,202.83490290119732,1,1,1,1,1,1,1,1,3,0,2.338180677206952,0
Pleasure,465.5150937481594,2.9882841831147844,73,41.967100033652535,227.65755036286973,1,1,1,1,1,1,1,1,2,2,1.0,0
Business,110.20166856248498,1.598456430049493,408,22.846073948313872,150.87648051250446,1,1,1,1,1,1,1,1,0,0,6.064299467635971,0
Pleasure,193.40423289291522,15.28590751564588,358,28.160752062139842,181.7551780159908,1,1,1,1,1,1,1,1,3,3,7.488451653538219,1
Pleasure,169.6509371971583,17.251737871106773,484,41.22983104670142,22.005445563443573,1,1,0,1,0,1,0,1,0,0,7.9648853365594725,1
Pleasure,352.60874817625495,15.105872086580888,310,54.75980694868262,184.4205687836569,1,0,0,1,1,1,0,0,0,0,4.672208953230567,0
Pleasure,69.92273267707951,4.244276287431708,448,59.77939736839239,230.4502321265587,1,1,1,1,1,1,1,1,2,1,8.354435960195138,1
Pleasure,286.4487878110312,2.1236991035647046,428,118.39820691050329,37.35589634287324,1,1,1,1,1,1,1,1,0,0,9.800621812482682,1
Business,346.7725766101885,9.59724249826337,234,32.991135735693426,88.41957752153759,1,1,1,1,1,1,0,1,0,0,2.610708056479604,0
Pleasure,458.2101591316347,12.693203469922633,250,97.69928754546282,194.20536212838923,1,1,1,1,1,1,1,1,2,2,4.662613541123235,1
Pleasure,418.02172748311654,15.350130946581666,435,48.943903557175304,75.24153338920279,1,1,1,1,1,1,1,1,1,0,2.581167782739314,0
Business,189.13674030901086,9.03688212104228,242,17.883969203099433,62.440264523493525,1,1,1,1,1,1,0,1,0,0,1.7682346614954316,0
Pleasure,300.9791820552112,7.7243557520083295,237,113.90211349889057,190.05617221375084,1,0,1,0,1,1,1,1,0,0,6.618711457695345,0
Pleasure,148.6641635983321,19.285570718459205,440,34.02425785075042,69.89996881378065,1,1,1,1,1,1,1,1,0,0,5.586850912777815,0
Business,370.4343150131863,19.112598800015533,349,81.05051348948467,238.3418523625742,1,1,1,1,1,1,1,1,2,0,1.0,0
Business,398.21311081949864,3.395895656331678,279,86.24569309405891,175.59592270178646,1,1,1,1,1,1,1,1,1,0,7.729684110635985,0
Business,333.539585321541,15.462868713515386,326,86.7289291638767,24.259607882644232,1,1,1,1,1,1,1,1,1,1,1.0,0
Pleasure,155.84599793889663,16.390748901857805,205,18.676110710501366,114.99466797405694,1,1,1,1,1,1,1,1,3,2,5.530220941866022,1
Business,136.8454556681048,4.870601022050868,424,35.70427584634174,161.6091267551837,1,1,1,1,1,1,1,1,3,0,6.032633010592715,0
Business,124.47568186221694,4.091085306954669,298,62.08210402971798,143.83557674817823,1,1,1,1,1,1,1,1,3,0,7.328926056093044,0
Business,243.43761048154016,9.35087549852732,463,54.38446718240207,181.30797649998192,1,1,1,1,1,1,1,1,4,4,5.541978350975549,0
Pleasure,174.6493393531093,4.2306449040639045,400,111.8858750943802,211.33381196977874,1,1,1,1,1,1,1,1,1,3,9.023266177267098,1
Business,179.84114832887082,13.300389301809082,17,75.96138945099382,9.31893624265491,1,1,1,1,1,1,1,1,1,1,4.336558012123848,0
Business,217.9806503319777,18.850059801109754,469,118.08913963368244,48.93746401773011,1,1,1,1,1,1,1,1,4,2,1.0,0
Business,203.64124580147183,10.323000213193298,163,27.900869401965252,25.372992995188458,1,1,1,1,1,1,0,1,0,0,3.420514787403202,0
Pleasure,135.63908328659713,14.387398256445467,415,93.24799080610093,127.99280830968262,0,0,0,1,1,1,0,0,0,0,7.7463520643046335,1
Business,81.85046716456088,14.622586319254046,321,45.36651871210794,199.847388152775,1,1,1,1,1,1,1,1,0,0,1.0,0
Business,244.91459117805712,7.344949922619621,299,117.1460391025371,145.48303921695447,1,1,1,1,1,1,1,1,0,0,4.249989665733421,1
Business,236.0303771644284,2.7638083687006842,398,78.61217383215066,68.31698565685375,1,1,1,1,1,1,1,1,6,2,9.177073252745263,1
Pleasure,499.8247151437043,8.288613027604637,154,79.65416014048955,41.78309607398518,1,0,1,1,1,1,0,0,0,0,1.0,0
Pleasure,301.8254672357575,15.285114091734442,303,100.03785521925228,220.06635544464933,1,1,1,1,1,1,1,1,2,5,7.283233608334458,1
Pleasure,224.0301017624346,18.21530231717579,235,111.1880794094736,82.77600843939736,1,1,1,1,1,1,1,1,2,2,8.57804049919849,1
Business,363.2239385460967,11.41593125553149,472,116.19713100649655,152.1413362018832,1,1,1,1,1,1,1,1,8,0,5.352972825354164,1
Pleasure,370.4905075246,0.7080192460683077,491,51.064220278459274,151.7664988462233,1,1,1,1,1,1,1,1,3,4,7.064967070292252,1
Business,254.8766556007049,6.210722572730088,136,80.97836983533861,208.80880035587907,1,1,1,1,1,1,1,1,5,2,6.478550208559381,1
Pleasure,371.81126521807283,10.184715150989023,336,91.37184769615185,138.671160621223,1,1,1,1,1,1,1,1,0,1,5.347677288069234,0
Pleasure,340.7926010355874,17.028440453179734,465,79.08488326445998,111.46261717323345,1,0,1,0,1,1,1,1,0,0,7.044722146864384,1
Business,154.52119026885111,5.196490424467745,342,83.96959891277471,152.56494715747252,1,1,0,1,1,1,0,1,0,0,4.69307092232919,0
Pleasure,218.36668321226384,10.382023333669201,53,104.41348263743255,58.441610503397314,1,1,1,1,1,1,1,1,2,4,7.181828184209573,1
Business,309.49663468988007,19.77169790216746,52,42.00376251854677,173.3910160843981,1,1,1,1,1,1,1,1,1,0,1.0,0
Business,119.20133933845368,18.52515368796357,201,64.5545010335997,130.461333900068,1,1,0,1,0,1,0,0,0,0,1.0,0
Pleasure,267.69505986488224,12.387022772857845,373,78.18454959228703,193.23309604012397,0,0,1,0,0,1,1,1,0,0,7.3308701438553,0
Pleasure,429.9524828085443,13.285285032617853,244,86.64318662363927,79.09226694630368,1,1,1,1,1,1,1,1,0,2,2.309363463117823,0
Pleasure,118.61126827638721,6.985763077733909,155,24.99938892854408,135.5214441359494,1,1,1,1,1,1,1,1,0,0,6.103745550435947,0
Pleasure,181.79298489571678,18.069245207571377,469,109.85473132956317,67.97634023127486,1,1,1,1,1,1,1,1,3,1,9.388053301797937,1
Business,362.99330051269925,8.420929389751945,299,17.541023475546567,143.08306349875846,1,1,1,1,1,1,1,1,4,1,4.6434064628771665,0
Pleasure,179.81380668416892,3.9097749113346647,110,70.87997827114714,232.9262696748536,1,1,1,1,1,1,1,1,3,3,8.293124514876332,1
Business,315.5294867797429,18.223001935294057,130,95.40909236176003,161.56576510925248,1,1,1,1,1,1,1,1,1,0,1.0,0
Pleasure,369.938528749434,18.78276065500099,174,88.8199279500967,103.38166982173138,1,1,1,1,1,1,1,1,2,1,4.450562655770392,0
Business,159.93304038784987,6.694441870797281,235,26.926629173356567,20.237839015745255,1,1,1,1,1,1,1,1,0,2,5.123228608145089,0
Pleasure,334.7802486947586,6.622411254328995,89,98.16516151462956,47.3170913458435,1,1,1,1,1,1,1,1,2,2,6.690473246550813,0
Business,85.38837387412596,9.060359142584883,360,23.773646257285282,15.475294046260485,1,1,1,1,1,1,1,1,2,0,4.483120209074772,0
Pleasure,485.8633190361564,6.673346409222964,337,115.16557946730009,168.08870161941766,1,1,1,1,1,1,1,1,1,6,3.1507404170182194,0
Pleasure,269.887068211601,17.035717550900557,469,32.856484170127544,10.89193498519342,1,1,1,1,1,1,1,1,0,0,7.3406718296622335,0
Business,410.814798105027,13.511673796963626,468,17.537792578721106,115.00990305392588,1,1,1,1,1,1,1,1,0,0,1.0,0
Pleasure,172.34824836835202,11.12480866737367,483,110.811123504122,9.602387790514758,1,1,1,1,1,1,1,1,1,2,9.194533740669836,1
Pleasure,99.05763782285932,19.85397264096251,389,70.33550801968168,104.13388163189738,1,1,1,1,1,1,1,1,0,2,7.389374448647919,0
Pleasure,115.30045423289096,4.825604891335534,253,92.39178384877538,155.62713348015438,1,1,1,1,1,1,1,1,1,2,7.570328317706828,0
Pleasure,167.26085269218638,2.018633943556569,357,18.38411528453809,213.11041782750678,1,1,1,1,1,1,1,1,5,4,8.075221872580892,1
Business,472.7855414722429,19.140864816594107,49,76.49907971020527,193.42399265880857,1,1,1,1,1,1,1,1,5,1,1.0,0
Pleasure,482.02741489551505,5.57956957354169,86,38.55644055476034,178.36763646892229,1,1,1,1,1,1,1,1,3,3,1.0,0
Pleasure,490.1402916607941,7.971449665915236,321,47.48056397684566,197.96518017892058,0,1,1,0,0,1,0,1,0,0,1.0,0
Pleasure,107.43651924609708,3.01730692145296,127,79.75768669621391,146.72785127547442,1,1,1,1,1,1,1,1,3,6,8.46225428554078,1
Business,369.6826875169657,17.555605113274943,479,93.90785946633387,113.48878665528377,1,1,1,1,1,1,0,1,0,0,1.0,0
Business,291.0402362332194,6.403416865344904,211,107.17055447033168,85.62148639932082,1,1,1,1,1,1,1,1,2,1,6.258508450944714,1
Pleasure,359.99383056380856,2.3169829316013613,215,45.39505539936119,18.324918030957235,1,1,1,1,1,1,1,1,1,0,6.056384269429424,1
Pleasure,377.0756764096328,19.989377517167966,193,97.27598302059617,163.35913005144107,1,1,1,1,1,1,1,1,0,1,5.362959709104103,0
Pleasure,181.26866343313324,12.598770617043385,207,34.65523570161568,158.66686711452917,1,1,1,1,1,1,1,1,2,1,6.354554261791572,1
Pleasure,383.65745379730896,4.257630134552295,186,110.59989700849887,135.5184174837495,1,1,1,1,1,1,1,1,4,5,7.502490231930091,1
Pleasure,91.9357221666878,0.4918952080305661,101,54.004666446338064,88.6189022326552,1,1,1,1,1,1,1,1,0,2,6.830685361380995,0
Pleasure,317.9814918588867,3.0301127040270415,363,105.90780469453962,114.44171444888009,1,1,1,1,1,0,0,1,0,0,8.845878253598682,1
Business,419.4861154203491,7.74821208429413,54,92.74565737380425,185.6981526549097,1,1,1,1,1,1,1,1,1,3,5.130061383506089,0
Pleasure,420.32994273284964,17.80243814734819,499,24.290139979268453,58.8944892816598,0,0,0,1,0,1,0,1,0,0,4.59496573739077,0
Pleasure,183.11851916599852,5.4693066016315335,378,89.5585088917054,75.35991208237606,1,1,1,1,1,1,1,1,5,3,9.359513326446319,1
Pleasure,93.2926404755518,10.212941305197702,332,111.02833125802726,80.29307556543574,1,1,1,1,1,1,1,1,2,2,8.419769448545306,1
Pleasure,433.4149722405645,1.8337881388433375,440,58.65031692764237,32.90900010175872,1,1,1,1,1,1,1,1,1,3,5.221260907934918,1
Business,394.8097260681615,15.59767644694254,195,96.20472757609751,81.32058487377485,1,1,0,0,0,1,0,0,0,0,1.0,0
Pleasure,420.7928019620763,14.978736404498163,289,100.5049301626202,205.44316615843525,1,0,1,1,1,1,1,1,0,0,3.5956896630465187,1
Business,267.525677718055,13.159141294232644,92,43.65205769170233,113.1816055426957,1,1,1,1,1,1,1,1,5,1,3.474665902730844,0
Business,412.1348198310768,5.146246257847773,75,58.9541421612911,201.20897477106334,1,1,1,1,1,1,1,1,4,0,6.9003643415686895,0
Pleasure,130.5675872244494,13.906512284214001,414,96.71775931584436,131.04657127452123,1,1,1,1,1,1,1,1,0,0,8.234430276469569,1
Pleasure,215.3019183825267,16.818744631644535,482,118.40954741447295,9.079649037843541,1,1,1,1,1,1,1,1,1,6,10.0,0
Business,115.2645221510133,7.473899311406376,260,39.981149195218606,157.0734797217073,1,1,1,1,1,1,1,1,7,1,7.751449931439868,0
Pleasure,131.94874760025337,2.2994823984888813,378,94.89874451964704,138.24571505363286,1,1,1,1,1,1,1,1,2,1,9.02278786077508,1
Pleasure,443.1800335750442,4.978927483784479,195,63.89083811708137,41.186171056919754,1,1,1,1,1,1,1,1,2,0,3.2982127259868177,0
Pleasure,130.61870858423532,9.52101936365785,193,84.95806421901278,217.4803602523891,1,1,1,0,0,1,1,0,0,0,6.447803543561873,1
Business,139.05914342706237,2.556104640824848,390,62.72913563203467,8.233771369536072,1,1,1,0,1,1,0,1,0,0,7.500704246141984,1
Business,259.4468952249864,4.66881947508705,209,22.951671704972448,174.01800614481306,1,1,1,1,1,1,1,1,2,0,5.7927873560588985,0
Pleasure,198.51917129734338,14.786612415938244,36,44.28067019758003,106.68115269047479,1,1,1,1,1,1,1,1,3,4,5.535656781050928,0
Business,324.6713760899778,11.033499190541459,381,25.490399743325725,96.95310751079847,1,1,1,1,1,1,1,1,1,1,2.384853093292979,0
Pleasure,91.46555701982727,19.48950372122173,131,21.4184322257501,200.11517631712724,1,1,1,1,1,1,1,1,0,1,4.749185241275843,0
Business,303.75749546309095,8.537381702049265,34,103.11078054538144,155.00510658723317,1,1,1,1,1,1,1,1,0,0,4.430079740487602,0
Business,229.09053842643945,4.174688914343669,325,110.00254748386631,146.26328156806562,1,1,1,1,1,1,1,1,1,1,7.310359698777393,1
Business,471.067173915701,3.9446370009320386,76,21.507854497963596,214.29730201932824,1,1,1,1,1,1,1,1,6,2,5.8869032252396325,1
Business,415.81099573084106,14.852128238745552,494,110.02398992875816,84.27364571418887,1,1,1,1,1,1,1,1,4,3,3.1664157513410256,0
Pleasure,113.54249689228918,6.259251858801083,351,60.414540329141616,149.59896556415154,1,1,1,1,1,1,0,0,0,0,8.594338423385167,1
Business,188.16464250510023,12.843328626016497,238,72.60072966619275,23.537035443835435,1,1,0,0,0,1,0,1,0,0,1.0,0
Pleasure,205.52880526499052,17.34900849705133,165,74.19573973505794,81.23645235002871,1,1,1,1,1,1,1,1,1,0,6.6757244947018926,0
Business,184.71627849374067,11.623701500079534,237,102.45208016135973,209.13686199900903,1,1,1,1,1,1,1,1,2,0,2.694238737486528,0
Business,401.48980655409383,5.838754130245716,442,53.40898490354964,50.966990354354124,1,1,1,1,1,1,1,1,6,1,6.848165512777319,0
Business,342.0094758531833,0.36193864404747256,371,103.82181571903389,34.95200331340032,1,1,1,1,1,1,1,1,4,5,9.637350791669546,1
Business,130.74527338077544,5.232045232495874,484,113.08617881294074,232.90497451527284,1,1,1,1,1,1,1,1,2,1,5.304297910734773,1
Business,204.6743223791345,5.554013298706373,445,108.88590647596273,137.13785197806882,1,1,1,1,1,1,1,1,1,2,7.423044991565133,0
Business,377.4790468181589,5.21941915847534,329,48.09637941566609,35.470323682409635,1,1,1,1,1,1,1,1,2,4,5.392080653311548,0
Pleasure,181.86094559750222,5.393259341054993,469,43.03921988416782,195.08949154681744,1,1,1,1,1,1,1,1,4,2,8.197289579275575,0
Business,202.67741451608754,12.910761109161133,236,82.61909176578183,167.3541846254702,1,1,1,1,1,1,1,1,6,1,4.2587901790356035,1
Pleasure,138.38171985189993,12.309205561731368,112,39.59493452465899,33.28201747800887,1,0,1,1,1,1,1,1,0,0,5.053769282943415,0
Pleasure,411.93828662506036,5.260296606986625,498,82.89213823549409,138.43436632089833,1,1,1,1,1,1,1,1,1,2,5.719312614177844,1
Business,265.8387319800436,5.384726699181033,176,101.29707193580067,72.21555221610366,1,1,1,1,1,1,1,1,1,0,6.010338398537377,0
Pleasure,414.15202709370595,5.802587283981744,274,86.17916169885126,140.36543648782921,1,1,1,0,1,0,0,1,0,0,3.7158582907172475,0
Pleasure,262.7776367976731,14.230533284086937,78,63.58750320564551,190.5213413636873,1,1,1,1,1,1,1,1,1,0,6.446914904451412,0
Business,346.00274937344096,0.9626986546772609,63,19.30049802799416,197.4104571616973,1,1,1,1,1,1,1,1,1,0,6.795572146997531,1
Pleasure,373.3326336055347,4.471971919949677,376,21.459645554959835,31.512089241101187,0,1,1,1,0,1,1,1,0,0,4.754817408689108,0
Business,373.1302388802169,12.384683260499116,335,28.151695555539895,231.2427876824557,1,0,1,1,1,0,0,0,0,0,1.0,0
Business,217.18856247474977,8.587091415568306,306,49.85711077834088,164.0177407852149,1,1,1,1,1,1,1,1,5,3,6.001536977848695,0
Pleasure,301.956768992358,17.651260119725183,118,93.40983783291038,139.61069849980737,1,1,1,1,1,1,1,1,1,0,4.754996693360547,1
Business,345.87967873174944,9.386354832506225,447,39.19165067833801,145.28205142474033,1,1,1,1,1,1,0,1,0,0,2.3969440497396106,0
Pleasure,277.6198537187371,12.295573552502809,275,93.61622257069018,163.02193322115832,1,1,1,1,1,1,1,1,0,0,9.041964791438915,1
Pleasure,119.66039822480205,0.052480071328888656,72,104.18384530811953,51.53492013032558,1,1,1,1,1,1,1,1,1,6,7.879075679838673,1
Pleasure,259.92092548836416,15.607122450274307,214,64.37204903155748,34.073396562338985,1,1,1,1,1,1,1,1,0,1,6.708440109717437,1
Business,400.5659901592921,0.5441521157157969,247,104.4025031497087,147.21173361380588,1,1,1,1,1,1,1,1,5,0,8.05311834868954,1
Pleasure,218.060848341367,4.339330789291904,277,23.46822748049399,227.1281002177938,1,0,1,1,1,1,1,1,0,0,6.935401941292595,0
Pleasure,182.0753670608541,12.886553167944205,403,116.99066438026023,183.97510888784228,1,1,1,1,1,1,1,1,0,3,9.110991579650928,1
Business,499.9076836742424,13.619341918915431,335,43.65555154105388,210.38843984753981,1,1,1,1,1,1,1,1,0,0,1.0,0
Pleasure,322.8715038785425,3.741843020588298,192,19.37574645443293,215.211087282012,1,1,1,1,1,1,1,1,0,0,7.535300930069554,1
Pleasure,424.70971378055833,15.259552468075817,394,92.47762976563234,50.72955055974442,1,1,1,1,1,1,1,1,1,3,3.569263422672986,0
Business,210.92590995969434,5.409051907179554,425,29.196519095129975,97.72630224207657,1,1,1,1,1,1,1,1,7,2,7.639583414481919,1
Pleasure,332.50671273703534,11.283763010045204,46,53.464187251273714,34.52408217658984,1,1,1,1,1,1,1,1,1,1,5.518643032013994,0
Business,379.13507227199614,9.640037586345077,43,115.62211227249145,97.49270635502856,1,1,1,1,0,0,0,1,0,0,2.8762955254420204,0
Pleasure,362.73260852093347,0.38671236038509527,453,19.322881362389452,181.74250023445813,1,1,1,1,1,1,1,1,0,1,8.515715074778052,1
Pleasure,166.86129521489627,13.722315566552112,158,17.649293237423347,179.72001482938384,0,0,1,0,1,1,0,0,0,0,4.218803007983913,0
Pleasure,374.27962583671916,9.294506477798004,284,33.202007185215756,237.7411959485656,1,1,0,1,0,1,1,0,0,0,3.1114799894482816,0
Pleasure,73.75091884529631,6.380567071338092,387,62.46871763073718,13.55650573103272,1,1,1,1,1,1,1,1,1,2,8.626547403706551,1
Pleasure,70.216376280031,15.704498116904722,470,96.85777328190555,222.97436331071992,1,1,1,1,1,1,1,0,0,0,6.296135478394749,1
Pleasure,382.9635291472078,2.931297951514402,316,110.17536643514757,47.62219399914884,1,1,1,1,1,1,1,1,5,4,8.4424427291118,1
Business,263.07151564050315,4.32208882432451,84,30.927058754215388,61.17650359198784,1,1,1,1,1,1,0,1,0,0,6.6039742773865395,0
Business,314.6511313962995,1.62691864687305,425,39.36072305049844,145.30494148076863,1,1,1,1,1,1,0,1,0,0,6.682615111481791,1
Pleasure,276.551270755282,15.784868299050913,240,70.28531765572137,150.9241723168276,1,1,1,1,1,1,1,1,4,3,6.27552222599751,0
Pleasure,432.3740029940876,15.904948767866763,104,65.30991572033015,93.79315587681539,1,0,1,1,0,1,1,0,0,0,2.107892020065144,1
Business,78.42965532943411,17.852879632774442,405,85.60614101343542,55.819915471192814,1,1,1,1,1,1,1,1,2,2,1.0,0
Business,273.3388641092083,8.788915810567286,354,21.321504447041928,16.79429610739591,1,1,1,1,0,0,0,0,0,0,3.3087697660177406,0
Business,413.0854122696516,2.7330578875072042,189,108.42288426028963,236.59609658897728,1,1,1,1,1,1,1,1,3,2,6.374676567914388,1
Business,121.14768081825258,11.134443598228582,315,68.01481334736157,130.93128670739247,1,1,1,0,0,0,0,1,0,0,2.787882145570572,0
Business,249.14154512520417,1.3435894185323805,233,109.69524821881896,188.352778995705,1,0,1,1,0,0,1,1,0,0,7.091645207469419,1
Business,383.6945878318866,4.4413615540783375,353,102.14815958838116,181.5318703825743,1,1,1,1,1,1,1,1,0,0,7.271843284549343,1
Pleasure,419.8791434739148,6.692780910983305,59,112.88437795902887,132.88415719913814,1,1,1,1,1,1,1,1,3,4,4.373606510994998,0
Business,145.06984858980786,13.940793272505033,84,30.37980241810495,11.13052777497214,1,0,1,0,0,0,0,1,0,0,1.0,0
Pleasure,408.05788559935615,2.134721346315691,336,37.7481046567753,122.33547206458464,1,1,1,1,1,1,1,1,0,4,5.060273356623375,0
Pleasure,329.8687660783808,1.6695544193098932,389,102.50653329733159,163.02008846677637,1,1,1,1,1,1,1,1,0,0,8.131630542712188,1
Pleasure,385.3009476133293,13.599842982791166,360,58.82529305368313,88.83521165745637,0,0,0,0,1,1,1,0,0,0,3.506338725392599,0
Business,320.02092906138614,14.19964939540731,152,70.61181127993602,8.504045139514897,1,1,1,1,1,1,1,1,0,0,2.6733816745352446,0
Pleasure,254.8566154714341,19.537657708860614,436,118.60943719672109,39.05391448725096,1,1,1,1,1,1,1,1,4,1,9.174711537887601,1
Business,373.6618655440244,18.0089685545262,247,60.480360776833656,67.88958604956173,1,1,1,1,1,1,1,1,2,2,1.0,0
Pleasure,282.6315702735307,15.712373437455103,170,49.20483897655074,209.66749606593532,1,1,1,1,1,1,1,1,0,0,5.802993524162996,1
Pleasure,269.48355456941005,3.961911436848091,27,41.441704431304174,198.21510522532253,1,1,1,1,1,1,1,1,3,4,7.193130673648682,1
Business,436.86655254177265,19.500670686817532,238,85.80875029725357,39.46931008047329,1,1,0,0,1,0,0,1,0,0,1.0,0
Business,403.8817782594103,19.042567760790334,252,114.52433759280692,215.01138781572976,1,1,1,0,1,0,0,1,0,0,1.0,0
Business,309.66972261370915,6.273244869657071,186,21.22064574503227,151.33035838718374,1,1,1,1,1,1,1,1,6,1,4.645499609596989,0
Pleasure,252.8828556462337,15.976962500344014,428,45.83537917860683,162.42769164366823,1,1,1,1,1,1,1,1,3,2,7.762494566787977,1
Business,239.6095810244986,4.10728657176485,330,46.68321260452673,80.7171932108743,1,1,1,1,1,1,1,1,4,2,8.177287427600863,1
Pleasure,94.42751948162778,6.020122025818102,276,62.22787040779737,220.77854742202004,1,1,1,1,1,1,1,1,1,4,7.033036691193404,1
Pleasure,436.75577799767234,12.238234868495063,324,87.56010269359894,198.63586379072834,1,1,1,1,1,1,1,1,2,0,1.9261082754937329,0
Business,132.1289567138559,16.248673037251553,94,61.512959937791045,168.12082946151597,1,1,1,1,1,1,1,1,2,0,1.0,0
Pleasure,356.4376531195399,12.141936782574419,478,117.03499594317299,138.64634000464252,1,1,1,1,1,1,1,1,0,3,8.458179137717153,1
Pleasure,310.34498730408484,12.358089170440635,346,64.38070010775263,207.83987846818485,1,0,1,0,1,1,1,1,0,0,5.908206853612489,1
Pleasure,296.87060358510365,11.880544039564409,377,48.33311815124083,88.47160947778094,1,0,1,0,1,1,0,1,0,0,6.231671164003999,1
Business,205.9024925828517,0.07970435482320681,53,47.95742813062863,13.642083952468255,1,1,1,1,1,1,1,1,4,1,9.121448954014095,1
Business,350.12481428158725,7.00870293257684,244,89.52033377085222,102.90401812871416,1,1,1,0,0,0,0,1,0,0,3.885790443323809,1
Business,217.5846493043002,14.832779897335978,31,69.96165931121547,68.01305268743823,1,1,1,1,1,1,1,1,0,0,1.0,0
Business,159.93199497534363,15.326989444851638,327,95.21528097670638,180.999544531576,1,1,1,1,1,1,1,1,1,0,2.809544713286151,0
Business,245.3020003782461,17.151349938917825,489,20.3905929096,30.603680326873285,1,1,1,1,1,1,1,1,3,0,1.3701279992727249,0
Business,101.53626089756862,0.9051663856017633,326,67.87452446628188,145.18682903638833,1,1,1,1,0,1,0,1,0,0,5.885572434593329,1
Pleasure,158.3223181829156,3.114397860092455,356,118.92583615850415,196.18559341622299,1,1,1,1,1,1,1,1,0,0,8.840408177919887,1
Pleasure,72.46033221373317,17.540263141290076,211,37.70186330467259,239.6392990752114,1,1,1,1,1,1,1,1,0,0,4.496165289458362,1
Pleasure,171.61244887058294,16.004056761083728,383,90.76059298981843,73.72510626019246,0,1,0,1,1,0,1,1,0,0,9.1960703361092,1
Business,233.07853346501278,5.582938459362772,128,71.10244012863019,68.63870630812572,1,1,1,1,1,1,1,1,3,1,5.856556229518516,1
Business,469.2706787001311,15.5612475028847,196,49.88477648762861,18.261905262140957,1,1,0,1,0,0,0,0,0,0,1.0,0
Business,114.01610519208067,8.590498723165066,78,32.71298654899212,101.50623396534613,0,1,1,1,0,1,0,1,0,0,3.202050865555847,0
Pleasure,328.7896839215802,10.193339733047344,444,38.080039626470665,98.97821492925293,1,1,1,1,1,1,1,1,3,2,7.030216058372147,0
Business,312.5600941024339,6.014470729187787,111,72.97389175344959,68.9329125543755,1,1,1,1,0,1,0,1,0,0,5.581656133364196,0
Business,75.80561635425306,14.69174151703675,298,105.34334342804107,128.3766794348807,1,1,1,1,1,1,1,1,0,0,1.0,0
Business,412.54038148496653,0.09279650067811396,77,44.419649617390576,172.06341681894784,1,1,1,1,1,1,1,1,6,1,8.075014960824209,0
Business,243.3624250087445,13.995651169791339,500,96.37825159202889,231.93967555151897,1,1,1,1,1,1,1,1,3,0,2.9099244338713866,0
Business,443.9752472193471,11.781580595618095,44,107.51141086990484,225.30859171285357,1,1,1,1,1,1,1,1,2,3,2.9418147822826537,0
Business,480.59408418640584,11.900795337091154,411,93.60543524781558,68.36548648176,1,1,1,1,1,1,1,1,2,0,2.851018837714142,0
Business,360.8182737043752,14.68720553003308,36,116.24970611953802,63.72159668552482,1,1,1,1,1,1,0,1,0,0,2.1172090833075545,0
Business,327.7385040952105,10.757615259927624,331,88.42939332991851,160.02263377901252,1,1,1,1,1,1,1,1,0,2,1.2552421137756964,0
Business,98.68133710524616,18.553909335677435,221,18.260428250871545,116.63380037977957,1,1,1,1,1,1,0,1,0,0,1.0,0
Pleasure,373.68492301375653,3.04744034839735,46,20.801906776331382,38.74615247049603,1,1,1,1,0,1,1,1,0,0,4.107225799829879,1
Pleasure,155.49485197898477,10.77258466227125,85,116.37613926135512,48.98511650564489,1,1,1,1,1,1,1,1,1,2,7.027599982730636,0
Pleasure,358.3826715784589,5.055155223694994,240,69.63254447166892,225.45487565878634,1,1,1,1,1,1,1,1,1,0,5.659884008664512,1
Business,437.9790004308217,8.415850483414232,277,75.13497329392168,205.15098279941677,1,1,1,1,1,1,1,1,4,1,3.681652379189625,0
Business,111.89309887335219,6.2642958250251946,319,44.36872549185946,188.6511700210638,1,1,1,1,1,1,1,1,3,1,6.27839206516944,0
Pleasure,112.58538616201253,13.057998428004778,344,35.121854380194726,235.4176188746089,1,1,1,0,1,1,1,1,0,0,6.594426512555112,0
Business,441.0863535058908,13.444741223548258,82,24.749348256043167,97.1566742662179,1,1,1,1,0,0,0,1,0,0,1.0,0
Business,167.62027586216874,17.28605824103198,247,15.175551472963226,237.38545677900515,1,1,1,1,1,1,1,1,2,3,1.0,0
Business,70.39352876028425,14.079415074240966,98,49.19956899840059,225.53233593171794,0,0,1,1,0,0,0,1,0,0,1.0,0
Pleasure,435.87891733422106,4.665482828843963,49,23.99374765901833,7.609596818651292,1,1,1,1,1,1,1,1,3,4,2.4441864755944263,0
Pleasure,376.5768961157816,3.9646885473071736,125,84.76932903680729,6.152082169417616,1,1,1,1,1,1,1,1,5,0,5.724645395660294,1
Pleasure,482.0212881009095,14.921212796668708,156,108.29976352756884,82.98854038499881,1,1,1,1,1,1,1,1,2,3,1.0,0
Pleasure,143.38989269626506,7.4121379672751715,357,93.7771783366332,204.4775126415056,1,1,1,1,1,1,1,1,0,4,9.517194810528231,1
Pleasure,150.2615444364039,11.943792506628839,20,53.709959586557595,75.26384276936341,1,1,1,0,0,0,1,1,0,0,5.806483940726226,1
Pleasure,195.1877287226123,14.998486507056477,252,98.92731804232285,30.270537558464746,0,1,1,0,0,0,0,1,0,0,5.803812335139233,0
Pleasure,247.59162430774063,1.603020741731327,292,76.85262550278225,38.914637309681844,1,1,1,1,1,1,1,1,3,4,10.0,1
Pleasure,297.15080484692345,15.700430691848863,111,96.6431892908017,197.24189566271042,1,1,0,1,0,0,0,1,0,0,4.962443497476355,0
Business,215.1052242973809,19.977642003440067,258,99.5441227473301,143.38497760507707,1,1,1,1,0,0,0,1,0,0,1.0,0
Business,154.754957996556,19.429482176351694,449,28.374304657623327,93.74515726876365,1,1,1,1,1,1,1,1,3,1,1.0,0
Business,162.63997894074726,0.690052723535377,99,44.26833675962666,13.831988517510036,1,1,1,1,1,1,1,1,5,1,9.393678192853862,1
Business,363.72927982038334,8.182898592957962,188,37.87653438697702,17.891711096304608,1,1,0,0,0,1,0,1,0,0,4.287474802238157,0
Business,360.30900724406297,9.706128105894935,132,17.032566426018068,215.23853259644986,1,1,0,1,0,0,0,1,0,0,1.982321604746669,0
Business,128.64748453327016,14.018090806486773,273,116.40444743384488,176.84092377329375,1,1,1,1,1,1,1,1,1,0,1.6878837645170561,0
Business,434.09333253991116,19.409811303572436,78,85.2772566297508,71.2683684262953,1,1,1,1,1,1,1,1,1,1,1.0,0
Pleasure,60.06685857223678,6.836716400791745,310,63.14709294091059,99.09534550717322,1,1,1,1,1,1,1,1,2,5,6.9627478006988825,1
Business,453.80775277240235,17.2825661668443,37,90.34724692251311,77.3483065819411,1,1,1,1,1,1,0,0,0,0,1.0,0
Pleasure,452.40354054429145,14.006241141623622,137,44.28301319382258,176.5298848634672,1,1,1,1,1,1,1,1,0,1,1.2438114056561995,0
Pleasure,492.5841304553527,5.583287332231026,120,67.11741391320955,62.345193601379194,1,1,1,1,1,1,1,1,1,1,1.0,0
Business,224.18508240244407,4.718827404290877,131,69.37052838738441,17.066127191007034,1,1,1,1,1,1,1,1,5,0,7.189646656389582,1
Business,163.2633097423206,10.17261789949071,413,54.11306230248087,190.10312721977908,1,1,1,1,1,1,1,1,4,2,4.884952066162516,0
Business,421.335052367396,10.255357285810247,200,111.07641124581184,208.31627131287684,1,1,1,1,1,1,1,1,4,0,4.49071475159335,0
Pleasure,237.95704807345066,6.130791632183088,281,62.74647346633606,28.594635500601907,1,1,1,1,1,1,1,1,0,1,9.1056613178986,1
Business,94.52912894417236,0.36907623075275175,339,54.1726627618202,78.2316677061064,1,1,1,1,1,0,0,1,0,0,8.279828935935265,1
Pleasure,440.9308143087981,9.782833109913906,303,95.05937120813334,94.3909092940874,1,0,1,1,1,1,1,1,0,0,3.0666693795815076,1
Business,148.96503155471794,8.298998961775633,400,71.9418837305911,172.85847788866343,1,1,1,1,1,1,1,1,2,0,4.205620248655496,0
Business,437.10451980036015,2.6542410659831317,175,105.2208792685517,232.48077040838047,1,1,1,1,1,1,1,1,8,0,9.608695733341229,1
Pleasure,280.970536585134,17.94310910606178,225,81.87856606408225,75.68564703655503,1,1,1,1,1,1,1,1,4,2,6.395219498623065,0
Business,393.41222530269187,19.42164340715872,234,64.47639683204856,190.76715485064798,1,1,1,1,1,1,1,1,1,0,1.0,0
Pleasure,333.1514323151509,17.870300652119973,322,105.36041472946629,21.092138841261168,1,1,1,1,1,1,1,1,0,0,6.771411665336809,1
Business,388.16232423177433,16.614501142720243,63,73.9363092324578,136.82073746666708,1,1,1,1,1,1,1,1,5,1,1.0,0
Pleasure,370.8140867927515,2.6298896708467367,264,109.71504330192154,71.29692714052673,1,1,1,1,1,1,1,1,4,5,7.0597225074735075,0
Business,120.57546143010117,6.808688454956782,458,29.345714302505595,85.89887971112788,1,1,1,0,1,1,0,0,0,0,3.5005632163376954,0
Pleasure,283.9577314070403,11.932631515908268,206,45.06389368669971,174.54803852438016,1,1,1,1,1,1,1,1,4,2,6.977992342455312,1
Pleasure,168.85867285325736,1.4944456403245998,498,27.187727826649628,157.61208789695226,1,1,1,1,1,1,1,1,0,0,10.0,1
Business,163.88289438461118,14.299859247419498,126,109.95636384552735,182.9768052159473,0,1,0,1,0,0,0,1,0,0,1.0,0
Business,284.23477244368377,8.869302675522032,462,84.58262709523204,107.88516046085476,1,1,1,1,1,1,1,1,4,1,3.5012925041515652,0
Business,437.5430123327686,6.469561469854415,471,40.843601787643195,136.9603598963043,1,1,1,1,1,1,1,1,2,0,4.100615811031679,1
Pleasure,330.84913902199,7.431074754048761,153,111.56618367083878,173.67022406779805,1,1,1,1,1,1,1,1,4,2,6.326058955262546,0
Pleasure,204.5229290336053,14.11094376796206,397,76.99791813150499,31.537643882070906,1,1,1,1,0,1,1,1,0,0,8.17277593180309,1
Business,418.5537333816278,3.519961495435142,389,105.33746868866204,216.2830766631349,1,1,1,1,1,1,1,1,4,0,7.808621658708554,1
Pleasure,432.29139423486146,11.100828433587832,221,49.2051596849128,86.74821287565811,0,1,0,0,1,1,1,0,0,0,1.775425906488395,0
Business,289.083593501933,1.1363415010765943,276,52.8683381870217,172.0183318029444,1,1,1,1,1,1,1,1,4,4,8.27976578526005,0
Business,456.56831977631845,7.902335023929581,156,52.93806262892361,65.92646188513963,1,1,1,1,1,1,1,1,0,0,4.688848549370904,1
Pleasure,492.3000276697674,11.292108783489264,25,99.5749275750542,219.33241849731644,1,1,1,1,1,1,1,1,0,0,1.0,0
Business,75.05790862162047,14.031951132925611,50,101.2616115127824,40.32973251005053,1,1,1,1,1,1,1,1,5,2,2.82278010553405,0
Pleasure,320.8839051279222,8.138686673269317,131,82.16492296241509,27.844025627375196,1,1,1,1,1,1,1,1,1,1,5.727240718573347,1
Pleasure,241.61432794969346,4.390456972496642,418,21.396458080395618,41.742593116651314,1,0,1,1,1,1,0,1,0,0,8.464635741760818,1
Pleasure,416.2835428561983,9.709119674426422,67,67.83914869236014,132.62270895885874,1,1,1,1,1,1,1,1,3,3,1.9910778873115562,0
Pleasure,466.67362061040416,16.911318174173513,265,19.509841799942183,228.98902050054147,1,1,1,1,1,1,1,1,1,3,1.0,0
Business,111.01214896530539,5.601729492497967,285,85.33017858030992,186.12156818353833,1,1,1,1,1,1,1,1,3,0,6.938826605666043,1
Business,136.99382533577474,3.6439469811851355,225,119.93836549693788,115.86523258885858,1,1,1,1,1,1,1,1,4,0,8.476513592186606,1
Business,256.63749699081126,17.28163736819669,248,60.38676679475585,224.2283712690091,1,1,1,1,1,1,1,1,4,1,1.0,0
Pleasure,495.8188413293385,1.8056941839955587,402,39.9246718341141,164.06461569230578,1,1,1,1,1,1,1,1,1,0,1.6984516584683775,0
Business,71.03122979949431,5.931718033973825,457,20.069844918164655,153.90888931632762,1,1,1,1,1,1,1,1,4,3,6.073127961107951,1
Pleasure,352.6782856863899,10.77738495095993,277,106.28838638861777,170.1643088762465,1,1,0,1,1,0,0,1,0,0,6.102245078970379,0
Pleasure,438.7486143577936,12.814350689783623,249,75.09849376795985,215.7150130207628,1,1,1,1,1,1,1,1,5,3,3.030700086858937,0
Business,302.30244849196583,5.735932329252645,394,99.39318125817994,66.04958568949124,1,1,1,1,1,1,1,1,6,0,6.54355696348401,1
Pleasure,379.58060458309865,6.673569413367526,161,102.88710294432545,114.10639072024087,1,1,1,1,1,1,1,1,1,0,4.849437714903844,0
Business,67.88763305589255,0.20519580923527458,275,93.01377701050377,28.06122248581792,1,1,1,1,1,1,1,1,2,1,9.017587898906472,1
Pleasure,452.97402362344314,16.786814457728543,473,69.26156890229096,214.80197128049403,1,1,0,1,1,1,1,1,0,0,1.0,0
Pleasure,332.71876439258267,7.5538937880983585,445,89.71274594437789,12.93171875489493,1,1,0,1,1,1,0,1,0,0,8.448320943424172,1
Business,132.51846409784545,17.292538713950023,429,70.67378686255365,76.39770551159178,1,1,1,1,1,1,1,1,0,0,1.0,0
Business,444.04993552999406,12.58269915370539,273,106.5116523475973,178.64176146107468,1,1,1,1,1,1,0,1,0,0,1.7778618105603357,0
Business,99.4837859821171,14.920672606990477,285,68.1990165399943,130.52496026605593,1,1,1,1,1,1,1,1,5,1,3.237030943282182,0
Pleasure,408.7899663212178,0.2976361271496919,102,82.6300394985563,136.86114188574294,1,1,1,1,0,1,1,1,0,0,3.129678454203424,0
Business,369.9484486104441,8.350175497338972,128,69.07606572585648,61.40816389375272,0,0,1,1,1,1,0,0,0,0,2.705660052496481,0
Business,479.2305105161292,5.3444880756095365,444,60.53552216206602,202.7638626985039,1,1,1,1,1,1,1,1,3,1,5.632769845697565,0
Business,155.89654442647776,19.351215721588922,429,22.914936029624503,151.90549168434276,1,1,1,1,1,1,1,1,1,0,1.0,0
Pleasure,368.8819585967518,14.043589671177196,215,43.246656242797954,28.392610873942278,1,0,1,1,0,1,1,1,0,0,3.6930732311076815,0
Business,314.71299278541466,6.81444704791526,129,116.74424909621042,225.62964750758343,1,1,1,1,1,1,1,1,2,0,4.952931977437246,0
Pleasure,252.03141735087132,12.34755565542509,393,87.42123506957728,13.934028661709181,1,1,1,1,1,1,1,1,0,0,7.461408557951591,1
Pleasure,195.23028936028115,15.844853533066294,71,117.6153124001078,68.77934772641132,1,1,1,1,1,1,1,1,3,1,6.7080396900347194,0
Pleasure,65.25058124212217,17.56863812432882,287,67.15118291441756,111.25884373579417,1,1,1,1,1,1,1,1,0,0,4.971984345748595,1
Business,114.0073911224473,7.74967645904079,207,107.63392921887922,156.61116541861804,1,1,1,1,1,1,1,1,5,2,6.512621232262796,1
Pleasure,76.75192574511112,6.433196937401135,349,77.64349545235201,169.52327471633714,1,1,1,1,1,1,1,1,5,4,8.098799511730972,1
Business,133.99529560146584,18.944678649680164,179,71.40701231548577,156.79295657062448,1,1,1,1,1,1,0,1,0,0,1.0,0
Pleasure,346.81888146988865,7.4632574218136805,320,38.88982326011556,180.55591890369445,1,0,1,1,1,1,0,1,0,0,5.207051376330962,1
Business,103.7979914347598,18.981043384125044,208,90.23631894292953,164.00202386899713,1,1,1,1,1,1,1,1,3,2,1.0,0
Pleasure,101.21572342093799,13.117145128176714,171,15.31648441739737,50.51499386542124,1,1,1,1,1,1,1,1,4,3,5.395411378337474,0
Business,223.92110850997332,0.545297550667796,127,89.38266901709258,173.02283089324482,1,1,1,1,1,1,1,1,0,0,7.36737780120206,0
Pleasure,473.23330651295294,5.458557289053305,75,16.028681926451963,176.86612921766456,1,1,1,1,1,1,1,1,3,5,1.3541977527972116,0
Pleasure,328.1889496053577,7.610132972100551,110,44.41508616416626,25.1617025619875,1,0,1,1,1,1,0,1,0,0,5.6116290700717535,0
Pleasure,375.8145517313712,16.09336141529512,365,66.0811883508057,165.46503894124524,1,0,1,0,0,0,1,1,0,0,3.6290809458932465,0
Pleasure,283.1589741133916,6.395636778367482,244,36.01588177950005,115.62393416606385,1,1,1,1,1,1,1,1,5,2,5.888614798239623,1
Pleasure,151.85586046422372,4.3344405573680245,110,56.43064191115618,127.87380746434361,1,1,0,0,1,1,1,0,0,0,5.399873178394668,0
Pleasure,65.67745183865911,13.567920113763787,51,53.738741277829256,163.54327531243538,1,1,1,1,1,1,1,1,5,2,5.524538475892925,0
Pleasure,386.71287935699763,8.719067455940344,134,41.47033370279736,233.5458459160386,1,1,1,1,1,1,1,1,4,4,4.869488502142963,0
Pleasure,166.74150001606617,4.686649729844053,384,84.88384532012749,20.20278405801176,1,1,1,1,1,1,1,1,2,4,9.786497309248105,1
Pleasure,170.64666385701628,0.41237053297061177,175,109.64500060148117,190.19120491935456,1,0,1,1,1,1,1,1,0,0,8.593216646825654,1
Pleasure,204.43494562887287,6.033843371825414,86,94.65635069658782,13.928228743473191,1,0,1,1,1,1,1,1,0,0,8.541217750579284,1
Business,298.8905631136937,18.28951798670892,368,55.78696574221166,115.76781141105624,1,1,1,1,0,1,0,1,0,0,1.0,0
Pleasure,140.2994880644359,6.007573013644096,61,113.5204389648131,53.0942666442744,1,1,1,1,1,1,1,1,4,3,9.189268942963887,0
Pleasure,171.6732574293193,10.693165947153478,86,29.51265004208134,238.21977678604475,1,0,1,1,1,1,1,1,0,0,6.853929872153215,0
Pleasure,334.17610726551544,2.223361201066787,194,94.30327932299312,129.34915971068693,1,1,1,1,1,1,1,1,0,0,6.277634559791557,1
Pleasure,467.39437566233204,11.698288167996635,122,40.61170253440819,95.2150827641924,1,1,1,1,1,1,1,1,1,3,1.0,0
Pleasure,244.74183811790527,5.134212034130343,185,66.45896082897559,66.63646903882719,1,0,0,1,0,1,1,1,0,0,7.3108915383553335,1
Pleasure,255.5945338715771,12.167826761136599,307,56.81611952731016,46.7331924063492,1,1,1,1,1,1,1,1,1,2,6.837088298629758,0
Pleasure,123.91721044184307,3.7838678638761714,335,15.191320225547921,114.3117568224633,1,0,1,0,1,1,1,0,0,0,6.785214309831903,1
Business,101.09094868789064,2.5180874315478308,164,55.01321191869262,63.43070169153296,1,1,1,1,1,1,1,1,2,1,6.920979710174074,0
Pleasure,173.9636490627456,12.930925438067467,90,96.52010163073369,146.11673495760607,1,1,1,1,1,1,1,1,0,0,7.802446897514316,1
Business,287.7947539208944,8.643404740664607,294,51.342110859844304,202.17091099340863,1,1,1,1,1,1,1,1,6,1,5.573438925528216,1
Pleasure,492.57677132240934,16.911682607471462,266,40.54609172663797,139.18061602711066,1,0,1,1,1,1,1,0,0,0,1.0,0
Pleasure,327.160866427155,16.90330704944062,321,106.89175938182935,156.60800805171849,1,0,0,0,1,1,1,0,0,0,7.485661091083813,1
Business,249.3978686191673,13.70811126736675,427,99.75881312096469,119.60881041140847,1,1,1,1,1,1,1,1,4,2,2.853224912474081,0
Pleasure,498.58715224701837,19.501396656903534,494,107.60034356615766,7.494588804742709,1,1,1,0,1,1,1,0,0,0,1.0,0
Pleasure,115.29735816556084,9.15973285267894,2,55.33137053855528,152.1633633394338,1,1,1,1,1,1,1,1,0,2,4.723250394762875,0
Business,259.00048756461723,11.096878462043687,283,107.36036747017583,19.754197327248633,1,1,1,1,1,1,1,1,5,3,6.2871546280730435,0
Pleasure,227.2268824455103,12.957624584441996,72,18.707435082483126,164.15329153312254,1,1,1,1,1,1,1,1,0,5,5.099475593532201,0
Business,164.52067760675794,3.4201836563576182,471,52.076009062875,189.0209358347683,1,1,1,1,1,1,1,1,1,1,6.817364482488882,0
Pleasure,180.37643949261076,8.492558619858816,168,80.614766164393,117.04056016248745,1,1,0,1,1,1,1,1,0,0,8.367787136168527,1
Pleasure,441.9581653893359,1.6438728509418543,293,119.9222341591962,27.631030122235074,1,1,1,1,1,1,1,1,3,6,5.257892351154365,0
Business,449.5752944788224,18.76443519401831,13,55.993060829087256,170.7564936881071,1,1,1,1,1,1,1,1,3,1,1.0,0
Pleasure,493.6986343094287,11.940538803131924,358,71.93205089273589,23.698239341099985,1,1,0,1,0,1,1,1,0,0,1.0,0
Pleasure,235.7732845291118,15.010272632384325,152,62.80760543501842,152.7351578117506,1,0,0,0,0,1,1,0,0,0,6.04553274162512,0
Pleasure,317.1325648366186,1.5616500059046312,295,21.92461987705684,65.79230430254833,1,1,1,1,1,0,0,1,0,0,6.058267850471268,1
Pleasure,255.49902581176173,3.4321225964391067,247,109.67194890686557,56.59069853709584,1,1,1,1,1,1,1,1,1,0,9.083883438539884,1
Business,411.35268809563865,15.611058105430908,449,51.0456400272005,87.0469001471487,1,1,1,1,1,1,1,1,2,0,1.0,0
Business,346.5621133148847,17.36157674558818,175,82.88450343413038,213.34618195776096,1,1,1,1,1,1,1,1,0,0,1.0,0
Business,209.11462923312013,6.656654744702594,147,35.9292068451384,156.16024375982803,1,1,1,1,1,1,1,1,1,1,3.730890125466213,0
Pleasure,139.16441968189312,5.799630340899347,85,97.9319761976434,165.64180572741776,1,1,1,1,1,1,1,1,1,2,6.937102170267186,0
Pleasure,330.9325633330866,17.083770695201984,455,114.75230754107993,180.84396380410683,1,1,1,1,1,1,1,1,1,2,7.290433944307139,1
Pleasure,495.70396283252046,6.168839288981623,456,106.29491031632492,112.57310970977704,1,1,1,1,1,1,1,1,1,1,1.221442522985578,0
Business,452.9641115455873,1.1271276383193118,61,93.61051458406527,198.4028017360726,1,1,1,1,1,1,1,1,4,0,9.627696835633053,1
Pleasure,71.51942679459614,1.4581901999815106,183,92.49679604836102,172.28370919733942,1,1,1,1,1,1,1,1,0,0,7.482475323782509,0
Business,246.07029028311197,12.414302887655513,318,45.0084701241479,130.01243432673874,1,1,1,1,1,1,1,1,1,0,2.1617407739547154,0
Pleasure,264.1512160386406,5.491500605605331,300,31.592929462855604,9.67646084843541,1,1,1,1,1,1,1,1,0,0,9.010887096668565,1
Business,483.7962806370275,12.1014605758984,292,69.44839245582656,179.60774818755553,1,1,1,1,1,1,1,1,5,1,3.6513987169438065,0
Business,60.5254267023994,17.710045008125665,145,30.75854039308697,100.70576101907254,1,1,1,1,1,1,0,1,0,0,1.0,0
Business,156.29052923351463,3.743294131477737,251,114.44178463691084,174.53031026661336,1,1,0,1,1,0,0,1,0,0,5.10657094162266,0
Business,375.3371047219339,0.6345849631878342,442,51.44183861573162,61.04344153914481,1,1,1,1,1,1,1,1,1,1,9.82863713083989,1
Pleasure,475.99300763389544,19.903865102963902,54,74.55448313043702,44.58767159244349,1,0,1,1,0,0,1,1,0,0,1.0,0
Business,276.7959157067925,7.724186754442517,102,111.36203869057952,138.57616216620008,1,1,1,1,1,1,1,1,2,4,5.519865795309121,0
Business,75.31979625519047,1.020626824302291,201,72.46340039772772,86.34274334362205,1,1,1,1,1,1,1,1,1,0,7.534818422883629,0
Pleasure,95.2815264945844,11.68114243635603,392,116.45747263090844,102.9262026772702,1,0,0,1,1,1,1,1,0,0,8.238666858757655,1
Pleasure,263.6138906846634,3.3090583552229424,443,37.69520520900532,165.338898742894,1,1,1,1,1,1,1,1,1,1,8.679979398394897,1
Pleasure,103.65801270003386,11.777577291353596,308,100.09563388118215,117.63486900842402,1,1,1,0,1,1,1,1,0,0,5.993433077792138,1
Pleasure,275.1641823063193,13.840246435741781,127,82.65698108408314,75.80733867414587,1,1,1,1,0,1,0,1,0,0,6.139104597888106,0
Pleasure,473.0762030432837,0.7810726665921819,196,95.98110339679194,41.12439027526449,1,1,1,1,1,1,1,1,5,3,3.5752562413375113,0
Business,368.6324712970834,0.1323675144941805,175,78.4771658302706,95.23880278844564,1,1,1,1,1,1,1,1,5,1,8.810246434946665,1
Business,326.48585135148295,2.9111667482797654,52,35.92803126857837,177.8090483786861,1,1,1,1,1,1,1,1,2,2,7.609291411566548,0
Pleasure,353.42210671060735,17.993139514003712,52,48.397937281878626,230.45858590046154,1,1,1,1,1,1,1,1,4,2,3.220090261293625,0
Business,311.1374166856524,8.165040047557628,319,30.536146640708242,223.96335025043922,1,1,1,1,1,1,1,1,3,3,4.979442407541061,0
Pleasure,160.43892280463078,12.894705101305597,185,77.30690076790779,236.37772059326585,1,1,1,1,1,1,1,1,0,0,7.401287460882236,0
Pleasure,215.82517060368977,7.957078759751955,371,84.17948030876012,52.75128386813353,1,0,1,0,1,1,1,0,0,0,8.761810451767762,1
Pleasure,77.4248503156309,12.307737545755641,368,46.10637352706898,196.33033739354113,0,0,1,0,1,1,1,0,0,0,5.778392245434785,0
Business,389.51139965341173,18.89071749255768,482,51.05919815753108,105.08841180518291,1,1,1,1,1,1,1,1,5,1,1.0,0
Pleasure,62.10897945981846,9.748930944311887,34,95.3474284380315,158.67286986748647,1,1,1,1,1,1,1,1,0,1,5.090564249075751,1
Pleasure,72.95546187808556,17.91396902054518,296,78.19797243417753,23.11416572708641,1,1,1,1,1,1,1,1,2,3,6.101462335818838,0
Pleasure,381.5925330728901,10.230327916453072,97,48.78573083550384,138.58521839478732,1,1,1,1,1,1,1,1,0,0,4.715649759841642,0
Business,198.28744572764515,17.03072832667734,288,89.89644073902423,66.41622551259098,1,1,1,1,1,0,0,1,0,0,1.0,0
Pleasure,401.74023524057054,14.743859301861901,279,55.02029467024327,65.77239071822244,1,1,1,1,1,1,1,1,0,1,4.369669759658836,0
Pleasure,242.55991127576513,9.62859381447268,164,100.35261303027971,102.01554003824648,1,1,1,1,1,1,1,1,2,4,6.85291053086064,1
Business,350.9589614729945,17.383726111976344,304,77.24845720768776,219.2325888872521,1,1,1,1,0,1,0,0,0,0,1.0,0
Pleasure,119.06237431376408,11.405316324738665,296,119.64149534887522,177.18355326620278,1,1,1,1,1,1,1,1,0,0,9.636778262027166,1
Pleasure,445.92923476275206,7.408740084982048,489,90.11583726508184,122.32505379969624,1,1,1,1,1,1,1,1,2,2,4.078675822488164,0
Business,428.35568124980585,4.080303374097943,73,71.79070195926244,203.665411021755,0,1,1,1,1,0,0,1,0,0,3.2967499173177064,0
Pleasure,177.92859094205235,18.28033354894425,10,27.606768008734033,157.2926407272497,1,1,0,0,0,1,1,1,0,0,4.221173644642905,0
Pleasure,449.34028545269933,5.132676667526259,240,38.49576554881223,21.47112425828488,1,1,1,1,1,1,1,1,1,2,3.297385306609089,0
Business,192.97728260122915,17.69763076991151,298,66.8932729976205,15.61266857885792,1,1,1,1,1,1,1,1,0,0,1.0,0
Pleasure,258.50200673935274,10.845356997525988,137,37.02805707427171,122.78147117277307,1,1,0,1,1,1,1,1,0,0,6.276054140399756,1
Business,111.51550046103831,13.841026314500365,238,97.95800183208638,229.4064047630497,1,1,1,1,1,1,1,1,4,0,2.786716935468469,0
Business,315.67544209206807,8.567953838004565,87,96.15695852511276,34.00413897463269,1,1,1,1,1,1,1,1,1,2,4.561047786158163,0
Business,210.39892762348032,0.8147920881761839,459,49.29845101433382,90.60789682496991,1,1,1,1,1,1,1,1,5,3,10.0,1
Business,205.39116957714262,3.4038825751716018,8,111.0811900492282,8.557144642707897,1,1,1,1,1,1,1,1,6,3,10.0,1
Business,472.26728196184257,3.412489033378887,433,51.62580957594225,236.35304004626684,1,1,1,1,1,1,1,1,1,0,7.707761935208774,0
Pleasure,104.32434628614156,5.703048318821972,467,34.076381099575,182.19692752799872,1,1,1,1,1,1,1,1,1,1,9.286661478873066,1
Business,343.9411416953737,16.975633728373893,108,41.91126471212584,239.0271185678282,1,1,1,1,1,1,1,1,1,2,1.0,0
Business,331.27555360351187,14.6853853000019,306,107.44686587854896,143.48991754353935,1,1,1,1,0,1,0,1,0,0,1.4483674831693074,0
Pleasure,285.551048387716,5.936474763085638,69,86.80083778291224,125.2429510203486,1,1,1,1,1,1,1,1,2,7,7.097801256086998,0
Business,292.451919237763,4.7938252174655505,489,16.263479073321253,16.474298376340418,1,1,1,1,1,1,1,1,3,1,7.814402662873118,1
Business,158.04726739977235,14.974895420181685,375,40.274812700453424,194.22432305815855,1,1,1,1,1,1,1,1,1,0,1.0,0
Business,234.39067222043218,1.1662648236349815,27,65.66310329288669,144.8574875816081,1,1,1,1,1,1,1,1,2,3,9.292001316670051,1
Pleasure,169.55002182773526,7.233815093397138,263,115.99877959986199,19.88168417288814,1,1,1,1,1,1,1,1,5,1,9.628991311543226,1
Business,264.8325765352197,18.223734505149167,37,113.73932690066655,71.49283001339501,1,1,1,1,1,1,1,1,4,0,1.0206938382379085,1
Pleasure,215.89795418254084,4.886993575052805,91,21.663093208490007,169.22148868423207,1,1,1,1,1,1,1,1,4,2,7.15191839577762,1
Pleasure,234.16267796040145,16.35344847032958,269,27.289053436154383,225.8258256429581,1,1,1,1,1,1,1,1,2,3,6.549934333224994,1
Business,137.56809648726872,9.741661951747737,377,103.21594224962067,27.63593969809521,1,1,1,1,1,1,1,1,1,0,2.6842415583547092,0
Business,82.54956466834435,18.239560403183845,183,86.33351048468376,71.48418142412075,1,1,1,1,1,1,1,1,4,1,1.0,0
Business,88.30706935990563,7.956601282142812,21,45.746258027094605,219.50455035960073,1,1,1,1,1,1,0,1,0,0,1.8391611391932303,0
Business,324.2997475094016,0.9102283500459407,412,61.33292915263048,97.41889273566657,1,1,1,1,0,0,0,1,0,0,7.4210072406697165,0
Business,236.11028849207352,14.745080121675255,154,105.53086877702479,12.20510412669041,1,1,1,1,1,1,1,1,6,0,3.044157565615187,0
Pleasure,133.017826855101,15.584167964266983,52,63.49304841813273,61.790571434687706,1,1,1,1,1,1,1,1,4,1,5.782856652222949,0
Pleasure,153.6077376392696,3.5708367166176713,114,103.84517535558204,136.31134845000932,1,0,1,0,1,1,1,0,0,0,8.307282293234955,1
Pleasure,354.73149502350554,8.144603277501055,333,105.03827825578844,234.65023042926907,1,1,0,1,1,1,1,1,0,0,6.508964281158463,1
Business,320.71587469204053,18.833759780756026,439,88.59983166372909,210.2869867137156,1,1,1,1,1,1,1,1,3,0,1.0,0
Pleasure,354.6110594866119,18.582415798684828,448,59.797735504851246,166.28478343911422,1,1,1,1,1,1,1,1,0,0,7.898800957947452,1
Business,239.39342622843284,15.375399734576884,112,107.5952969721644,44.61875304451564,1,1,1,1,1,1,1,1,3,1,2.666129794080585,0
Business,339.738320386967,14.272418911179345,199,36.94287093320882,190.29684425481565,1,1,1,1,1,1,0,1,0,0,1.089925965078405,0
Business,68.6482115515337,1.9093030290153012,229,48.48932123100921,97.27660364270902,1,1,1,0,1,1,0,1,0,0,7.087300025313473,0
Pleasure,408.0201453212116,17.394762446462416,454,103.82673154508097,126.29286208967945,1,1,1,0,0,1,0,1,0,0,4.8056554455007054,0
Pleasure,296.90330042770097,5.166084363159369,49,24.017552191631516,57.705186894426014,1,1,1,1,1,1,1,1,2,0,5.54712643425068,0
Pleasure,110.38402633850627,16.478604159183824,343,113.40542722539531,149.18791973958423,1,1,1,1,1,1,1,1,1,0,7.229328208128285,1
Business,147.40143528525624,7.146449274845235,434,43.246352265965754,122.0093669264936,1,1,1,1,1,0,0,1,0,0,3.3660448465774797,0
Business,269.61332982311444,10.169983837619224,412,87.13107945919266,118.4083710838868,1,1,1,1,1,1,1,1,3,0,3.610948145441924,0
Business,350.7251831355258,17.282111384516007,225,111.47229947826706,109.96359489832264,1,1,1,1,1,1,1,1,5,2,1.3105275813859658,0
Pleasure,76.54159658524614,12.029959062820835,326,52.25210033327455,163.3637925632023,1,1,1,1,1,1,1,1,3,4,7.7019489477011565,1
Pleasure,293.5167285873857,10.879689809432257,28,59.8321970403353,238.10338580829657,1,1,0,1,1,0,0,1,0,0,4.616343347329466,0
Pleasure,389.8745240961827,11.348082298300902,199,84.88412033657741,148.23687928464796,1,1,1,1,1,1,1,1,1,7,3.955983875510711,1
Pleasure,416.96282843348735,5.285417848383956,222,102.93378665815659,77.34439233356046,1,1,1,1,1,1,1,1,4,2,4.8028659640543205,0
Business,352.1968620580095,5.53020888920636,405,87.9721239242424,194.43703616000116,1,1,1,1,1,1,1,1,6,1,6.291846242760693,1
Pleasure,243.60682572542441,14.72242501784904,231,68.37853662072312,31.74134945142306,1,0,0,1,0,1,1,1,0,0,6.415355055886516,1
Pleasure,93.31956112764718,16.184573458436272,380,40.3151724029862,72.31149568739978,1,1,1,1,0,1,1,1,0,0,7.340116723959022,1
Pleasure,290.9775663485858,13.11342881553912,195,63.72928355180395,20.35243344179551,1,1,1,0,1,1,1,1,0,0,6.176563895291653,1
Business,393.8962850095125,14.440661985327626,113,77.28051424651589,13.846355820543433,1,1,0,1,0,1,0,0,0,0,1.5777305093592204,0
Pleasure,410.6332631140715,4.217298919771288,303,119.09355355835663,129.69734502454253,1,1,1,1,1,1,1,1,0,0,4.71676820574905,1
Business,475.30312452250996,6.065516791690866,382,82.39548031288236,189.052951954767,1,1,1,1,0,0,0,1,0,0,4.77708786300322,0
Business,274.0876329486039,8.645919659840828,94,48.47216867527175,222.00955133476813,1,1,1,1,1,0,1,1,0,0,1.4513178776184839,0
Business,455.3250919543856,3.4552133575610644,148,36.01707666901892,35.54905697651592,1,1,1,1,1,1,1,1,6,1,7.780655692471698,0
Business,479.6260474417404,0.7186221566495066,421,81.89137171704279,137.30257431452944,1,1,1,1,1,1,1,1,0,0,7.1892349348659685,1
Pleasure,325.52736577850675,3.954955602815049,17,55.18245197442745,74.95494511609361,1,1,1,1,1,1,1,1,0,2,5.786403818053574,1
Business,146.60004373405982,18.194847720924653,162,64.3022644946169,183.8821712763073,1,1,1,1,1,1,1,1,3,0,1.0,0
Pleasure,227.69047078475782,14.720343237849153,208,51.91237805231441,191.76609994615706,1,1,1,1,1,1,1,1,2,4,7.302257903294809,0
Business,323.51087864324205,1.8252952807485845,381,70.58126176839338,51.20037334255894,1,1,1,1,1,1,1,1,0,1,8.152370001714646,1
Pleasure,366.8029734340912,9.163112578450674,393,60.364674886692924,40.96771775675093,1,1,1,1,1,1,1,1,3,2,6.708206203865529,0
Pleasure,146.56683406202637,1.9830209816473388,183,46.59213286510514,14.658790129854804,0,0,1,1,0,1,1,1,0,0,7.4001271209821065,1
Business,99.27946967954145,13.99617955575346,16,102.2601607225068,209.69036775611306,1,1,1,1,1,1,1,1,0,0,2.754871934593221,0
Business,378.0887931989698,12.529240105335974,81,99.93631381697851,64.60397163478383,1,1,1,1,1,1,0,1,0,0,1.4941892127414131,0
Business,302.9672891688127,19.90136351842699,115,25.39252933911134,131.36809591112373,1,1,1,1,0,0,0,0,0,0,1.0,0
Business,296.9831546195294,8.897570764136823,448,60.15532070085494,174.79781243209717,1,1,1,1,1,1,1,1,3,0,4.7083166908610075,0
Pleasure,299.83895110023957,13.989873825849221,230,109.37981758604838,92.36579116899355,1,1,1,1,1,1,1,1,3,4,8.022147751610044,1
Business,252.43257928675342,16.11196357693339,149,50.64697313166567,75.22479208070742,1,1,1,1,1,1,1,1,3,2,1.0,0
Business,60.13144545604237,19.198762152233066,453,77.04393018410828,206.4410620617634,1,1,1,1,1,1,1,1,5,2,1.0,0
Business,73.75821278881705,9.775695043416324,73,67.21755926113158,102.81831356682983,1,1,1,1,1,1,0,0,0,0,2.7915907036961425,0
Pleasure,197.02726368547016,7.698788711117257,1,51.04961908803987,213.17643195310393,1,1,1,1,1,1,1,1,0,2,7.133746698580504,0
Business,230.1777065193656,7.47951925311281,264,119.05930640610649,41.7653351042658,1,1,1,1,1,1,1,1,2,2,5.959275672579394,0
Pleasure,160.8763140716047,4.737773541672723,15,71.24178728963872,176.1567935277615,1,0,1,1,0,1,1,1,0,0,7.076125353337407,0
Business,404.0605229477047,17.694895482195577,480,97.58012338581392,62.08476875923298,1,1,1,1,0,0,0,1,0,0,1.0,0
Business,170.09190916056076,18.1653052018564,95,39.95050373527487,92.18305179520425,1,1,1,1,1,1,1,1,5,2,1.0,0
Business,100.58086075512638,12.207261954417145,280,106.90558572554059,79.1799784716034,1,1,1,1,1,1,1,1,1,0,1.6546148652504442,0
Business,189.07204955986228,12.806018350499677,181,93.5251360198785,73.53666599561535,1,1,1,1,1,1,1,1,6,0,3.785576407086264,0
Business,176.02358587716697,5.56866895606134,152,78.16552825283605,55.93830762045485,1,1,1,1,1,1,1,1,2,0,6.055904072211869,0
Business,228.368504414004,4.497746497394854,251,117.19730599934358,94.38085406759487,1,1,1,0,1,0,0,1,0,0,6.0187789609266655,1
Business,273.68890902560275,12.467838996710121,68,51.266449985434875,236.84447224732727,1,1,1,1,1,1,1,1,2,4,1.0,0
Pleasure,463.3789926424897,11.795138019066613,284,42.436817273171265,86.8252037680634,1,0,0,1,0,1,0,1,0,0,1.0,0
Business,377.87539967033695,8.340546161516079,81,94.2221975767374,137.78294029151363,1,1,1,1,1,1,1,1,5,1,4.709426097886396,0
Pleasure,443.95985308742246,16.80618439751126,107,80.5102279557657,180.63078677287345,0,0,1,1,1,0,0,1,0,0,1.8227303284304837,0
Business,259.2568643193959,4.0008569078790135,48,51.16102762930601,136.13376205172878,1,1,1,1,1,1,1,1,2,1,5.379864481538514,1
Business,363.8205109809167,2.092300188351033,201,78.30253051287228,215.76636970459134,1,1,1,1,1,1,1,1,6,0,8.631657466302878,0
Business,416.7014934923728,15.335271391174901,354,27.21250892955739,148.13529088590653,1,1,1,1,1,0,0,1,0,0,1.0,0
Business,311.9061989398262,1.8533970922852316,203,80.8340398563222,141.8319274754494,1,1,1,1,1,1,1,1,5,3,8.622520265949213,1
Pleasure,450.51214699262493,0.5460311419477359,460,86.90745148698734,10.675959320612117,1,1,1,1,1,1,1,1,1,7,2.7351312074133567,0
Pleasure,152.78910138688195,9.935752300982523,369,27.2097486044948,49.66030785947932,1,1,1,1,1,1,1,1,4,3,9.695833552553452,1
Business,79.46725780217668,10.725498216473358,447,64.53173577101553,205.96715978075096,1,1,1,1,0,0,0,1,0,0,2.519649620195837,0
Business,457.5548425438178,18.35215589047414,447,118.45795135245109,81.5367635765594,1,1,1,1,1,1,1,1,4,1,1.8148478787999378,0
Pleasure,399.8448677650211,7.955589508732526,83,28.010227214555954,141.1307739291057,1,1,0,0,1,0,1,1,0,0,3.636574732698608,0
Business,210.96466952613804,0.24230510601114474,235,33.66487287178872,210.00355137570537,1,1,1,1,1,1,1,1,3,1,8.36765535480523,1
Pleasure,394.4812364847521,19.008019708466563,400,62.792511069291486,147.51447542731034,1,0,1,1,1,1,1,1,0,0,5.788062204166412,0
Pleasure,424.0829402592309,6.894021654036429,301,22.10019535738768,238.48740805981808,1,0,1,1,1,1,0,0,0,0,2.4901924490126364,0
Pleasure,120.8913960519189,10.166277499919312,51,85.48823035337307,194.76743102807018,1,1,1,1,1,1,1,1,2,4,7.560834158400381,1
Business,166.91107064470788,19.758404514770845,69,53.03560595110936,14.299778246183479,1,1,1,1,1,1,1,1,4,2,1.0015861597062967,0
Business,107.49576734302846,12.027187056824623,313,59.568578155879365,214.15274090070838,1,1,1,1,1,1,1,1,3,0,2.2149462943690668,0
Business,241.58334039925717,14.599177857529863,147,85.87217815734873,36.265623649469596,1,1,1,1,1,1,1,1,1,0,2.767395309172514,0
Business,211.32184939956548,16.83993845219543,87,84.09735126027186,97.88856960143313,1,1,1,1,1,1,1,1,4,1,1.0,0
Pleasure,287.81704937253465,14.947537105041235,366,62.13433168746208,139.12803874830522,1,1,1,1,1,1,1,1,2,3,6.362683223566406,1
Pleasure,233.74536180307805,2.600950161121496,111,17.7585995314286,146.40591767392507,1,1,1,1,1,1,1,1,3,1,7.4500481244974015,1
Business,98.20371785876142,10.855006568802928,90,30.722957812886623,23.346217194784824,1,1,1,0,0,0,0,1,0,0,2.4908844441718694,0
Pleasure,492.5039706580501,14.677604699167482,441,61.21965327072472,13.37713572618606,0,0,0,0,1,0,1,1,0,0,1.0,0
Business,298.3539793974392,5.287777551387947,246,118.13721232207304,110.04807943458772,1,1,1,1,1,1,1,1,4,2,7.72951241755588,1
Business,158.07581901382292,16.63098382753226,91,18.494286072045007,170.46436851986985,0,1,1,1,0,0,0,1,0,0,1.0,0
Business,237.00297162840877,7.163798493762279,67,65.64004549900615,158.05307269471734,1,1,1,1,1,1,1,1,1,1,3.9300232305542013,1
Business,412.6402867863312,15.70641148959073,367,49.36042000536506,214.69225824725126,1,1,1,1,1,1,1,1,3,3,1.1811022234935957,0
Pleasure,339.1363509071577,14.570636035136864,277,50.50266235090771,127.78427501969786,1,1,0,0,1,1,1,1,0,0,3.679832253269457,0
Pleasure,219.14781610140923,7.644932836235614,281,30.868298154134816,177.596293314401,1,1,1,1,1,1,1,1,1,0,7.663567873710216,1
Business,275.78588344886276,10.526532594595885,388,63.145910511711996,156.71858015782604,1,1,1,1,0,1,1,1,0,0,1.9434129460909886,0
Pleasure,95.56962764213644,11.498872075703394,432,68.54617691925674,73.67264920883535,1,0,1,0,1,1,1,1,0,0,7.773958232332162,1
Pleasure,367.9620211058872,14.228162741092575,219,72.16394607235775,42.342238685167686,1,1,1,1,1,1,1,1,2,3,3.7368000102098975,0
Pleasure,221.62461938505288,5.149004382708984,412,51.850503816852296,70.11928109141542,1,1,1,1,1,1,1,1,3,3,10.0,1
Pleasure,422.7469589043088,11.269348962672032,83,107.86109572064719,19.460612010733783,1,1,1,1,1,1,1,1,1,1,2.1644040048758617,0
Business,336.06095687359675,15.244840269959317,443,33.75479214159138,26.51466158515131,1,1,1,0,0,1,1,0,0,0,1.0,0
Business,242.9764769297873,2.9340623728516846,375,75.83712009807319,99.93701184330135,1,1,1,1,1,1,1,1,0,0,6.5715263681985485,1
Business,219.06416424278663,11.187718405822668,350,80.98721498751695,87.53732900036925,1,1,1,1,1,1,1,1,7,1,5.527966741575654,0
Pleasure,327.0094826466253,0.8459889762294592,77,31.50353898506395,163.7933709103379,1,1,1,1,1,1,1,1,2,7,6.661789064228152,0
Pleasure,120.90787802597576,14.960966193916699,495,106.88611382983257,137.80682219676723,1,1,1,1,1,1,1,1,0,0,7.844742797785656,0
Business,96.90770316186453,17.723856970125272,106,113.99578213913195,9.43244926438757,1,0,1,0,0,1,0,1,0,0,1.0,0
Pleasure,278.83795853414784,17.865287413054748,408,25.758396829854913,230.89362011326563,1,1,1,1,1,1,1,1,2,0,8.13413805830859,1
Pleasure,393.85222768784325,3.445396932193434,110,55.54353501741763,220.98617286605543,1,1,1,1,1,1,1,1,0,0,3.0068408113078364,0
Pleasure,277.61507443931936,5.258635386715689,324,82.36100545128802,100.43580000283633,1,1,1,1,1,1,0,1,0,0,7.029493648347273,1
Business,169.84210038776214,3.61424831576866,265,107.54115378083466,57.3504600528325,1,1,1,1,1,1,1,1,3,3,8.8377086972749,1
Business,150.79145765775516,2.8545031787165986,460,50.982592094870874,227.501956544072,1,1,1,1,1,1,1,1,2,1,7.034480827049926,0
Business,408.37643242994443,0.4630072197748669,114,93.77744140682553,22.708361708929573,1,1,1,1,1,1,0,1,0,0,8.886214356167889,1
Business,282.8171240058237,14.244777390233361,208,45.99736212628444,239.73392134365977,1,1,1,1,1,1,0,1,0,0,1.0,0
Business,404.24590629194614,15.327703961941486,436,70.17191361726418,19.324300918696828,1,1,1,1,1,1,1,1,4,0,1.4488895268543904,0
Pleasure,65.69269285706578,19.871111546295307,1,44.31662898868693,232.3879255771605,1,0,0,0,1,1,0,0,0,0,2.076020298164301,0
Business,372.5553129827517,12.761265649375444,159,110.82423525348355,176.54898306198126,1,1,1,1,1,1,1,1,2,1,1.7285221390217496,0
Business,200.12826175772992,19.154601981342886,394,89.67552554333835,110.27133275577233,1,1,1,1,1,1,1,1,2,1,1.0,0
Business,437.22431545042986,4.5841144317433,27,82.64162055689316,37.83293182499401,1,1,1,1,1,1,1,1,4,2,7.1132737903095595,1
Business,395.3448288242086,0.026932142979203544,192,103.93840386468905,27.852013130281428,1,1,1,1,1,1,1,1,6,2,10.0,1
Business,355.7505712648496,13.150943038080696,29,32.99340521115455,35.56985743409577,1,1,1,1,1,1,0,1,0,0,1.0,0
Pleasure,373.036250715057,13.415888390552443,419,26.640243111291454,117.32394291676808,1,1,1,1,1,1,1,1,1,0,5.064808164877483,0
Pleasure,280.4360582531335,10.097723702987222,78,35.796579564512705,170.8077093467688,1,1,0,1,0,1,0,1,0,0,4.918488610934701,0
Pleasure,125.61072424962683,3.4640344701810233,432,56.50876501660859,154.10918604581133,1,1,1,1,1,0,1,1,0,0,8.64489595207443,1
Business,219.9043366756979,5.618819693932087,440,55.87402872226155,30.25344966229605,1,1,1,1,1,1,1,1,6,1,8.006975041626172,1
Business,100.10340072387594,8.799710441872708,475,111.35524900136821,132.7476411764198,1,1,0,1,0,0,0,1,0,0,3.1553218921585353,0
Business,342.4238158011693,14.18560393413509,0,91.12257152082528,194.24175720544545,1,1,1,1,1,1,1,1,1,0,1.0,0
Pleasure,197.23152866054306,14.822418197080736,214,52.37725194882272,182.1418657569075,1,1,1,1,1,1,1,1,6,1,6.7948700386053265,1
Pleasure,136.73040379041464,1.0307427153467463,73,117.59668987721841,186.8802726321958,1,1,1,1,1,1,1,1,3,2,9.474853036211675,1
Business,357.80236586978197,17.010828393724115,285,45.9484405060359,87.54858122753136,1,1,1,0,0,0,0,1,0,0,1.0,0
Business,109.22602865447237,11.99174491679847,499,68.60610863452405,201.6001243468638,1,1,1,1,1,1,1,1,4,0,3.338231489454998,1
Business,437.2529956031063,10.555688505511707,201,104.84805874268076,73.13537044574484,1,0,1,1,0,1,0,1,0,0,3.166907319919919,0
Pleasure,154.72506695799353,19.38782813406146,441,97.2014565701303,60.69133803405264,1,1,1,1,1,1,1,1,3,2,8.670705828929359,1
Pleasure,75.62501128683851,4.377498738416881,178,20.118471122113597,20.314847921027663,1,1,1,1,1,1,1,1,4,5,4.811523856907783,0
Business,379.79353488804065,7.993240504225758,260,84.8464277706818,235.23386195793393,1,1,1,1,1,1,1,1,4,2,5.611612685734386,0
Pleasure,495.47316839288277,12.722681414515566,25,105.44585506429871,79.29597420487795,1,1,1,1,1,1,1,1,0,1,1.0,0
Pleasure,469.5187974101265,9.722135178992396,318,110.88551939352205,83.88770281843183,1,1,1,1,1,1,1,1,1,0,2.0171029782462293,0
Pleasure,244.31671203729917,4.380443273623113,284,51.74487299124673,95.34842133992557,1,1,1,1,1,1,1,1,3,6,7.814692035801254,1
Business,412.91825136135554,3.3115678747630484,297,79.66483400584765,197.14746341924646,1,1,1,1,1,1,1,1,3,3,7.08661979529904,1
Business,69.84816382388561,14.934020647722111,173,53.573062918398264,8.290875209014569,0,1,0,0,0,1,0,1,0,0,1.0,0
Business,270.1494177999534,5.799614240055428,6,60.78884677485856,209.5233064663681,1,1,1,1,1,1,1,1,4,2,5.978290559827252,1
Pleasure,448.17629412361975,15.643115948749012,242,117.09202467824899,148.30635115816384,1,1,1,1,1,1,1,1,1,2,2.2538999537734212,0
Pleasure,292.3166332361792,17.479045088917466,320,36.93078957823018,178.5857708501846,1,1,1,1,1,1,1,1,2,4,5.521147378216702,1
Pleasure,251.4323027339051,3.4528313535398114,171,110.91231183575698,72.04342724568141,1,1,1,1,1,1,1,1,4,5,7.999982986871549,1
Business,282.9157615505985,7.7662715687125905,414,111.37795431502026,200.92068478898494,1,1,1,1,1,1,1,1,0,2,6.941861934083715,1
Business,67.10986599547981,0.07099487521288195,77,118.40214283120793,126.41314100514734,1,1,1,1,1,1,1,1,1,0,8.6767042134333,1
Business,333.3978779727196,1.8585991447238803,241,75.26445108531881,193.3887762267142,1,1,1,1,1,1,1,1,2,0,8.24847314037437,1
Pleasure,305.8143386294499,14.902452565164214,495,109.66788330775869,195.87834048404613,1,0,0,0,0,1,1,0,0,0,7.83373074007506,0
Pleasure,234.29128146348992,18.282772872681743,401,61.24320452894405,96.63551586140015,1,1,1,1,1,0,1,1,0,0,7.76380995281648,1
Business,273.22613807020844,14.482869931625464,77,67.63831466361309,146.49458316289864,1,1,0,0,1,0,0,1,0,0,1.0,0
Business,427.85123898486864,16.39941338364029,304,83.6043833788555,101.63818227435262,1,1,1,1,1,1,1,1,4,1,1.8548295110812354,0
Pleasure,223.6053200724579,15.126790409930564,438,76.06331960699004,18.080009050045515,1,1,1,1,1,1,1,1,0,0,8.06674532600393,1
Business,382.1577460111488,1.821160252034446,361,79.45026765630602,113.45837669488019,1,0,1,0,1,1,0,1,0,0,5.844404216396476,1
Business,340.0309758529717,15.144521794686492,268,17.941379237356767,205.96143035329456,1,1,1,1,1,1,1,1,5,1,1.0,0
Business,350.5894153795864,0.23681654695521415,180,86.9122992531388,56.7180648254418,1,1,1,1,1,1,1,1,6,2,10.0,1
Business,488.33194135060256,1.4358567918302412,120,78.54660323585414,234.3793231635626,1,1,1,1,1,1,1,1,5,2,7.8579248553650025,1
Business,130.9032289532857,0.7581571022143541,409,103.97143393781894,219.44668468102728,1,1,1,1,1,1,1,1,3,0,8.428632951774027,1
Pleasure,273.9376018318468,5.111305660299259,247,43.68874328648798,197.51198879838117,1,1,1,1,1,1,1,1,4,1,8.134625218019886,1
Pleasure,464.0983043680518,6.584644381989229,374,113.90375594106702,109.6756311850606,0,1,0,0,1,1,1,1,0,0,4.048427332048528,0
Pleasure,449.87036754624535,17.075890029773312,258,113.928179055102,59.202754870408334,1,1,1,1,1,1,1,1,0,0,3.4928195889353626,0
Pleasure,172.09312371771182,15.176021783697058,92,83.8915645289308,118.74997963381126,1,1,0,1,0,1,1,1,0,0,6.486813363348403,1
Business,423.9573446342582,11.581332419123918,38,95.97818665249945,64.45697671778751,1,1,1,1,1,1,1,1,5,1,2.608203836990808,0
Business,252.38325893416336,9.544546407903017,142,30.45673391966703,220.08864995225744,1,1,1,1,1,1,1,1,4,1,3.4832307464830308,0
Pleasure,150.33899497651072,7.3710421539623745,178,31.61592851392933,123.64724767976895,0,0,1,1,0,1,0,1,0,0,6.214720127041199,0
Pleasure,131.46383338802522,13.513792183796685,420,48.14539045110474,163.45721566715844,1,0,1,0,1,1,0,0,0,0,7.258033685063243,1
Business,360.77958340149786,4.875150631818464,81,83.19887787369365,161.35171670860197,1,1,1,1,1,1,1,1,7,2,8.15818640652214,1
Pleasure,486.2578847014648,5.474552686008158,365,15.673960171444504,92.88195374221958,1,1,0,1,1,1,1,1,0,0,1.9622236750085031,0
Business,143.96137487796577,12.490870645690206,134,40.35100635414435,10.035207978649254,1,1,1,1,1,1,1,1,3,0,2.5025965835814277,0
Pleasure,141.10126653941776,19.036474203346202,416,64.6911735622943,134.93197654561186,1,1,1,1,1,1,1,1,3,3,8.494064723555455,1
Pleasure,197.00155437880784,4.152340170167699,303,108.81361816412048,91.8925029093715,1,1,1,1,1,1,1,1,0,4,8.722146881321848,0
Business,201.97940159257422,2.2867320717272754,460,107.51154143097655,92.93296133445638,1,1,1,1,0,1,0,1,0,0,7.4445775953189,1
Business,403.6989908513839,11.769198348604252,411,28.909184036507206,7.971498993156729,1,1,1,1,1,1,1,1,1,0,3.347830707053662,0
Pleasure,446.57076473526325,19.780026402514494,181,51.53418334910421,82.25405750590542,1,1,1,1,1,1,1,1,1,2,1.0107117474547813,0
Pleasure,482.4780815814212,16.360938383757883,68,106.88814630932889,123.35723050823952,1,1,1,1,1,1,0,1,0,0,1.0,0
Pleasure,425.59427916751986,0.44278791213561375,98,77.57000803605479,142.2805771257393,1,0,1,1,1,1,0,1,0,0,2.9949117804821306,0
Pleasure,170.87358807593702,15.558385487747572,464,98.5536577375979,172.16102314694484,0,1,1,0,1,1,1,0,0,0,8.253323117316517,1
Pleasure,95.41802670442203,6.368371853263042,26,73.32574999232433,212.23383785756278,1,1,1,1,1,1,1,1,1,3,5.121659357576068,0
Pleasure,377.7177282930407,8.864741557873806,415,110.46766745618253,53.02327154449523,1,1,1,1,1,1,1,1,0,0,7.712415584913821,0
Pleasure,471.6903677976016,9.853053630991429,138,38.47599872254485,84.69162818057765,1,1,1,1,1,1,1,0,0,0,1.056271521667057,0
Business,319.84514761260425,5.46457499143205,492,56.499736342063,129.85639437668087,1,1,1,1,0,1,0,1,0,0,3.9741382150877262,0
Pleasure,303.2528700380111,8.439882283137619,297,15.165807846170726,99.57359078380799,1,1,1,1,1,1,1,1,2,4,7.787063654116401,1
Pleasure,430.64445473355596,3.198015801091074,278,87.37975127133151,19.642817292837183,1,1,1,1,1,1,1,1,3,0,4.187335363349764,0
Pleasure,474.31429959172345,19.668416497392197,372,49.31292876624742,23.79766133359603,1,1,0,1,1,1,0,1,0,0,1.7218125892979605,0
Pleasure,309.92464022291153,5.6177036715573685,7,69.46613227064793,78.05522047119865,1,1,0,1,1,1,0,1,0,0,5.0663705582124745,1
Pleasure,279.6116679603848,11.491295209121514,339,96.6383357043323,76.20398124436744,1,1,1,1,1,1,1,1,3,5,7.958249713301092,0
Business,440.9681781759235,2.8891730904893542,375,20.714055134552225,36.54015356575901,1,1,1,1,1,1,1,1,6,3,10.0,1
Pleasure,253.92372636421857,18.759378505366954,309,33.191082927430294,13.22378152818377,1,0,1,0,1,1,0,1,0,0,5.7344232857344215,0
Pleasure,470.31554844328235,4.77413018547336,383,79.34659741006753,229.5054039124246,1,0,1,1,1,1,1,1,0,0,2.570847821588365,0
Business,486.03425418850753,6.212540480569093,258,79.88725622277431,121.50993053764162,1,1,1,1,1,1,0,1,0,0,4.848863383925147,1
Business,445.090927161985,10.47118680174614,273,62.046049347145015,81.99083852384516,1,1,1,1,1,1,1,1,3,1,5.609270447725374,1
Business,265.4970358260378,10.859315139982828,368,38.173930632778415,87.04284962769647,1,1,1,1,1,1,1,1,4,3,4.665924501153921,0
Pleasure,80.14082465859073,1.5058307669387627,84,117.0832812377811,33.69513831561891,1,1,1,0,1,1,0,1,0,0,6.815363386277956,1
Pleasure,199.88467809730884,2.231034102774203,286,97.03236621227732,156.00195395172454,1,1,1,1,1,1,1,1,7,2,9.12226148582545,1
Business,206.93518333060314,9.853656814447007,258,70.41698331361746,96.26706321309116,1,1,1,1,1,1,1,1,2,0,5.0211793362926045,0
Business,283.6867502570172,19.00692017689056,421,86.03867036176209,200.38329716815915,1,1,1,1,0,1,1,1,0,0,1.0,0
Business,498.7264930751215,12.101256882133844,497,62.019149827020776,20.627046282474737,1,1,1,1,1,1,1,1,2,0,2.4221334884804055,0
Business,117.95702397382703,18.738608173103163,138,43.93887075952484,148.66276662791384,1,1,1,1,1,1,1,1,4,1,1.0,0
Business,114.56670972033194,5.302284068941359,413,61.47738004498098,120.37889657400716,1,1,1,1,1,1,1,1,3,2,6.509537842980204,1
Pleasure,391.57400556241964,6.8860426859174595,320,56.721320890791205,119.16216954240991,1,1,1,1,1,1,1,1,1,5,3.3551165003354737,0
Business,193.3034322158718,8.365446590857973,37,71.41935604804455,120.03012099441244,1,1,1,1,0,1,0,1,0,0,3.4549569163688956,0
Business,70.78869716201562,16.49567785868474,420,89.2795209639006,226.37998438977957,1,1,1,1,1,1,1,1,2,0,1.36647514975882,0
Pleasure,460.2226664567003,18.325082622927017,229,66.85709832333433,226.63671792017757,0,1,0,0,0,1,1,1,0,0,1.0,0
Business,255.74048108996826,19.79271676731533,380,94.11780688518432,192.64138048927396,1,1,1,1,1,1,1,1,2,2,1.0,0
Business,327.7865890888564,15.365634075091933,379,101.48230108476034,160.21438264419163,1,1,1,1,0,0,0,1,0,0,1.0,0
Business,150.35222240539187,1.17251224196937,455,87.3268434815399,59.27671286812948,1,1,1,1,0,1,0,1,0,0,7.03293120731513,0
Pleasure,95.59502050611019,3.869054154190814,157,117.2166705899546,236.83561308694456,1,0,1,1,1,1,1,1,0,0,7.691279087548877,1
Business,324.5247351980678,16.40815308673347,16,83.75806164115755,67.15398104569877,1,1,1,1,1,1,1,1,1,0,1.0,0
Pleasure,207.32288787246432,9.52137853264016,443,53.224867873391,105.3707165786611,1,1,1,1,1,1,1,1,2,0,8.971327785231148,1
Business,279.3975068529316,16.075236367492646,462,83.1760739495738,225.17449679592266,1,1,1,1,1,1,1,1,3,0,1.0,0
Business,88.75017785301834,4.986222025667946,163,83.44489702949653,62.92544724965278,1,1,1,1,1,1,1,1,2,1,7.246212231810461,0
Pleasure,267.23500672528644,6.270985636067607,400,38.724317817298555,131.48649893546212,1,1,1,1,1,1,1,1,1,2,7.291004871076682,0
Pleasure,446.79771366943265,2.239061030233589,320,18.759007018740764,6.447834118009975,0,0,1,1,1,1,0,1,0,0,4.1467380823000415,1
Pleasure,461.8108516154884,19.633163310215544,254,20.343427628606953,181.05521362513048,1,1,0,0,0,1,1,1,0,0,1.0,0
Pleasure,153.39178900471177,0.7979061803985332,61,63.59411779221203,97.37352049822348,1,1,1,1,1,1,1,1,5,2,9.580646995965443,0
Pleasure,187.1530531199008,14.928533903776959,387,45.94245861548682,130.12437889123848,1,1,1,1,1,1,1,1,1,0,7.336641625102034,1
Business,195.71080456209145,7.897850162360345,309,39.196059266900484,127.9921346081518,0,1,0,1,0,1,0,1,0,0,4.207856504126596,0
Pleasure,459.5761107952995,13.138330669049203,92,36.83904055654675,172.63939023751448,1,1,1,1,1,1,1,1,3,0,1.0,0
Pleasure,97.41415313602646,14.893205285685593,23,85.11791121667515,28.59129512323187,1,1,1,1,1,1,1,1,3,2,6.265653017670294,0
Pleasure,352.15234769602364,6.104413350967583,347,48.478015181896716,95.77350944790795,1,1,1,1,1,1,1,1,0,0,6.610324646437141,1
Pleasure,187.297563753712,17.132352713640767,491,70.77472510897742,190.06813301781486,1,1,1,1,1,1,1,1,1,1,8.90898056489306,0
Business,361.7449249045957,0.9721985098706831,240,98.7630487340285,63.87240893170791,1,1,1,1,1,1,1,1,5,2,10.0,1
Pleasure,360.93222559467443,3.8130848557281727,88,99.3059192361597,155.45947617055262,1,1,1,1,1,1,1,1,0,0,6.9412935709147865,0
Pleasure,126.95161936600296,9.397774482698642,328,36.19796367951396,68.35468915708238,1,1,1,1,1,1,1,1,3,1,7.534265611231829,1
Pleasure,149.908707514365,14.110447240230863,320,73.06273353602553,162.95293980386643,1,1,1,0,1,1,0,1,0,0,8.275057823588792,1
Business,426.77881106632435,4.088060150999326,213,17.691561849799125,199.49790996676296,1,1,1,1,1,1,1,1,0,2,5.74498850110659,0
Business,278.53019565100135,13.478454415712129,37,65.57834436216007,161.4106663072601,1,1,1,1,1,1,1,1,0,0,1.9052360516639473,0
Pleasure,72.83954695134315,14.540144436468388,328,31.47420641608588,108.2638314333198,1,0,0,1,1,1,0,0,0,0,4.683989945026566,1
Pleasure,115.20617167174153,9.11605658363716,325,73.50290765386367,184.0753546139694,1,1,1,1,1,1,1,1,1,2,7.725315119072029,1
Pleasure,444.8921479128782,17.910593744099927,77,50.838791346033666,223.11834041700715,1,1,1,1,1,1,0,1,0,0,1.3047553709362625,0
Business,88.06960072725114,5.012727125379426,68,27.862077198453402,184.16384743419448,1,1,1,1,1,1,1,1,0,1,5.9033063780073185,1
Pleasure,315.62334827832257,8.088110732302546,301,83.74697846407372,176.443953438053,1,1,1,0,1,1,1,1,0,0,7.115185549282073,1
Business,420.18915638714935,12.381841238215024,480,110.65330966276571,145.77839079773835,1,1,1,1,0,1,0,0,0,0,2.3670122163638787,0
Pleasure,486.92250525288944,5.648794946728339,346,63.40764810104795,10.257543343808225,1,1,1,1,1,1,1,1,0,0,1.0,0
Business,381.8330384775338,19.995206880117916,431,61.11449499030084,225.30898714697332,1,1,1,1,1,1,1,1,4,1,1.0,0
Pleasure,419.2273296003538,10.071964979547399,208,109.96051038566259,117.24152614420318,1,1,1,1,1,1,1,1,0,1,3.641507522438715,0
Business,455.68819368353934,15.493897784153024,44,54.28662537762756,225.14143522386607,1,1,1,1,1,0,0,1,0,0,1.0,0
Business,236.25213235387434,6.688919679656575,291,18.179155369060503,146.8872951604643,1,1,1,1,1,0,0,1,0,0,3.622319561997141,0
Pleasure,85.08946173426389,14.972864181486898,119,65.05391367232215,99.49327307042991,1,1,1,1,1,1,1,1,1,6,4.417389751166359,1
Pleasure,311.1632441802453,12.275338767422493,3,113.06571615138995,170.31084252708837,1,0,0,1,1,1,0,1,0,0,4.870767934195956,0
Pleasure,260.7324615982565,7.34838828664307,184,79.71314749742959,170.84705992777805,1,1,1,1,1,1,1,1,1,0,7.044991617963797,1
Pleasure,354.279069471337,19.47804722555668,350,90.11894067353265,10.907825437853509,1,1,1,1,1,1,1,1,0,2,5.011807529627674,0
Business,383.61511215559887,10.143751045982842,350,103.84427526688667,16.69766439690464,1,1,1,1,1,1,1,1,4,3,4.718654501219425,1
Pleasure,70.11885335240831,5.683883334016606,126,79.44013247919878,162.0056053828822,1,0,1,0,1,1,0,1,0,0,5.667285408700381,0
Pleasure,469.85215701850376,3.3732515378824535,26,40.05927168167793,204.16538926627146,1,1,1,1,1,1,1,1,5,3,1.0,0
Pleasure,404.4431189541837,6.637836131743919,184,60.188021630997206,176.51901236291067,1,1,1,1,1,1,0,1,0,0,3.1766508563185285,0
Business,241.48320476658088,3.044440493402578,339,76.45538896635611,135.04638009788692,1,1,1,1,1,1,1,1,2,2,7.387717976411972,1
Business,113.13488764703733,11.289191246833198,238,57.03407200642542,98.65643839818036,1,1,1,1,1,1,1,1,2,0,3.636125885468273,0
Business,133.2161407418958,14.118321554649038,21,56.31132666375028,146.318550702999,1,1,1,1,1,1,1,1,1,1,1.0,0
Business,422.90262023301534,13.386670575726768,223,53.93896125633783,172.98396996844806,1,1,1,1,1,1,1,1,3,0,1.3800082425542555,0
Business,213.9011021239327,0.9519344412654163,241,37.43237916049958,168.48815874920714,1,1,1,0,1,1,0,1,0,0,6.5958581421840945,1
Pleasure,81.44445531704969,14.1880499509118,287,93.99558867635352,31.010844210260796,1,1,1,1,1,1,1,1,2,0,6.1276384337546155,0
Pleasure,453.6609356341961,9.462011886281484,39,34.388944470458554,7.6450673410853875,1,1,1,1,1,1,1,1,4,3,1.321660171459786,0
Pleasure,293.6967455768359,12.01584956596177,472,94.0153059999787,216.54638269412496,1,1,1,1,1,1,1,1,5,1,8.77458973480121,1
Pleasure,100.3108682733923,13.331992710035374,321,65.93409422537185,19.836376636361237,1,1,1,1,1,1,1,1,3,3,8.41520729538529,1
Pleasure,448.86531634402843,19.871256031748118,352,74.56683709830477,125.0224685452556,1,1,1,1,1,1,1,1,1,2,4.078670600338438,0
Pleasure,253.66706948698518,15.911447627449903,23,80.38359802455962,76.2524235406312,1,1,0,1,0,1,1,1,0,0,4.819557303868545,0
Business,303.07154812754806,3.525551315151807,122,25.40466666009541,117.37696894732386,1,1,1,1,1,1,1,1,0,1,6.636930182918826,0
Business,76.54870301569065,15.562316627158793,64,113.45017692210448,234.76479845833256,1,1,1,0,0,0,0,1,0,0,1.0,0
Pleasure,285.735666418462,10.73637197169128,333,63.15087938017906,160.6173463097949,1,1,1,1,1,1,1,1,2,1,8.77835071172645,1
Business,359.95180066007157,2.475260043493397,290,18.743834412766738,216.04625093397038,1,1,1,1,1,1,1,1,1,2,6.712883775943062,1
Business,163.68928542466938,8.31981817136423,150,32.781250306738976,136.08820743147768,1,1,1,1,1,1,1,1,2,1,2.353843275509757,0
Pleasure,426.92367953113126,17.221520603203956,39,44.39858227126763,61.63998027145913,1,1,1,1,1,1,1,1,4,3,1.4176081005335859,0
Business,216.96059119996622,18.911179975548833,22,63.663099783732456,239.23075189569388,1,1,1,1,1,1,1,1,0,0,1.0,0
Business,121.29730111288202,9.7546618460641,48,114.01350764334647,125.91188181995929,1,1,1,1,0,1,0,1,0,0,3.1986085092825105,0
Business,128.4508838876476,5.0006625431943625,433,71.91423031421718,15.690694542639633,1,1,1,1,1,1,1,1,5,2,8.22358950691757,1
Business,247.01843685380226,16.00871761746873,259,94.79022350626863,70.37473057931157,1,1,1,1,1,1,1,1,1,0,1.330626524150536,0
Pleasure,332.16412457649005,17.697217092118386,389,69.69937981179245,15.527622478837118,1,0,1,0,1,1,1,1,0,0,6.579881551680829,1
Business,293.6232085693334,15.953007154160442,490,90.90966061878922,167.51240531234959,1,1,1,1,1,1,1,1,3,0,1.0,0
Business,413.94163761974687,11.737028025040965,92,114.71676927002618,155.38778882538824,0,1,1,1,1,0,0,1,0,0,1.0,0
Business,184.1272694110446,16.853895699031,474,92.96802043951429,45.99283533563974,1,1,1,1,1,1,1,1,1,0,1.0,0
Business,99.91165830912011,5.245493229550666,485,85.02139900003345,229.8387478120747,1,1,1,1,1,1,1,1,4,3,7.7775517438629915,1
Business,491.0827570041952,18.254600870590632,123,101.35007280356943,92.25840431464806,1,1,1,1,1,1,1,1,4,2,1.0,0
Business,347.3184333531174,7.704588804122931,407,108.74681774853934,76.75630557963335,1,1,1,1,1,1,1,1,4,0,5.060184058145227,0
Pleasure,98.8678430487369,13.75652035290071,192,32.693318712153946,139.57327160042425,1,1,1,0,0,1,0,0,0,0,4.361821156259196,0
Business,326.27363508001235,4.344471333356208,333,40.38286304354613,16.9947956753842,1,1,1,1,1,1,1,1,3,0,5.411975872578502,0
Business,250.07489755942993,0.3379836974805417,405,88.37910232965649,42.40752566576495,1,1,1,1,1,1,1,1,4,0,10.0,1
Business,192.8934920125167,19.85085126403883,450,42.716235199952955,14.635082976423856,1,1,1,1,1,1,1,1,4,2,1.0,0
Pleasure,209.48074246635136,9.485168819376508,53,32.0895036126386,198.13790125192605,1,1,1,1,1,1,1,1,1,0,6.087662447517266,1
Pleasure,357.97722802166413,17.582126227313136,361,83.55913776420877,234.1429986661662,1,1,0,0,1,1,0,1,0,0,3.861452037826764,0
Pleasure,230.1978533241107,11.301464027116841,120,79.90220119128804,121.69832647524196,1,1,1,1,1,1,1,1,3,5,6.286229229113925,1
Business,224.86030436460635,3.577396541976201,442,97.0558361470537,238.45083169450365,1,1,1,1,1,1,1,1,7,0,8.096972093921202,0
Pleasure,224.58389338726795,8.067274671541051,78,55.76268671954084,118.69353178911602,1,1,1,1,1,1,1,1,1,2,6.715121448148184,1
Business,209.54457927189813,8.02865082841622,452,25.0196644097867,145.17761263404557,1,1,1,1,1,1,0,1,0,0,3.3460845131289476,0
Business,339.47244493913576,14.890286816712226,438,94.7914960482102,60.47174802191961,1,1,1,1,1,1,1,1,1,5,4.146894931508801,0
Pleasure,281.96123730669404,11.164908751442024,261,40.627981776516826,133.802602093965,1,1,1,1,1,1,1,1,3,4,6.143147556670602,1
Business,195.98351545841646,5.095851774368667,12,67.6517619508673,84.20361208227007,1,1,1,1,1,1,1,1,1,0,4.538153951804225,0
Pleasure,362.5754509536804,9.659710289950361,403,47.112240183909,201.54640529940312,1,1,1,1,1,1,1,1,1,3,7.416207081486372,1
Business,442.2938448958882,15.297128015856188,357,54.80166013914566,148.09684285374692,1,1,1,1,1,1,1,1,4,3,1.0998827197843533,0
Business,300.5277864524255,7.778442040661384,446,101.4072044021437,201.53194488600562,1,1,1,1,1,1,1,1,4,0,5.556294978228984,0
Pleasure,193.203208900617,5.943726794840309,261,54.53526004766322,155.24997613839443,1,1,1,1,1,1,1,1,3,3,7.619059016696529,1
Business,472.18459611342695,16.453876038623353,408,26.437625939425036,86.45772289163808,1,1,1,1,1,1,1,1,2,0,1.0,0
Pleasure,135.47211566579728,15.644741622177074,119,116.38832715884888,231.98942055745638,1,1,1,1,1,1,1,1,1,0,4.895574389823686,0
Business,235.54274390662192,18.054006923040042,294,59.932094960751506,184.6733303021063,1,1,1,1,1,1,1,1,4,0,1.0,0
Business,108.99122586557793,18.421052001242415,362,103.90722665001117,213.64174919211965,1,1,1,1,1,1,1,1,2,1,1.0,0
Pleasure,349.1906118978747,7.280077882374602,460,111.31409047025889,96.04273815978992,1,1,1,1,1,1,1,1,5,3,9.512614368389922,1
Pleasure,409.4280631053881,8.680856748736812,94,20.38160577255961,79.167466134674,1,1,1,1,1,1,1,1,1,2,3.4541195527275557,0
Business,372.2043524246507,17.000558031651977,114,55.27832466004589,233.7703681193615,1,1,1,1,1,1,1,1,0,2,1.0,0
Business,259.30820309679046,10.584595398321806,173,114.69044488317378,201.47963376208352,1,1,1,1,0,1,0,1,0,0,3.1849170469314805,0
Business,182.81001035693563,4.63807980961726,360,35.78297528353421,196.80304175475078,1,1,1,1,1,1,1,1,7,2,6.05742543593254,1
Business,162.68451195837815,5.655114788156251,181,102.9220644860965,83.06791822143309,1,1,1,1,1,1,1,1,1,0,5.8131433590612405,1
Pleasure,305.19221779720596,16.59569689009314,155,57.14732102498761,211.36206373645788,1,1,1,1,1,1,1,1,2,3,4.846127975673772,0
Business,425.6454655536208,12.671547575375687,221,40.393871636396625,173.4045876042588,1,1,1,1,1,1,1,1,3,2,1.0,0
Pleasure,207.97267260880255,1.4165020536858952,148,35.16277170847258,89.45596114777874,1,1,1,1,1,1,1,1,3,3,7.584374701122218,1
Business,159.61830693649208,19.089194057922832,139,35.080670827030126,68.5010472709155,1,1,1,1,1,1,1,1,6,1,1.0,0
Pleasure,391.84540123697116,15.44050138464798,50,104.59345358151255,212.61841738346814,1,1,1,1,1,1,1,1,4,2,4.160319436844143,0
Business,244.53277639388403,16.618356254916655,26,54.51763303060961,76.84262367502669,1,1,1,1,1,1,1,1,1,2,1.0,0
Pleasure,231.15502847510805,7.731570321789009,384,101.04480766122751,59.76273457603775,1,1,1,1,1,1,1,1,3,5,9.607722284922783,1
Business,207.2697710182748,2.1513507129617837,185,41.80298055478152,87.3764255938499,1,0,1,1,1,0,0,1,0,0,7.070529314491806,1
Pleasure,373.02796004811785,10.662314660028597,23,68.127153998529,80.02381639936041,1,1,1,0,0,1,1,1,0,0,2.364958926386974,0
Business,207.40504722777652,1.728575530181471,291,29.021517636082052,226.6921828873131,1,1,1,1,1,1,1,1,4,0,7.416322271707771,1
Business,142.2095483758694,5.593515333690576,405,85.55678120234651,219.48379869192752,1,1,1,1,1,1,1,1,1,1,5.7081145432771345,0
Pleasure,326.4026435924569,14.854901586841887,53,96.58044474627964,154.9479825551817,1,1,1,1,1,1,1,1,4,3,5.554135240139742,0
Business,160.45360714790553,12.934513462437993,424,84.08665818761396,192.37086184185438,1,1,1,1,1,1,1,1,7,1,3.104806094279631,0
Pleasure,313.51598010970054,2.121803021460915,268,21.453473516800347,55.68024943232031,1,1,1,1,1,1,1,1,2,1,6.6983429373332,0
Pleasure,170.01272325766675,1.4023342591015564,482,81.7478968781953,127.65622915479786,1,1,1,1,1,1,1,1,0,0,10.0,1
Pleasure,157.61849217976658,11.891682269164841,240,73.94602754274507,13.579651857120027,1,1,1,0,1,1,1,1,0,0,7.679497417290542,1
Business,262.8343559385293,5.144199910510223,284,105.0254008464152,222.74139808543026,1,1,1,1,1,0,0,1,0,0,4.713850139145199,0
Business,239.85388745780676,15.687695621337891,95,21.576378277811735,183.73234618736217,1,1,1,1,1,1,1,1,1,0,1.0,0
Business,150.0678710577532,2.999639887249763,490,31.505500795527492,154.72394885673552,1,1,1,1,1,1,1,1,4,3,6.515627691074565,0
Business,106.75070357563214,9.776865408263395,408,69.51495022160107,31.01612115166688,1,1,1,1,1,1,1,1,2,1,3.884397689670452,0
Business,251.94341209018754,9.025759305937395,384,19.04724532182269,11.643458097914781,1,1,1,1,1,1,1,1,4,2,5.2699686798082475,0
Pleasure,73.19331547259073,6.544879635297061,294,19.72767774217523,239.1778644547866,1,1,1,1,1,1,1,0,0,0,5.439315771391265,1
Business,242.75140995453316,11.372604140176596,109,97.85716245650751,139.87229668886928,1,1,1,1,1,1,0,1,0,0,1.3705889354797782,0
Business,398.33560712207844,19.87573936706228,397,88.50694421487296,193.79769278935987,1,1,1,1,1,1,1,1,5,0,1.0,0
Business,74.87806274773432,1.0561135734913152,468,20.23815485435498,131.7373214957583,1,1,1,1,1,1,1,1,0,2,8.247391158136729,1
Pleasure,84.86548156016121,10.194187659837448,248,15.907476149282559,149.62163460744645,1,1,1,1,1,1,1,1,0,2,5.977128602005039,0
Pleasure,276.4362284522533,10.819885801468597,263,98.16606297845053,107.39639802155003,1,0,1,0,0,1,0,1,0,0,7.968878142317502,1
Pleasure,410.8313089584227,1.7068230602299517,81,51.923906638558584,189.86701660697904,1,1,1,1,1,1,1,1,0,3,4.273061411971718,0
Pleasure,244.70324987976403,15.016712943767022,204,79.00306905725624,57.96667105707556,1,1,1,1,1,0,0,1,0,0,7.564221712276041,0
Business,217.49146691379912,19.6140283811247,472,98.72854611017364,178.64625774662488,1,1,1,1,1,1,1,1,4,2,1.0,0
Business,317.68992180365535,18.05469992187206,104,24.276113211981908,117.032452161639,1,1,1,1,1,1,1,1,2,0,1.0,0
Business,213.42858486586212,13.440528465997044,429,53.14034808462199,236.2006698194296,1,1,1,1,0,1,0,0,0,0,1.320375242582312,0
Pleasure,322.29556119095366,12.275401444105649,20,116.07106684422729,106.88822131059463,1,1,1,1,1,1,1,1,1,2,5.557091320912584,0
Business,92.21550743226614,14.573776664807614,288,95.04497398643689,70.51186046971165,0,0,1,0,1,0,0,1,0,0,1.0,0
Pleasure,324.4505794293465,11.36302286502216,348,27.357584097847198,174.82702481688958,1,0,0,1,1,1,1,1,0,0,5.607049285422731,0
Business,295.41469587840385,12.365726583601436,62,97.1977783314205,228.47380050653726,1,1,1,1,0,0,0,1,0,0,1.0,0
Business,491.1178900752401,15.013833536514278,140,79.2847964333816,209.22207736496824,1,1,1,1,1,1,0,1,0,0,1.0,0
Business,161.95576152322684,19.888823163086784,425,110.29912400517647,113.9512061939457,1,1,1,1,1,1,1,1,2,1,1.0,0
Pleasure,352.6043784802258,7.25261553079582,173,76.38353486011493,38.28040163458645,1,1,1,1,1,1,1,1,3,4,5.821111135934201,1
Pleasure,233.3414465447874,1.2894831370571325,387,15.485738123009865,16.051514595380958,1,1,1,1,1,1,1,1,2,4,7.552011770685762,0
Pleasure,69.8596147096353,6.780596079635619,350,74.81485092977552,94.29229335443468,1,1,1,1,1,1,1,1,1,2,7.987371253471491,1
Pleasure,185.82400697712342,3.7490672712334616,337,97.34919533395586,146.8390759610655,1,1,1,1,1,1,1,1,3,1,9.562346460493442,1
Pleasure,150.47231483255587,7.701902923081221,68,89.80812734768872,29.5243056441466,1,1,1,1,1,1,1,1,0,2,7.790154781797548,1
Pleasure,90.01745279445426,6.959358361119108,129,86.09722220360699,112.27910745967414,1,1,1,1,1,1,1,1,0,1,6.181216764548031,0
Pleasure,494.63944939773404,11.656880763683532,494,117.59103478649615,81.94228155869384,1,1,1,1,0,1,1,1,0,0,4.231332700198244,1
Business,461.9871565294603,0.6523598675872022,6,52.47024440778179,171.06134968272428,1,1,1,1,1,1,1,1,0,0,6.472663725034199,1
Business,81.92508781581978,15.13804600590328,258,27.09809743171291,40.01395161206579,1,1,1,1,1,1,1,1,0,0,1.0,0
Business,220.94550724646635,10.72232578420621,15,99.80765983416566,25.01750329725054,1,1,1,1,1,1,0,1,0,0,2.4682648284483584,0
Pleasure,138.75436849891219,6.4719643453863185,436,30.7071771379169,120.69386794118445,1,1,1,1,1,1,1,1,0,0,7.4385111482061195,1
Business,412.00688959764307,17.245511301551275,346,88.91849772649192,189.1145935876186,0,1,0,1,0,0,0,1,0,0,1.0,0
Pleasure,301.5855993476778,15.243783412339551,109,98.97343615129373,108.44542732939894,1,1,1,1,1,1,1,1,0,0,6.7202310033321595,1
Pleasure,214.08471373280128,17.560601190526302,118,18.54196814245872,129.62750632189847,0,0,0,1,1,1,0,0,0,0,5.332582964226705,0
Business,454.1210771992313,17.37945060437605,65,23.204421355463282,93.99439322018769,1,1,1,1,1,1,1,1,3,0,1.0,0
Pleasure,489.0936216006158,1.5191106767957874,94,24.481814399823346,39.64709167365661,1,1,1,1,1,1,1,1,0,1,1.0,0
Pleasure,434.8071331871188,19.906314576494847,209,115.54294436546093,169.90475450222624,1,1,1,1,1,1,1,1,2,2,4.253884453313944,0
Business,431.78098877828967,5.712666004521838,279,105.55151304303213,185.16336756291483,1,1,1,1,1,0,0,1,0,0,5.141077380915136,0
Pleasure,494.79892918868893,19.623130638545817,137,21.915504665215284,45.240752195041644,1,1,1,1,1,1,1,1,1,0,1.0,0
Pleasure,310.72825247193515,6.866080571870004,406,75.14780158984684,146.67128965577498,1,1,1,1,1,1,1,1,2,3,8.537143726499608,1
Pleasure,285.2060756876866,11.229549191517318,163,112.26716249200675,128.3147409692532,1,1,1,1,1,1,1,1,0,3,7.782243965797818,1
Business,209.07202745423766,10.849155443800381,309,20.556648141992305,92.33514111363012,1,1,1,1,1,1,0,1,0,0,1.9187969399832994,0
Pleasure,474.05393477901504,11.423875204146752,353,17.578307166820192,83.9151670880949,1,1,1,1,1,1,1,1,4,4,3.5582513510155183,0
Pleasure,327.9679786221232,4.690958428402039,233,23.792532936977448,140.20496143946605,1,1,1,1,1,1,1,1,2,0,7.636647267736444,1
Pleasure,148.66833128369404,1.640754226429566,65,113.66602376261474,30.8568683427358,1,1,1,1,1,1,1,1,0,1,8.553565631540385,1
Pleasure,263.10909702629414,0.009060291893596695,237,84.53942494846157,30.785415444603068,1,1,1,1,1,1,1,1,2,1,9.83175400379579,1
Pleasure,286.7072123714053,4.38292996317397,476,30.67592783849916,204.79313476418395,1,1,1,1,1,1,1,1,2,1,7.799221339256016,1
Pleasure,412.9214581612215,0.04758785497638973,16,77.57946232797644,197.96300690637835,1,1,1,1,1,0,1,0,0,0,2.7653695638124587,0
Pleasure,165.3696751160913,8.602488213740358,12,15.694199523722414,213.57183217043743,1,0,1,1,1,1,1,1,0,0,3.834500733988592,1
Pleasure,434.5317460934114,10.90380315889785,17,62.51860654560365,18.86175119524861,1,1,1,1,1,1,1,1,0,0,1.6413901851406523,0
Business,449.8106160238349,10.244609439609203,195,68.03810927652755,69.39285092597763,1,1,1,1,1,1,1,1,1,0,3.2215885749130235,0
Pleasure,212.1290825009362,2.2137108973223274,72,22.067142473357173,39.58388486773136,1,1,1,1,1,1,1,1,2,1,7.971613464854393,1
Pleasure,184.03759031729209,0.39116614690719365,302,56.60915620441769,107.6074679486703,1,1,1,1,1,1,1,1,3,5,9.354866700367019,1
Business,453.05159847208495,15.89180995526472,149,83.17038950096368,57.557249799889775,1,1,1,1,0,0,1,0,0,0,1.0,0
Pleasure,385.7785737183119,5.11639395125107,407,56.98524907368447,48.69243391209753,1,1,1,1,1,1,1,1,4,2,7.861981928636671,1
Pleasure,429.3448084074515,8.9901742851718,62,39.58594459793844,117.87869671960118,1,0,0,1,1,0,1,1,0,0,1.5928171902440826,0
Business,481.96263976899365,13.797532440878562,72,15.228410061776401,141.41308151426924,1,1,1,1,1,1,1,1,0,0,1.0,0
Pleasure,185.1053407046043,9.199933986252633,468,70.26448691574828,185.68480416064767,1,1,1,1,1,1,1,1,0,1,9.582493796327556,0
Business,161.33914465800177,18.588084176627554,128,16.53862299436591,33.929483461633886,1,1,1,1,1,1,1,1,3,1,1.0,0
Pleasure,308.14752176480306,19.746324182875693,480,59.282338260550986,14.897035667623113,0,1,0,1,1,1,1,1,0,0,7.312459305410626,1
Business,156.76048809746501,6.676751242294758,177,38.27907320687625,237.05520554356508,1,1,1,1,0,1,0,1,0,0,2.7029593433404537,0
Pleasure,370.16441361675874,10.806720219018022,66,77.66862435712788,180.455489481778,1,1,1,1,1,1,1,1,0,1,3.691279660965317,0
Business,336.89581091187466,14.264962535271346,9,25.644543324832554,19.370734309078074,1,1,1,1,1,1,0,1,0,0,1.0,0
Business,454.1213479370076,5.140501094457139,277,76.85157801941922,36.42479791093753,1,1,1,1,0,0,0,1,0,0,5.424034240550536,0
Pleasure,81.64842248148288,17.516049358782556,110,96.90262244513805,107.66597651264838,1,1,1,1,1,1,1,1,3,0,6.760032261249517,0
Pleasure,210.6363292143557,16.15913155232137,387,50.6906649480814,75.51573668877825,1,0,1,0,1,1,0,1,0,0,7.854651524863456,1
Pleasure,280.6232055795463,7.6612528231866595,467,46.8925476724586,69.37612279762425,1,1,1,1,1,1,1,1,1,5,9.871876644987063,1
Business,200.03830257431858,18.03581709116695,494,69.5545349900562,230.21907597969548,1,1,1,0,0,1,1,1,0,0,1.0,0
Pleasure,242.0128833515669,12.190659929870044,464,64.70182345489634,188.0951246540217,1,1,1,1,1,1,1,1,5,2,9.40809582786398,0
Business,216.57416074002788,14.96143726180808,434,110.63270824052243,133.6617050110603,0,1,1,1,0,1,0,1,0,0,1.0,0
Pleasure,197.92051113795162,9.509300739187339,286,94.29752891233515,64.59648610112,1,1,1,1,1,1,1,1,0,3,8.385358557107415,1
Business,257.7508692305606,5.15536891447492,463,45.235622878268735,46.84775661929032,1,1,1,1,1,1,1,1,4,0,5.881736149741713,1
Business,143.63943412502297,4.285417471159299,176,118.51081805776793,46.16382678251292,1,1,1,1,1,1,1,1,6,3,6.963313703343707,1
Pleasure,354.07684401249514,9.189828632455386,388,93.65872579230378,8.010370132536405,1,1,1,1,1,1,1,1,0,0,6.517295336249347,0
Pleasure,104.53369895227644,9.144134327731186,226,40.57039522837785,54.99569377335589,1,1,1,1,1,1,1,0,0,0,6.459998025610966,1
Business,129.07314335058913,6.7097924735085375,301,80.0424032542773,211.6354776719,1,1,1,1,1,1,1,1,3,1,5.23526161861317,1
Business,403.7630662502361,16.69213296308363,344,68.0340630005855,126.78781023389115,1,1,1,1,1,1,1,1,2,1,1.0,0
Business,377.0949424323538,15.427750175045736,302,26.33617213811069,47.1938966817763,1,1,1,0,0,0,0,1,0,0,1.0,0
Business,470.69645202558945,9.781788439601584,405,50.25059262053035,59.5194971351883,1,1,1,1,1,1,1,1,3,1,2.5066128200034337,0
Pleasure,314.4464088607564,9.972601568181341,243,50.123414527427286,116.62186717323611,1,0,1,1,1,1,1,1,0,0,5.707611678800381,0
Business,308.0827547173217,8.070722319472175,172,26.46525902114024,84.0619883650439,1,1,1,1,1,1,1,1,1,0,4.957440725133811,0
Pleasure,477.96997837477306,19.378021660769832,83,62.66428171136937,155.28620713783832,1,1,1,1,0,0,1,1,0,0,1.0,0
Pleasure,98.7318798803601,13.778283555922894,93,23.797025677757187,202.75435329919898,1,1,1,1,1,1,1,1,5,2,4.836559705627921,1
Business,382.8317354010067,19.686076271172638,384,112.42355385454857,164.17862205308586,1,1,1,1,1,1,1,1,5,1,1.0,0
Business,429.7941926025644,10.193195517248952,151,118.77715369588802,136.2419273695647,1,1,1,1,1,1,1,1,2,1,4.113195725400974,0
Pleasure,215.7645592440838,12.23467423968989,321,15.080492170824968,169.90836127014714,1,1,1,1,0,1,0,1,0,0,6.008958656678031,0
Business,497.6044010999759,5.58276692298694,249,57.25301499994513,103.0393826586683,1,1,1,1,1,0,0,1,0,0,3.3589116775464873,0
Pleasure,427.5300970154923,3.28618654410489,94,118.95532729933119,152.31789064349567,1,1,1,1,1,1,1,1,1,6,3.893508550455866,0
Pleasure,354.44134582266884,18.257347460410124,464,78.2935854921329,73.21478580759265,1,0,1,1,1,1,1,1,0,0,6.206017304872463,0
Business,424.19449702432956,5.347109617367874,419,55.621173515627426,95.3125623316085,1,1,1,1,1,1,1,1,2,1,6.188965817967591,0
Pleasure,308.07102225439,7.803084772445043,9,85.91884627758778,96.88758017183459,1,1,1,1,1,1,1,1,1,0,7.424512353397201,1
Business,290.90358765383684,3.8145200397066303,184,23.14628460000026,191.33626823632542,1,1,1,1,1,1,1,1,1,0,6.35516803922872,1
Business,452.26508120161395,3.469953183457002,209,63.01344046957534,116.60193194682793,1,1,1,1,1,1,1,1,1,3,5.882047888902189,1
Business,134.1378947692813,7.950385703845435,243,79.66084642460265,235.27642812333832,1,1,1,1,1,1,0,1,0,0,3.6526915257710755,0
Business,413.30403599152527,0.043355024080504734,314,117.53199696384861,12.010799325137901,1,1,1,1,1,1,0,1,0,0,7.835202044019251,1
Pleasure,114.15973284811643,6.76352647044453,345,19.549441978340965,104.6094391736822,1,1,1,1,1,1,1,1,6,2,8.236140766160602,1
Business,265.1388148324153,4.835266072214779,58,38.52895975462443,233.0620494722309,1,1,1,1,1,1,1,1,2,0,3.939326440332288,0
Business,182.6997667433292,13.972076523853076,434,44.41264487909805,130.95210207970172,1,1,1,0,1,0,0,1,0,0,1.6473803703944636,0
Business,462.8630031667217,18.36739442764769,199,22.576468520101802,234.4821558724429,1,1,1,1,1,1,1,1,2,5,1.0,0
Business,363.1916029165889,4.64509813138217,418,98.39150916769105,91.34756890104154,1,1,1,1,1,1,1,1,7,0,7.5729985112532345,1
Business,184.99837531677855,1.0410109768139364,162,92.06996361541779,158.47247543171292,1,1,1,1,1,1,1,1,4,1,8.65444027948156,1
Business,288.8669758196377,11.27522312559713,425,38.924239067227674,232.84117373809374,1,1,1,1,1,1,1,1,5,0,3.566685610178844,0
Business,286.96919356918335,15.764328975963611,135,80.44243333150449,65.00376230530118,0,1,1,0,1,1,0,0,0,0,1.0,0
Pleasure,142.61359424316876,4.498676379342477,271,33.9775826829398,107.64932193775734,1,1,1,1,1,1,1,1,2,0,7.636998636225741,1
Business,70.9652495902648,2.257719490811476,151,98.05744064199428,93.24101251324095,1,1,1,1,1,1,1,1,1,2,9.548095637405003,1
Business,118.71149194696147,8.314510598628797,241,25.42762172224632,235.9900862295323,1,1,1,1,1,1,1,1,4,0,4.659892627198328,0
Pleasure,359.5914660406091,13.7921077160743,492,35.39990173861659,103.83285041816816,1,1,1,1,1,1,1,1,0,0,5.689885986863126,0
Business,77.22401717633643,3.887518768582412,21,70.15693243093764,9.290295215873092,1,1,1,1,0,1,0,1,0,0,7.152392712722377,0
Business,104.72650375149128,0.3326109504504493,299,87.00636767560218,57.21269561829911,1,1,1,1,1,1,1,1,5,1,9.589327570535268,1
Business,402.44248899330853,6.258895627097112,173,113.57108243640168,174.82709076654353,1,1,1,1,1,1,1,1,6,2,6.610311102488404,0
Pleasure,374.6186430947405,4.055318282057709,45,27.03676772657233,109.71214894626765,1,1,1,1,1,1,1,1,1,0,4.5312634088601635,0
Pleasure,247.78153787322714,7.04118360266246,250,33.59488400766077,72.4495072023922,1,1,1,1,1,1,1,1,6,1,6.791408995374331,1
Pleasure,460.22174669720914,11.968778013955498,175,44.817173652120964,125.38547727014685,1,1,1,1,1,1,1,1,1,2,1.0,0
Business,97.391455763728,4.399945435178012,461,73.24198563249311,39.785770248246784,1,1,1,1,1,1,1,1,6,2,8.821571341058778,1
Pleasure,356.61000464588346,0.6673798721723401,474,54.60333407573094,39.44726967031491,1,1,1,1,1,1,1,1,5,4,8.86974186324753,1
Pleasure,248.62762877332682,1.339264312477435,385,45.886172363443045,181.51703576887192,1,1,1,1,1,1,1,1,1,1,9.245746934346414,1
Pleasure,172.57240929443017,8.587107247778963,123,99.95370097873773,17.727025186839768,1,1,1,1,1,1,1,1,3,3,7.856474069843961,1
Pleasure,141.05098832628045,9.427673514763127,26,42.65602580900229,155.32483249048173,1,1,1,1,1,1,1,1,5,1,5.721358838333317,1
Pleasure,408.85077198374,1.363629997144924,26,94.68680651056441,117.50280079518764,1,1,1,1,1,1,1,1,1,3,3.8052012426299893,1
Business,240.65532358508474,11.934333813641027,293,115.34309012923153,41.4096464940343,1,1,1,1,1,1,1,1,2,4,3.5281234743331913,0
Business,175.40319316874462,16.036102446716217,373,46.63598874342726,64.3896190427875,1,1,1,1,1,1,1,1,1,0,1.97680754550565,0
Business,481.492347489219,7.665490130583985,257,112.36022088938255,191.5736043323395,0,1,1,1,0,0,0,1,0,0,4.098315436339288,0
Business,190.35085068183986,7.052784056282069,207,118.22174723295605,159.68492323370506,1,1,1,1,1,1,1,1,5,2,5.5369293894070895,1
Business,171.61781887937073,8.935213636154453,242,60.35264269623642,43.210959149354544,1,1,1,1,1,1,1,1,5,2,5.410732791188616,1
Pleasure,441.186766933612,2.7510833050635752,401,41.220509469116294,134.32538489690398,1,1,1,1,1,1,1,1,1,1,4.661989396107191,1
Business,285.006146805001,15.124602028432474,400,29.755132265691763,221.98207841092105,1,1,1,1,1,1,1,1,0,0,1.0,0
Business,133.60830903295354,16.69171163796308,445,32.9512388889131,100.56130741198838,1,1,1,1,1,1,1,1,3,3,1.1939894942409488,0
Business,149.06871340576234,14.779428161852355,224,56.06075308623218,45.36523600228123,1,1,1,1,1,1,0,1,0,0,1.1043418445755246,0
Business,137.96833050445727,2.4541342215614526,339,36.81938450394628,146.5747621256452,1,1,1,1,1,1,1,1,1,1,8.547532585173421,1
Pleasure,76.73482001195393,5.303624726752176,89,64.75042000451876,96.02445383290632,1,0,1,1,0,1,1,1,0,0,6.2258626983807925,0
Pleasure,289.1471741883374,13.445188604338117,312,109.27889409932138,48.485497771446695,1,1,1,0,1,1,1,1,0,0,7.6664482294972105,1
Pleasure,71.51473621317226,5.241425982282171,42,69.42570235840375,202.77387406658605,1,1,1,1,1,1,1,1,0,3,5.510122818845992,0
Business,401.50727597864267,16.006045555089056,40,57.72125980582357,137.0425396589828,1,0,0,0,1,1,0,0,0,0,1.0,0
Pleasure,343.7236280410687,19.565216991816207,4,102.95280073820831,199.54684747745299,1,0,1,0,1,1,1,1,0,0,3.4921958384474134,0
Pleasure,472.0374362156653,8.888421707505078,363,86.52978064163459,48.959583343607235,0,1,0,0,0,1,1,1,0,0,3.854921682488956,0
Business,411.50283887460887,18.340182829491955,85,105.66412805057418,184.89320132410072,1,1,1,1,1,1,1,1,5,2,2.0381620637574196,1
Pleasure,202.7407967928983,9.534178745776156,441,66.41608546383479,96.91278560739015,1,1,0,0,1,1,0,1,0,0,9.725119694607725,1
Business,471.181822712511,16.14389333009682,53,40.413944658798954,201.5360395007452,1,1,1,1,1,1,1,1,4,2,1.0,0
Business,151.73160253109518,5.701370146423727,177,97.63455062123283,113.40237189628687,1,1,1,1,1,1,1,1,4,2,7.393746983584652,0
Business,191.38283961193295,8.276354315428405,49,53.876330309737575,36.818581790546965,1,1,1,1,1,1,1,1,4,4,6.354955110896919,1
Business,205.02557894757734,8.056319901139586,208,30.64341303613969,181.77726753611736,1,1,1,1,0,1,0,1,0,0,1.9593026187103646,0
Business,172.30206800232426,2.073850292791952,392,83.69090505147626,39.120068577051484,1,1,1,1,1,1,1,1,2,1,8.024866966912223,1
Business,96.29669882552108,14.827732379051907,475,26.61589341713012,88.29764910062707,1,1,0,0,0,0,0,1,0,0,1.0,0
Business,438.7962349038659,11.863693470706462,102,89.52320704128692,77.53130689387241,1,1,1,1,1,1,1,1,2,0,2.0605966235125486,0
Pleasure,153.44972634683984,15.88233573599429,137,30.401358952183475,122.13549794959481,1,1,1,1,1,1,1,1,1,1,6.451546779056775,1
Business,194.53282877736592,5.850868721118712,268,114.58334176323197,82.14380413560421,1,1,1,1,1,1,0,1,0,0,6.74023475026706,0
Pleasure,337.34110521295,7.0032017582633355,485,50.24597173850519,53.4700616125387,1,1,1,1,0,1,1,0,0,0,8.0606228964138,1
Business,137.52670675524556,0.6513099434583869,498,80.60123187221055,51.6571589399336,1,1,1,1,1,1,1,1,8,1,10.0,1
Pleasure,253.372023092811,16.588129071121177,76,49.242276617307226,64.12123526939305,1,1,1,1,1,1,1,1,0,2,7.5415831377505125,1
Business,300.4268147424123,10.434796054884497,244,102.9683596613661,192.02080941365642,1,1,1,1,1,1,1,1,3,3,3.874602722112546,0
Pleasure,98.06625805770042,17.40605026663561,362,112.84438876850241,59.598241993128745,1,1,1,1,1,1,1,1,0,0,8.147445404665422,1
Pleasure,496.09474112667453,16.121165071417202,454,22.733240632226668,156.44626782438021,1,1,1,1,1,1,1,1,1,1,1.0,0
Pleasure,244.57056042121977,2.7554786378378893,34,19.70311976906833,67.77361091250083,1,1,1,1,1,1,1,1,1,1,6.795550745919909,0
Business,355.8136051054304,11.55947677333834,385,103.3685686209952,226.9461461358869,1,1,1,1,1,1,0,1,0,0,1.9186647604374398,0
Pleasure,346.02831019684544,16.744688561784734,497,64.62706555814302,151.29640714080722,1,1,1,0,0,1,0,1,0,0,6.269857153787618,1
Pleasure,258.72780282057863,17.112314395661198,113,100.44018542321776,196.19870492544155,1,1,1,1,1,1,1,1,1,0,7.119363286608943,0
Business,177.2271139841467,9.739133675397333,148,81.49922030261962,180.27501411325505,1,1,1,1,1,1,1,1,2,1,4.012483973496967,0
Pleasure,285.93687247234686,13.93060385810723,162,106.47585018373601,77.25101145517635,1,1,1,1,1,1,1,1,2,1,8.025989806337453,0
Pleasure,472.8385706022407,19.33773746879501,72,109.2532188497223,22.099816213353407,1,1,1,0,1,1,0,1,0,0,1.0,0
Business,439.46743599204086,7.886773490188301,68,95.65635993466337,96.94890575702874,1,1,1,1,1,1,0,1,0,0,5.872214259626153,1
Pleasure,234.5465656013498,13.854817608671091,286,66.81382217614795,233.05114299494764,1,1,1,0,1,1,0,0,0,0,6.9706564653606256,1
Business,329.8742414376123,12.60879880131955,1,59.39761174766276,99.3649678939898,1,1,1,1,1,1,0,1,0,0,1.0,0
Business,465.5511556207704,2.122169054233447,413,107.84418040186968,22.08557309785739,1,0,1,1,1,1,0,1,0,0,7.667237487579881,1
Pleasure,408.6034922581303,18.463301630142645,38,86.65813671044026,153.93794759530226,1,1,1,1,1,1,1,1,0,2,1.990058957204482,0
Pleasure,473.08462285532534,7.398016181865447,108,29.687316642301017,226.30889935335028,0,0,1,1,1,1,1,1,0,0,1.0,0
Business,464.67099901127716,1.1830090334283216,63,111.84340054561179,237.24255092857186,1,1,1,1,1,1,1,1,6,2,9.7665395301726,1
Business,404.41987423158974,8.558049396032066,163,104.1011694139319,6.591382761224782,1,1,0,1,0,0,0,1,0,0,4.231900043523908,0
Business,337.6137104826507,17.74478086853344,21,53.98017357603205,12.948681833943288,1,1,1,1,1,1,1,1,2,1,1.0,0
Business,262.1477511016187,19.98105900570652,176,104.78809780344312,237.99591635034568,1,1,1,1,1,1,1,1,0,2,1.0,0
Pleasure,268.12386509757494,4.306809256466186,366,30.09215843303148,75.86204867951061,1,1,1,1,1,1,1,0,0,0,8.313490795417895,1
Business,137.88547550458213,7.3791357641562305,378,50.66542547686688,159.09055651964422,1,1,1,1,1,1,1,1,3,1,4.511068070078737,1
Business,79.67602670465236,10.351033675807205,369,89.86582600356378,160.3670267578908,1,1,1,1,1,1,1,1,6,1,3.8727839137192657,0
Business,144.0169316087762,13.570808616944634,236,18.213115496966964,44.66360211454436,0,1,1,1,1,1,0,1,0,0,1.0,0
Business,412.4454180942531,5.393111639923617,434,61.07232998334153,145.9950675017388,1,1,1,1,1,1,1,1,3,0,4.698986139629186,1
Business,229.55437349560253,9.018329318214748,225,70.83842542761583,17.52191426968772,1,1,1,1,1,1,1,1,7,1,7.1755612496801175,1
Business,323.598678014341,19.15714269864933,332,33.45149794418985,124.64373096414933,1,1,1,1,1,1,1,1,4,2,1.0,0
Pleasure,180.78266287083437,14.914354119230811,150,18.161348672118855,55.47018179526124,1,1,1,1,1,1,1,1,2,5,7.144205964982633,1
Pleasure,61.39839464543308,1.6545869967782667,405,82.27302736843023,31.647581201551187,1,1,1,1,1,1,1,1,0,2,8.228441781838312,1
Pleasure,175.3965962654203,18.497983996868143,248,33.623846183677884,68.52489936717346,1,1,1,1,1,1,1,1,1,4,7.520684799026087,0
Pleasure,107.215650818133,12.798666130469027,76,49.81340686651006,195.25339475321664,1,1,1,1,1,1,1,1,2,0,5.0379510630988795,1
Business,376.334158699002,12.349504625098914,396,106.70549715314442,106.7268034439775,1,1,1,1,1,1,1,1,5,2,4.313162391994232,0
Business,190.3887718193968,3.7690131766875323,163,64.8794183201554,113.92865083599061,1,1,1,1,1,1,1,1,3,2,7.485048068059543,1
Pleasure,193.52317504280347,4.416898758581493,257,33.50573279286728,79.33994339736806,1,1,1,1,1,1,1,1,0,3,7.766244460893727,1
Business,205.12423759822386,18.807752117405972,155,117.25834205525639,208.19466441591365,1,1,1,1,1,1,1,1,3,1,1.0,0
Business,467.1520030477177,9.29559846479545,187,52.419917302068484,226.0837410308421,1,1,1,1,1,1,1,1,2,0,3.095852507422513,0
Pleasure,290.2699710149766,15.124648389929412,224,21.97581457034476,64.2670956273655,1,1,1,1,1,1,1,1,0,0,5.752406609644082,1
Business,434.07041332077483,18.01120558403357,51,79.8287268526076,192.4804356980825,0,1,1,0,1,0,0,0,0,0,1.0,0
Pleasure,150.87775092055142,8.35812374992955,323,97.59534934767272,233.09923600099475,1,1,1,1,1,1,1,1,1,2,8.414446217705617,1
Business,133.59767042998342,10.978039458428302,459,88.65335369764557,106.55964554734793,1,1,1,1,1,1,1,1,3,1,3.1009688666073316,0
Business,248.4833467674985,16.31999230985879,52,18.414370061950255,220.9671786659344,1,1,1,1,1,1,1,1,3,1,1.0,0
Business,157.60768046627322,13.592860374567373,249,49.60220037084889,177.83042223478705,1,0,0,1,0,1,0,0,0,0,1.0,0
Pleasure,391.1181162669331,16.98828245866516,372,36.806435241465735,165.3957842975632,1,1,1,1,1,1,1,1,0,1,4.959156577931226,1
Business,322.73563966792943,5.388624104931397,246,94.41434366240117,230.69602983848253,1,1,1,1,1,1,1,1,5,1,7.158299711872679,1
Business,243.89462747069854,10.375060185091844,145,22.519063673655026,102.47707992209097,1,1,1,1,1,1,1,1,0,0,1.786441695395297,0
Pleasure,287.795263265422,11.288672187945707,365,24.82616372723008,174.83333336508156,1,1,1,1,1,1,1,1,2,1,7.028335560590936,1
Pleasure,93.35076657782065,3.2023007264691916,94,65.81771075944721,130.8934868489882,1,0,1,1,1,1,1,1,0,0,5.927705370461728,0
Pleasure,206.84646066994063,15.082123983598436,352,117.6555481013982,124.2915530316385,1,1,1,1,1,1,1,1,2,2,9.098897779063247,1
Pleasure,490.16388481575177,10.94785146148215,476,16.01684502917419,40.594391045927786,0,1,1,1,0,1,0,1,0,0,2.9071340529842784,0
Business,195.0637085153805,9.28409924293173,121,24.827295480204505,5.80721297530656,1,1,1,1,1,1,1,1,3,1,4.0229656866694805,0
Pleasure,92.74877408546344,17.510102322260103,295,66.68877540771088,19.921418510843015,1,1,1,0,0,1,0,0,0,0,4.946738488074031,1
Business,132.57535811650908,11.26251047030589,349,71.62452684798419,158.19217645596575,1,1,1,1,1,0,0,0,0,0,2.510537666992115,0
Business,340.8719412528103,11.070772416840434,113,45.25930662566361,212.73526284076374,1,1,1,1,1,1,1,1,5,2,4.158483518039126,0
Pleasure,113.06168439682546,16.53949501572165,8,103.39610480370385,59.00573620841499,1,1,1,1,1,1,1,1,3,4,5.687723360089589,0
Pleasure,160.5563292527836,2.3556840955166902,308,109.32551556347555,134.84188560359382,1,1,1,1,1,1,1,1,3,2,8.736401137623371,1
Business,190.7492846542727,12.893956506131698,491,66.76774597902332,8.337873020790328,1,1,1,1,1,1,1,1,4,2,2.8866567306039537,0
Business,421.95491425118536,14.606569102033518,350,80.91130451691158,76.22942208817021,1,1,1,1,1,1,1,1,4,0,1.3047522081882112,0
Business,177.57809053271913,15.591759807259491,195,81.25230927407443,60.7977766624139,1,1,1,1,0,1,0,1,0,0,1.0,0
Business,476.4591203596276,0.985397291582808,450,116.29942077025093,92.88098389449378,1,1,1,1,1,1,1,1,5,3,10.0,1
Business,289.4351785146305,19.271858441513785,485,37.66294077653323,135.04896464692624,1,1,1,1,1,1,1,1,5,2,1.0,0
Business,378.7495764115674,9.96052594656411,74,106.32731282090853,5.909965816557125,1,1,1,1,1,0,0,1,0,0,4.0202699224676675,1
Business,422.8807981843798,10.88860045760734,31,33.63053270273294,198.83931880854544,1,1,1,1,1,1,1,1,0,1,2.8894752170522233,0
Business,260.7748986107297,12.557419562878716,149,118.73146287153585,204.035289128844,1,1,1,1,1,1,1,1,4,0,3.271495622984225,0
Business,200.36049705770697,11.08370148169174,55,94.51834650655702,61.855014402738746,1,1,1,1,1,1,1,1,3,4,4.280097349240613,1
Business,124.50130990978445,2.8475977841859534,423,40.31136524279491,239.73268263900007,1,1,1,1,1,1,1,1,6,0,7.004658493699444,1
Business,192.23647589027158,4.232351543631891,497,108.77641597243598,55.55129298890717,1,1,1,1,1,1,1,1,8,1,8.543457737627865,1
Pleasure,175.95370512123796,2.8556542825792386,185,94.98344775932642,148.44541062893896,1,1,1,1,1,1,1,1,0,0,8.714150924417432,1
Pleasure,353.8508766333183,8.651188372896389,149,64.32390265057343,133.24380162903225,1,1,1,1,1,1,1,1,1,1,6.425430599606034,0
Pleasure,216.63028082191613,17.416785184676215,24,80.12409915279376,111.41731153946702,1,1,0,1,0,1,0,1,0,0,6.879620542783565,1
Business,125.58995657126357,15.997883898577243,206,114.5315188816682,76.30788683998132,1,1,1,1,1,1,1,1,1,0,1.4842323821936678,0
Pleasure,289.60551371278876,17.40271214182795,406,41.498885466901044,138.94579942747922,1,1,1,1,1,1,1,1,3,3,6.855678431707739,1
Business,310.78883293043475,6.996382199487618,438,105.08182584301433,95.72215856844777,1,1,1,1,1,1,1,1,2,0,5.0831946387616,1
Pleasure,433.8912779733816,14.717354187794747,75,45.24836277631842,62.58419962601835,1,1,1,1,1,1,1,1,3,3,1.1841185235111467,0
Pleasure,105.89936922893338,0.0628662438172034,405,42.481538674013436,15.86407628608455,1,1,1,1,1,1,1,1,1,5,8.100742365490564,1
Business,130.0048102956533,19.76876940343817,211,68.62778629902671,239.779806127641,1,1,1,1,1,1,1,1,3,3,1.0,0
Pleasure,435.6367503019233,13.179822705448123,152,118.80894186965891,183.4334484724795,1,1,1,1,1,1,1,1,0,2,3.3763559296844954,0
Pleasure,182.9504783223631,2.8480416869161873,197,48.16427469025295,131.2987095312029,1,0,1,0,1,1,0,1,0,0,7.842307269990473,1
Pleasure,189.07574855778142,15.905234115990929,97,34.43682624568463,229.98061360604075,1,1,1,1,1,1,1,1,0,0,4.598590187824884,0
Pleasure,383.7039548580643,16.500771497274883,174,97.18782959547379,214.36165925067039,1,1,1,1,1,1,1,1,0,3,4.128475804116271,0
Business,378.92674226797664,5.711959505515313,209,62.09103310544375,134.83880343950952,1,1,1,1,1,1,0,1,0,0,4.01038597999496,0
Business,124.19545473680901,15.163634192290909,309,60.41065796663051,229.48427933523774,1,1,1,1,1,1,1,1,5,1,1.5390683003852261,0
Business,109.37577678844578,0.8765411750435748,256,75.31748943427283,189.34407496308776,1,1,1,1,1,1,1,1,5,0,9.032116907030158,1
Pleasure,491.93136301479745,12.721219717103693,450,15.716323432170363,85.83647388819485,1,1,1,1,1,1,1,1,3,3,1.0,0
Business,173.3465003480851,8.029472881887488,353,108.11818089667462,41.93365767149038,1,1,1,1,0,0,0,1,0,0,4.980968941079209,0
Pleasure,188.72483911266957,15.249878256596679,438,97.57004577658299,137.91195215958302,1,0,1,1,0,1,1,1,0,0,8.117812721750475,1
Pleasure,225.8271765343522,15.695522193491714,75,39.65759622413484,178.46226137585106,1,1,1,1,1,1,1,1,0,1,5.590146692629711,0
Business,328.1105459098339,3.2328928533693,220,89.36277511395087,81.78691824780138,1,1,1,1,1,1,1,1,8,1,7.716223652959046,1
Business,131.0638553570989,2.9434857052796914,477,89.35953116113379,51.32572651848628,1,1,1,1,1,1,1,1,3,2,8.662954842467627,1
Pleasure,86.3326251825258,6.707005428903699,492,91.14091075148005,187.67839603300044,1,1,1,1,1,1,1,1,2,4,9.363716006763486,1
Pleasure,319.95498838811756,3.9939981048836537,408,23.527422036659125,57.55323355724874,1,1,1,1,1,1,1,1,1,4,9.018850432386323,1
Pleasure,478.6067576760905,2.268237036548957,82,71.61964754191882,113.4630086051495,1,1,1,1,1,1,1,1,0,0,1.0,0
Business,310.81022714133775,2.9776877770282884,282,44.29772236872618,206.93260417768477,1,1,1,1,1,1,1,1,2,2,6.63900456244497,1
Business,375.4112304103562,10.323849563995353,89,77.534943762655,138.7608673904944,1,1,1,1,1,1,0,1,0,0,3.059070774556011,0
Pleasure,429.399669915172,16.840886186987053,29,35.76784584889623,93.57189502263692,1,0,1,1,0,1,0,1,0,0,1.4241430897483147,0
Pleasure,409.1447273852972,6.277638331037174,359,37.835528508150034,74.51132396999819,1,1,1,1,1,1,1,1,4,4,6.1600621273112335,1
Pleasure,428.066962276519,6.173489846324232,228,34.11105333456086,10.328683061657186,1,1,1,1,1,1,1,1,4,2,3.5758341170399683,0
Business,270.53230440868487,3.414840630009335,441,114.40705710016404,184.54517288319667,1,1,1,1,1,1,1,1,0,0,6.50218419254276,0
Pleasure,158.15243747583136,17.939740983166445,426,99.3862880851248,176.24889529777028,1,1,1,1,1,1,1,1,0,1,8.456051091781337,1
Pleasure,186.49672232328754,8.376240147902376,83,85.13066860581841,92.49290635169773,1,1,1,1,1,1,1,1,1,3,6.457843235925781,0
Business,211.3638761610507,18.58706685920882,330,42.86334329255376,59.326000999421865,1,1,1,1,1,1,1,1,4,1,1.0565610483765766,0
Pleasure,260.400926725951,18.09233482432231,338,102.81818739280756,24.18134559840076,0,0,1,1,1,1,0,1,0,0,6.879253219330322,1
Business,272.50528255964434,11.968858537019834,352,106.31413964909123,182.20684179277603,1,1,1,1,1,1,1,1,1,1,2.773585064631187,0
Business,342.2318916031587,6.722621839402438,200,90.29032509632292,81.22418067003686,1,1,1,1,1,1,0,1,0,0,4.073209571423326,0
Pleasure,404.2749097939407,7.080784927573916,339,33.94780386180369,167.75910690234977,1,0,1,1,0,1,0,1,0,0,3.980175098855876,0
Business,137.65025658800513,19.276699827110004,238,113.68927358770982,217.55473391065206,1,1,1,1,1,1,1,1,3,2,1.0,0
Pleasure,185.40300332049114,5.726313040538802,218,55.65507414586709,167.88949673665994,1,1,1,1,1,1,1,1,0,1,7.894336773112922,1
Pleasure,487.0976639880684,12.72255896347787,389,39.24840804584789,231.54869048451212,1,1,1,1,1,1,1,1,2,5,1.0,0
Business,458.29399397582137,3.139155580575308,458,66.82582337295098,41.12363730775695,1,1,1,1,1,1,1,1,3,1,9.299991428702418,1
Pleasure,339.9061840395948,5.632376037812796,493,85.70992708937364,219.94634787611673,1,1,1,1,1,1,1,1,3,6,7.248451029792035,0
Pleasure,402.16817187809534,1.974607291995576,410,104.75154879690348,222.10721547643382,1,1,1,1,1,1,1,1,1,1,6.722324479695175,1
Pleasure,85.13362981197716,3.2462704587226643,48,69.90501096636312,26.693964929427445,1,1,1,1,1,1,1,1,6,3,7.4745001582781745,1
Pleasure,184.45894591742996,12.001981113267107,9,64.78473720096348,122.98592426892317,1,1,1,1,1,1,1,1,2,1,5.792396619166266,1
Business,486.4717832445802,19.459684897324376,357,111.95068508628837,114.48074039094084,1,1,1,1,1,1,1,1,5,1,1.0,0
Pleasure,179.01815107796426,11.129079049043236,340,101.24630346685929,111.40294618007043,1,1,1,1,1,1,1,1,2,2,9.579927613462853,1
Business,213.51855090408557,0.08268724435508856,62,23.226931968487886,135.446918323342,1,1,1,1,1,1,1,1,5,2,8.21570880479619,1
Pleasure,489.61613610631673,7.51655577376231,257,86.76003021801606,76.88914075365614,1,1,1,1,0,1,1,1,0,0,1.0,0
Pleasure,448.38869035267425,17.997865796162124,135,84.78020731615159,146.36615521311853,1,0,1,0,1,1,1,1,0,0,2.406437391641144,0
Business,82.53416911332958,2.1247086541398885,108,51.350754530241026,207.51659952206208,1,1,1,1,0,1,0,1,0,0,6.351246527061201,1
Pleasure,79.73011426525721,1.4222542888050538,176,116.11104657825666,7.786554872398954,1,1,1,1,1,1,1,1,3,2,7.6097531601286805,1
Pleasure,282.0307678180202,6.926044665188382,389,28.88452163019953,128.3065138956062,1,1,1,1,1,1,1,1,0,4,7.785956896120343,1
Pleasure,147.68972131592295,19.698481213599308,285,31.88659948300698,199.6832471312165,1,1,1,1,1,1,0,1,0,0,5.768207462939667,1
Business,182.6040366875513,2.9910912790272937,261,81.63900542411962,214.4824643610583,1,1,1,1,1,1,1,1,3,1,6.756757966199689,1
Pleasure,178.5291212591239,2.1589035837186388,135,89.30556217150469,159.3685746597719,1,1,1,1,1,1,1,1,3,2,7.69067506661384,1
Pleasure,387.00053291691916,9.62082922472048,240,74.72590770415334,17.274254086929858,1,1,1,1,1,1,1,1,0,2,3.525325615024996,0
Pleasure,267.3593473140585,15.722784722896561,309,44.69470136539181,6.3906985162556555,0,1,0,1,1,1,0,1,0,0,7.2070107594373125,1
Pleasure,68.82762906897167,19.150111426481796,22,43.21209572280692,112.4244686823251,1,1,1,1,1,1,1,1,1,2,3.361889657110928,0
Business,267.29700157217053,8.24863950831026,259,18.43897377726475,55.25352275448274,1,1,1,1,1,1,1,1,1,1,3.152601076245114,1
Business,130.84345821580533,14.458553950184728,478,102.66742314939101,69.98459384112674,1,1,1,1,1,1,0,1,0,0,1.0,0
Business,135.53832946832722,1.6783403323586477,216,50.89595055642267,182.2610408328145,1,1,1,1,1,1,1,1,1,0,7.5384959242012854,1
Business,376.132644201069,14.737353193587012,61,34.90690825477287,197.0119939616539,1,1,1,1,0,0,0,1,0,0,1.0,0
Pleasure,302.84802930825833,17.22306813890351,119,63.12567064395756,140.3253873469728,1,1,1,1,1,1,1,1,1,1,5.928039356067527,1
Business,346.6512648730673,13.33777987717497,154,49.24509586297106,66.45560142157375,1,1,1,1,1,1,1,1,0,2,1.0277538055104103,0
Pleasure,329.95333302107224,8.32093585808282,16,86.42448932622415,210.79492487170856,1,1,1,1,1,1,1,1,0,0,5.250035530554603,0
Business,98.17315225853554,0.875190373595196,18,36.94241002560331,28.663117921955152,1,1,1,1,1,0,1,1,0,0,5.99907365628229,0
Business,99.31590899174996,3.5590719275422344,417,44.56901512407803,230.0102801852154,1,1,1,1,1,1,1,1,2,0,7.697677169847576,1
Business,384.7563205717519,17.777776953686026,263,115.8084288339972,115.27352843093894,1,1,1,1,1,1,1,1,5,0,1.0,0
Pleasure,410.2291335864548,5.023053272059343,368,105.71282674690963,86.54425343057561,1,1,1,1,1,1,1,1,1,1,7.409785817111501,0
Pleasure,402.5002678956423,13.465325968234103,54,50.779328091331905,74.22789236639865,1,1,1,1,1,1,1,0,0,0,2.3719002680551124,0
Business,101.75081246271662,12.532839268164027,248,16.231279031308798,40.25514037948344,1,1,1,1,1,1,1,1,6,0,2.3223852590522736,0
Pleasure,483.9279604425716,11.140506625573192,37,101.05831743830275,6.525865850790971,1,1,1,1,1,1,1,1,0,2,1.0,0
Pleasure,418.84975140493316,4.027379333590377,137,39.797078703148,164.6166673196362,1,1,1,1,1,1,1,1,1,3,2.485255543961647,0
Business,195.85245700740978,2.732606448455994,489,82.53720527515084,126.08082726677007,1,1,1,1,1,1,1,1,3,0,8.229044361059655,1
Business,298.4645262501658,5.618151169320534,102,61.90677719283316,32.136517736111244,1,1,1,1,1,1,1,1,4,2,6.3588942898654865,0
Pleasure,165.93342400198006,5.6758770803258045,78,95.59192515047155,230.46688149845292,1,1,1,1,1,1,1,1,0,1,7.604482820907844,1
Business,250.6311909045594,16.323688598740652,247,37.63016288794992,85.27284670532765,1,1,1,0,1,1,0,1,0,0,1.0,0
Business,68.27131654959645,14.184572052980242,139,37.36095909368645,125.07815883394957,1,1,1,1,0,0,0,1,0,0,1.0,0
Pleasure,73.4738259765289,14.725564973678473,281,54.59104141145219,36.70980884632634,1,1,1,1,1,1,1,1,1,1,5.976687878021211,0
Pleasure,480.13477749339125,14.078193913462929,105,20.771950976083833,62.54227515257591,0,0,1,0,0,0,1,1,0,0,1.0,0
Pleasure,310.275558042152,12.071272834909124,22,52.31235144600757,108.1288319595889,1,1,1,1,1,1,1,1,0,0,4.806957171222021,0
Pleasure,484.6197352723115,13.964575281865628,338,54.551020746107596,128.29734070628092,1,1,1,1,1,1,1,1,0,2,1.2884643522115606,0
Business,142.8739532099969,17.29972761741584,266,79.28838554236263,29.872529669409424,0,1,1,1,0,0,0,0,0,0,1.0,0
Pleasure,303.9849174695803,19.234622727700227,185,89.81430473060763,225.10112298598222,1,1,1,1,1,1,1,1,3,3,5.168252020083817,0
Pleasure,313.52358582374546,18.694839187259074,3,18.448647066538026,59.903051320808174,1,1,1,1,1,1,1,1,2,1,4.620057035812659,0
Business,260.48872780878435,11.559327580454253,209,24.488667937063607,63.74459208708256,1,1,1,1,1,1,1,1,4,1,3.583152601829409,0
Business,201.38631592999806,14.707811370145796,414,94.33807307406308,27.45326379292535,1,1,1,1,1,1,1,1,4,2,3.549257389862748,0
Pleasure,347.4720567407594,10.362309392403148,128,31.600195935791547,238.39288759738074,0,0,1,1,0,1,0,1,0,0,4.310178462244373,0
Business,86.78276286655235,19.963643236294093,123,118.39968843295487,79.44838005086694,1,1,1,1,1,1,1,1,7,0,1.0,0
Business,175.01579167550116,1.530315719206059,309,106.3426294107216,187.78112962610334,1,1,1,1,1,1,1,1,4,0,7.348972189522173,1
Pleasure,309.1318994937847,1.6358320116650638,436,56.81888796691294,173.99495069402042,1,1,1,1,1,1,0,0,0,0,8.607092413413945,1
Pleasure,408.3120053831679,18.40460960431099,150,83.14094856634138,159.43421156826844,1,1,1,1,1,1,1,1,1,2,2.1955177297804505,0
Pleasure,492.58196486940494,7.751119307313825,307,103.67106051467645,61.720735873741674,1,1,1,1,1,1,1,1,3,5,3.7018531263983703,0
Business,85.92519238266947,0.06720048479168073,100,92.01563200978875,86.87445498455739,1,1,1,1,1,1,1,1,6,2,8.548966836367427,1
Pleasure,212.08166043567408,9.90134410310889,115,23.881900394265738,97.60711328586925,1,1,1,1,1,1,1,1,6,1,8.054458794550694,0
Business,212.81596972232583,17.25873372790582,338,66.00351243873646,230.90386038778504,1,1,1,0,1,1,0,0,0,0,1.0,0
Pleasure,93.9376850120059,17.369361121009643,84,23.896529683790877,12.854822104942075,1,1,1,1,1,1,1,1,3,3,6.61893162194383,1
Pleasure,212.32214593371492,3.5713723275815212,414,61.66620988729717,137.42293542432267,1,0,1,0,1,1,1,1,0,0,8.4033892789889,0
Business,408.80438055447576,7.913335339727821,465,20.856127559459814,71.6894206755112,1,1,1,1,1,1,1,1,6,1,5.418232881097152,1
Pleasure,316.88339363608463,16.853928314001227,142,74.06712444872043,88.00994595699336,1,0,0,1,1,1,1,1,0,0,6.170804729231525,1
Business,195.8924183940492,17.260104985262853,232,107.36535404163041,96.08644855874431,1,1,1,1,1,1,1,1,0,0,1.0,0
Pleasure,373.701408940168,1.8504357527853,353,39.398749764989965,11.279274506742224,1,1,1,1,1,1,1,1,1,2,6.555685563000384,0
Business,448.50750723893367,19.81953000841729,330,97.18170893534445,150.77689811052286,1,1,1,1,1,1,1,1,1,3,1.0,0
Pleasure,354.5184397906964,8.639266781122748,34,81.43812214881757,115.12255018009849,1,1,1,1,1,1,1,1,1,0,4.509253798993216,0
Business,342.4218542367301,18.068703389908983,241,42.18375184006583,223.03291868979179,1,1,1,0,0,1,1,1,0,0,1.0,0
Pleasure,475.5635186313269,1.6204582711893645,458,44.64743181560347,104.49761675298117,1,1,1,1,0,0,1,1,0,0,1.534310997209908,0
Pleasure,122.58691400777491,15.782623322436251,125,110.52118498089293,6.984359789245452,1,0,1,1,0,0,0,0,0,0,5.794899213698845,0
Pleasure,209.0268355368977,11.24099653429292,34,34.89021009725808,46.99133379746684,1,1,0,1,1,1,1,1,0,0,6.008587105840618,1
Business,138.83860404653265,1.3404298404749393,90,99.64677419854877,135.16606484005598,1,1,1,1,1,1,1,1,6,0,8.874114800191904,1
Business,354.1638099117791,18.20049626553891,89,91.8061988019474,123.49943791956902,1,0,1,1,1,1,1,0,0,0,1.0,0
Business,190.45675051481427,2.6600850460612335,95,64.23970435171148,220.10570541480752,1,1,1,1,1,1,1,1,5,4,7.5296673101255145,1
Business,324.85813224406047,19.623847355927385,336,22.747122391087164,128.14419790663294,1,1,1,0,0,0,0,0,0,0,1.0,0
Business,405.0071250313544,15.865532632470181,43,26.42649812214213,77.66523088079941,1,1,1,1,1,1,0,1,0,0,1.0,0
Pleasure,351.55022933865916,19.270564022315185,108,89.73919229290895,82.55929515937711,1,1,1,1,1,0,1,1,0,0,3.938090964111766,0
Business,468.9082577847851,7.27477331126882,126,100.96584491016887,123.20359505359896,1,1,1,1,1,1,1,1,4,3,4.735055404581561,0
Pleasure,209.97631748785642,19.739055859106735,479,73.9464512489003,96.88286137361499,1,1,1,1,1,1,1,1,3,2,9.044292151211893,1
Pleasure,498.4045011332057,14.472969896754304,349,74.21247108047835,16.82415616129357,1,0,0,1,0,1,1,1,0,0,1.0,0
Business,136.53498007034258,18.412838574352968,196,44.70722246462307,147.04736480570438,0,1,0,1,1,0,0,0,0,0,1.0,0
Pleasure,435.94288068305104,14.971573091000511,418,82.17170985705296,222.6289931485947,1,1,1,1,1,1,1,1,0,0,3.39427015826941,0
Pleasure,402.17268330446916,9.842552431179918,372,117.05276749973521,10.288382713852315,1,1,0,0,1,0,0,1,0,0,6.4619872408483054,1
Business,201.45675112581173,6.937011839925424,407,98.45051555378198,196.5376096556749,1,1,1,1,1,1,0,1,0,0,4.046695165111349,0
Pleasure,188.35396306755712,3.4419775953989484,327,69.8667978628509,53.246107301053776,1,1,1,1,1,1,1,1,3,3,9.2123896175412,1
Pleasure,179.97108876498322,10.554002608164968,386,111.2124242675874,9.931745579745304,1,1,1,1,1,1,1,1,1,1,8.941357435502692,1
Pleasure,343.4135369206132,11.315163068282272,374,100.94023048994347,79.11698474837486,1,1,1,1,1,1,1,1,2,0,6.460870013632466,1
Business,73.82224507487737,19.611376809055788,386,76.8973248801636,188.5301042611651,1,1,1,1,1,1,1,1,7,0,1.0,0
Business,350.74061324155525,16.503412833994645,81,109.5543571194297,225.36774429305032,1,1,1,1,1,1,1,1,4,2,1.0,0
Pleasure,238.74483403464313,12.737595989338704,73,117.95006413295371,221.6592490698587,1,1,1,1,1,1,1,1,1,2,7.047072540827711,1
Pleasure,473.1794519953326,18.704672610001396,107,44.10296119012317,158.0073238678657,1,0,0,0,1,1,1,1,0,0,1.0,0
Business,80.8884130724485,11.024386034609705,302,57.00478229920306,198.93668994326728,1,1,1,1,1,1,1,1,2,1,2.8367212009786886,0
Business,287.0748307799151,10.134911184457527,162,114.15481033070012,30.70587642328341,1,1,1,0,0,1,0,0,0,0,2.620239940832675,0
Business,486.9945661906195,16.58236981555959,42,116.07306978777383,122.91528772209298,0,1,1,0,0,1,0,1,0,0,1.0,0
Business,292.1736849911515,6.293784072976076,447,49.51877273037867,185.3266417840896,1,1,1,1,1,1,0,1,0,0,2.796900769727209,0
Pleasure,115.28298471164095,2.2604768411313514,465,65.97794400382973,48.55438216063572,1,1,1,1,1,1,1,1,6,2,10.0,1
Business,316.98184309965256,18.901463029012696,457,75.20582256914884,143.0712549382678,1,1,1,1,1,1,1,1,6,1,1.0,0
Business,251.50898579843494,14.382733997575682,440,110.60667950059431,165.71087573469572,1,1,1,0,0,0,0,0,0,0,1.0,0
Pleasure,215.49022399709912,5.398960846438037,209,49.458367329288585,12.292696334674455,1,1,1,1,1,1,1,1,0,2,7.85070724960877,0
Business,169.4146561130514,6.173794357291948,357,37.922947342581004,139.26260605812595,1,1,1,1,1,1,1,1,6,2,6.394735060128983,1
Business,475.18148300283866,6.332105585538623,305,76.06361691647223,99.18541908426296,1,1,1,1,1,1,1,1,5,4,8.039729250975782,0
Pleasure,491.4817157799072,5.775023867239286,107,53.995856325416945,62.09099237676524,1,1,1,1,1,1,1,1,3,0,1.425775344778252,1
Business,143.19787307960587,5.295070391114485,370,114.40924377523345,180.14100830005341,0,1,1,1,1,1,0,1,0,0,5.335067870436284,0
Business,241.26678961180824,2.2030149882981864,199,88.35778009220998,133.94821251710974,1,1,0,1,1,0,1,1,0,0,6.467020563111998,1
Pleasure,117.57258330525882,11.172717109906852,197,28.470968538986483,101.52014666509405,1,1,1,1,1,1,1,1,1,0,5.540904319337615,0
Pleasure,102.12146891250852,10.416676832681258,282,58.802831333181985,128.38391594640117,1,0,0,1,1,1,1,1,0,0,7.7110202454377585,1
Business,92.99709283829765,1.9088276956975836,124,28.371395394570705,178.47620502375915,1,1,1,1,0,1,0,1,0,0,6.673140052841218,0
Business,205.03714078854847,10.693623771875355,418,90.48410541389798,181.40818404176284,1,1,1,1,0,1,0,1,0,0,2.1076711171152613,0
Business,466.29749295010157,9.025623633757352,148,98.17908434263768,153.85295941884002,1,1,1,1,1,1,1,1,5,2,3.7669486546698305,0
Pleasure,454.86985317897467,2.4497360411089097,418,80.2462924772153,29.497287949368243,1,1,1,1,1,1,1,1,4,5,4.432771675936953,0
Business,153.93799589063056,16.868458500459575,292,88.5358843036237,50.77677308225751,1,1,1,1,1,1,1,1,7,0,1.0,0
Business,149.14939506386256,4.697285157804993,128,109.29974988674704,7.324697752333499,1,1,1,1,1,1,1,1,4,2,7.667151429520367,0
Pleasure,68.43178371405996,0.07004001084836453,331,72.3809520752831,138.93736798329246,1,1,1,1,1,1,1,1,2,4,10.0,1
Pleasure,133.35068227349288,5.253169488026657,396,37.08840442560627,102.15938183875849,1,1,1,1,1,1,1,1,0,0,8.354215937601365,1
Business,429.61142946760924,8.337971604941558,160,111.45237437105156,171.6788354219883,1,1,1,1,1,1,1,1,0,2,6.1582139905146365,0
Pleasure,347.5173402753775,4.499400645880815,184,110.0069331195642,219.39510459228433,1,0,1,1,1,1,1,1,0,0,5.088249884808204,1
Business,181.723149708938,2.8675230946037367,243,52.07109490380389,237.3475653760071,1,1,1,1,1,1,1,1,1,0,5.867711592630813,0
Pleasure,468.5838633387332,18.521526313562685,309,96.09968980654334,233.7369661644711,1,1,1,1,1,1,1,1,3,2,2.7110362823843666,0
Pleasure,411.8319760103115,13.175940330712342,9,106.65014494935491,134.80222437058956,1,1,1,1,1,1,1,1,1,6,1.9293625362002864,0
Pleasure,101.33265447666817,18.83264630043966,19,60.87401530803193,63.023644743277025,1,1,1,1,1,1,1,1,3,4,2.631432404324798,0
Pleasure,377.2126113060984,7.07371133165795,194,78.55293103651314,184.87897038486025,1,1,1,1,1,1,1,1,4,2,6.028227817423921,0
Pleasure,196.25585239192344,15.890015120821193,298,32.364725650497675,10.184483018617287,1,1,1,1,1,1,1,1,0,2,7.018576636409842,1
Business,361.8799639432552,10.470938761480767,20,60.99199174734636,23.538028445914367,1,1,1,1,1,1,1,1,3,3,3.8971987486515283,1
Pleasure,392.543797545537,15.680915146367076,270,29.5985431943298,71.62356508494125,1,1,0,0,0,1,1,0,0,0,2.6036934075441263,0
Business,268.6691814357881,16.29719676711918,181,97.58893517383693,210.91524663929735,1,1,1,1,0,0,0,1,0,0,1.0,0
Business,483.9712716079681,17.399020332444696,393,62.87032487211147,189.36452949305578,1,1,1,1,1,1,1,1,3,2,1.0,0
Business,255.23397364413162,8.343080375336033,14,24.913423353187753,200.26855882506044,1,1,0,0,0,1,1,0,0,0,1.7192475529563342,0
Pleasure,394.4378474345479,3.117334645502141,349,16.381433007612433,76.49240915397449,1,1,1,1,1,1,1,1,0,0,4.122136281730461,0
Business,115.42869369089158,10.579670872682618,491,36.10018985336637,7.670227536257994,1,0,1,1,0,0,0,1,0,0,1.9155343689739681,0
Pleasure,140.622043767273,12.735610623292093,302,49.096723670420666,140.74726400366,1,1,1,1,1,1,1,1,2,2,8.320006778475266,1
Pleasure,153.8113178154509,12.73238088732018,379,110.03738409936832,120.80191077254939,0,1,1,0,1,1,1,1,0,0,8.362193120073345,1
Pleasure,470.072100290975,7.784268513533568,86,103.40295906362843,25.226006773466334,1,1,1,1,1,1,1,1,0,1,1.0,0
Pleasure,424.94875659584727,7.120933611183533,348,71.25086438009676,230.67246292743454,1,1,1,1,1,1,1,1,4,3,5.192968718888602,0
Pleasure,222.92468034587088,8.952712353624072,431,44.30077177941705,129.33449022896605,1,1,1,1,1,1,1,1,2,4,9.113395737208581,1
Pleasure,184.6025221909916,0.5463673230826882,95,63.29672588095916,32.05746932379,1,1,1,1,1,1,1,1,3,2,7.32102485540374,0
Pleasure,480.6067342595124,13.308906048117802,59,48.44684729032165,97.98506008367374,1,1,1,1,1,1,0,1,0,0,1.0,0
Pleasure,160.05853272119563,13.07599723526188,231,85.68087189353487,109.0303504989505,1,1,1,1,1,0,1,0,0,0,6.222746842248659,1
Pleasure,483.99742036786245,5.240258209066113,142,69.49543338574853,83.32870936191888,1,1,1,1,1,1,1,1,0,0,1.0,0
Business,241.90020235363642,4.567684700692212,444,111.92348225553322,231.50442082912207,1,1,1,1,1,1,1,1,7,1,8.453387401777773,1
Business,347.7725472258749,7.948435234729166,71,35.71797753302537,77.94165487714685,1,1,1,1,1,1,1,1,6,1,5.287637271230351,0
Pleasure,149.62110504261508,13.166301724937595,338,64.07638253076817,35.32656366285126,0,0,1,1,0,1,1,1,0,0,6.903596155325691,1
Pleasure,93.46240701618497,19.71907993566177,98,24.463439345765185,189.13409536548528,1,1,1,1,1,1,1,1,0,1,3.7895902663617846,0
Pleasure,318.510822175085,0.8423298725307649,186,46.58953716578048,21.530737618291457,1,1,1,1,1,1,1,1,0,0,7.341934004160483,1
Pleasure,150.59361270413024,19.132887952383587,194,95.98171853409943,29.751836215070878,1,1,0,0,0,0,0,1,0,0,6.107210169425251,0
Pleasure,128.43517137882512,5.031043512595808,113,28.822403764822706,13.439218848281822,1,1,1,1,1,1,1,1,2,1,7.169619827203797,1
Business,278.17795388077195,2.5680120673342244,268,107.68850911386784,135.09787257471172,1,1,1,1,1,1,1,1,2,3,7.48662531108507,0
Pleasure,238.00129021198765,0.5820274957043892,430,92.58784984166324,190.81064625246464,1,1,1,1,1,1,1,1,3,5,9.882360766562268,1
Business,86.34112009477377,0.818631050214309,322,87.35401026927136,14.943436328727383,1,1,1,1,1,1,1,1,5,1,9.986903611248257,1
Business,248.78479872866103,5.15619694148147,403,111.19335699715806,64.95095384909352,1,1,1,1,1,1,1,1,2,1,7.430851802372305,0
Pleasure,332.9890123398995,2.751833307188014,474,78.00843531107193,88.86717164836288,1,1,1,1,1,1,1,1,0,0,8.972199274584412,1
Pleasure,498.05806605780487,17.70065342067172,243,66.50803170145133,167.78997150298008,1,1,1,1,1,1,1,0,0,0,1.0,0
Business,302.6449642798847,3.3052646948773856,63,95.08970475232864,135.6840491313365,1,1,1,1,1,1,1,1,3,0,6.532507692116594,1
Pleasure,139.98689822947242,7.431262628968522,359,37.80569046120962,117.37472600718803,1,1,0,1,1,0,0,1,0,0,7.997355218576983,1
Business,375.05829483209334,4.844731175290063,116,95.36003886521566,169.86564312210928,1,1,1,1,1,1,1,1,0,0,5.18159114088702,1
Pleasure,418.93685750197966,18.734151589888302,47,48.49066290290431,119.06951093915453,1,1,1,1,1,1,1,1,1,0,1.0,0
Pleasure,95.37827005655708,10.697423132915961,490,66.0789227572836,142.94227817123146,1,1,1,1,1,1,1,1,2,6,8.173104615715678,1
Pleasure,384.09748939755923,10.197212044956906,426,51.82243625533809,165.97551219900922,1,1,1,1,1,1,1,1,2,3,6.6756209579947665,1
Business,153.29077431705434,5.943237113580873,362,56.94330651757527,222.47947727870576,1,1,1,1,0,1,1,0,0,0,5.1566154317371815,0
Business,254.24774478786793,10.188081785251677,33,105.56883119283182,5.750879709245601,1,1,1,1,1,1,1,1,4,0,4.0464234145003655,0
Pleasure,327.83034113444506,19.87738247481542,284,26.22324588102189,124.75285029362128,0,0,1,0,0,0,1,1,0,0,5.862179090888816,1
Pleasure,370.9338217560642,1.0731560697685127,29,57.208242269896616,42.03214496774698,1,1,1,1,1,1,1,1,1,1,4.104282826118847,0
Business,177.3735644094043,14.330725163741695,268,74.71335694252902,53.853617814726825,1,1,0,1,0,0,0,1,0,0,1.0,0
Pleasure,357.32209803503645,12.18806864994336,233,16.597087488878767,29.344486122003712,1,1,1,1,1,1,1,1,1,1,4.967476379476224,0
Business,90.72395686933345,15.779158863245296,77,31.593209575132224,67.34991490043683,1,1,1,1,1,1,1,1,4,1,2.101823511515451,0
Business,414.9432146231156,18.35871129907401,154,30.456534532523808,84.53065727029706,1,1,1,1,1,1,1,1,0,1,1.0,0
Pleasure,104.0840953883513,9.646977801387084,109,33.42079680296481,125.29486759748055,1,1,1,1,1,1,1,1,1,1,4.963259485059842,0
Pleasure,476.22699871237177,9.806381863319766,165,98.50974840282082,110.96736546520825,1,0,1,1,0,1,1,1,0,0,1.5415345051546598,0
Business,387.44347272651794,4.565527736751451,364,94.20403343185501,51.33598992707817,1,1,1,1,1,1,1,1,3,3,8.122468523497757,1
Pleasure,161.85178984072058,1.8303666352042969,30,105.6252477866301,58.80254026734703,1,1,1,0,1,1,1,1,0,0,7.7435523121291565,1
Pleasure,303.7604987121514,2.873332624951501,41,80.53203345477952,32.96668750128005,1,1,1,1,1,1,1,0,0,0,6.233616385372634,0
Pleasure,73.60745210127676,4.170974652801156,328,91.83804788062474,194.8821927035477,1,1,1,1,1,1,1,1,1,0,8.903982769406404,1
Business,215.9767810603755,19.31711379159055,451,63.65591255317381,112.1963411416852,1,1,1,1,1,1,1,1,2,0,1.0,0
Pleasure,214.6165361710411,13.963705086429252,227,62.03948343988338,165.71778433306008,1,0,1,0,0,0,0,1,0,0,6.622512872684518,1
Business,147.27401580982118,11.802999059127128,218,16.493138939436953,135.97618977209416,1,1,1,1,1,1,1,1,4,2,4.12413162126009,0
Pleasure,273.6383544412541,0.06260475209362903,456,35.367498107269526,57.477049645400974,1,1,1,1,1,1,1,1,1,0,9.764870168482464,1
Business,263.0475290470165,17.459678662589,235,48.781119830916374,93.59181727182387,1,1,1,1,1,1,1,1,1,1,1.0,0
Business,158.7657455805651,12.025636992796834,441,57.89920952585513,116.91988754538016,1,1,1,1,1,1,1,1,5,3,5.30705570595514,0
Business,220.33258239920482,5.038936338674533,3,91.19366638350877,155.3375499673371,1,1,1,1,1,1,1,1,0,0,5.699740013490408,1
Business,75.01978794023324,1.578385000318967,343,25.263521025740395,62.69810196235302,1,1,1,1,1,1,1,1,4,0,8.332396598321411,1
Business,355.7658252992085,18.87297584433965,119,17.55168060854533,75.32354902897976,1,1,1,1,1,1,1,1,1,1,1.0,0
Pleasure,384.3576095276111,9.974281842846446,166,99.89713351760639,98.01763657675576,1,0,1,1,1,1,1,1,0,0,4.570029225441365,0
Pleasure,389.88843121282025,18.48385470770809,103,117.1396073769674,156.86629262336493,1,1,1,1,1,1,1,1,3,3,3.6051948486332677,1
Pleasure,344.00719194112645,5.9220095541232975,165,63.33387660557081,214.8631301138345,1,1,1,1,1,1,1,1,4,2,6.5560410998997085,1
Business,261.7959801188045,5.944236847773179,44,86.2261013657145,127.8885564384208,1,1,1,1,1,1,1,1,3,3,6.70623425647645,0
Pleasure,115.69010541122738,9.093284402943652,77,25.585837667781615,149.17361251285772,1,1,1,1,1,1,1,1,1,5,6.444185804226686,0
Pleasure,222.5080681742177,14.479471797560546,404,90.54715841246669,193.56959089306838,1,1,1,1,1,1,1,1,1,0,8.849254474845237,1
Pleasure,491.84531890233086,19.204313721271017,211,33.62370408170542,5.713538644694447,1,1,1,1,1,1,1,1,3,4,1.0,0
Business,433.570060211781,6.936741269516739,348,99.0926041898535,24.10570339624571,1,1,1,1,1,0,0,1,0,0,4.108432723107949,0
Business,353.27336025774883,14.683759193481865,138,63.50522010651049,85.79307934398888,1,1,1,0,1,1,0,1,0,0,1.0,0
Pleasure,373.04783374046787,8.939412284155049,33,20.10777046886076,197.8403901841963,1,1,1,1,1,1,1,1,0,3,3.084826708535533,0
Business,161.2379160257656,12.452800785229172,3,62.00340142241864,132.28825716921577,1,1,1,1,1,1,1,1,0,0,1.9563228581056655,0
Pleasure,432.0670512881165,11.604215277473326,454,66.73338932797861,44.201225586532345,1,1,1,1,1,1,1,1,1,0,4.490069588054866,0
Business,134.43432984981976,5.034788434090323,117,68.23040961312432,12.756454870975379,1,1,1,1,1,1,1,1,4,2,5.381710294902492,1
Business,182.3760044253478,18.927050248885863,254,68.75641259913591,188.23425539424275,1,1,1,1,1,1,0,0,0,0,1.0,0
Pleasure,279.43864717364346,7.380738495136132,280,103.07198803243112,129.0214382915241,0,0,1,1,1,1,1,1,0,0,7.228225243165497,1
Business,478.0745864214725,11.936484501437787,329,51.15936424384104,39.6295683140861,1,1,1,1,1,1,1,1,3,0,2.103904949509403,0
Business,491.12378957683063,19.57147271058665,251,73.97597182063596,190.11182853272985,1,1,1,1,0,1,1,1,0,0,1.0,0
Business,187.21202377178133,9.23492337463718,364,45.859541045005656,55.129078266047735,1,1,1,1,1,1,1,1,4,0,3.752580983564528,1
Pleasure,170.4771434741506,13.323545157352317,408,68.56399652059447,66.355048698259,1,1,1,1,1,1,1,1,0,0,8.670575291119512,1
Business,482.2018926630139,16.00702247840865,419,76.53747061361034,213.61021458726276,1,1,1,1,0,0,0,1,0,0,1.0,0
Pleasure,441.08082840464454,4.723324371452698,413,83.56154046785191,141.1713105156745,1,1,1,1,1,1,1,1,0,1,3.6859419945410377,0
Pleasure,247.28702610657658,17.27853294876376,411,88.13731871968108,179.0842934524358,0,1,1,0,1,1,0,0,0,0,8.040176545188137,0
Business,423.06445932904535,18.553099367029365,192,75.347770950465,187.81563677240663,1,0,0,1,1,1,0,1,0,0,1.0,0
Business,98.04530428219138,11.631567577181517,405,18.545551093392202,184.67171402572455,0,1,1,0,1,0,0,1,0,0,1.0,0
Business,365.771891788015,15.275381605012008,293,63.4349462089941,109.51853033608366,1,1,0,1,1,0,0,1,0,0,1.0,0
Pleasure,159.82695363787627,14.119845517489926,71,28.984648712069742,53.060780085170116,1,1,1,1,1,1,1,1,2,0,4.909798907422332,0
Pleasure,368.60347988582987,5.418314222446234,28,97.85553210282325,24.74323203050733,1,1,1,1,1,1,1,1,1,1,5.127551765341171,0
Business,362.01099283650063,8.75288481681431,228,58.710568937799366,70.65407941482077,1,1,1,1,1,1,1,1,3,1,5.64917453286783,0
Pleasure,255.15186071032588,17.787705915245976,44,57.226746552016934,215.69342443359042,1,0,1,0,0,1,1,1,0,0,5.1504683626935845,0
Pleasure,344.8993900265351,13.277345384517215,323,39.51912056070535,187.5425609482715,1,1,1,1,1,1,1,1,3,5,5.818369308151284,0
Business,70.30691025087559,17.99010403904131,125,102.60337607951293,76.92745277491838,1,1,1,1,1,1,1,1,1,0,1.0,0
Pleasure,172.26952065609564,9.619119851080209,397,41.046298565872405,123.7753583564975,1,1,1,1,1,1,1,1,0,3,9.072204121151943,0
Business,262.90962649601124,1.8976329944762749,78,64.04435558189941,191.11218109770743,1,1,1,1,1,1,1,1,7,2,9.661436653538177,1
Pleasure,421.2387786056195,7.256742439058888,157,35.42024007898061,114.36182081908407,1,1,0,1,1,1,0,1,0,0,3.304988303433146,1
Pleasure,457.7751800630748,10.317528129346847,481,96.18697341763097,233.18097371358982,1,1,1,1,1,1,1,1,3,3,6.046133793004487,0
Pleasure,249.74968915434835,16.224283009449717,183,18.72755462450166,232.24591599138932,0,1,1,0,1,1,0,1,0,0,5.330577477186478,0
Pleasure,192.84287008127842,18.099866151672185,193,81.91208925518062,206.11636731723476,1,0,1,1,1,1,1,0,0,0,7.166123142664915,1
Business,182.559390485408,19.816834616915724,158,52.18471285957898,203.3687289092901,1,1,1,1,1,1,1,1,3,2,1.0,0
Pleasure,225.73005737390582,3.120188527960359,339,101.20281836281781,230.96996624613286,1,1,1,1,1,1,1,1,3,2,9.712023181239879,0
Business,268.11697549409,14.769306844735585,2,97.22452152050431,78.59708543528417,1,1,1,1,1,1,1,1,3,1,1.6145154899347447,0
Pleasure,189.23731439219506,4.380876150587003,265,70.94650559336596,18.396090946723543,1,1,1,1,1,1,1,1,3,6,9.840370816057368,1
Business,227.1350650224117,19.134137392145895,314,104.67113130971482,74.90012819533789,1,0,1,1,0,1,0,1,0,0,1.0,0
Business,75.2181731405941,14.380348459691062,247,119.20944816951996,75.480734426996,1,1,1,1,1,1,1,1,3,1,2.7374904754062217,0
Pleasure,248.22928780382827,6.5679438511503,208,81.31293189214227,82.36114237902373,1,1,1,1,1,1,1,1,2,4,7.217446933971928,0
Business,347.7604761401869,10.069029013208556,442,111.12793565535608,24.327511688992885,1,1,1,1,1,0,0,1,0,0,4.528068264683594,0
Business,273.1846659227662,4.604964199559598,164,72.19057381776724,83.93496963353392,1,0,1,1,1,0,0,1,0,0,6.455001640348151,1
Pleasure,76.50025246349429,7.991316904801906,63,102.60335748010309,213.67243055428895,1,1,0,1,1,0,0,1,0,0,4.976504103683906,0
Pleasure,318.56532635167014,2.435394919232212,272,110.6224614606672,70.9109721453929,1,1,1,1,1,1,1,1,2,1,8.197942964356113,0
Pleasure,318.9913130156311,12.37551464616373,369,43.53904367268963,14.380684327014157,1,1,1,1,1,1,1,1,1,5,7.0649420388375495,0
Business,444.80447098518414,13.950127813421126,469,16.65596195864006,63.76143765143234,1,1,1,1,1,1,1,1,3,0,3.1180213307290168,0
Pleasure,237.49175113557652,0.6506160386413362,230,52.94646196512199,57.75257031214178,1,1,1,1,1,1,1,1,3,5,8.701158511268234,1
Pleasure,81.76505173556362,10.56065315921412,418,52.367180712433125,80.64680742390694,1,1,1,1,1,1,1,1,0,0,7.634280136707074,0
Pleasure,448.07630661279774,18.327981049713216,497,79.5959607785231,158.92606346268437,1,0,1,0,1,0,0,1,0,0,4.51704605847906,0
Business,409.4437222490129,2.695946416759265,186,42.131452012659146,131.875662568375,1,1,1,1,1,1,1,1,5,3,9.214276923123249,1
Business,277.52960558587995,4.39137230548633,329,63.873895773329274,200.3856437837624,1,1,1,1,1,1,1,1,5,2,6.506357003917548,1
Pleasure,199.16489198181776,4.558407397136133,213,23.096114780855913,66.9845459090064,0,0,0,1,1,1,1,1,0,0,7.725986699839473,1
Business,296.37407653279723,17.3323100508018,236,77.56442152049944,34.64091567271431,1,1,1,1,1,1,1,1,3,1,1.0,0
Business,430.6579942651193,1.0198915783362028,5,105.47228115132631,7.21909176952246,1,1,1,1,1,1,1,1,5,1,9.108632783418049,1
Pleasure,384.4856156348434,4.217935161401909,423,98.96375365798012,36.70353246315094,1,0,1,0,1,1,1,0,0,0,6.0989131367017855,1
Pleasure,143.1766309302114,17.744810637656418,54,111.4158273647169,150.7756176748231,1,1,1,1,1,1,1,0,0,0,4.60617003856967,0
Pleasure,340.51076961316414,7.451282275943907,386,99.69810367461032,172.47188844714375,1,0,1,0,0,1,0,1,0,0,7.5752696666222175,0
Business,378.27526670444263,9.828327162775066,423,118.46788320429292,203.96050613635893,1,1,1,1,1,1,1,1,6,0,5.042455408663817,0
Pleasure,348.0891809948421,3.459074993857836,246,98.91308667849003,104.74209610355831,1,1,1,1,1,1,1,1,3,3,7.134813939528826,0
Business,107.98495209514232,17.156451120661984,319,22.373602282389918,213.96390453777485,1,0,1,1,0,0,0,1,0,0,1.0,0
Pleasure,342.1402475264218,17.547559570397148,251,20.648968325778988,214.01349487280507,1,1,1,1,0,1,1,1,0,0,4.208206344322902,1
Pleasure,496.3084336286616,14.054764708607703,352,90.46358043839551,136.77079101265332,1,1,1,1,1,1,1,1,0,1,1.3573817492349147,0
Business,65.02407997129228,7.545807768489627,153,114.01638201528776,33.314659936351205,1,1,1,1,1,1,1,1,7,1,6.714514832099179,1
Business,471.45900400711787,2.057493064039835,319,44.884693479982175,58.54373866441052,1,1,1,1,1,1,1,1,2,1,8.742722986974185,0
Pleasure,291.13805174790434,16.49629631767961,102,60.130047428478775,184.17540216588716,1,1,1,1,1,1,1,1,0,0,4.603122905922748,0
Pleasure,72.559711937874,8.269856462581117,310,113.96041213027914,75.30345745547737,1,1,1,1,1,1,1,1,0,1,8.052863784521378,1
Pleasure,145.5021379109685,11.00701014176132,424,41.81639051069294,15.567797574222595,1,1,1,1,1,1,1,1,2,0,7.823627189953594,1
Business,377.4426821717378,14.603762066401003,286,28.298122430987874,77.09199747172434,1,1,1,1,1,1,1,1,3,1,2.179402285389199,0
Pleasure,305.3469397292075,0.8815016494960193,138,16.085214352939264,101.64161920517408,1,1,1,1,1,1,1,1,0,1,6.279547209279823,1
Business,77.06805934279285,12.370817041809756,147,22.800614939385696,75.3165111908175,1,1,1,1,1,1,1,1,3,3,3.6722875002864286,0
Pleasure,213.31896239945667,3.9223804455351496,399,99.12731019454367,115.17350170863274,1,1,1,1,1,1,1,1,0,1,9.277814987292565,1
Business,171.8460953136016,11.213047801288052,238,33.954618518140144,92.27216325684635,1,1,1,1,1,1,1,1,1,0,2.8657125570317636,0
Business,167.74233461718057,8.516237883546387,31,78.55349015265854,168.40330757299952,1,1,1,1,1,1,1,1,4,3,4.62173461644406,0
Pleasure,427.3004251566693,16.630579746080976,171,90.62986009621287,159.57758570031237,1,1,1,1,1,1,1,1,2,2,2.7815390429341225,0
Business,395.1121352639935,2.2185454207142197,65,65.47829113684791,46.978704021140956,1,1,1,1,1,1,1,1,6,0,8.85562106398014,1
Pleasure,272.09068473962304,15.110225995164033,377,58.00507181846728,121.62311246449637,1,1,1,1,0,1,1,1,0,0,6.51882593414957,0
Business,281.7067540104958,6.575790960033141,142,59.057059047014654,93.5544480700195,1,1,1,1,1,1,1,1,0,1,5.060251020635663,0
Business,404.78178959878494,9.703433094146181,376,64.4118969126111,196.5148644121213,1,1,1,1,0,1,0,1,0,0,2.7441140843031437,0
Pleasure,93.94110876456817,15.435011945495011,9,60.398073025351735,26.15464476831888,0,0,1,0,1,1,0,0,0,0,4.4203241923518295,0
Business,212.32273525462045,12.835428218206603,24,95.73806225121241,188.2180959300993,1,1,1,1,1,1,1,1,0,0,2.584283372048083,1
Pleasure,363.4283165049366,9.11026843392381,158,97.62485633623685,139.55691747088747,1,1,1,1,1,0,1,1,0,0,5.523325774975312,1
Business,363.5835926766496,10.220244963912016,25,46.653483343840655,157.55285064549588,1,1,1,1,1,1,1,1,6,1,3.566848425870087,0
Pleasure,369.4954977171116,17.71302207604972,400,60.68058442083201,142.75898749797213,1,1,1,1,1,1,1,1,2,4,6.76376570375885,0
Business,416.8406137473695,12.228788789552066,338,104.5577855074067,80.91148020710106,1,1,1,1,1,1,1,1,4,0,4.056219916676451,0
Pleasure,242.67514459162626,16.684656343086917,72,86.276952919675,214.19288318300013,1,1,1,1,1,1,1,1,1,5,5.7095974270303005,1
Pleasure,94.00422430986538,2.297685208448037,262,66.74575230071173,233.30677917217852,1,1,1,1,1,1,1,1,0,0,7.264019604085708,1
Pleasure,262.1462468537917,15.7239755561701,445,45.84893468462932,154.17311262457147,1,1,0,0,1,0,0,1,0,0,8.075346935474307,1
Pleasure,275.47304256678876,14.123754564517323,470,34.62430256663769,218.49281177106883,1,1,1,1,1,1,1,1,0,3,8.250531758137374,1
Business,145.69517765113088,7.8214895763958765,40,83.6353981236046,206.9074416928267,1,1,1,1,1,1,1,1,3,3,6.532985626041259,1
Pleasure,462.47209462108515,6.541068085324793,60,109.25906670943058,202.43342178004173,1,1,0,0,1,1,1,1,0,0,2.7047687622623378,0
Business,84.84429449097205,18.427879156776136,168,25.89056875024807,216.96190287628684,1,1,1,1,1,0,0,1,0,0,1.0,0
Pleasure,412.8478748223762,0.9098969178460314,450,16.288135008538603,61.83528821871154,1,0,0,1,0,1,1,1,0,0,4.404818003230498,1
Business,364.8007613886126,13.779699845426546,483,47.80099853477982,71.69600915147437,1,1,1,1,1,1,1,1,4,0,3.704546264155998,1
Pleasure,104.66755588204775,10.70973900477274,378,111.51805673127289,171.14849884308472,1,0,1,1,1,1,0,1,0,0,8.772853001586414,0
Business,422.0744450884563,4.803977349860197,28,117.29130229494598,187.30106686130145,1,1,1,1,1,1,1,1,1,2,6.7870379171534365,1
Pleasure,465.0005454335493,12.196491370014911,365,81.43737855664304,193.2842921090061,1,1,1,1,1,1,1,1,0,1,1.9509974948017272,0
Business,331.213123456444,0.7493491852620471,359,50.36693607651378,11.102261445510909,1,1,1,1,1,1,1,1,0,0,7.756596857931061,1
Pleasure,81.45318594235904,12.408445789032136,256,85.3476296928433,188.58498368936088,1,0,0,1,0,1,0,1,0,0,5.20329523462195,0
Pleasure,280.1095718182342,10.60206041191692,362,29.597652417788,203.55894856091058,0,0,1,0,1,1,0,1,0,0,6.001945738559597,1
Pleasure,398.4557817342416,18.040295191250465,240,97.20325681118733,58.400623308255724,1,1,1,1,1,1,1,1,5,1,6.110982567867066,1
Pleasure,177.27943328369875,19.35796607336329,224,100.52471885763597,132.13955126314153,1,1,1,1,1,1,1,1,0,1,6.4903843888307025,1
Business,133.8288574027989,10.36819566318792,378,116.75620405449149,126.54896583037852,1,1,1,1,1,1,1,1,4,2,6.288564130201702,1
Business,270.1133232987444,2.005636789962646,44,24.434937081298102,132.91451625703567,1,1,1,1,1,1,1,1,0,0,6.517108566218891,1
Business,279.3697340863108,11.310530498607243,134,62.691969555601695,151.304472136692,1,1,1,0,0,0,0,1,0,0,1.1516189274768405,0
Pleasure,412.26671837786347,19.638355482362623,436,26.817745904185493,88.08468663697887,1,0,1,1,1,1,1,1,0,0,2.688157553339308,0
Business,391.28138694022,15.135281626274343,461,96.13114617124418,53.776413763288765,1,1,1,1,1,1,1,1,1,2,2.6636997214787987,0
Pleasure,141.81260933001445,9.424221265363082,421,99.61067782255259,77.61289914565523,1,1,1,1,1,1,1,1,2,1,8.924465688090585,1
Business,88.14173932426539,15.304377419052697,446,45.23609588332509,68.9662381293048,1,1,1,1,1,1,1,1,3,0,1.1996402096929804,0
Business,384.09396158246903,11.067603420655045,363,114.83669299161505,155.64583341366122,1,1,1,1,0,1,0,1,0,0,1.4928528069997011,0
Pleasure,113.02657063300127,0.8662161824333037,434,97.75050702281214,211.1666916715446,1,1,1,1,1,1,1,1,2,6,10.0,1
Pleasure,270.9397026637164,7.071801762714969,484,30.980282762126176,128.75288616518694,1,1,1,1,1,1,1,1,2,6,9.756661421393105,1
Pleasure,202.69129577596118,17.744166315114036,330,15.306548347244393,48.952924211075164,1,1,1,1,1,1,1,1,2,1,6.595684344131815,1
Business,139.8853871418475,13.058443357478842,487,67.13442720522902,75.14587459482948,1,1,1,1,0,0,0,1,0,0,1.3524191920334607,0
Business,239.2963832177102,16.95699029644953,430,63.41634940911772,46.25586773142717,1,0,0,1,1,0,0,0,0,0,1.0,0
Business,265.23823232895097,16.58382516182065,80,31.258900466510745,19.558575130794964,1,1,1,1,0,0,0,1,0,0,1.0,1
Business,80.57371545964989,12.106990015947588,211,48.06834681969426,198.8674243939819,1,1,1,1,1,1,1,1,0,0,1.0,0
Business,88.68439000204226,12.992445669033888,328,81.29853098282776,51.65229971819449,1,1,1,1,0,0,1,1,0,0,1.2690837681435871,0
Business,260.0105765672005,4.881045296015394,37,82.10829138544653,183.31406907408333,1,1,1,1,1,1,1,1,0,0,5.287640253372193,0
Business,424.09189499375543,7.523167598254059,352,106.15768422523654,151.6514193353375,1,1,1,1,1,1,1,1,6,1,5.944687864840704,0
Business,70.92910721153964,18.9867878967083,360,76.63607767010484,72.220506928047,1,1,0,1,0,0,0,0,0,0,1.0,0
Business,464.22781691791164,9.871402225058548,352,92.62136783700551,60.88118247202994,1,1,1,1,1,1,1,1,2,0,4.5456936622981585,1
Pleasure,177.40059112805605,9.261262174255458,354,64.64556088851151,192.89992774782192,1,1,1,1,1,1,1,1,0,2,7.830523037614629,1
Pleasure,70.31400577373172,10.459263020868832,99,107.6497056741623,73.50378465755587,1,1,1,1,1,1,1,1,0,0,7.151323152966171,1
Pleasure,190.743143887394,11.31690766505929,279,105.66956871124155,157.4123083066834,1,1,1,1,1,1,0,1,0,0,6.807917840343204,1
Pleasure,267.65269832352067,14.227455368282929,252,21.845268436249125,81.8255947529704,1,1,1,1,1,1,1,1,1,3,7.063833569707092,1
Pleasure,488.07305543725704,6.9962881816799545,289,24.36097845033363,230.47972240645052,1,1,1,1,1,1,1,1,2,2,1.0,1
Business,487.73042509713866,0.5799299288078474,266,57.70886203766958,35.79688262039779,1,1,1,1,1,1,1,1,7,1,9.381131410671765,1
Pleasure,378.12262026855035,10.367587854542016,405,61.996576271837476,124.47052927112401,1,1,1,1,1,1,1,1,2,5,6.586510632255381,1
Business,382.61724365615373,13.63854531588206,421,82.78773285578662,37.678070817849445,1,1,1,1,1,1,1,1,7,0,3.5326708060638627,0
Pleasure,193.65698855040503,16.97296247573926,132,118.86544102303206,172.06634183506,1,1,1,1,1,0,1,1,0,0,7.418440887190015,1
Pleasure,271.99771380946095,10.420768036626168,386,80.11512728864017,63.014131317695345,1,1,1,1,1,1,1,1,2,2,9.309808590807135,1
Business,165.44730465936968,0.9382126133117663,427,24.46168983899102,126.99070498400317,1,1,1,1,1,1,1,1,1,0,7.851010580339779,0
Pleasure,201.0372717240018,11.064619787599714,492,72.52715729139483,106.02045366659326,1,1,1,1,1,1,1,1,1,1,9.721057692598563,1
Pleasure,336.13065549652754,5.102536662023532,406,91.85383494830866,105.7055769431871,1,1,1,1,1,1,1,1,1,5,8.30487635256762,1
Business,184.91155869446806,12.073528228043905,212,15.065475985920864,70.11450593858282,1,1,1,1,1,1,1,1,1,0,1.7152996044527207,0
Pleasure,169.86731186743512,1.6392145967730087,301,55.22213818914227,156.55719051736125,1,1,1,1,1,1,1,1,1,4,9.674161941235166,1
Business,492.1997472751261,2.3765758303157836,396,113.25012155813504,45.44297706802168,1,1,1,1,1,1,1,1,5,3,10.0,1
Business,450.04262065582344,9.13247891818905,387,51.588616220469376,146.1181859574927,1,1,1,1,1,1,1,1,8,0,6.406963205552855,1
Business,125.00544433638957,7.481317825812363,93,20.097869069570834,48.94617457910776,1,1,1,1,1,1,1,1,0,0,3.4971663975024576,0
Pleasure,175.4063289074216,1.8112458550449784,135,94.86254911753157,142.67362954137855,1,1,1,1,1,1,1,1,4,2,8.620845600704552,1
Pleasure,298.22683324470836,7.628941389716715,338,78.93033416778708,66.0135255952395,1,1,1,1,1,1,1,1,4,1,7.731074292544087,1
Business,382.843675743747,7.785548706766374,41,108.76726089303303,49.87802931077873,1,1,1,1,1,1,1,1,1,0,6.878341822233624,1
Business,176.51084486196544,17.431235485797846,183,50.45012663568451,75.88225693317008,1,1,1,1,0,0,0,1,0,0,1.0,0
Pleasure,61.65531167281527,7.671462243625474,340,60.586218432446344,194.3531768424653,1,0,1,0,0,1,0,1,0,0,6.486087321454516,1
Business,379.00765357801293,6.436954023813353,77,79.40942457786093,59.24753433963787,1,1,1,1,0,1,0,1,0,0,6.061386507675467,1
Pleasure,128.35706858248315,6.62200073232051,189,108.35910573441824,61.60358603763553,1,1,1,1,1,1,1,1,0,0,7.160919898269678,0
Pleasure,287.38329434389175,2.204410531327019,374,70.3956026801657,86.78024623129531,1,1,1,1,1,1,1,1,4,1,9.964025464753075,1
Pleasure,267.55458428225444,10.574553496607983,301,103.26178868990299,231.02019742574635,1,0,1,0,1,1,0,1,0,0,8.810201604974516,1
Pleasure,343.2687966770075,10.617728604381371,415,70.31322172172621,53.642055326479316,1,1,1,1,0,0,0,1,0,0,6.257653594371254,1
Business,267.5649915628233,0.025207173871608646,101,15.910706444472579,116.29955577142591,1,1,1,1,1,1,1,1,5,1,8.92318360814761,0
Business,117.03551086733617,1.4126540701641388,75,84.53759575128097,221.2898403272589,1,1,1,1,1,1,1,1,5,2,9.302920834047303,1
Pleasure,301.23536225036014,16.224763998716018,315,56.72943628348715,121.14194928329248,0,1,1,1,1,1,1,1,0,0,7.48523355584967,1
Pleasure,361.4058158094723,2.7446079151141634,226,92.98885636606461,135.78160323470524,1,1,1,1,1,1,1,1,0,1,6.85116126889289,1
Business,224.15708720599997,17.76533880346716,134,70.31465581162857,21.52004902863876,0,1,1,1,0,0,0,0,0,0,1.0,0
Pleasure,386.36552419726627,17.236862324800065,298,19.80627227164983,214.42438315516003,1,1,1,1,1,1,1,1,4,3,1.7147663022189055,0
Pleasure,160.12917569504813,13.10709623052765,143,66.36767895924696,116.60812941886218,1,1,1,1,1,1,1,1,1,4,8.16756369633171,0
Pleasure,364.83337940079656,16.266803426500132,460,48.62056731710194,71.66496156772118,1,1,1,1,1,1,1,1,2,2,5.179259780860104,0
Business,199.37492063732495,3.5330389615060365,201,66.2899762890678,53.6232478243447,1,1,1,1,1,1,1,1,2,1,7.860659899934389,1
Business,489.88220795241523,13.5567940218655,280,94.81126247292427,77.7840771044611,1,1,1,1,1,1,0,1,0,0,1.5444739650264019,0
Pleasure,376.04267038886826,12.721916818330246,31,24.50641546396152,112.19554791065131,0,0,1,1,1,0,1,0,0,0,2.794117826055884,0
Business,335.0329421071494,13.599283127571184,430,90.21522677367189,16.01010055203655,1,1,1,1,0,0,0,1,0,0,2.30766386452439,0
Business,138.9558185904744,6.678862297763867,474,86.12095853851594,54.12576388316438,1,0,1,0,1,1,0,1,0,0,4.511206750424812,0
Business,65.21302721416768,7.121412247344232,400,31.237072349742785,102.91722541765333,1,1,1,1,1,1,1,1,3,2,4.57518765369525,1
Business,243.8696227443022,17.347517165620616,165,111.27900558464722,196.2397010751208,1,1,1,1,1,1,1,1,0,0,1.0,0
Business,483.27896489527075,15.730103959210549,425,78.57311427578152,9.099149834966333,1,1,1,1,1,1,1,1,6,0,1.2555861891015647,0
Business,90.54025007330648,7.231284491615948,268,110.56754129872634,208.8784198781467,1,1,1,1,1,1,1,1,7,1,6.808207853172138,1
Pleasure,125.66146302877104,14.323294486834088,329,33.16958378011977,116.25397113619627,0,1,1,1,0,0,1,1,0,0,7.365846313994311,1
Business,486.17941876896623,5.1657334182421755,364,70.93387968457246,164.99225771639382,1,1,1,1,1,1,1,1,4,3,6.515486416148692,1
Business,269.01026661403887,5.414405153698034,238,100.02549372304972,77.10079685106004,1,1,1,1,1,1,1,1,3,2,6.810391568651475,0
Business,450.3916705817363,19.102565075857413,275,66.76102748646396,111.20189828470602,1,1,1,1,1,1,1,1,6,1,1.0,0
Pleasure,354.65246909473143,16.576070197373316,181,74.53800189174176,217.15345987887446,1,1,1,1,1,1,1,1,0,0,3.633898355752475,1
Pleasure,488.1985137125607,17.875259457915043,424,70.53973852283004,100.32728302071877,1,1,1,1,1,1,1,1,1,0,1.5247935863335982,0
Pleasure,126.67468470100191,14.630159717969073,270,111.28038875400128,87.1001797034517,1,1,1,1,1,1,1,1,4,2,9.329444822645776,1
Business,171.8862071532555,2.485945628982549,137,16.312311609038183,78.8211863390371,1,1,1,1,1,1,1,1,1,0,6.200806173294649,0
Pleasure,213.354085683572,8.54048437079771,485,43.67465731925668,21.485570860158173,1,1,1,1,1,1,1,1,0,0,9.962553528963529,1
Business,183.77216647051617,17.17881203978925,166,103.88921863470392,39.50617013423072,1,1,1,1,1,1,1,1,4,1,1.3300282831120107,0
Business,258.6303495474667,10.934884652386605,375,119.14766722386744,118.1672495651812,1,1,1,1,0,0,0,1,0,0,2.2481786564938,0
Business,331.0727563368111,10.253625171071931,79,109.20233880781997,12.752777157173258,1,1,1,1,1,1,1,1,3,1,5.530704337266175,0
Business,180.09916644757607,11.569870069176195,431,46.578174270994026,59.272555152947525,1,1,1,1,1,1,1,1,1,0,2.7990678711466725,0
Pleasure,473.9920467364625,19.472871851485227,121,109.62133799005541,239.1464896328463,0,0,1,0,1,1,0,1,0,0,1.0,0
Pleasure,472.8624146148438,15.914207931454987,423,29.113916250954475,26.78811961905776,1,1,0,0,0,1,0,0,0,0,1.4309837418571718,0
Business,387.68956740172763,9.865567977878879,303,36.13000794822936,142.23319416608865,1,1,1,1,1,1,1,1,5,2,5.445212910142264,1
Pleasure,305.3286358531131,15.368763524903134,430,52.89670986040903,229.00333324265367,1,1,1,1,1,1,1,1,0,0,6.3798976476834355,0
Pleasure,190.44672993473273,3.793181619167456,398,65.89271575875343,140.48517191935446,1,1,1,1,1,1,1,1,0,1,9.640598961737934,1
Pleasure,220.11468824729653,0.38062749183077615,97,48.190495920549836,197.29543975168875,1,1,1,1,1,1,1,1,0,0,7.6317247572727025,1
Pleasure,320.07498863774174,8.373293785838708,60,49.83591295570763,212.50032466597628,1,1,1,1,1,1,1,1,1,0,5.635157169783378,1
Pleasure,107.23986109555331,1.8843113523372224,67,36.65199712641997,53.63819863723342,1,1,1,1,1,1,1,1,5,4,7.069888365446428,1
Business,303.4953968166323,14.378224281112837,494,74.31006977634749,64.55725703176434,1,1,1,1,1,1,1,1,4,1,3.4125621291697095,0
Pleasure,176.01784549347923,6.7019771940831045,135,32.251998340304276,139.17084096106674,1,1,1,1,1,1,1,1,2,4,6.029654900227915,1
Business,118.29688463633481,14.145282108507809,167,109.64791500339439,54.02800837447434,1,1,1,1,1,1,1,1,4,0,1.9004748411516847,0
Pleasure,207.45310567021224,1.0612856061120701,146,92.61074515814381,129.87353776623002,1,1,1,1,1,1,1,1,5,1,7.912243088963284,1
Business,420.65833307130526,11.082451147197052,466,23.266460695722984,107.23050454185872,1,1,1,1,1,1,1,1,0,1,1.8737960770226212,0
Business,223.51015829721916,9.329325706839658,383,92.50510901895574,215.45545115681796,1,1,1,1,1,1,1,1,1,0,4.96668029255218,0
Pleasure,68.2245991445573,0.12154453832703638,85,104.02942608833726,91.41159238843363,1,1,1,1,1,1,1,1,2,0,6.88653075127641,0
Business,298.5164836727392,17.998868873250796,24,109.99467446807473,209.12915277867168,1,1,1,1,1,1,1,1,3,2,1.0,0
Pleasure,485.56918872677153,0.4802034972628344,397,59.58861811439325,42.5435263126644,1,1,1,1,1,1,1,1,2,1,2.9605673711297475,0
Pleasure,76.33930041612645,3.5834717618047174,328,112.51712631757253,141.30355204357713,1,1,1,0,1,1,1,1,0,0,6.774106987378625,1
Business,265.0558990734701,14.832763037657186,79,72.07563323507591,69.68468252799313,1,1,1,0,0,1,0,0,0,0,1.0,0
Business,491.5946802239598,19.25813741939654,163,87.80512038444635,203.89187604276034,1,1,1,1,1,1,1,1,2,1,1.0,0
Business,64.43763332562854,6.022434159297225,13,81.93048612721303,200.0856129867997,1,1,1,1,1,1,1,1,1,0,4.888956523859008,0
Business,366.1073910829011,15.273119191609663,37,29.664328198502123,60.952432872994116,1,1,1,1,1,1,1,1,5,1,2.0248289325807063,0
Pleasure,378.2828291690581,6.32847760103922,386,56.92931647038205,14.077820644263305,1,1,1,1,1,1,1,1,0,0,5.035256143206095,0
Business,326.145658994021,9.149360646711015,205,118.60716648463998,82.1208150516125,1,1,1,1,0,0,1,1,0,0,1.0,0
Pleasure,465.0771543000272,12.819098211245354,124,105.01498793495011,14.060714767215215,1,0,1,0,1,1,1,0,0,0,1.0,0
Pleasure,304.52932347918494,16.14374581305365,342,42.59084127295323,196.54595866786659,1,1,1,1,1,1,1,1,4,3,6.656878783871492,0
Pleasure,75.20870509339981,13.170623770252057,112,82.0966352171191,116.29445770118848,1,1,1,1,1,1,1,1,3,0,5.409454866890377,0
Pleasure,137.48048434764993,1.7885384764464352,356,34.44956204514377,118.43347062840469,1,1,1,1,1,1,1,1,4,1,8.532969969312866,0
Pleasure,490.8904420606427,18.00815480598057,17,110.98021078610938,229.893049638758,1,1,1,1,1,1,1,1,4,3,1.0,0
Pleasure,127.53853860153652,11.558356568784331,277,69.52291740373161,27.980708431819615,1,1,1,1,1,1,1,1,5,2,8.140127751266535,1
Business,195.9820614197008,14.634325506283952,107,27.179040106209147,130.82930204862126,1,1,1,1,1,1,1,1,2,1,1.370783975647257,0
Pleasure,324.8982753423502,10.04385921516639,370,100.0925905060469,217.7679622803394,1,1,1,1,1,1,1,1,0,0,7.733357188435788,1
Pleasure,492.2541641747626,4.471758923781981,101,80.70787116111988,8.215722517902991,1,0,1,1,0,1,0,1,0,0,1.0,0
Business,478.08430150157244,0.06761038795054519,123,31.160395884205453,156.63383238974353,1,1,1,1,1,1,1,1,1,1,8.058222916399423,1
Business,474.62719549357075,2.8706754426902448,449,36.39363488260795,9.974988886286075,1,1,1,1,1,1,1,1,3,0,6.74184881117489,0
Pleasure,127.82281929742294,0.7465228769044496,116,60.88245043551689,218.7724215240639,1,1,1,1,1,1,1,1,0,0,6.735978392411878,1
Pleasure,336.58211299827457,14.272346906215478,389,62.53956511021325,197.53748504944903,1,1,1,1,1,1,1,1,1,1,6.729857921313221,1
Pleasure,464.26751886187157,9.5610107084916,72,81.0027791644792,188.1743745272042,1,1,1,1,1,1,1,1,1,0,1.0,0
Business,332.30867072897485,15.308489043016031,236,116.67967029697127,204.03497036267848,1,1,1,1,1,1,1,1,1,0,1.0,0
Business,319.07227610168604,12.215134193773103,13,89.29784035405093,201.11494651365334,1,1,1,1,1,1,1,1,2,1,2.0056300685380126,0
Pleasure,70.47927928691301,7.075686925602418,235,44.434371806046535,135.6982984808601,1,1,1,1,1,1,1,1,0,1,5.911262500728939,1
Pleasure,220.7793830536015,4.934054363963172,284,84.93013078535749,171.68609352254234,1,1,1,1,1,1,1,1,0,0,9.59070955801184,1
Business,74.47317340045147,18.61311572714028,289,112.29214411453268,31.21704881698448,1,1,1,1,1,1,1,1,4,2,1.7385497104402967,0
Pleasure,121.48038197340274,5.866766020505388,319,26.23363835934134,184.57402497404578,1,1,1,1,1,1,1,1,1,1,6.5423507437009425,1
Pleasure,182.60009930487638,12.605328297623004,352,23.200715477336807,182.11608205366073,0,0,1,1,1,1,0,1,0,0,6.143554388626696,1
Pleasure,415.66694777704214,5.426742680734269,431,104.07719689865277,123.0398253639174,1,1,1,1,1,1,1,1,1,3,7.281942279394133,1
Pleasure,325.91503326386857,12.356297131029958,303,45.849555761098244,58.81897157529348,1,1,1,1,1,1,1,1,0,2,6.979799332940172,1
Pleasure,376.5373954416436,1.7492128535112927,248,40.33109875847898,236.90796704374858,1,0,1,1,1,1,0,1,0,0,6.212180989462364,0
Business,400.2244391808655,17.113826996412776,348,67.45571641613795,167.38648262397243,1,1,1,1,1,1,1,1,2,2,1.0,0
Business,325.1346063787771,5.626974636481837,414,57.880501751809255,239.23514607913012,1,1,1,1,1,1,1,1,2,0,5.506298054801134,1
Business,493.5279465767858,8.577847295030868,80,102.75978420541814,26.443343849898852,1,1,1,1,1,1,1,1,2,1,4.67024767863537,0
Pleasure,268.2943396543938,0.5792947819133554,121,70.52026171656517,222.0720714817111,1,1,1,1,1,1,1,1,0,3,8.06226848695525,1
Pleasure,226.3740151448703,12.626472820213692,118,76.35628228950529,89.17312269429196,0,1,0,0,1,1,0,1,0,0,4.809000348320639,0
Business,483.57467028676496,16.292584288664386,282,32.86591633214112,223.7851183272355,1,1,1,1,1,1,1,1,0,0,1.0,0
Pleasure,396.65146478651786,10.898643905838991,471,112.20024395200562,75.8432668400845,1,0,1,0,0,1,0,1,0,0,6.866722292289698,1
Business,398.334103644235,8.708640875869222,60,81.86634638530366,201.2282319988977,1,1,1,1,1,1,1,1,2,1,4.021552274731988,0
Pleasure,367.5315469907866,16.229164497000777,472,104.4877265248741,152.97712910998382,1,0,1,1,0,1,1,0,0,0,5.525993230987802,1
Pleasure,371.09411629243243,5.245682653467334,165,82.70880525520484,239.40437954395972,1,1,1,1,1,1,1,1,2,4,5.546020106284353,0
Pleasure,215.22954726370062,10.063797734217685,53,91.30590755862562,140.33394945722614,1,1,1,1,1,1,1,1,4,3,6.328940365635148,1
Pleasure,284.32762387259487,2.953821214067416,144,115.15024914039033,198.05158475635162,1,0,1,1,1,1,0,0,0,0,7.4085373182721055,1
Pleasure,489.73366304332694,2.9238086294603494,36,111.52704789576794,152.8131668628094,1,1,1,1,1,1,1,1,0,1,1.0,0
Pleasure,111.92193393048143,16.91262193232523,214,61.22496961735634,6.878177375498925,1,0,1,1,0,1,1,0,0,0,7.3181269517292495,0
Pleasure,271.2615574390356,12.710962136957068,365,43.706527429759724,93.11077689014881,1,1,1,1,1,1,1,1,0,1,6.709807547640257,0
Business,476.7758803277748,11.63167717940242,241,29.022475417071778,41.32281076050629,1,1,1,1,1,1,1,1,5,2,3.483156529223674,0
Business,132.3541898652683,8.756870177536713,433,31.124968046385092,222.9317335344221,1,0,1,1,1,0,0,1,0,0,2.1062516556970685,0
Pleasure,387.41117427895057,3.1645101370859297,362,93.90039933431424,237.6758143325025,1,1,1,1,1,1,1,1,2,4,5.633010305021461,0
Pleasure,134.50945177477976,19.478925645923503,188,22.873321201905874,232.0081810184651,1,1,1,1,1,1,1,1,2,4,6.114415113176217,0
Business,407.11878280469296,1.8620107555384302,319,56.56397333185141,152.70098852676531,1,1,1,1,1,1,1,1,2,1,8.156993534742833,1
Business,353.6949957322481,7.307565383120029,267,28.508287750220934,143.8673913789435,1,1,1,1,1,1,1,1,3,2,4.4905069210256325,0
Pleasure,491.83186644675436,16.332883357724825,24,64.24853361780912,76.56082772069115,1,1,1,1,1,1,1,1,2,1,1.0,0
Business,478.7660798473519,19.016003423281788,281,77.13376449816914,170.35185691102802,1,1,1,1,1,1,1,1,0,0,1.0,0
Pleasure,108.27354909594736,11.910483501929543,2,74.82883164612736,8.669142374103956,1,1,1,1,1,1,1,1,3,2,4.809827309900426,0
Pleasure,351.76415400249584,2.1121946083645815,379,38.46746560026145,224.45451150843624,1,1,1,1,1,1,1,1,0,2,7.602644245449764,1
Pleasure,113.54896710456718,12.56167964761001,304,25.68954814927196,195.60646191249768,1,1,1,1,1,1,1,1,4,3,7.462297763552747,1
Pleasure,341.10800706899283,10.484351385234872,350,87.8116585838613,53.40581209803579,1,1,1,1,1,1,1,1,2,3,6.646447591708004,1
Pleasure,398.1954898397242,15.098440604408696,261,16.91693352565269,51.81835594401659,1,1,1,1,1,1,1,1,3,2,2.377048851440035,0
Pleasure,239.6789395384021,13.595998621113619,182,80.68263216266959,96.67823339503327,1,1,1,1,1,1,1,1,2,2,6.623828765672242,1
Pleasure,92.63048460147874,5.439411928615585,284,74.82222770203516,195.6280553986413,1,1,1,1,1,1,1,1,0,3,8.264699722509734,1
Pleasure,185.5365876825464,9.61257275579197,50,48.3882507896462,159.58648715442857,1,1,1,1,1,1,1,1,4,4,5.459936393237349,1
Business,100.98961871262107,9.736979728892903,20,27.433349070811655,49.684328980248864,1,1,1,1,1,1,1,1,0,0,2.816785077526811,0
Business,150.38668307048187,11.08061927774866,285,77.16084616127979,23.432155955638176,1,1,1,0,1,1,0,1,0,0,1.2547174511394095,0
Business,265.524733508826,11.782814463954661,387,110.355323893567,127.34010278986611,1,1,1,1,1,1,1,1,7,1,4.014601183855752,0
Business,233.88376130332506,16.273346831991454,117,35.990596624375385,149.0061847369434,1,1,1,1,1,1,1,1,1,0,1.0,0
Pleasure,180.1758102328452,12.260377345350044,332,33.22805205720186,110.04705341182613,1,1,1,1,1,1,1,1,1,1,7.77015691727373,1
Pleasure,436.4414215672187,13.089891653084123,305,22.028202394610396,230.74611191121207,1,1,1,1,1,1,1,1,1,3,3.797049083182792,0
Pleasure,171.2306507071935,15.732110486816582,99,106.25296605086083,230.90273729276396,1,1,1,1,1,1,1,1,0,1,7.837112170581272,0
Pleasure,248.5285903288464,13.454210871247604,398,48.77805279268392,158.75184862273926,1,0,1,0,0,1,1,0,0,0,8.161227558140169,1
Business,403.41179443190055,7.526155409464552,299,26.241480098033595,142.61617677319157,1,1,1,1,1,1,1,1,1,0,4.47928092815516,1
Business,296.9154248069061,18.759336150691833,213,67.74899163430099,218.74793868079485,1,1,1,0,1,1,0,1,0,0,1.0,0
Business,172.84460771209245,7.831967091100543,53,100.63054863397547,30.01339944624903,1,1,1,1,1,1,0,1,0,0,4.8197154254596155,0
Business,495.6072357668276,4.219525271262821,232,42.73567332209016,45.31159332759623,1,1,1,1,1,1,1,1,7,1,7.477033723479823,1
Pleasure,163.33877116181105,16.829996833664893,274,57.68071473542997,40.54221784785239,1,1,1,1,1,1,1,1,1,2,6.834379444563276,1
Business,416.84341903557674,16.284382879090224,186,43.097891928534075,196.28826246157416,1,1,1,1,1,1,1,1,2,3,1.0,0
Business,279.0848102274799,10.923920155145016,127,117.34674777971493,147.84864931895794,1,1,1,1,1,1,1,1,0,0,3.892627831078652,0
Pleasure,363.8559819711412,3.761448336534259,366,99.834290938442,50.17942984969604,1,1,1,1,1,1,1,1,5,4,9.222915939776804,1
Business,61.169922022828096,5.818194962794598,399,94.20239945040947,42.70906823568592,1,1,1,1,1,1,1,1,0,0,6.507836824826887,1
Pleasure,429.5597608492493,16.772133712847058,3,87.71881827360673,226.52297231333785,1,1,1,1,1,1,1,1,2,1,1.1689979513548625,0
Business,253.20896604755214,10.480314970749017,266,96.84242288084155,191.70422056547213,1,1,1,1,1,1,1,1,3,0,3.8254429663261256,1
Business,190.12738596548286,8.350917418524329,103,34.120914455383,108.4467134929843,1,1,1,1,1,1,1,1,1,0,4.4170806630099655,1
Pleasure,172.45209048080156,17.545364779205126,160,117.89373498346046,226.8876353030046,1,1,1,1,1,1,1,1,2,3,7.449896970158297,1
Pleasure,330.87249277165023,16.006441898302633,464,46.77044978987942,124.48152352659623,1,1,1,1,1,1,1,1,0,3,6.583178714945965,1
Business,237.5239781099788,4.541770760763136,243,104.17591339295208,204.3521609711634,1,1,1,1,1,1,1,1,8,1,9.303130065703849,1
Business,312.05196275561053,6.319758358024661,355,91.66372753778515,207.87046455947714,1,1,1,1,1,1,1,1,7,1,6.199754560642396,1
Business,318.8881612506266,12.5996682665286,153,15.776572589392844,157.25155975047002,1,1,1,1,1,1,1,1,4,3,3.9622410456295776,0
Pleasure,152.08825813403303,3.3642362256962843,274,74.20620976890069,53.385631747789475,1,1,1,1,1,1,1,1,0,4,8.79166221304513,1
Business,430.6782715342074,6.007093405711544,63,59.02165371822222,61.91871038325615,1,1,1,1,1,1,1,1,7,1,7.0032033596633205,1
Business,408.41894023916757,7.753607340431703,224,85.93938817658825,180.93034227586816,1,1,1,1,1,1,1,1,3,1,4.783429707449061,0
Business,250.30382738073536,12.926011011409093,480,38.699194151329664,188.0537725641604,1,1,1,1,1,1,1,1,0,0,1.0,0
Business,247.76699254104705,2.423189313211447,490,20.242995726385644,63.55277916917867,1,1,1,1,1,1,1,1,1,0,7.672576204345782,1
Business,336.9455678282728,14.500527331822763,237,91.95896037613893,208.84153193829545,1,1,1,1,1,1,1,1,2,0,2.230292840094714,0
Business,423.81899357346356,14.774926470432915,131,69.33156802693469,129.05849114443168,1,1,1,1,1,1,1,1,1,0,1.0,0
Pleasure,141.45153715510784,15.918396061016102,419,103.45096969442557,6.030716879111122,1,1,1,1,1,1,1,1,0,0,7.93034095569884,1
Pleasure,219.6951985801241,0.6493218099389275,42,76.19312563026064,201.219416387548,1,1,1,1,1,1,1,1,0,0,7.393219980308891,1
Business,144.8339034515073,13.150946662936141,17,113.77217285809624,203.9577370728938,1,1,1,1,1,1,1,1,1,1,1.9302127216707485,0
Pleasure,89.12467978705017,17.993762807068514,253,61.51050157879741,231.2998828072672,1,1,1,1,1,1,1,1,1,0,5.1199349635279,1
Pleasure,336.47311535978105,13.316222252480799,214,83.71442497659184,84.1861486472409,1,1,1,1,1,1,1,1,1,1,7.740749092312552,1
Business,396.57997115699743,9.862373733248027,121,86.47214333082327,145.9954657146758,1,1,1,1,1,1,1,1,1,0,3.4133443821662803,0
Business,72.56856049234429,17.618201069706497,100,57.82013068791246,27.915192828285036,1,1,1,1,1,1,1,1,3,2,1.0,0
Pleasure,228.16109662197226,5.753368297992106,343,69.56997605284293,136.07162483460252,1,1,1,1,1,1,1,1,4,2,7.863747106834951,1
Business,77.97162621148229,9.228525898845488,433,113.76436767825238,56.88957324144129,1,1,1,1,1,1,1,1,0,0,3.6313230193586556,0
Pleasure,486.04424492412124,19.377502304856648,193,92.90772107027101,40.05819116793797,1,1,1,1,1,1,1,1,1,4,1.8669622653963815,0
Business,292.23317118469396,4.522499867179903,112,70.83041963218105,102.29561733095674,1,1,1,1,1,1,1,1,4,2,7.501411355952023,1
Business,275.86471037747503,9.612101206185688,232,97.47637910381465,122.33936229834272,1,1,1,1,1,1,1,1,1,0,3.743782266377404,0
Pleasure,285.23630177122004,19.52229133487376,76,97.1417329169027,22.611004189150815,1,1,1,1,1,1,1,1,0,0,5.9791910711581675,1
Pleasure,178.12068643976917,8.146752158244679,427,46.40533910758852,183.95061981024705,0,1,1,0,1,1,0,1,0,0,7.404449266323603,0
Pleasure,328.17976672980194,12.183884347935678,369,47.94706173346195,92.03541603258945,1,1,1,1,1,1,1,1,2,2,6.5321413853771,1
Business,431.39108843009944,9.46735589920386,102,65.26421266592516,182.40939706996244,1,1,1,1,1,1,1,1,0,1,3.8392056569226107,0
Pleasure,418.95256096585405,7.03453904434202,371,114.84684387642875,147.01253582069023,1,0,0,0,1,1,1,1,0,0,5.139523317543583,0
Business,232.3831371394333,0.4647029763050292,157,54.22725075741083,172.33936829220664,1,1,1,1,1,1,1,1,1,0,7.6231342272869735,1
Pleasure,283.8699962407666,16.673679051321336,260,111.98266910407965,90.9610088011267,1,0,0,1,0,0,0,1,0,0,7.760081075587557,0
Pleasure,156.02507664961078,8.227134538591708,394,109.33499652720124,199.69738397721005,1,1,1,0,1,1,0,1,0,0,9.267604301789326,1
Pleasure,172.49536878764036,19.106436458026916,279,45.540843536654165,67.46199545179199,1,0,1,1,0,0,0,1,0,0,6.988605339959509,1
Business,207.25616544931296,9.258506660266416,297,80.31662807469567,77.49122891861998,1,1,1,1,1,1,0,1,0,0,3.9124706528168263,0
Business,449.73972238849467,0.16539505953215405,188,81.87149858712178,165.12509998039823,1,1,1,1,1,1,1,1,1,0,6.728794397843443,0
Business,396.2134723710192,7.876216805640237,138,81.168321348778,16.680463605779394,1,1,1,1,1,1,1,1,1,3,5.413092000414273,1
Pleasure,348.3767301741283,16.587994796571277,376,104.41669566348205,7.212724459011002,1,1,1,1,1,1,1,1,3,2,7.313647227510487,0
Pleasure,473.0720609966773,1.3012847539333428,175,114.61206506181176,134.94660957729383,1,1,1,1,1,1,1,1,6,1,2.6543506511452746,1
Business,61.66638710357115,5.668203053599363,276,76.3657633656099,211.4896180306483,1,1,1,1,1,1,1,1,4,2,5.1628638941574305,1
Business,325.55443461668307,9.03106217203698,498,17.36950453615264,167.71360512736783,1,1,1,1,1,0,0,1,0,0,2.73591943897134,0
Pleasure,378.98159906324366,7.186790398185654,250,27.533918655354384,92.27250496762534,1,1,1,1,1,1,1,1,0,0,4.04306681651513,0
Business,223.41652843916987,0.8514186429912063,65,41.08446625210863,141.05537058239437,1,1,1,1,1,1,1,1,2,2,8.563833055085865,1
Pleasure,335.87784810551744,16.539513936107987,323,99.87396543534972,140.25668157466802,1,1,1,1,1,1,1,1,1,4,8.42113789911493,1
Business,260.16008250300854,9.739234794571594,487,46.855663285738544,71.59773418330127,1,1,1,1,1,1,1,1,3,1,5.095022439703305,0
Pleasure,425.8342986663769,13.239544028713892,482,51.446560722837525,185.58039586070836,1,1,1,1,1,1,1,1,0,0,4.187943234806355,0
Business,305.63957868576017,3.777423205091628,34,104.68500305274385,65.82303283202093,1,1,1,1,1,1,1,1,5,0,7.5971658939029325,1
Business,264.8591593257337,9.613962377205842,263,45.733422414827835,57.98193940582992,1,1,1,1,1,1,1,1,3,5,4.954329655926005,0
Pleasure,323.8321589880575,17.827992004518578,439,32.88240094112779,206.7549062638827,1,1,1,1,1,1,1,1,2,1,8.204839892115446,1
Pleasure,459.4423752832942,4.775343343350073,371,57.270187191916236,188.91980820189633,1,1,1,1,1,1,1,1,0,3,3.5093340821321335,0
Business,421.05163425338503,5.953804137557661,231,72.1619814972605,120.5021372944067,1,1,1,1,1,1,1,1,1,1,4.658944397225826,1
Business,399.7927928385401,12.78601480797838,457,51.39134716002828,183.65395820778235,1,1,1,1,1,1,1,1,0,0,1.0,0
Pleasure,326.01199593360775,2.7906359887068755,186,116.56324542941002,152.62626011263262,1,1,1,1,1,1,1,1,2,4,8.527354448208623,1
Business,440.8594865747833,0.3561741445708422,77,64.24507877998009,64.88441165356642,1,1,1,1,1,1,1,1,8,0,10.0,1
Business,438.31606234241787,9.423014130525711,393,41.00260975137384,219.47050001334574,1,0,0,1,1,1,0,1,0,0,2.559725675337715,0
Pleasure,90.51309925992018,17.838284932758125,142,72.93203927423492,133.38666459737453,1,1,1,1,1,1,1,1,0,1,5.750351068068986,0
Business,124.65055440712432,17.3733273398052,427,61.27356751442011,105.81623754084401,1,1,1,1,1,1,1,1,0,1,1.0,0
Business,199.09576679026594,15.572237093634937,16,33.22732473451671,19.59920420423954,1,1,0,1,1,0,0,1,0,0,1.0,0
Business,351.92959816109203,14.368833018375977,77,107.8406280992286,50.224092759779005,1,1,1,1,1,1,1,1,2,2,1.4148409559038995,0
Pleasure,301.9187962607267,17.864343880253106,377,63.36090294418017,61.779593850775434,1,1,1,1,1,1,1,1,2,3,7.738338930953579,0
Business,354.7113996434649,14.615970862410755,323,15.712062538772152,53.0895479733385,1,1,1,1,1,1,1,1,3,1,1.0,0
Business,147.91133550762416,5.15333842166577,47,82.19748436198329,75.00815570110582,1,1,1,1,1,1,1,1,2,0,6.721612773188637,0
Pleasure,404.9364501414761,6.956399999480205,434,30.969791871334213,38.66608539607132,1,1,1,1,1,1,1,1,1,0,5.1674920127520165,1
Business,248.41278677909358,7.705348004605255,75,108.13017890036389,44.68734743487897,1,1,1,1,1,1,1,1,3,0,5.462182016893834,0
Pleasure,80.47513459652502,5.7450085472310075,92,92.90185369086487,129.94321655726336,1,1,1,1,1,1,1,1,3,1,6.795244100490478,0
Business,407.66563605774024,0.05350223329584569,363,100.46432336509169,11.398710223643866,1,1,1,1,1,1,1,1,6,2,10.0,1
Business,146.61561998163504,17.815934655219376,171,29.006988965059172,223.57454831479362,1,1,1,1,1,1,1,1,3,0,1.0,0
Pleasure,88.38597397419653,16.149611126773298,101,32.27221307805905,201.92478288955684,1,1,1,1,1,1,1,1,0,1,4.5760589532415406,0
Pleasure,306.3090365418084,10.990214312856782,130,25.489882698573872,113.40625355910133,1,1,1,1,1,1,1,1,5,3,6.707550724586694,1
Pleasure,196.29266284134152,4.9766765441429195,414,85.47954655531062,10.518002140867086,1,1,1,1,1,1,1,1,2,0,10.0,1
Business,223.53910224780387,13.030013599984095,372,85.90629865054873,222.8847114816495,1,1,1,1,1,1,1,1,1,0,1.8259300715881228,0
Pleasure,472.3020112016278,4.59694178064646,189,117.84466174509846,196.3609467275029,1,1,0,1,1,1,1,1,0,0,2.5336307405837104,0
Business,116.68164087527799,16.133613048122882,471,19.07662268158244,135.0645858692209,1,1,1,1,1,1,1,1,0,0,1.0,0
Business,140.29919678194685,18.992785700694647,491,56.74344562541906,41.401456130074955,1,1,1,1,1,1,1,1,0,0,1.0,0
Business,215.68409440033815,10.873433959339202,269,76.6340279044944,33.55320073536935,1,1,1,1,1,1,1,1,4,1,4.9881822586762725,0
Pleasure,303.79021067445296,1.8356759873747208,443,37.1385645667331,11.47939232836722,1,0,1,1,1,1,0,1,0,0,8.116458666546944,1
Pleasure,378.566100906794,8.248253727402696,411,32.833551956529575,158.92571048453442,1,0,0,1,0,1,1,0,0,0,5.598159910598759,0
Business,108.22073900036722,7.968171901906745,238,39.91122904286441,218.56299096868494,1,0,1,1,1,1,1,1,0,0,3.504831618195643,1
Business,361.3176138669604,3.6133216067953566,148,83.69199338168382,16.96429862226229,1,1,1,1,1,1,1,1,7,1,8.027123717404917,1
Pleasure,342.35722473341923,18.344513151228774,329,55.20955599732878,131.48496684661615,0,1,0,1,0,1,1,0,0,0,4.268714902024877,0
Business,212.86491322977454,9.242247540271855,371,59.89380885847953,111.07413363709843,1,1,1,1,1,1,1,1,5,1,3.752346061282159,0
Business,155.88911934329292,0.21398650102012695,421,20.00551931067821,180.76489064157647,1,1,1,1,1,1,1,1,7,2,8.347963349941022,1
Pleasure,352.6626374805932,7.385733342240894,398,40.045227364862,72.3458061547712,1,0,1,0,1,0,0,1,0,0,5.936937150683022,0
Business,121.44690633560762,6.511948349878751,120,67.61886419976278,80.0759431917883,1,1,1,1,1,1,1,1,4,2,5.282097235362185,1
Pleasure,326.0706762948706,13.036195833269876,252,24.705502469522127,219.7123551000901,1,1,1,1,1,1,1,1,2,4,6.448262036091563,0
Pleasure,498.62771079996025,1.6550884519463982,192,72.43885775549343,110.2223230477304,1,1,1,1,1,1,1,1,2,0,1.0,0
Business,422.04787661562295,0.2921665927187256,22,62.169765788547224,93.74459307782377,1,1,1,1,1,1,1,1,0,0,6.9981210834695124,1
Pleasure,370.5487974207726,4.016477916505503,478,43.47836416247494,61.72446590170368,1,1,1,1,1,1,1,1,2,5,7.306921571342426,0
Business,408.91711966667975,8.705737490348671,357,25.066511412070138,84.93968452112786,1,1,1,1,1,1,1,1,5,2,4.139204445759598,0
Pleasure,327.2985526367797,18.690838270062155,332,102.90677084092208,226.66378189185036,1,1,1,1,1,1,1,1,1,1,6.628434227281266,1
Pleasure,457.1645884953391,6.740105065565459,368,41.33657989413139,156.24866458863792,1,1,1,1,1,1,1,1,2,2,2.5308119555597868,0
Pleasure,245.22509787106597,5.856040740166854,80,109.65995412695415,131.30947048678314,1,1,1,1,1,1,1,1,4,4,8.294944041412828,1
Business,352.6520238879482,15.515867712928326,280,46.73854607895622,112.96287880129479,1,1,1,1,1,1,1,1,1,1,1.0,0
Pleasure,274.7401640530008,1.5116896561284143,22,20.147948584078765,87.50247392293451,1,1,0,1,1,0,0,1,0,0,4.444548023835275,1
Business,219.7879147749867,19.216698344532674,341,101.63056482412048,38.35060008770617,1,1,1,1,1,1,1,1,6,0,1.0,0
Pleasure,65.78927337943107,15.550804959960471,178,18.151264393682165,206.516944538702,1,1,1,1,1,1,1,1,4,3,4.556916451211972,0
Business,301.0657020501316,19.89348956273302,495,18.452633297835717,70.86145587362502,1,1,1,1,1,1,1,1,3,0,1.0,0
Business,102.03566460242554,0.20283480538587417,189,93.14308766517452,173.1590243365333,1,1,1,1,1,1,1,1,1,0,7.456748859379889,1
Pleasure,433.2281815801476,11.31216692237813,46,67.34864761438945,140.2169593684321,1,1,1,1,1,1,1,1,2,2,1.436625191302951,0
Business,117.25023655271856,9.516658342943732,349,83.68691464465812,195.3293478183364,1,1,1,1,1,1,1,1,1,0,3.8026390737560893,0
Business,335.305479113721,0.9502830906294157,493,100.15396323303823,46.325987294824394,1,1,1,1,1,1,1,1,5,0,8.949058518424026,1
Pleasure,287.12601835933475,5.123240114361218,167,55.86143893982624,37.09699677589909,1,1,1,1,1,1,1,1,2,4,8.641646705732137,1
Business,281.9210304117481,11.357446162925607,484,91.33100853533422,9.453603529413163,1,1,1,1,1,1,1,1,2,1,4.459298493245129,0
Business,309.2292184604014,8.210546488162358,414,25.62922164764484,90.79332627485928,1,1,1,1,1,1,1,1,3,0,4.407850559179091,1
Pleasure,408.5695023061169,11.379111425775331,314,75.24248710352987,129.19374511843483,0,0,1,1,0,1,0,1,0,0,4.0322201223128245,1
Pleasure,347.7525978021956,17.192046170084257,4,117.0715830913599,10.854559988662833,1,0,1,0,0,1,0,0,0,0,3.7857125653588923,0
Pleasure,219.7490018279587,1.526412519414977,333,98.11183690398519,42.505444416874056,1,1,1,1,1,1,1,1,4,1,10.0,1
Business,397.34583566197216,18.086652251513748,121,68.21399648064123,190.37575913166216,1,0,1,0,0,1,0,1,0,0,1.0,0
Pleasure,373.41832251626505,4.16994918188339,62,42.73200589524116,177.9356103828937,1,1,1,1,1,1,1,1,1,0,3.6027992356942846,0
Pleasure,156.56052204044977,13.23673362556818,453,40.047950818549516,81.62912781939892,1,1,1,1,1,1,1,1,1,1,8.639249637405554,1
Pleasure,499.98570035813674,3.287309090199322,303,40.336208422615826,99.23563817053598,1,1,1,1,1,1,1,1,4,3,1.7384201148733829,0
Pleasure,273.0637147651602,5.775829594109208,79,63.773737883705955,222.70067420550052,1,1,1,1,1,1,1,1,1,8,6.7372642494734025,1
Business,280.4106499108066,2.349552054563777,334,117.93144105952686,100.39318018906862,1,1,1,0,0,0,1,1,0,0,6.719989873336284,1
Pleasure,127.4871788952153,5.366632839996184,409,105.56729806267627,81.39519686229164,1,1,1,1,1,1,1,1,1,6,9.073709557709467,1
Pleasure,408.8112164742601,16.211487292675518,405,27.23563218879247,17.59712059573248,1,1,1,1,1,1,1,1,0,2,4.509807470956866,0
Business,389.13856642484654,17.203000705824437,396,80.67449277508263,133.83522906823808,1,1,1,1,1,1,1,1,3,2,1.2904220311261554,0
Business,440.9222267787145,16.03652813144775,89,88.99228852933962,42.36456458001601,1,1,1,1,1,1,1,1,5,1,1.2652206468926301,0
Pleasure,176.00015578361766,10.291621269037925,284,32.37765128641794,162.89212812112584,1,1,1,1,1,1,1,1,0,0,6.519000302139836,1
Business,88.20975212630637,8.235906877984593,165,109.44881001733123,210.5612403862078,1,1,1,1,1,1,1,1,0,0,4.849735517339499,0
Business,77.09064261514254,3.48571860416959,226,54.174971501195344,177.2022447306359,1,1,1,1,1,1,1,1,4,2,7.514849292467928,1
Pleasure,499.77446259063987,5.9072597605157595,207,45.43574835947464,167.36016858625632,1,1,1,1,1,1,1,1,1,3,1.0,0
Pleasure,211.37156898393775,9.945749230259329,341,59.40713529518722,22.363045434761805,1,1,1,1,1,1,1,1,0,3,7.6659262257653875,1
Business,489.3531529305343,11.618595436874138,300,40.25654797893054,23.26886134575689,1,1,1,1,1,1,1,1,4,0,4.234667016945323,0
Business,404.90773936654807,8.034727964981563,185,107.68899872728967,161.43776816967835,1,1,0,0,0,1,1,1,0,0,3.4367232643038714,0
Pleasure,478.8337021869614,3.4954724587070185,202,23.320571061888316,149.3512750773622,1,1,1,1,1,1,1,1,1,5,2.18297770767602,0
Business,259.2497166280142,8.267293893819676,97,89.75556854538185,43.02976304851651,1,1,1,1,1,1,1,1,0,0,4.683666375150863,0
Business,269.909451494692,5.102817194050944,228,66.77512333585665,38.73987417179443,1,1,1,0,1,1,0,0,0,0,5.0003489508048204,0
Pleasure,363.4209703084663,17.971557654217282,115,107.37015286300499,113.24696053712903,0,0,1,0,0,1,0,1,0,0,5.044651802464074,0
Business,391.57414594536925,16.174666284079294,472,102.51788848055088,222.97436906369012,1,1,1,1,1,1,1,1,4,3,1.4557374189160082,0
Business,87.61837047309518,6.042778232183139,14,66.88178145211425,7.703328706861047,1,1,1,1,1,1,1,1,7,1,6.70966751330189,0
Pleasure,259.09324055775136,13.433093002286842,419,64.62856130870003,13.759002167806573,1,1,1,1,1,0,0,1,0,0,8.262954138346892,1
Business,177.11725294928442,17.52324849590899,173,101.18546834298162,182.28621070749665,1,1,1,1,1,1,1,1,3,1,1.0,0
Pleasure,187.24605139306877,8.332934536472752,222,99.3047906892045,204.87979490440458,1,1,1,0,1,1,1,1,0,0,7.3423746027181505,1
Pleasure,329.92943372338783,1.4424577476303058,246,103.55230464180418,82.79778789604534,1,0,1,1,1,1,0,1,0,0,7.077922665190379,0
Business,476.71073178762344,19.323824268057866,391,23.28969454415975,16.08740697762175,1,1,1,1,1,1,1,1,1,3,1.0,0
Pleasure,135.49337281873926,10.939465415384433,414,53.407979363424126,195.60593378436192,1,1,0,1,1,1,0,1,0,0,7.782411152410545,1
Pleasure,158.14817147445,14.994577587904523,74,35.852729450144615,232.01484207901584,1,1,1,1,1,1,1,1,0,0,4.4448922853278185,0
Pleasure,176.7995067955827,19.966659360841696,489,68.45583122564948,6.863246171304894,1,1,1,1,1,1,1,1,2,2,8.727323069665417,1
Business,473.43528109446186,9.009677132909076,294,99.55392428493509,143.56097973108427,1,1,1,1,1,1,1,1,2,0,3.1254673686108125,0
Pleasure,282.4953329054814,7.217898463038351,291,37.49015311527298,105.78837692960683,1,1,1,1,1,1,1,1,2,1,7.8878737665224445,1
Pleasure,400.6872775248601,11.666294858181645,70,48.203854036483335,190.66183226977228,1,0,0,1,0,1,1,1,0,0,2.7516021136468245,0
Pleasure,210.5071712521641,11.427847989211951,482,108.84113252877823,39.8850790683591,1,1,1,1,1,1,1,1,0,0,9.118469336132918,1
Business,396.38763401933477,7.830892309018176,85,47.83001170894382,239.5610689168134,1,1,1,1,1,1,1,1,0,1,3.1753425296027977,0
Business,238.8595331949392,12.910243982908325,432,61.8021493718056,200.83786530729148,1,1,1,1,0,0,0,1,0,0,1.0,0
Pleasure,97.65619423709468,2.0084894944868137,280,76.91586567533899,193.55356567920782,1,1,1,1,1,1,1,1,0,1,7.854971944217601,1
Pleasure,333.41028119795334,16.281815216286585,200,44.17598080879597,114.12290808076678,1,1,1,1,1,1,1,1,0,5,5.191218970199238,1
Business,364.48835427518816,10.635239344797773,154,24.972581336857203,93.2421087502687,1,1,1,1,1,1,1,1,1,1,3.964432653076675,1
Business,344.72105020269544,0.1360340276575034,205,70.99861859773408,232.3725001816551,1,1,1,1,1,1,1,1,0,0,7.505604980966792,1
Pleasure,320.0504862247488,3.6894429942207507,49,20.115061142196538,216.7868803128237,1,0,1,0,0,1,1,1,0,0,3.0851892681663027,0
Pleasure,415.66028318168406,2.717470103868871,177,74.206455879874,9.499534340321453,1,1,1,1,1,1,1,1,0,1,4.079587162395353,0
Pleasure,482.6368854344839,18.406244411405044,144,85.98362570385656,171.38224163864007,1,1,1,1,1,1,1,1,0,1,1.0,0
Pleasure,63.80014729883746,17.130060437123205,228,23.280398887072998,14.205618545096947,1,0,1,1,1,1,1,1,0,0,4.1217978978512715,0
Business,213.4536678425955,8.377644722357086,201,21.382656515538645,29.535863975602936,1,1,1,1,1,1,1,1,6,2,6.435007971386933,0
Business,265.1742267468616,10.48062024299652,14,84.01767491963676,116.02844684608557,1,1,1,1,1,1,1,1,3,2,3.2554568977324454,1
Business,398.5053053660307,15.28346295852964,472,102.17852303076049,81.68225979997378,1,1,1,1,1,1,1,1,5,2,2.8229518100396915,0
Pleasure,265.45325341467793,4.475745099643909,326,104.94165535051353,46.296492566723856,1,1,1,0,0,1,1,1,0,0,8.617258046219327,1
Pleasure,128.5688274909939,4.510767901645309,485,76.70869087072666,190.93674340424772,1,1,1,1,1,1,1,1,7,2,8.15079902724544,1
Pleasure,322.62814678446466,13.259074237888216,79,84.84395449266862,178.82052532809766,1,1,1,1,1,1,1,1,2,1,5.255072875074154,0
Business,338.1366110140396,6.565803758439827,48,64.92952632341802,100.78693565506566,1,1,1,1,1,1,1,1,2,1,4.727979415118846,0
Pleasure,433.0125081532962,16.49620533610715,286,104.3045861214977,46.39809407597163,1,1,1,1,1,1,1,1,1,1,3.736693213023904,0
Pleasure,352.62636377150983,5.118430390634026,403,45.884380773141544,81.43186156500727,1,1,1,1,1,1,1,1,4,1,7.600357122186537,0
Pleasure,283.42724143695347,18.605056060967126,120,64.3536782249949,210.46274031098758,1,1,1,1,1,1,1,1,1,5,6.418744480609427,1
Business,330.81070585980666,9.874090080673326,126,72.36440431282345,110.19643624778898,1,1,0,1,1,1,0,1,0,0,1.9329760512747325,0
Pleasure,458.9556022908479,16.694534581224744,238,20.001483538477988,72.7101536474659,1,1,1,1,1,1,1,1,0,2,1.0,0
Business,137.9998403879946,13.459197827953222,386,27.699925881066683,47.192625324365245,1,1,1,1,1,1,0,1,0,0,2.1949632586533343,1
Business,282.53004723315394,5.361576854244065,255,68.40987170601029,58.610445271305935,1,1,1,1,1,1,1,1,0,0,5.400620307855155,0
Business,125.78031276211276,1.3216755854458118,384,49.54844035100478,239.6183717111077,1,1,1,1,1,1,1,1,3,1,8.860362194094778,1
Pleasure,212.64032914614745,8.018336546501892,450,50.56560026325716,80.95989614745581,1,1,1,1,1,1,1,1,0,1,9.430641268943752,1
Pleasure,263.2442029821484,5.779543817649532,364,77.04223232264414,45.09956683630626,1,1,1,1,1,1,1,1,1,0,8.051291880035185,1
Pleasure,161.73877621986338,2.1679105261443854,219,66.14317566433476,185.6032264264965,1,1,1,1,1,1,1,1,2,2,8.455821152196291,1
Business,306.36755655505806,16.167464330754303,335,26.550309805558744,116.91757519153082,1,1,1,0,1,1,0,1,0,0,1.0,0
Pleasure,155.42154808849432,10.893992279489877,271,52.7280289301257,120.04944709894555,1,1,1,1,1,1,1,1,0,1,7.1610074044605385,1
Business,394.9081120091344,8.600287606365482,13,41.15164059348608,44.83209431536901,1,1,1,1,0,1,0,0,0,0,3.5336677839102664,0
Pleasure,164.58939665145385,0.9918028782260113,173,15.844747757931028,169.76301229275427,1,1,0,0,1,1,1,1,0,0,6.936902401713114,0
Business,148.8334422288834,17.227725286841597,107,114.50601031383248,35.15229489097338,1,1,1,1,1,1,1,1,0,0,1.0,0
Business,422.3466484089332,10.422913470983177,40,58.06201133643932,6.584440919681899,0,1,1,1,0,1,0,1,0,0,1.9936858407793814,0
Business,161.72664660587517,3.40685033681267,131,53.583461874477614,205.81744959368245,1,1,1,1,1,1,1,1,5,2,6.927239341877497,1
Business,89.10779030632332,19.532404407020543,404,82.72840399491578,223.55572572048763,1,1,1,1,1,1,1,1,7,0,1.0,0
Pleasure,399.0216529765243,6.806798697000231,476,49.7487074282139,104.53416121173035,0,1,1,0,0,0,1,1,0,0,7.110991606332398,1
Business,456.48323999688944,12.36069671711531,40,31.924746919381832,212.5526314933973,1,1,1,1,1,1,0,0,0,0,1.0,0
Pleasure,234.04949925591887,5.503538948749702,87,59.47562407079751,189.83135683087397,1,1,1,1,1,1,1,1,2,3,7.474198238598301,1
Business,272.0706579954958,0.7941907522135194,106,37.14207729605872,96.74606843775402,1,1,1,1,1,1,1,1,3,0,10.0,1
Business,129.0662480455846,1.3365961035352258,484,98.16159703898252,77.89244920767763,1,1,1,1,1,1,1,1,3,2,9.356244986913287,1
Pleasure,262.52442784963705,1.7176892762495055,119,87.6575286300053,121.40080012207007,1,1,1,1,1,1,1,1,1,8,9.15459022556044,1
Pleasure,255.62424170887329,12.306869654698804,383,21.423891022974622,29.99483524598908,1,0,0,0,1,1,1,1,0,0,6.550948910509883,1
Business,432.95874302966394,10.11128001750345,453,104.04957604073702,95.59667062251512,1,0,1,0,1,0,0,1,0,0,2.687462376156185,0
Business,334.1604806214014,16.065774445130433,444,51.386072393793576,123.00916964280871,1,1,1,1,1,1,1,1,4,0,1.0,0
Business,485.15976215543225,11.33056413628076,7,35.04630932336074,169.04083774145317,1,1,1,1,1,1,1,1,4,0,3.9513229069074525,0
Pleasure,426.4949968950421,13.761322223973913,169,62.213001183669235,220.14860592833915,1,0,1,1,0,1,1,0,0,0,1.2178567615029225,0
Pleasure,464.5782575453451,19.82540718180158,177,52.83162425362039,121.51006906007572,0,1,1,0,1,1,1,1,0,0,1.0,0
Pleasure,178.7033489831063,5.489912678130233,436,109.14730222808055,205.13173984577443,1,1,1,1,1,1,1,1,0,1,10.0,1
Pleasure,111.16053998752272,14.535476151250634,364,87.66261163745963,234.3741988579433,1,1,1,1,1,1,1,1,1,6,7.045019182017927,0
Pleasure,78.1164682373252,8.202582113095314,436,42.5877081882811,114.84301500519932,1,1,1,1,1,1,1,1,1,2,7.011542408924375,1
Business,67.7692522744383,6.81196740127211,378,98.62345169488538,22.404510647487793,1,1,1,1,1,1,1,1,4,1,5.3537312954985214,1
Pleasure,111.94520992851363,7.954403274777134,287,118.43026348405795,115.61329284589658,1,1,1,1,1,1,1,1,2,3,9.243440825630792,1
Pleasure,117.66154085218912,15.442832106161964,424,61.77225497908517,117.91853064268989,1,1,1,1,1,1,1,1,3,0,7.8734947510943964,1
Business,119.33851458630882,8.11310206395935,73,46.31912651212497,19.550548346185337,1,1,0,1,0,0,0,1,0,0,4.057861880201959,1
Business,297.44680184911647,7.259587690271482,405,82.56271850348018,17.588486124637537,1,1,1,0,1,1,0,1,0,0,4.342846918050526,1
Pleasure,368.38075988530323,7.747493706148745,318,33.515552562912866,48.53799318861047,1,1,1,1,1,1,1,1,1,1,5.830674871917997,0
Business,234.69299114583697,11.472857803794653,51,117.41494506864102,203.907511037808,1,1,1,1,1,1,1,1,2,5,3.826435013824466,1
Business,219.8747070383186,19.65652055355092,433,26.071917276538812,93.73513657852516,1,1,0,0,0,0,0,1,0,0,1.0,0
Pleasure,325.36185922725275,4.145591276095784,490,56.267403966355126,169.4609911626495,1,1,1,1,1,1,1,1,0,1,9.336296837274412,1
Business,188.60997044043017,10.279886213199363,268,104.38244420629175,71.50984613641165,1,0,1,0,1,1,0,0,0,0,3.2021008551406993,0
Business,229.5845405020358,15.138669888781877,283,90.39839267207483,183.00750054326474,1,0,1,1,0,1,0,1,0,0,1.0,0
Pleasure,245.61091245541093,4.630648262001302,384,65.13564705950937,5.796736476336521,1,1,1,1,1,1,1,1,1,2,8.264009868051586,1
Business,347.83518288586123,5.035970539933803,164,59.467408660131426,239.24466771667474,1,1,1,1,1,1,1,1,0,1,4.530195601056958,0
Pleasure,198.73454205674324,14.595912827972803,447,34.783673068112456,78.85810711337737,1,1,1,1,1,1,1,1,0,0,8.298899822148584,1
Pleasure,349.8339109254899,6.308456503300494,12,27.72962701823517,64.84061345278367,1,1,1,1,1,1,1,1,1,2,4.546018914879011,1
Pleasure,250.70767895530403,8.389212263895157,194,62.007782974357546,105.95922294137043,1,0,0,1,1,0,1,0,0,0,7.059401369936426,0
Pleasure,376.3351662079639,9.158890957154988,232,65.50470400110753,228.32878586695048,1,1,0,1,1,1,1,0,0,0,4.832061646500536,0
Business,330.4549841606581,14.942921224247437,402,26.996997589622996,23.362252803733448,1,1,1,1,0,1,0,1,0,0,1.0,0
Pleasure,253.25132466543954,12.285446055363993,234,82.843388762714,71.75452492314007,1,1,1,1,1,1,1,1,1,2,8.001483594730308,1
Pleasure,234.8977241621995,7.594897303147468,26,62.80538679376709,165.45839381476299,1,1,1,1,1,1,1,1,1,3,7.55823468975732,1
Business,357.94541042352006,17.485153007406876,111,84.75609603038122,43.254682290763476,1,1,1,1,1,1,1,1,2,1,1.0,0
Business,479.20953240462785,8.18676824342049,457,99.35162071521546,156.8721693469898,1,1,1,1,1,1,1,1,2,0,4.6468360844685295,0
Business,428.64625300314765,6.80768284054301,479,15.327474197607678,172.0513846893659,1,1,1,1,1,1,0,1,0,0,3.626423012200937,0
Pleasure,224.52607721334027,17.055802909137686,19,84.96643594268545,226.71003472753023,1,1,0,1,1,0,0,1,0,0,5.366926228142025,0
Business,386.4300328583127,19.051066846122744,370,113.66423434138376,208.74740414356293,1,1,1,1,1,1,1,1,4,1,1.0,0
Pleasure,347.3643818041699,2.911497519116444,396,17.789864355402486,51.41174671598807,1,1,1,0,1,1,1,1,0,0,7.208247405289588,1
Business,297.7641428042824,7.522139976127327,22,96.28921468418633,79.26294170776443,1,0,1,1,0,1,0,0,0,0,3.8060588618904623,0
Pleasure,245.36958250585596,19.70182245469936,456,39.76797863783843,67.14164727316536,1,1,1,1,1,1,1,1,3,3,9.169638477946023,1
Pleasure,310.1087790806191,11.118619644763205,188,23.79212630196851,93.79525067859308,1,1,1,1,1,1,1,1,2,2,5.657164725887175,1
Business,100.94594066277341,0.5387942517017397,197,29.781177190442307,9.189282764249189,1,1,1,1,1,1,1,1,1,0,8.223524013743015,0
Pleasure,173.49914362501914,7.13185668496682,1,118.30570923831789,147.66114594711928,1,1,1,1,1,1,1,1,0,0,6.3487509712820085,0
Business,146.0312935291537,7.3068844760074185,228,40.50880587512068,149.01558394385967,1,1,1,1,0,0,0,1,0,0,4.548701335791538,0
Business,210.8705846609161,10.64142273331435,117,83.66732500436872,140.46320480582213,1,1,1,1,1,1,1,1,0,0,1.7336633590648463,0
Business,337.84665118939654,3.751160937407474,66,116.89658702920511,204.22981684231377,1,1,1,1,1,1,1,1,8,1,6.720388571836102,0
Business,111.20682041651311,6.429879575887707,244,66.8217046250807,34.13606961473538,1,1,1,0,1,0,1,1,0,0,4.947851619420036,0
Business,490.84273439967967,10.395852919543211,419,33.51648938549003,158.65634188810608,1,1,1,1,1,1,1,1,5,2,3.976889365621716,0
Pleasure,66.09498499114646,11.827780955218707,184,93.19861700779398,55.1981559393916,1,1,1,1,1,1,1,1,0,1,5.175518320276947,1
Business,329.9449686701731,19.84258904940054,179,20.448576417113365,152.2996558739054,1,1,1,1,1,1,1,1,3,2,1.0,0
Pleasure,207.9245306224966,0.4287106227527393,279,15.854131143851598,211.3290695664879,1,1,1,1,1,1,0,1,0,0,6.8568402033565015,1
Business,88.39413793083229,17.133304178426517,12,99.18884120207144,113.23434410108084,1,1,1,1,1,1,1,1,1,1,1.6645235008898518,0
Business,328.6058556948668,12.189239171495146,239,99.39517000623223,131.69732271294296,1,1,1,1,1,1,0,1,0,0,2.086356631549865,0
Business,301.80085929969204,6.014458010582886,42,41.125141948086835,7.474007855150907,1,1,1,1,1,1,1,1,7,2,7.2821121193229645,0
Business,286.8785452469078,8.320966185811953,402,20.70174947129265,84.31403559217546,1,1,1,1,1,1,1,1,2,1,4.000346806243288,0
Business,387.050353642427,11.05479981728192,121,108.05047042603744,6.84505514546976,1,1,0,1,0,1,0,1,0,0,3.3290527188648316,0
Business,135.30063326973044,10.172827603060098,127,31.26883801230827,36.35632374770216,1,1,1,1,1,1,1,1,6,2,4.616413222641086,0
Pleasure,468.8857989788581,4.597184909489509,142,24.542084336442308,200.53138315692794,1,1,1,1,1,1,1,1,1,3,1.4505005694332156,0
Business,215.0179938672903,10.320435997010211,54,46.170992077378486,223.13145393464745,1,1,1,1,1,1,1,1,3,2,2.5653555734740126,1
Business,148.21076941945836,3.568473029982502,139,60.62507578953295,136.61156658213625,1,1,1,1,1,1,1,1,5,2,8.437995914877643,1
Pleasure,397.57570130859307,2.9698247163698355,257,46.92184460087825,33.22532969288612,1,1,0,1,1,1,0,0,0,0,4.6441506926238105,1
Business,424.84613954780093,8.506270610117035,389,16.81396941684036,70.15414142935907,1,1,1,1,1,1,1,1,2,0,3.6567000333264947,0
Pleasure,498.95135651154226,14.772362909929374,95,73.73148442415118,92.06790304241838,0,1,1,0,0,1,1,1,0,0,1.0,0
Business,149.25241546835497,14.987510282303088,0,17.744106323723404,17.88839838460026,1,1,0,1,1,0,1,1,0,0,1.0,0
Pleasure,225.19628063980068,10.639795786466188,99,28.4873441467118,95.39517986889857,1,1,1,1,1,1,1,1,0,1,6.269153179080366,0
Business,218.3160647452257,9.095181184029341,338,68.92326569331306,193.02863094379651,1,1,1,0,0,0,0,1,0,0,3.5769581248330526,0
Pleasure,98.81564782832002,15.488639878794787,365,62.35017349488305,230.98251747395616,1,1,1,1,1,1,1,1,1,2,6.479589937634961,1
Business,115.503225129282,2.4097045064634703,73,24.618860285479116,235.19154302841727,1,1,1,1,1,1,1,1,4,1,6.159895128994086,1
Pleasure,278.72207393092435,6.842947751873732,467,36.085714752820586,57.85182963109273,1,1,1,1,1,1,1,1,3,4,9.14500685816409,1
Business,458.32408818753936,8.39915177736524,298,67.43166304342392,160.2513565214453,1,1,1,1,1,1,1,1,1,0,3.424475890106268,0
Pleasure,123.6378708246996,14.988906185480985,382,60.863741946765124,112.29849118310887,1,1,1,1,1,0,1,1,0,0,5.712364915348335,0
Business,121.36146573964145,13.118781521326717,9,37.59561544355593,83.79336906858559,1,1,1,1,1,0,0,1,0,0,1.2829679939285104,0
Pleasure,66.09359114465244,10.279220162469764,131,17.573341486586198,22.692135976224204,0,0,1,1,1,0,1,0,0,0,3.841695204025629,0
Business,87.27004406993879,0.4291854784953131,239,22.402043632107404,153.25555487843627,1,1,1,1,1,1,1,1,0,0,7.059741262880973,1
Business,176.86064894581193,4.509944958348311,421,89.10931006514677,9.135054898165453,1,1,1,0,1,0,0,1,0,0,5.253783323715797,1
Pleasure,195.09113209459227,6.001624758987136,464,57.96003639874672,117.64264339020885,1,1,1,1,0,1,1,1,0,0,10.0,1
Business,160.8073340196035,16.34324759789247,344,74.81306821576268,149.58881991387997,1,1,1,1,1,1,1,1,0,1,1.0,0
Pleasure,321.6556732612263,0.47210010055330764,406,48.31095297074239,35.92822663104503,1,1,1,1,1,1,1,1,6,3,9.583902224863076,1
Business,491.4111331894413,2.2931220202823543,57,106.90024960223249,214.84345806820292,1,1,1,1,1,1,1,1,6,2,10.0,1
Business,118.16803183505012,10.864071241376445,8,70.95236161032753,96.32481789958969,1,1,1,1,0,1,0,1,0,0,1.720416755979528,0
Business,452.7067081327286,13.778848023106704,59,65.71435085064523,138.1537764310076,1,1,1,1,1,1,1,1,3,1,1.244934147926313,0
Pleasure,409.2820118140867,13.865980774190156,351,19.99824270668083,42.601222981934704,1,1,1,1,1,1,1,1,1,3,4.853879214167041,1
Pleasure,317.2666321004882,10.452902514296818,8,20.862074486129124,123.22482873946515,1,1,1,1,1,1,1,1,7,1,3.6344544671647627,0
Business,321.35214689332355,18.139623726511513,121,67.79816535976241,21.11311236279807,1,1,1,1,1,1,1,1,1,0,1.0,0
Pleasure,433.11278699467465,11.82390059408522,356,40.58926357786017,32.547227736299966,1,0,1,0,0,1,1,0,0,0,2.676504800166437,0
Pleasure,479.1746692181793,17.50323867988612,64,83.61515007110326,128.7188779455062,1,0,1,1,0,1,0,1,0,0,1.0,0
Pleasure,153.76736003227117,13.50626843061988,206,101.65151065384545,186.2756783427418,1,1,1,1,1,1,1,1,3,2,7.861489087977458,1
Business,259.94512403414853,5.280026999616783,337,111.48019688818988,138.0434398472629,1,1,1,1,1,1,1,1,1,0,7.046888346366916,0
Business,429.0703757227176,15.963326076965545,89,86.7351067387827,9.021452325945917,1,1,1,1,1,1,1,1,2,1,1.7700213879896145,0
Pleasure,471.75085874130133,16.15665398536758,201,66.06400410044229,148.33553290224063,1,1,1,1,1,1,1,1,1,1,1.0,0
Pleasure,101.37941129166313,4.0844849822007205,316,118.45648747961307,150.9497189353167,1,1,1,1,1,1,1,1,6,2,8.884133479590295,1
Pleasure,280.8339641461467,13.764737223026442,378,70.6902786326895,187.49464928725422,1,1,1,1,1,1,1,1,2,3,7.631631482031417,1
Business,452.1105346359903,7.207863699746115,380,103.2364405273456,123.2479799270035,1,1,1,1,1,1,1,1,5,3,5.7698902669897425,1
Pleasure,413.48242037196235,2.978783006701775,478,72.23733351452194,45.07836492829763,1,1,1,1,1,1,1,1,5,4,6.63129056917651,1
Pleasure,223.19937617756977,6.711368453233519,266,113.5631450591872,62.50351970446689,1,1,1,1,1,1,1,1,0,2,8.27067729431564,1
Pleasure,450.8267166857413,15.632356641196143,474,89.56955971012887,184.743231377249,1,0,1,1,1,1,1,0,0,0,2.3850236590318366,0
Pleasure,473.0459028576574,6.522811987312478,437,55.25380255450415,212.52123434826055,1,1,1,1,1,1,1,1,2,3,4.831292500342666,1
Pleasure,66.9866272170996,3.25417983103079,3,22.67394929609673,5.317605179171492,1,1,1,1,1,1,1,1,1,4,3.8721408381968376,0
Pleasure,145.7688096884022,6.643172405418396,95,115.86102565378191,160.69863204729663,1,1,1,1,1,1,1,1,4,1,8.446072653290983,1
Pleasure,238.98078509764733,18.011721530982093,120,34.62366326500148,173.4653210095949,1,1,1,1,1,1,1,1,3,3,5.483127268367613,1
Business,88.99729134080057,4.025101847774812,231,98.97021460113092,51.20993005352606,1,1,1,1,1,1,1,1,6,1,6.991813764732543,1
Pleasure,388.6575468504927,14.261927048464305,499,84.22005835622096,239.91398795630664,1,1,1,1,1,1,1,1,2,2,6.749578976625555,1
Pleasure,430.7574023949274,8.279791150334413,467,63.01634288879188,123.39262944220671,1,1,1,1,1,1,1,1,4,4,5.905269047318185,1
Pleasure,342.8925016113419,3.493998029818437,240,53.1989180624064,118.78534406595848,1,1,1,1,1,1,1,1,2,3,5.55689087337593,0
Pleasure,363.4328720884743,3.755481044004094,492,15.05340882235142,73.27470858579038,1,1,1,1,1,1,1,1,1,3,8.031292313279934,1
Pleasure,178.01668605074974,19.513898027568818,183,98.3536163093889,5.838337693011329,1,1,1,1,1,1,1,1,0,3,6.813088814593328,0
Pleasure,60.399522384784916,5.115865737013305,170,19.68868937907794,218.35669303993419,1,1,1,1,0,1,1,1,0,0,4.596147353874323,0
Business,187.66922496821198,19.717794751442995,171,47.16105682198094,194.94766084199276,1,0,0,1,1,1,0,0,0,0,1.0,0
Business,256.8778047166243,2.2523731193175034,335,32.02319070705523,99.96154542338944,1,1,1,1,1,1,1,1,4,0,6.597457541908289,1
Business,378.77731863175893,9.478976968566464,433,50.75761965867346,34.679735970752176,0,1,1,1,1,1,0,1,0,0,3.352636491000738,0
Business,298.9722838598154,7.683872189268159,350,72.66720052171998,64.72911266353631,1,1,1,1,1,1,1,1,4,1,5.450797181999108,0
Business,399.8717770066676,2.4726887836981515,493,118.45110949422867,146.25474479763724,1,1,1,1,1,1,1,1,6,1,8.686428766174878,0
Pleasure,374.96987786684696,15.237228586108575,200,104.05160934371536,51.542482636192496,1,1,1,1,1,1,1,1,0,2,4.761810220543412,0
Pleasure,292.0146776719098,12.32757661522125,299,32.29483297478661,85.42130539571468,1,1,1,1,1,1,1,1,1,6,7.502769710925157,1
Pleasure,136.56309375893804,7.288528812487042,52,108.59074142608549,14.885659365562809,1,1,1,1,1,1,1,1,2,0,7.171054772595539,1
Business,133.430757860723,4.390977385178654,64,20.463952760683096,97.4703841146958,1,1,1,1,1,1,1,1,0,1,4.229185196098684,0
Pleasure,282.1510791775358,5.4672842119125775,300,32.74576990866721,22.997162989855457,1,1,1,1,1,1,1,1,5,2,7.92258837297567,1
Business,342.07038138239386,7.261831883240681,341,116.87587732235718,157.5804472239068,1,1,1,1,1,1,1,1,1,0,5.497732921623726,0
Pleasure,287.70959532855306,18.895964055356554,122,76.53593531313244,195.3848753438128,1,0,0,1,0,1,0,1,0,0,4.201541033524489,0
Pleasure,171.3892843948574,2.14366145294433,252,66.97724902168684,112.06535678870243,1,1,1,1,1,1,1,1,2,2,9.047939930744414,1
Pleasure,418.4210486306481,11.691481361268416,177,88.29513458431485,156.34208196273258,1,1,1,1,1,1,1,1,1,1,2.2960688530147824,0
Business,129.50243232102784,2.7089096128835366,52,119.7699741432025,41.66475251415634,1,1,1,1,1,1,1,1,2,0,7.755672828566337,1
Pleasure,459.03691024373984,9.826590120328099,95,58.43403023082993,113.71288458636177,1,1,1,1,1,1,1,1,1,4,1.764881721794592,0
Pleasure,108.73854535139392,17.409925476354054,289,73.5571670874469,204.4683068957265,1,1,0,0,0,1,1,1,0,0,6.891626233777082,1
Business,180.79060700663695,14.39663069271907,81,116.95359888738139,73.86461167940966,1,1,1,1,1,1,1,1,3,2,2.294232047387137,0
Pleasure,102.7151753719485,18.884593992764053,198,85.35046259834155,80.65082334354359,1,0,0,1,0,1,0,1,0,0,5.917888581267969,1
Pleasure,254.88880915455883,7.245871928395305,341,70.76888217733405,122.3363874399089,1,0,1,1,1,1,1,0,0,0,9.982135610519304,1
Pleasure,192.34412271179616,18.06767553709173,123,37.16242599670113,158.674099967459,1,1,1,1,1,1,1,1,3,3,6.909148420357411,1
Business,67.07140223036518,17.79558786630108,66,93.34331600793683,216.22694089007447,1,1,0,0,1,0,0,0,0,0,1.0,0
Pleasure,478.43104241094227,2.4966053416227707,60,66.12329811623474,122.2970602654907,1,1,1,1,1,1,1,1,0,1,1.0192536554420772,0
Business,72.00979378017041,13.6673904607083,305,50.069489998551255,100.08070999647867,1,1,1,1,1,1,1,1,5,1,1.834272667728039,0
Pleasure,164.0086128801645,0.8025327075949584,326,114.89881770333969,128.56776011819423,1,1,0,1,1,1,0,1,0,0,9.738398548727762,1
Business,270.8625892156576,4.311484577380272,217,79.88527390869717,31.9522009303994,1,1,1,1,1,1,1,1,5,0,7.40395678349443,1
Business,107.27095106885781,9.80215839591631,96,70.91420769295767,185.41437419667906,1,1,1,1,1,1,1,1,3,2,2.5579054146303317,0
Business,297.63696711212225,2.1282158328568435,496,118.29275051018271,53.40169206977857,1,1,1,1,1,1,1,1,0,0,8.701373008941257,1
Business,403.16355955063096,11.212848730732063,6,81.82042459274552,96.67052007098914,1,1,1,1,1,1,1,1,3,1,3.3367739839008292,0
Business,482.0970199213698,18.703111889822214,85,101.9044354093082,210.54123409962503,1,1,1,1,1,1,0,1,0,0,1.0,0
Business,156.5716644543395,7.78734295526371,136,107.49075209945022,129.56285887526428,1,1,1,1,1,1,1,1,1,1,4.837110222348933,0
Pleasure,376.2368030928063,1.9070593284849235,334,20.54192304008832,19.131653408088603,1,1,0,0,1,1,1,1,0,0,6.056482289075277,1
Pleasure,100.0050618557998,9.399199742095805,46,71.96649295255479,35.77106960999019,1,1,1,1,0,1,1,1,0,0,6.194547658720794,0
Pleasure,262.7373873601021,13.650806131511642,227,89.38882111712903,239.19832080602336,1,0,0,0,0,0,1,1,0,0,7.004872424678147,1
Pleasure,95.58628238073712,3.580904462937582,403,108.54145872884251,72.1263366997574,1,1,1,1,1,1,1,1,1,2,9.041648071427012,1
Pleasure,387.83988139465305,7.879589027736953,33,55.55720405150239,84.40525899747928,1,1,1,1,1,1,1,1,2,0,3.3756753383119746,0
Business,434.99069163925293,2.2038987506050622,195,64.026567256051,179.46763924510745,1,1,1,1,0,0,0,1,0,0,5.834008864924117,1
Business,295.7564671805897,5.020407343508992,207,58.26155110920959,214.1416953765346,1,1,1,1,1,1,1,1,3,1,5.306321697142407,1
Pleasure,153.3548699359131,5.056488587312344,326,60.1784630701542,232.55125475987901,1,1,1,1,1,1,1,0,0,0,8.625512572182707,1
Pleasure,215.72502268602523,12.116853611973879,386,71.77148191314758,141.55114655111157,1,1,1,1,1,1,1,1,2,6,9.949970404400254,1
Business,334.8588620599793,4.763434417607774,412,98.97696790513747,210.3188851831953,1,1,1,1,1,1,1,1,2,0,6.083617680506064,0
Business,306.10703901547964,18.160643252134772,308,118.65734660145269,89.29334483895708,1,1,1,1,1,1,1,1,0,0,1.0,0
Pleasure,245.70539923652046,6.771572868912608,281,41.99320019850162,217.09365071508216,1,0,1,0,1,1,1,0,0,0,7.038858798469937,1
Pleasure,186.5891188069043,3.968822076472631,75,111.36848183055399,234.7948072471848,1,1,0,1,0,1,1,1,0,0,7.600484242014977,1
Business,115.93327888737758,16.502569195122312,11,101.3836424585983,20.52911583281965,1,1,1,1,1,1,1,1,4,1,1.822322811931508,0
Pleasure,251.57374626960677,11.536779556479772,496,84.6074928000243,103.32374698731897,1,1,1,1,1,1,1,1,0,0,7.968552345993317,1
Business,310.7491894385141,11.02049789872275,165,63.4334905018177,197.18878616017707,1,1,1,1,1,1,1,1,5,3,3.115591703746238,0
Pleasure,126.58964620144891,10.493512229247369,234,75.94165552529238,67.64049989599242,0,1,1,1,0,1,0,0,0,0,7.511834135340127,1
Business,137.65677866262587,10.886152174315653,378,22.572013552030064,196.63503960238626,1,1,1,1,1,1,1,1,5,2,3.825298952225452,0
Business,346.72698159809164,5.9855689582169935,262,59.532404484904376,168.6549273672014,1,1,1,1,1,1,1,1,5,4,7.689594868488808,0
Business,71.06879945417379,5.762756537827305,85,50.67445348701278,129.6763222104751,1,1,1,1,1,0,0,1,0,0,3.5710149600524863,0
Pleasure,136.62967938157905,7.144140670094828,485,83.74632211426014,104.44331752663778,1,1,1,1,1,1,1,1,2,1,8.652897378581633,1
Pleasure,197.98332744191856,7.431735059809014,115,38.443681736151945,129.88189817987214,1,0,1,1,0,1,1,0,0,0,5.980511675167614,0
Business,178.6762099561596,1.530028537401511,391,40.24013801261507,203.0672018681909,0,1,1,1,1,1,1,1,0,0,6.485132417297142,0
Pleasure,397.3735828310583,14.432732088657815,483,19.835220649144937,133.60375624697895,1,1,1,1,1,1,1,1,3,3,5.344293514890313,0
Business,416.46871633233576,10.782835940918305,78,55.765433894042246,99.7788993877746,1,1,1,1,1,1,1,1,5,2,4.96197295777548,0
Business,68.15863079411741,4.6769775991854035,351,117.38896813718186,199.57434845161347,1,1,1,1,1,1,1,1,0,0,6.936357342873178,1
Pleasure,341.8198183691431,4.506577300814596,67,18.00623180899768,167.02002828591912,1,1,1,1,1,1,1,1,4,4,5.482255811225897,1
Business,82.82164771327525,19.049203236128946,400,27.800324747813903,84.3745070724625,1,1,1,1,1,1,1,1,4,2,1.0,0
Business,444.08292387381664,10.208344848975822,385,79.3097841717665,67.8411935226862,1,1,1,1,1,1,1,1,7,1,4.260087774921374,0
Business,355.59687842522425,13.449490921818017,104,101.74184826375885,100.33484595853717,1,1,1,1,1,1,1,1,3,0,2.3229421935620183,0
Pleasure,88.40477830916865,14.385785365218096,280,74.14902627597623,76.29375895222691,1,0,0,0,0,1,0,1,0,0,5.999986611771053,1
Pleasure,436.5094191991974,1.4877261929801167,190,29.489960212212473,65.52093837787177,1,1,1,1,1,1,1,1,1,0,2.513036180479954,0
Business,250.87979071841065,9.02296779055722,399,65.0911042468946,238.29825459363178,1,1,1,1,1,1,1,1,4,3,4.239241021000176,0
Business,96.36173006149154,14.082634368568439,486,111.19628805487211,104.62362831910214,1,1,1,1,1,1,1,1,4,3,4.575973062776585,1
Business,116.45219157214865,10.902499296421198,58,43.73965235912777,147.91415227137568,1,1,1,1,1,1,1,1,2,1,3.82668135636044,0
Pleasure,120.44495208484584,5.668039066650983,250,99.8703218983577,207.87341369628007,1,1,1,1,1,1,1,1,0,5,7.606138839170989,1
Pleasure,399.87407381827245,17.112801877389096,466,90.82004466756753,203.5651793648553,1,1,1,1,1,1,1,1,2,1,5.662517354358429,0
Business,334.7510932747995,3.1846720477864987,450,34.96973536605857,142.04732945393448,1,1,1,1,1,1,1,1,0,0,6.308485545560201,0
Pleasure,183.45839219813683,4.972601884705465,270,89.73779119956143,130.46258026389356,1,1,1,1,1,1,1,1,1,1,8.776991045119301,1
Pleasure,384.8643589931784,11.755536192893402,444,103.45469858084257,95.66597134367845,1,1,1,1,1,1,1,1,2,4,8.13030279833341,1
Pleasure,111.87795995006732,6.673460159882145,43,16.601055245078225,167.2675918612755,1,0,1,1,0,1,1,0,0,0,4.764448044980089,0
Pleasure,89.23206547398578,11.017500507490453,64,90.27136949298144,215.89814052577344,1,1,1,1,1,1,1,1,3,3,5.623985911065473,1
Business,110.28200842981283,6.779933220315519,316,82.35868736043656,209.24653279044162,1,1,1,0,1,0,0,1,0,0,4.636546877184175,0
Business,284.0297022740254,3.3928116664385866,314,78.6409720409102,72.96193821645208,1,1,1,1,1,1,1,1,6,0,9.105842000502994,1
Business,190.55650581887548,6.462736383929841,110,35.018837328193044,91.46411201072075,1,1,1,1,1,1,1,1,3,3,6.392014069010176,1
Pleasure,409.14525928916277,2.9186730647680093,339,44.98608542566697,233.52434383345727,1,1,1,1,1,1,0,1,0,0,4.7959306765529846,0
Pleasure,385.49059315490854,13.543637999818792,360,31.372828194076906,142.73951647792637,1,1,1,1,1,1,1,1,0,0,3.781421914366197,0
Business,448.5048378426807,13.429725809252384,178,116.51028188898462,196.04311503014532,0,1,1,0,0,0,1,1,0,0,1.650680726333808,0
Pleasure,277.869190358165,6.720246188479646,280,54.82890760632493,163.00828032355076,1,1,0,1,1,0,0,1,0,0,6.408873583408835,0
Business,469.9676789049289,3.460174896030075,318,68.99842311351183,114.6299048688596,1,1,1,1,0,1,1,1,0,0,5.691434571795708,0
Pleasure,154.4818972137784,4.241332031398539,133,102.94064567143923,190.2386075436691,1,1,1,1,1,1,1,1,1,3,10.0,1
Pleasure,423.973397840428,14.269975062807747,17,20.037300470754065,120.72914406900323,1,0,1,0,0,1,0,0,0,0,1.3841159918415509,0
Pleasure,316.12912446925185,7.463640456155607,304,112.95158895817823,178.63384293784952,1,1,1,1,1,1,1,1,1,5,8.103316172500717,1
Pleasure,295.83810252639245,0.3615024956512469,87,102.97645402296428,135.0929029995701,1,1,1,1,1,1,0,1,0,0,6.3903117076522475,1
Business,430.27390593411707,1.2171800810378697,393,102.78928735541383,231.02069161841493,1,1,1,1,1,1,1,1,4,0,8.232485617295277,1
Business,302.706276749031,0.19100136060603123,374,62.950281969013076,86.99881961056322,1,1,1,1,1,1,1,1,1,3,9.304645862597692,1
Pleasure,176.47698690571485,16.304397633835247,158,49.98017596719221,219.92061961031328,1,1,1,1,1,1,1,1,4,2,5.735411615323189,0
Business,250.66143637867256,1.2051952949472744,108,64.25283568785773,201.50110463371487,1,1,1,1,1,1,1,1,5,0,7.17357798044057,1
Business,190.980627574637,6.723446497683234,455,33.89175744761758,150.30830277842372,1,1,0,1,0,0,1,1,0,0,3.2402727217163902,0
Pleasure,206.23584703821774,2.338618963279726,328,61.4657288053336,148.3116423447377,1,1,0,1,0,1,1,1,0,0,9.288001734118271,1
Business,425.5006444746548,3.3712491462478833,429,56.662314203062984,29.62008859997739,1,1,1,1,1,1,1,1,5,3,9.233831801263973,1
Business,314.5552290055739,11.585632539554299,373,43.339960218156826,107.84450292534244,1,1,0,1,1,0,0,0,0,0,1.6739480027346674,0
Business,304.960411754131,4.404304186072636,457,99.42182841722648,228.8517094565836,1,1,1,1,1,1,1,1,3,5,7.082803349265769,0
Business,234.46085546842022,13.732247472901335,234,29.374266657714866,33.29966644498917,1,1,1,1,1,1,1,1,4,0,3.0747919499079197,0
Pleasure,383.80856012347124,12.5254099001951,115,40.380825015775024,140.6868597760247,1,1,1,1,1,1,1,1,1,0,3.048127869876901,0
Pleasure,132.00489656448426,2.3180482340649244,344,88.70947244169167,159.81623552702914,1,1,1,1,1,1,1,1,2,6,9.232443563778567,1
Business,490.09654474050285,13.044982928940406,56,40.89931022032452,191.0109053614622,1,1,1,1,1,0,0,1,0,0,1.0,0
Pleasure,366.50359810747676,5.969030162181457,451,71.20544405765185,47.22649023180082,1,1,1,1,1,1,1,1,0,1,5.742755631988032,0
Business,394.63228189274804,18.179300072725585,408,36.85597033441127,36.18295167064038,1,1,1,1,1,1,1,1,1,1,1.0,0
Pleasure,439.4949822513299,15.783045625954934,491,91.49553628409767,173.7554752738987,1,1,1,1,1,1,1,1,2,1,3.6072254836511237,0
Pleasure,368.50758538355575,12.002247826212642,268,110.7472919891322,10.223245081939837,1,1,1,1,0,1,1,0,0,0,5.403958062969931,0
Business,447.47917972519105,11.56142692410338,144,70.16746422094279,220.73964370615005,1,1,1,1,0,1,0,0,0,0,1.8992860153098912,0
Pleasure,152.5177088352405,4.810381649355493,390,101.34500470759374,50.781443448734976,1,1,1,1,1,1,1,1,1,0,10.0,1
Pleasure,227.5735349221426,13.833542740485347,97,52.10094365059144,35.107330066736104,1,0,1,0,0,1,1,0,0,0,6.357970149944611,1
Business,298.334784446682,6.090477691956037,329,77.57519549333227,114.51185134996533,1,1,1,1,1,1,1,1,5,2,7.645803441031836,1
Pleasure,130.82834781249784,1.1878590622444651,278,34.21188548578273,193.17918696867568,1,1,1,1,1,1,1,1,1,0,8.225263147377396,1
Business,319.5469377737895,9.45372484507236,134,27.466208451942713,121.06955038474769,1,1,1,1,1,1,1,1,0,0,3.4937574815968726,0
Pleasure,491.7148390450333,3.3006232698882987,164,84.11747988734565,178.21103857229153,1,1,1,1,1,1,1,1,3,1,1.0,0
Pleasure,272.3003028642549,16.29811836116471,253,113.02776359007039,9.042564049841298,0,1,1,0,0,0,1,0,0,0,7.814589595986839,1
Business,323.846976159242,5.4110889676830265,120,61.37452706724778,151.80985760873966,1,0,0,1,0,1,1,1,0,0,3.95920691506827,0
Business,116.94821464983382,9.973357039086059,154,71.04368074327752,172.2357028183518,1,1,1,1,1,1,1,1,0,2,2.281087238642261,0
Pleasure,257.0394515315594,9.74142635593463,470,66.06181635261348,119.46211037496471,1,1,1,1,1,1,1,1,0,2,10.0,0
Pleasure,140.4868716834039,1.8491651937541764,421,78.26271356557795,131.690059468164,1,1,0,1,0,0,1,1,0,0,8.245689313804398,1
Pleasure,406.7764974716649,1.596886511543505,185,69.23099443823305,228.392151394964,1,1,1,1,1,1,1,1,1,1,5.09031212786158,1
Pleasure,459.28333144629414,18.687886843410833,335,27.218860180148447,10.400917141744703,1,1,1,1,1,1,1,1,1,1,1.0,0
Business,68.28297482787049,7.701013597663222,144,22.05837116320575,16.00703993910076,1,1,1,0,0,0,0,1,0,0,2.6340754472821386,0
Business,117.29178735190095,2.2815738384962114,257,77.26731470822904,53.11115339963918,1,1,1,1,1,1,1,1,0,0,7.62253606444384,1
Pleasure,271.49456205603525,14.451484646697239,135,15.936437632950954,131.10547202697165,1,0,1,0,0,1,1,1,0,0,4.429315114261548,1
Pleasure,189.0170741775356,5.260076276957511,95,47.90584956379682,50.0549916108129,1,1,1,1,1,1,1,1,2,2,7.691094846698776,1
Pleasure,162.38464611621893,0.005861116299852309,14,73.90812316009821,148.74444529189617,1,1,1,1,1,1,1,1,6,3,9.086224707955731,1
Pleasure,401.0774191628497,5.836644203829846,29,61.921292678823235,219.65651622862026,1,1,1,1,1,1,1,1,0,2,2.706372094367817,0
Business,292.1857048945016,3.5872705700097196,339,41.43061562806287,77.68055230510713,1,1,1,1,1,1,1,1,0,0,5.804265425510907,1
Pleasure,248.06460813361198,11.578891018776003,280,51.937960921576966,73.8658559797356,1,1,1,1,1,1,1,1,4,3,7.025376920311688,0
Business,493.6045936853598,14.434039479572503,371,15.860532643771476,160.15181256444163,1,1,1,1,1,0,0,1,0,0,1.0,0
Business,360.1435183261935,17.8859829339588,114,97.47997186661952,214.54779500294802,1,1,1,1,1,1,1,1,2,1,1.0,0
Pleasure,163.76302123272444,14.621244196264529,76,50.24841945432019,147.2211267725772,1,1,1,1,1,1,1,1,1,1,6.157336939594868,1
Pleasure,118.10865250985421,3.9574816867496865,459,45.46206477697198,222.9874397439919,1,1,1,1,1,1,1,1,0,1,9.259998586285377,1
Business,275.53857515315894,9.1858107944557,225,34.449257229000715,73.94095451484395,1,1,1,1,1,1,1,1,2,0,5.733374656050991,1
Pleasure,196.67645585289387,10.949317030522414,57,25.448687085426197,38.69604620062024,1,0,0,0,1,0,1,1,0,0,5.085305107709901,1
Pleasure,259.8410076301384,1.3342938331586152,8,91.35442730362492,141.65764517436043,1,1,1,1,1,1,1,1,5,1,7.588821641885819,1
Pleasure,250.43059225368395,11.540055472585403,162,34.53850035973998,71.32253769817554,1,1,1,1,1,1,1,1,0,0,6.623374211455766,1
Business,275.6514140327764,7.54975715236935,322,102.16938364196758,105.73826865357108,1,1,1,1,1,1,0,1,0,0,5.739883613646587,0
Business,81.42756705963495,2.933333299546501,365,39.910614744440274,42.03876553337658,1,1,1,1,1,1,1,1,7,2,10.0,1
Business,342.5794247371908,2.8237568062383134,185,87.89095900583317,31.135565359793578,1,1,1,1,0,1,0,1,0,0,6.965233968300172,1
Pleasure,276.6069264047773,14.932815088937977,62,96.72932499560733,102.36816811369319,1,1,1,1,1,1,1,1,1,2,6.496927102604099,1
Business,269.35643803502813,16.52767138505518,20,88.17844756364822,232.81943173422428,1,1,1,1,1,1,1,1,2,1,1.0,0
Pleasure,175.17225292489258,1.8684090937473474,349,72.9668234064306,196.75212324126034,1,1,1,1,1,1,1,1,1,5,8.406403602379747,1
Business,63.11260806521388,7.613650827793991,466,16.570340675354544,208.30781054628895,1,1,1,1,1,1,1,1,3,1,4.373158721902285,0
Business,151.41463608874983,14.243735282059472,386,103.62277198048997,44.25267193836446,1,1,1,1,1,1,1,1,2,1,2.7580389121619366,0
Pleasure,124.03976669663291,10.0892471174108,316,69.13395807696135,187.24991801436374,1,1,1,1,1,1,1,1,1,1,7.8621675705292215,1
Business,391.15317192798426,17.159682482152903,297,98.36476235956471,166.79467289291875,1,1,1,1,1,1,1,1,3,2,1.0,0
Business,320.82023233670986,6.108112883017194,350,96.51483333922964,204.39743667886876,1,1,1,1,1,1,1,1,4,3,6.5568165386995085,0
Pleasure,283.0075648778247,1.6130639971615923,292,102.48300610955516,109.47370318638082,1,1,1,1,1,1,1,1,2,2,8.816382203606432,1
Business,235.23963848678517,13.704821850341704,344,25.77554684782483,208.53351523957357,1,1,1,1,0,0,0,1,0,0,1.1286945174612373,0
Pleasure,357.39787827226036,16.178753560955954,146,114.54804916375296,7.144494042969241,1,0,0,0,1,1,1,1,0,0,4.885148374767823,1
Pleasure,365.4333897331734,14.244812882218303,191,97.87997895003467,107.72183862128372,1,1,1,1,0,1,1,1,0,0,4.711426411461007,0
Business,70.88820469622921,15.085231708697968,11,116.45718598803188,151.0445294585044,1,1,1,1,1,1,1,1,3,2,2.0200443233994823,0
Business,167.3394669383752,0.15352350869635156,347,28.62885750076044,163.43414584577917,1,1,1,1,1,1,1,1,3,2,10.0,1
Business,95.39069051135291,13.529506053502324,57,31.646201438532803,178.53650134798175,1,1,1,1,1,1,1,1,3,2,1.6973883964415313,0
Pleasure,310.5591605505078,18.381452710943705,432,73.89971368885274,123.86998556544597,1,1,1,1,1,1,1,1,3,4,8.205120164389534,1
Business,80.26100474560808,5.2459633518215405,248,53.43010549090485,223.00209006935484,1,1,1,1,1,1,1,1,4,2,5.899794958236306,0
Business,403.99096169626995,4.15507690833927,309,48.559812585229814,12.985753339829317,1,1,1,1,1,1,1,1,1,2,6.819634423411159,0
Pleasure,371.8654853192673,1.5942079524684205,433,34.254645938311604,164.42838184169537,1,1,1,1,1,1,1,1,1,3,6.742988312760383,0
Business,261.03673985524335,16.53053620204676,209,49.70982597103074,7.53211618235628,1,1,1,1,1,1,1,1,3,0,1.4092792422506273,0
Business,308.1350968086431,2.6112585206004457,166,49.736041321935346,144.2563819598039,1,1,1,1,1,1,1,1,3,4,7.959337821349233,1
Business,184.76413823833764,6.68868937349778,149,85.89520528689143,199.98318134960707,1,1,1,1,1,1,1,1,3,2,6.462458221454075,0
Business,188.69273566559664,1.7835589489997838,443,83.75684361831998,115.54099285366708,1,1,1,1,1,1,1,1,1,2,8.585237576950627,1
Business,194.55511450121378,18.548607642991545,262,112.34950394366892,38.14561125691381,1,1,0,1,0,0,0,0,0,0,1.0,0
Pleasure,76.15899267002096,3.5779273208415363,238,44.676401532949676,179.46672170422653,1,0,1,1,0,1,1,0,0,0,6.5938654655170605,1
Pleasure,294.77532265754894,13.234090247483309,316,67.62672373915024,212.93421979192257,1,1,1,1,1,1,1,1,1,1,8.403976847074622,0
Pleasure,308.3653971042317,17.456946811846798,302,109.06949300494111,50.57660402219651,1,1,1,1,0,0,0,0,0,0,6.580753255240664,0
Pleasure,411.160224037767,18.066067661111024,191,55.170787803513015,174.44891357294603,1,1,1,1,1,1,1,1,3,0,4.1707851356789725,0
Pleasure,210.28608755923042,10.282572651757476,240,48.350019627055836,204.56280690079393,1,1,1,1,1,1,1,1,1,1,6.37621066866955,0
Business,162.95755521228912,9.475152852193869,262,108.72551814258797,101.3846637509627,1,1,1,1,1,1,1,1,5,1,3.321723505408616,0
Pleasure,382.28113302329524,2.6045783081098617,43,24.7488142391495,199.20534276519658,1,1,1,1,1,1,0,1,0,0,3.5745650540719933,0
Pleasure,348.960688756836,1.2680862284156658,251,116.9279569898014,135.41051813999175,1,0,1,1,1,1,0,1,0,0,7.893851198614173,1
Pleasure,310.9294207692396,11.179843771345059,319,118.6507099499607,64.46011677156181,1,0,1,1,1,1,0,1,0,0,7.876818043189362,1
Pleasure,110.10088833496216,11.899785503605973,352,59.67789205006503,52.21377919795953,1,1,1,1,1,1,1,1,2,4,8.249987985007426,1
Pleasure,120.09882557858367,17.464770513495036,240,74.00190690838618,169.78247324059922,1,0,1,1,1,1,0,1,0,0,6.036974627757001,1
Business,226.87073272581355,19.346049147519388,277,114.42055068356227,17.182637405953383,1,1,1,1,1,1,1,1,4,2,1.235532092026673,0
Business,179.5695747398437,17.058674902235992,325,90.88195744740536,105.62815451259279,1,1,1,0,0,0,0,1,0,0,1.0,0
Pleasure,398.54908049157507,7.508351052355904,152,16.161449269356556,122.50564212848364,1,1,1,1,1,1,1,1,0,0,3.870479938715112,0
Pleasure,287.115499350388,15.487411388767214,248,96.2658584220777,157.72323613442262,1,1,1,1,1,1,1,1,2,5,8.021592801830678,1
Pleasure,195.54427325211813,0.21317592714230615,141,25.658677177880897,63.58081563554621,0,0,1,1,1,1,0,1,0,0,6.996555522837953,1
Business,279.72485059071295,18.905813807243874,8,63.76109636977356,97.43455593522346,1,1,0,1,1,1,0,0,0,0,1.0,0
Business,416.7331701594448,11.173408964414978,452,39.18782924197545,13.27576406386965,1,1,1,1,1,1,1,1,5,1,3.794610396601049,0
Pleasure,263.0115616468241,19.345591604723186,165,97.12621162537127,170.8898450155066,0,0,1,0,0,1,1,0,0,0,4.95753160666698,0
Pleasure,162.3908428640179,13.642366021688396,66,45.94874004762153,226.06923640255837,1,1,1,1,1,1,1,1,1,6,6.608048691053562,1
Business,245.3693249646689,6.779622179643825,407,119.53681533382014,165.22528701072181,1,1,1,1,1,1,1,1,6,2,5.932823924847814,1
Business,190.97143387704946,13.330362434084858,166,90.23506176809673,18.552613132140074,1,1,1,1,1,1,0,1,0,0,1.0,0
Business,246.14708383806166,15.711743834674458,324,112.13598860889182,22.083676565830764,1,1,1,1,1,1,1,1,5,0,2.381332554718254,0
Business,212.36380388203216,18.59696433678822,230,79.72925012295713,88.76952520455382,1,1,1,1,1,1,0,1,0,0,1.0,0
Pleasure,297.2317677127487,17.034571824247646,388,104.29635384673642,190.24955986545925,1,1,1,1,1,1,1,0,0,0,6.573978738469483,1
Pleasure,60.770842693434915,12.632353482044287,230,51.694435938528045,159.02984077955293,1,1,1,1,1,1,1,1,4,1,4.745836605789184,0
Business,344.7545994704371,4.746375849008828,172,32.30077878249803,196.83205529416477,1,1,1,1,1,1,1,1,0,0,5.534370579373375,1
Business,253.8535331466523,8.690952647912722,366,104.83107248052578,143.0101900564878,1,1,1,1,1,1,1,1,5,2,6.1842932802539,0
Pleasure,471.4610189943076,15.578131541339758,216,43.37323329974307,114.03464807942532,1,1,1,1,1,1,1,1,0,5,1.018228263933779,0
Business,377.5917103930195,18.520784902990922,56,118.96282550313956,51.122733250929166,1,0,0,1,1,1,0,1,0,0,1.0,0
Pleasure,306.7250771080114,8.450089134935627,223,94.5095820944532,43.4738541046469,1,1,1,1,1,1,1,1,3,5,7.527909671094694,0
Pleasure,374.29047172444785,16.094921595107692,493,29.003512318890095,233.3542725366069,1,1,1,1,1,1,1,1,0,4,6.895930219672123,1
Pleasure,162.81550202160258,1.953343260504803,144,112.1268372278734,115.97649339109176,1,1,1,1,1,1,1,1,0,5,10.0,1
Business,234.76283887080763,0.4963547796286627,400,107.63024256428156,37.363875184668615,1,1,1,1,1,1,1,1,6,3,10.0,1
Business,239.4846362416839,10.019011075918309,100,69.4279914416104,58.17893590577149,1,1,1,1,1,1,1,1,3,1,4.867281934225015,1
Business,412.0532366966549,15.99956499433313,482,53.440830304457336,90.72530584512539,1,1,1,1,1,1,1,1,6,1,1.0,0
Business,329.59728242101994,16.35399286109163,145,116.15861479068307,130.97097485514766,1,1,1,1,1,1,1,1,3,4,1.0,0
Business,179.91122726049696,4.5469137573362595,162,45.179085801931855,36.181949319347936,1,1,1,1,1,1,1,1,4,1,7.169930662371662,1
Business,164.43322657887117,7.890642584757037,217,90.36609510806555,113.24055554820019,1,1,1,1,1,1,1,1,5,1,6.000504257290905,1
Business,371.6881381729505,0.7984938693545995,224,27.92947746416164,102.72822521955143,1,1,1,1,1,1,1,1,0,0,7.256497890116332,1
Business,342.7462213611076,18.91164219144034,32,39.87670608000456,24.512778101132987,1,1,1,0,0,0,0,0,0,0,1.0,0
Pleasure,129.99102475406357,15.686188360878276,368,48.72037284093517,228.76195460003467,1,1,0,1,1,1,1,1,0,0,5.328680877551977,0
Business,342.55394939328056,17.760758880997184,410,69.97491586324146,38.683455491473765,1,1,1,1,1,0,1,1,0,0,1.0,0
Pleasure,250.1667618657676,8.135150928081242,375,46.15522987930176,198.4442746094258,1,1,0,1,0,1,0,0,0,0,6.3784327410097035,1
Pleasure,477.40638382165764,15.737198512410194,290,93.50661544251247,182.7335182178861,1,1,1,1,1,1,1,1,3,3,1.3058245442231013,0
Pleasure,374.14557988024734,13.32376074077951,257,80.00241746285063,163.0443007043121,1,1,1,1,1,1,1,1,2,4,5.311109541611009,0
Business,121.39490343923084,13.335952850315529,11,99.79790431504134,154.76861210900222,1,1,1,1,0,1,1,1,0,0,1.0,0
Pleasure,445.89101925691637,2.8695312967551923,301,53.23080890568924,22.673592040075235,1,1,1,1,1,1,1,1,1,7,3.932647380477878,0
Business,142.27602080691452,16.29605529306365,275,101.0025588391521,134.2240461394588,1,1,1,1,1,1,1,1,5,1,1.793030482558364,0
Business,296.11212127337865,9.694467739142166,80,19.637385715865797,219.50419949393446,1,1,1,1,1,1,1,1,5,2,4.505606356585959,1
Pleasure,327.0771836658757,16.011714108905466,344,75.06010770209086,174.8865367990466,1,1,1,0,0,1,1,0,0,0,7.578032089817341,1
Pleasure,95.9692913020047,1.3657693397780202,239,39.4987664694975,135.67700387631066,1,1,1,1,1,1,1,1,3,3,8.306660892911397,1
Business,227.07149177290668,2.95842300886362,209,119.58653615361654,205.4005711990389,1,1,1,1,1,1,1,1,6,2,8.644274847862347,1
Pleasure,167.52959025096968,4.0162919691273995,139,48.413930799416015,211.5136150029114,1,1,1,1,1,1,1,1,5,3,8.217705682072266,1
Pleasure,282.20828747872605,6.324530160112656,31,45.15935386782321,211.83138759630216,1,1,1,1,1,1,1,1,3,2,4.998941827138947,0
Business,368.2350359177136,9.979578250448323,135,62.666427100353836,7.646057480481154,1,1,1,1,1,1,1,1,3,0,3.8685400165348205,0
Business,106.37152117416967,7.862943716266784,461,60.75197777852167,157.61396131015263,1,1,1,1,1,1,0,0,0,0,2.8177622063944634,0
Pleasure,293.527844102484,1.202703089973629,449,19.88138427897572,149.07864435424827,1,1,1,1,1,1,1,1,2,1,7.8199214236672825,0
Business,102.07558346094875,12.120767726350419,296,67.87539583631239,220.0122532108618,1,1,1,1,1,1,1,1,5,2,3.581122162659353,0
Pleasure,301.1245442859928,10.050922988365995,138,96.64033079904651,169.65718941267878,1,0,1,0,0,0,1,1,0,0,5.951106798691206,0
Pleasure,196.38668877625753,5.085846484446382,209,40.34313890654544,208.5203114473823,1,1,1,1,1,1,1,1,0,3,5.775815616020793,0
Business,288.78665187207423,3.4184536947711464,55,29.751920081133385,57.70193946192783,1,1,1,1,1,1,1,1,2,0,6.209119744800525,1
Pleasure,74.09693884164562,0.06036906663685171,462,89.3406969165458,107.51843296448266,1,1,1,1,1,1,1,1,2,0,8.641583744010683,0
Business,336.3749731304779,16.69721707488798,458,80.56662235040098,50.844087423786036,1,1,1,1,1,1,1,1,1,1,1.0,0
Business,107.30672168698221,7.006246757923842,41,79.34641454462134,191.1447500101893,1,1,1,1,1,1,1,1,2,1,5.891858916413461,0
Business,114.82738899757268,8.56041420224842,205,112.4784404169203,224.30256610612946,1,1,1,1,1,1,1,1,5,2,6.914680830128469,1
Pleasure,463.61896123015595,7.362526299803442,420,96.1433679741482,122.40366027308731,1,1,1,1,1,1,1,1,2,1,2.695967816493601,0
Pleasure,463.2093221221636,6.171518088431858,375,53.316725707220996,170.82282940163148,1,1,1,1,1,1,1,1,0,5,2.4660582328836953,0
Business,177.20745915589947,11.182175572728735,344,87.63288402797457,6.330494635770673,1,1,1,1,1,1,0,1,0,0,1.8462623818039352,0
Pleasure,364.2426470106083,8.451002299905614,85,15.09683959142595,54.4172612002414,1,1,1,1,1,1,1,1,0,0,3.172351677139819,0
Pleasure,177.40321632190435,2.716930603367964,104,67.6643404719829,23.96128279312772,1,1,1,1,1,1,1,1,0,1,7.634318863291525,1
Pleasure,401.9786419039075,16.80590328497389,156,61.058046735088894,149.6924829359027,0,0,0,0,1,1,0,1,0,0,3.2116386974903146,0
Pleasure,140.6671333114285,7.723425329896192,26,111.75030064806623,112.82798703645277,1,1,1,1,1,1,1,1,1,2,6.840352446066146,1
Business,277.33274102749493,11.242789877325484,475,64.79171957145763,236.24426443814863,1,1,1,1,1,1,1,1,5,3,4.010280696212788,0
Pleasure,385.06540369317736,7.770416279678159,317,112.4539366223812,13.843585652153065,1,1,1,1,1,1,1,1,0,2,6.7485735626430685,1
Pleasure,199.85009177068383,9.991544854910142,47,87.62074901038129,11.777421355966561,1,1,1,1,0,0,0,0,0,0,6.187544165290385,1
Business,391.22962969248664,9.310650312788377,53,74.02377640865781,120.62519096702394,1,1,0,1,0,1,0,1,0,0,2.379000017515695,0
Business,430.5202769485231,4.268825233097524,410,108.87853114641203,216.87030608343653,1,1,1,1,1,0,0,0,0,0,5.534368688598562,0
Business,315.5748661152181,11.178741244208616,398,98.63886215924035,173.7900154062546,1,1,1,1,1,1,1,1,4,0,3.4346582292652807,1
Pleasure,78.48358827086183,19.016093568925395,262,88.66059881785625,164.48329451887332,1,1,1,1,0,1,1,1,0,0,5.0532893433520405,0
Pleasure,334.48667892775904,10.760157148248942,309,111.92161927905262,33.66782870404777,1,1,1,1,1,1,1,1,5,1,7.970494279779915,1
Business,143.05554934084424,4.527074545670613,172,118.17959202000469,203.5349429059332,1,1,1,1,1,1,1,1,3,1,6.9018242716627265,1
Business,453.5833694774845,6.765584586635409,455,52.31328755602836,164.37244377307013,1,1,1,1,1,1,1,1,3,4,6.237664357904711,1
Pleasure,93.3237051517028,7.4017957050478,388,73.52286676789946,39.11006278680501,1,1,1,1,1,1,1,1,2,2,8.548238378161107,1
Pleasure,423.11016169551533,1.6371093559473415,181,86.68579372302995,108.89058006752073,1,0,1,1,0,1,1,0,0,0,3.9840956665471796,0
Pleasure,329.7837503773451,12.476734564523406,352,70.94912348017588,211.91150912782095,1,1,1,1,1,1,1,1,1,4,7.0511399645310835,1
Pleasure,361.2969848263924,7.4525162569879715,48,54.30935897003978,52.676685855965346,1,1,0,1,0,0,0,1,0,0,4.097148733806367,0
Business,165.33251351640794,0.062079083591382034,387,45.60755304820743,105.24841863748445,1,1,1,1,1,1,1,1,1,0,9.09516028619498,1
Pleasure,223.8529517590451,16.614493432141867,154,24.81754356630285,228.57637291031483,1,1,1,1,1,1,1,1,2,1,6.678086766756772,1
Business,481.907930543687,13.571618215313704,127,115.88079552516453,82.65798141175635,1,1,1,0,0,1,1,1,0,0,1.4370932241970913,0
Business,175.4448933970178,13.625125542970455,120,36.543801001031696,234.86398882999788,1,1,1,1,1,1,1,1,3,1,1.0,0
Business,246.83652366580938,3.9770011628936963,469,70.60577665165229,115.33518947545912,1,1,1,1,1,0,0,1,0,0,6.565718390901807,1
Business,401.31563550174224,10.796888167288763,206,16.81691522943312,113.51854412110028,1,1,1,1,1,1,1,1,3,2,3.041469214046951,1
Business,209.5363852161904,11.237908764953104,124,116.03978379680687,225.439807282557,1,1,1,1,1,1,1,1,5,3,4.796111412190089,0
Pleasure,301.7684778813955,15.517196274462773,141,106.94372358967284,218.94201299697855,1,1,1,1,1,1,1,1,2,4,6.814349082498389,0
Business,466.95600509703945,13.837477108053351,75,25.44841605293522,238.34232060714484,1,1,1,1,1,1,1,1,0,3,1.117182662498162,0
Business,275.12083201334843,11.34101423322482,318,86.40179950125126,221.5836652944864,1,1,1,1,0,0,0,0,0,0,1.5420649076090258,0
Business,120.66762737105098,9.874560671648434,376,74.5787662870532,175.71856696254537,1,1,1,1,1,1,1,1,4,0,4.355818383692028,0
Business,436.8155900834237,12.947893004242221,260,29.45261580201115,78.78514690657356,1,1,1,1,1,1,1,1,4,2,1.8117606136800184,0
Business,361.55097482093424,7.456570289864999,425,116.63396149365622,80.57829473352415,1,0,1,0,0,1,0,1,0,0,5.191292971764021,0
Pleasure,389.9409028842157,12.397742143178492,99,48.15719392116633,12.196262434523765,1,1,1,1,1,1,1,1,1,3,3.445965315794403,0
Pleasure,444.5514525951989,12.567814407258343,16,65.32417199955351,216.43340717904368,1,1,1,1,1,1,1,1,0,1,1.0,0
Pleasure,389.31559784579287,16.577490560873883,35,19.280421420899504,26.10877985586057,0,0,1,1,1,1,0,1,0,0,1.5597232022468357,0
Business,211.2033681374274,17.97507724415751,337,31.093781297753917,168.32765408805872,1,1,1,1,1,1,1,1,6,0,1.0,0
Pleasure,336.90848624019736,19.02623745953198,27,20.617975332635304,233.7267775231538,1,1,1,1,1,1,1,1,3,1,2.221675838325117,0
Business,119.76134417460186,14.76006228149075,189,68.27532561012463,152.25143722422013,1,1,1,1,1,1,1,1,5,2,1.586490153449743,0
Pleasure,170.48031968251996,10.76483124047586,412,93.1908322061229,52.275686664474215,1,1,1,1,1,1,1,1,1,0,9.351893881769772,1
Business,458.30920977327315,16.27748245406267,200,96.34405573350986,154.49494203855136,1,1,1,1,1,1,1,1,5,1,1.0,0
Business,477.104465081939,17.264095670695106,66,112.43403808546118,60.92372848102029,1,1,1,1,1,1,0,1,0,0,1.0,0
Business,406.70138181174394,3.1147741053237654,169,39.36859410723522,133.36420937552234,1,1,1,1,1,1,1,1,2,2,6.0948046457799325,1
Pleasure,346.7682095079596,14.207733476495296,444,36.85046636778844,137.0905809908314,1,1,1,1,1,1,1,1,1,2,8.465717876776509,0
Pleasure,128.17471164723327,14.418407997059353,107,28.033640219232787,154.002288966228,1,1,0,1,0,1,0,0,0,0,5.226674257254613,0
Business,65.64550449286727,18.488788818935515,452,33.76673115620987,70.83558984765583,1,1,1,1,1,1,0,1,0,0,1.0,0
Pleasure,342.58502706383575,5.662594882843164,279,69.75660011633079,183.12302911262032,1,1,1,1,1,1,1,1,5,2,6.518222064035929,0
Business,290.11390612564804,10.53926418216934,376,73.48393492385594,21.36917203533581,1,1,1,1,1,1,1,1,0,0,4.2069051676700635,0
Business,311.8698850096595,10.09970437004557,429,53.35535346018206,175.4684785322836,1,0,0,1,1,1,0,0,0,0,1.1495868481101952,0
Business,109.21938750105745,18.18197699266301,132,66.40406934857248,92.43322663158952,1,1,1,1,1,1,1,1,5,0,1.0837648369798776,0
Business,230.19953689748135,5.616401649637779,362,81.19104202188655,192.94923899748062,1,1,1,1,1,1,1,1,2,2,5.334104389112162,0
Business,307.2594871480636,16.277865115112025,252,102.0451157967137,229.32692461585924,0,0,0,0,0,1,1,1,0,0,1.0,0
Business,254.68246282580668,16.81591484984201,122,105.95310145309514,14.592891073834535,1,1,1,1,1,1,1,1,2,0,1.0,0
Pleasure,172.94420985145186,5.052984369546252,374,34.19088514386291,108.66294340860289,1,1,1,1,1,1,1,1,1,4,8.755797848732495,1
Pleasure,422.55905076784353,3.870688040856991,492,34.79092699375316,52.57894275393514,1,1,1,1,1,1,1,1,4,3,5.152734781519788,1
Business,125.41681221819842,15.099537243707072,457,55.04631879668624,173.3570209328251,1,1,1,1,1,1,1,1,3,1,1.6253905939491335,0
Business,63.31347472216254,13.675277877095768,124,34.80712294496177,76.24617505029083,1,1,1,1,1,1,1,1,1,0,2.143601470784951,0
Business,244.053477836053,6.142210265155217,169,75.8366631994774,121.48449099702951,1,1,1,1,1,1,1,1,6,1,7.96296924868666,1
Business,428.0435945609346,7.044161586899628,189,33.48232247815128,81.96246033104755,1,1,0,1,0,0,0,1,0,0,3.649414323526786,0
Business,205.41713924227838,5.273628835405136,500,70.8070641643117,155.11703922436573,1,1,1,1,1,1,1,1,6,1,8.010761528594042,1
Pleasure,491.4286123564885,12.636856519648163,197,33.55111372347514,65.1222329320083,1,1,1,1,1,1,1,1,3,1,1.0,0
Business,292.66275289328144,15.9205762668071,497,110.64435555009848,67.84886502744035,1,1,1,1,1,1,1,1,3,0,1.608186299340164,0
Business,453.0128556695939,6.273691103809014,187,71.09242587195953,143.3551197413388,1,1,1,1,1,1,1,1,5,4,6.912689166893184,1
Pleasure,285.97896655022504,15.16197403102041,386,90.9847995527401,185.33682867693545,1,1,1,1,1,1,1,1,1,1,8.534513243740365,1
Business,331.3825134117486,16.37964253681442,6,70.11836947020828,150.68786403681702,1,1,1,1,1,1,1,1,3,1,2.0636398089324097,0
Pleasure,126.97250482866836,19.32969751290216,399,97.61961586779687,95.84255928245676,1,1,1,1,1,1,1,1,1,1,7.828375301827663,0
Pleasure,310.4860050572131,1.4519119353425936,299,20.97693216383083,53.842526080136814,1,1,1,1,1,1,1,1,2,4,7.673377949100802,0
Pleasure,177.5472673918034,6.252999670715093,225,63.147546770872886,200.11459411295166,1,1,1,1,1,1,1,1,3,6,7.841189763088657,1
Pleasure,346.6935793986678,14.544290344297808,3,53.70847497517696,20.37331215065639,1,0,1,0,0,0,0,1,0,0,4.112415649912996,0
Pleasure,152.11387585143245,12.158326848655234,6,77.32976874234528,135.39663246849713,1,1,1,1,1,1,1,1,2,6,5.611093244035084,0
Pleasure,324.9986244294604,0.6957913226723456,50,15.00063566490434,24.160578911902242,1,1,1,1,1,1,1,1,3,4,5.5632905793010305,1
Business,205.04841292650227,18.702457730075164,60,60.331148156890244,65.21187345523315,1,1,1,1,1,1,1,1,0,0,1.0,0
Business,341.9452036706081,0.9740915071950385,31,37.98894155358361,13.078003831281453,1,1,1,1,1,1,1,1,0,0,8.334936917665768,1
Pleasure,463.1583708417941,17.294143965345114,37,63.68022357970304,219.75644816245818,1,1,1,1,1,1,1,1,2,2,1.0,0
Pleasure,318.8096163435992,1.2258115560040106,320,21.783542030075573,80.58470798760631,1,1,1,1,1,0,1,1,0,0,6.707345682322494,1
Pleasure,356.7294636657017,10.237112769801879,474,42.52207180969132,236.85592807505463,1,1,1,1,1,1,1,1,1,6,6.888870728179424,1
Pleasure,116.60222088259042,6.397203574753267,298,20.869719108617033,20.10454412171339,1,1,1,1,1,1,1,1,2,4,7.898065287088207,1
Business,171.37081808318695,4.522526619146761,2,15.505536520280089,172.4722822856052,1,1,1,1,1,0,0,1,0,0,4.002373999834066,0
Pleasure,231.74989333021043,5.9564816637850875,483,91.20746421329031,58.66560602779908,1,0,1,1,1,1,1,1,0,0,9.608652213303131,1
Pleasure,152.21609933749545,5.211464015392256,217,44.08698894618935,49.76434907497405,1,1,1,1,0,0,0,1,0,0,6.417844001814984,1
Business,438.79023263416076,1.2400807432380567,362,61.92166539605372,200.64703782933387,1,1,1,1,1,1,1,1,5,0,9.701102585378692,1
Business,352.94883881926637,17.76323691048944,346,36.41875223829282,119.22302761052323,1,1,1,1,1,1,1,1,2,0,1.0,0
Business,451.7137439820004,6.327373385966042,420,57.110822006331794,218.66825059043938,1,1,1,1,1,1,1,1,5,0,5.366799702963599,1
Pleasure,426.73070545561507,14.603293440031242,248,77.28383399656815,91.094352857103,1,1,1,1,1,1,1,1,1,3,3.7786967722443943,0
Business,97.57308639091963,6.6950583122150515,387,38.95893538312039,111.92289431731645,1,1,1,1,1,1,1,1,2,0,5.26664433905906,1
Pleasure,421.8107287104637,11.481470648647482,277,79.62502219874493,147.1265891591051,0,1,1,1,1,0,0,1,0,0,3.807722595891999,0
Business,98.48497613391096,10.048468502005965,39,71.24756980453955,135.4452349281031,1,1,1,1,1,1,1,1,5,2,5.52671998752517,0
Business,260.0091989827086,15.09423528971827,287,111.92130837928876,215.98856856897427,1,1,1,1,0,0,1,1,0,0,1.0,0
Pleasure,115.58926919344461,12.549357477763461,181,27.227865110361137,138.71064990587237,1,1,1,1,1,1,1,1,3,3,6.809889877114683,0
Business,202.28911347001358,13.66499102869466,182,46.51096074113001,158.29729447242437,0,1,1,1,1,0,0,0,0,0,1.0,0
Pleasure,427.56994173780146,8.840764053150924,24,62.562990386780314,112.43169692159965,1,0,1,1,0,1,1,1,0,0,1.0,0
Pleasure,449.3613994598842,3.8413972641895433,257,38.69596708299707,167.33215350769072,1,1,1,1,1,1,1,1,1,3,2.2361787601938126,1
Pleasure,275.9086637362814,17.887708914780994,36,51.11403834896285,76.36519664085445,1,1,1,1,1,1,1,1,4,3,5.944526554048624,1
Pleasure,416.1475352527295,0.8157039477184291,459,65.90586795218039,93.16207611525132,1,1,1,1,1,1,1,1,1,4,6.332388988859198,1
Business,433.79321635298834,19.992539570118552,72,57.30112386194684,20.031581627374287,1,1,1,1,1,1,1,1,3,2,1.0,0
Pleasure,233.7482558202738,4.723028818040376,68,106.34779754221276,154.5533658252631,1,1,1,1,1,1,1,1,1,3,7.371803134393858,1
Pleasure,129.83153822120332,10.298067759856977,233,82.67304039988461,89.4340388080016,1,1,1,1,1,1,1,1,4,1,7.173316753522224,1
Business,409.9086817927486,0.12733558325353167,96,105.94084176280269,98.91690270506355,1,1,1,1,1,1,1,1,0,0,9.18330241238591,1
Business,112.97731191460684,15.482497047734466,328,77.89677501857193,42.99351461978419,1,1,1,1,1,1,1,1,5,1,1.0,0
Business,104.34851883920749,17.744459478727137,150,112.84740224314552,36.52818918285206,1,0,1,1,0,1,0,1,0,0,1.0,0
Pleasure,339.95191537518383,1.364421495229109,494,92.52719670204478,91.4033442770724,1,1,1,1,1,1,1,1,2,2,9.814159092560736,1
Business,440.632380569433,7.76658174528861,435,19.582246704374626,120.85485495568514,1,1,1,1,1,1,1,1,2,1,4.190493715641732,0
Pleasure,493.3945567754665,14.015745949944499,91,114.81434539726797,78.48555514933423,1,1,1,1,1,1,1,1,3,4,1.0,0
Business,488.1385796457182,11.825216031202618,210,76.62402315761572,97.99470897307374,1,1,1,1,1,1,1,1,0,1,2.528850824926078,0
Business,170.75209057853328,8.609869483698214,134,83.14483247515388,167.4402812666464,1,1,1,1,1,1,1,1,1,0,3.2152235637636184,0
Business,411.4001243556,4.799548144797605,192,33.649504435903985,35.25102353621311,1,1,1,1,1,1,1,1,0,0,6.10670480172487,1
Pleasure,394.1440879713706,17.213953451557217,229,26.07611994532259,123.404357586719,1,1,1,1,1,1,1,1,0,0,2.275050908643587,0
Pleasure,202.5137343459417,7.816038422695151,278,98.59551746838227,239.77049208266158,1,1,1,0,1,1,1,1,0,0,9.249475186948036,1
Business,283.02459758443126,0.8686130966657957,128,18.882222274998238,31.17723837253327,1,1,1,1,1,1,1,1,6,3,9.731583304208982,1
Pleasure,288.1565202496104,1.2891156675970183,200,107.0046744232019,35.76728084052503,1,1,1,1,1,1,1,1,0,0,9.392972647419716,1
Pleasure,114.31611553102537,11.8693526061202,167,65.30469710687376,124.50043738334122,1,1,1,1,1,1,1,1,0,8,6.07498472677892,1
Business,397.7103920635187,15.187630921172657,351,81.5421266860977,209.5410807753277,1,1,1,1,0,1,0,1,0,0,1.0,0
Pleasure,287.9133498902624,10.839477761042133,431,93.49154033368123,46.04228576922687,1,1,1,1,1,1,1,1,0,3,7.4437493604594795,1
Business,123.62345294640036,12.853242963098669,87,95.98158057014479,43.18876931019095,1,1,1,1,0,1,1,1,0,0,2.2575520424820237,0
Pleasure,234.71184354375035,12.169663483704579,451,41.90869359420006,80.2967690347683,1,1,1,1,1,1,1,1,2,6,8.66827236276032,1
Business,315.52717370409937,8.705381498250073,427,19.384926885019855,118.72392829439576,1,1,1,1,1,1,1,1,5,0,5.152576914886097,0
Pleasure,227.72507173932854,8.930706354767828,406,93.73554400813178,124.68648227774236,1,0,1,1,1,1,0,1,0,0,8.380971985417133,1
Business,156.62889564146982,7.136984543374762,500,90.46005522753372,85.72109256031709,1,1,1,1,1,1,1,1,2,3,6.183538955824509,0
Business,378.6531783044919,16.977213566471605,117,29.67814995561131,140.66383825612664,1,1,1,1,1,0,1,1,0,0,1.0,0
Pleasure,357.2310503428521,4.212574417466264,314,55.51051285766434,106.11441226331526,1,1,1,1,1,1,1,1,2,4,7.619320684571241,1
Business,119.28059420917371,0.4459009762144306,468,50.16263787028609,210.5284094496516,1,1,1,1,0,1,1,1,0,0,6.487890566275344,1
Business,204.99854594217393,11.710875912559827,343,114.270056670587,149.4861575730697,1,1,1,1,1,1,1,1,3,0,3.77661470725264,0
Pleasure,69.11397838646496,15.832471366745455,155,104.36722991409448,53.24007369230013,1,1,1,1,1,1,1,1,1,1,5.42181092164329,0
Pleasure,154.56431810266577,17.470980032208512,402,49.61152671219601,218.60230311136203,1,0,1,1,0,1,1,0,0,0,6.0168332483076785,1
Pleasure,233.15507500137647,12.329785007185576,343,81.80268199773494,205.37121805881822,1,1,1,0,0,1,1,1,0,0,7.642085559094147,1
Business,135.93983304289242,14.02439736815821,333,103.38703020493999,233.4878876014365,1,1,1,1,1,1,1,1,4,1,2.3726106659886113,1
Pleasure,291.21875224076615,4.031646589676545,46,114.38202260549461,153.21923398001437,1,1,1,1,1,1,1,1,2,1,6.5923885064521315,1
Business,418.90508970920786,16.060811902184444,469,79.54384130401701,43.689458265946044,1,1,0,0,0,0,0,1,0,0,1.0,0
Business,121.8532262846831,3.418354520647633,37,31.178139645612074,115.44554526321127,1,1,1,1,1,1,1,1,1,0,5.815162049006778,1
Pleasure,472.5175130353057,7.906212163628396,423,76.42037949684406,145.1488327239112,1,1,1,1,1,1,1,1,0,3,2.059566559066828,0
Pleasure,265.3723743931285,16.120155996952196,172,63.21524108172264,90.29219695881757,1,0,0,0,0,1,1,0,0,0,5.85979433117029,1
Pleasure,481.72652766347227,3.9697753710180694,393,79.18769699211067,190.23178443680146,1,1,1,1,1,1,1,1,3,2,2.0448949951124304,0
Pleasure,124.270938289646,2.811414474465481,202,102.72273283241226,63.54757919958192,1,1,1,0,1,1,1,0,0,0,7.722348367735067,1
Business,488.0240555045536,14.814481007455147,144,88.93637153805975,14.104372558656571,1,1,1,1,1,1,1,1,3,0,1.3273431707333063,0
Pleasure,279.46022148732544,19.10497817873348,324,100.58348695812734,82.21660203083002,1,1,1,1,1,1,1,1,0,1,8.530645313564161,1
Pleasure,456.8891674563642,17.099181520631575,95,69.70512668098033,220.72247921438077,1,1,1,1,1,0,1,1,0,0,1.0,0
Pleasure,349.0015494202868,2.5763892440231495,327,118.81868918902424,223.8943128297574,1,1,1,1,1,1,1,1,1,1,9.320870797671061,1
Pleasure,145.1701851923272,6.8169929568447625,334,67.79561755365003,29.064117892102434,1,1,1,1,1,1,1,1,2,3,8.280344307844194,0
Business,133.0318483600428,13.463320320122818,312,118.62289413395544,132.80986042318654,1,1,1,1,1,1,1,1,2,1,1.9032173250023416,0
Pleasure,487.2590315946128,12.551452578274152,53,75.46877608253504,153.74678197926175,1,1,1,1,1,1,1,1,0,0,1.0,0
Business,201.78465960011363,0.1132937027201808,273,83.64627798325235,133.92232901085657,1,1,1,1,1,1,1,1,0,0,8.731968436729906,1
Pleasure,388.4090318906412,12.558582614554654,96,22.276221458850934,39.60141816269835,1,1,1,1,1,1,1,1,2,2,2.319323426847376,0
Pleasure,181.80297663841543,19.961305484678288,226,35.49794613878689,50.999104434695326,1,1,1,1,1,1,1,1,1,1,7.267528413417258,1
Pleasure,159.63967137486685,8.856004830184796,371,68.59128802524054,73.78076197871712,1,1,1,1,1,1,1,1,4,2,9.964502062666082,1
Pleasure,455.5485707910273,9.646865108930687,256,48.42907610965347,22.769791118642807,1,0,1,1,1,1,0,1,0,0,1.237129136734171,0
Business,160.33689444976108,0.1574845569863692,360,58.17737126745586,215.31491449514186,1,1,1,1,1,1,1,1,5,3,9.730543318582185,1
Business,288.17535587331776,1.4734917278232995,473,65.84060739543152,236.24493060150056,1,1,1,1,1,1,1,1,2,0,7.4245444008120405,1
Pleasure,236.72619712789927,4.843807616263223,103,75.44961387166413,177.89243305505352,1,1,1,1,1,1,1,1,2,4,7.286561552939057,1
Pleasure,145.10490365222475,6.524524899932153,331,113.33418550431243,160.75016076665858,1,1,1,1,1,1,1,1,3,2,9.582236150438177,1
Pleasure,409.967338196143,9.432952143630791,108,53.89815283165201,83.86302013353003,1,1,1,1,1,1,1,1,3,2,2.3641216994762315,0
Pleasure,427.6860024954716,12.677179609193153,144,102.9412031268117,10.69658576800872,1,1,1,1,1,1,1,1,1,0,2.249482052685021,0
Pleasure,111.69632436115191,0.7338542387567304,420,17.89476964954492,44.59893026763208,1,1,1,1,1,1,1,1,1,2,9.131074757819222,1
Pleasure,167.10657016664786,18.01929264201182,51,93.61884889064892,190.81979190814056,1,1,0,0,0,0,1,1,0,0,4.028546299869815,0
Pleasure,369.2386325529804,13.553213893767095,375,24.96301508715005,47.380422850700064,1,1,1,1,1,1,1,1,2,0,4.595729297932697,0
Business,470.6642040933578,4.734220144809072,335,117.1364482172777,8.140910839800078,1,1,1,1,1,1,1,1,0,0,7.683742228500805,0
Pleasure,208.78296121304007,6.879973789111171,334,29.804838291382993,206.8281607542993,1,1,1,1,1,1,1,1,4,1,8.138675097980048,1
Pleasure,304.8047951524171,4.391027754013416,494,41.27920826547276,54.02191143299379,1,1,1,1,1,1,1,1,2,1,10.0,1
Pleasure,117.79936417830453,0.05287962032510363,176,54.4761715485612,134.92133390114634,1,1,1,1,1,1,1,1,2,2,8.218720478522403,1
Pleasure,351.3559897190499,18.850499338843406,489,93.75223519126968,14.958578112545732,1,1,1,1,1,1,1,1,1,4,7.012457909885165,0
Pleasure,380.9289083895457,14.112106336300583,189,66.87952980858813,138.87378864998036,1,1,1,1,1,1,1,1,4,1,4.4858421714780885,0
Pleasure,275.4891522361091,0.23208131833946988,235,72.2861447004208,158.01736953864562,1,1,1,1,1,1,1,1,4,4,9.412359022619377,1
Pleasure,325.2312828333475,19.076687708942714,98,95.10036075420109,93.52708474545271,1,1,1,1,1,1,1,1,4,3,6.696584771920268,0
Pleasure,119.3367275637781,9.327992289314915,330,116.47459360667936,214.4021223814053,1,1,1,1,1,1,1,1,0,0,7.084978968467492,0
Pleasure,147.79020239211386,6.135624264804762,129,52.373255346161926,175.66133888871795,1,1,1,1,1,1,1,1,4,2,7.201998594333923,1
Pleasure,117.00361516317881,10.50893543287587,324,30.977293165313235,34.01016342244144,1,1,1,1,1,1,1,1,1,0,8.169068377987388,1
Pleasure,82.47036512686253,11.386821228424715,25,46.78273239394811,45.81395626268249,1,1,1,1,1,1,1,1,0,2,5.3785416498410985,0
Business,344.10667304745743,10.51674493932357,372,68.01986962631129,63.76373431319992,1,1,1,1,1,1,1,1,7,0,4.854790086855475,0
Pleasure,94.00750521339911,10.878156790400384,187,48.64204054479594,52.508619373301265,1,1,1,1,1,1,1,1,2,1,5.852016820053878,1
Business,224.96295142842243,8.675168041571297,15,107.47009891799814,230.83889364176463,1,1,1,1,1,1,1,1,1,1,4.049714328838993,0
Business,444.6197851297338,4.535966052106928,224,91.95338385946015,175.25094966739005,1,1,1,1,1,1,1,1,3,0,6.728663043588089,1
Business,62.08496493460734,1.3313691629446334,410,35.87196049249963,55.293820618355355,1,1,1,1,1,1,1,1,4,4,9.680458832633265,1
Business,310.04476513562275,19.90127372201677,162,59.45339153220976,146.2853050958849,1,1,1,1,1,1,1,1,4,1,1.0,0
Business,405.1482863134326,11.471846179630132,400,41.05926008536449,135.67799834087546,1,1,1,1,1,1,1,1,2,2,3.209161779992573,1
Business,246.26378611698203,5.601299670264539,232,20.47338526098402,72.98182360823388,1,1,1,1,1,1,0,0,0,0,6.292260810565391,0
Business,434.8261152092075,3.0901472626027604,93,37.71075143299752,114.77291400881413,1,1,1,1,0,1,0,0,0,0,7.115706225833076,1
Pleasure,387.84641945609786,17.232494439938765,46,60.339371148454,207.89055141861365,1,1,1,1,1,1,1,1,2,5,3.1796938388860294,1
Pleasure,328.71256286055916,12.58504207058145,349,69.12195275609602,149.44759979717332,1,0,0,0,1,1,0,1,0,0,6.054698748801851,1
Business,202.70773997032668,1.5890028787149602,213,62.60082506087149,238.3667720270123,1,1,1,1,1,1,1,1,2,1,7.105263305160096,0
Pleasure,254.32295750714187,8.716816576815436,326,24.034332298622463,101.53020646627728,1,1,1,1,1,1,1,1,1,5,7.835966388754163,1
Pleasure,195.34745785098175,14.189340962546273,229,21.7231995894637,179.37199552773995,1,1,1,1,1,1,1,1,0,2,7.0406999532867145,0
Pleasure,187.5833158410572,16.765106832571885,402,62.43377640876856,86.29718223905634,1,1,1,1,1,1,1,1,1,2,7.755223006965499,1
Business,162.95608642819775,7.656731466949623,253,60.39387148824113,39.02581744365635,1,1,1,1,1,1,1,1,6,1,5.6174981954396435,1
Pleasure,169.9607791102706,13.28523078513103,427,53.38891052620352,136.50715206567622,1,1,1,1,1,1,1,1,0,0,7.910042103633924,0
Pleasure,234.12486764781588,5.483662457370411,406,48.333656254691164,150.4867479342907,1,1,1,1,1,1,1,1,2,2,9.208362047049286,1
Business,135.0019296319243,11.56597411072935,396,106.64168282422425,196.64133861731196,1,1,1,1,1,1,1,1,2,2,1.5645384734489745,0
Business,458.29417171864554,7.081441791054397,377,112.38555981147843,174.28751518448462,1,1,1,1,1,1,1,1,8,0,5.908150739760292,0
Business,298.7753098062944,19.09703844991493,320,71.19522052108833,194.0211367782786,1,1,1,1,0,1,0,1,0,0,1.0,0
Business,297.6447958154709,6.018551286952407,478,47.01700180940979,179.749106025981,1,1,1,1,1,1,1,1,1,0,6.144489487491766,0
Pleasure,309.0663276908273,18.630270875014272,145,111.18926838200215,102.11375107918799,1,1,1,1,1,1,1,1,1,5,6.242627978886613,0
Business,316.69921805148925,7.582352807660964,484,104.2072841113452,170.23835755870658,1,1,1,1,1,1,1,1,0,0,3.628323874243061,1
Pleasure,235.56014772501186,19.126530634014358,15,37.12387513386835,98.21165964827922,1,0,1,1,1,1,1,1,0,0,3.861087420180721,1
Pleasure,411.74376329093695,2.5151719179113385,234,42.228343890617246,29.581394910471253,1,1,1,1,1,1,1,1,3,5,5.480176437516147,1
Pleasure,359.55396476631245,1.4287269402969471,58,86.8408465291462,61.120547254043124,1,1,1,1,0,1,1,1,0,0,5.178037160183382,0
Pleasure,98.16126861625797,6.80320631275193,410,60.82764671628811,38.145394445687046,1,1,1,1,1,1,1,1,0,0,8.652280589133293,1
Business,102.75727552527022,7.419310267458719,88,117.94651653950675,46.36129919833044,1,1,1,1,1,1,1,1,6,1,8.006980902166617,0
Business,479.99142357179306,6.500426304368703,203,79.29863088018487,190.1867353321286,1,1,1,1,1,1,0,1,0,0,3.5554730368098815,0
Business,439.8470091659042,5.838881138616488,346,100.91690840878827,167.83225304498288,1,1,1,1,1,1,1,1,0,1,4.8345793429998505,0
Business,318.3795181373501,19.431961837491073,82,68.43631780551969,174.66429002829227,1,1,1,1,1,1,1,1,1,0,1.0,0
Business,192.07747664971143,4.280509996458884,211,77.39131786594547,19.321858931104963,1,1,1,1,0,1,1,1,0,0,6.276233931616313,0
Business,391.4451616581362,9.481158940093021,209,71.44091669667611,204.88175135808254,1,1,1,0,1,1,1,1,0,0,3.01752767553379,0
Business,469.31831561798043,10.116253512662981,200,74.93656723148109,148.1761752847458,1,1,1,1,1,1,1,1,5,1,5.5690399001572715,0
Pleasure,401.7312953326269,14.99554547581518,59,34.06586985753364,92.74674298348951,1,1,1,1,1,1,1,1,0,0,2.320229183009421,0
Pleasure,227.29418958832707,14.387961042726264,223,57.64710348905867,123.57758282400056,1,1,0,0,1,1,1,1,0,0,6.984738478393151,1
Pleasure,292.7635024271025,14.266582909514716,474,23.578737547377013,179.69944356926885,1,1,1,1,1,1,0,1,0,0,6.456254318865317,0
Pleasure,476.4603594780522,11.874223958668846,33,75.30188353263985,96.91868657308682,1,0,1,1,0,1,0,1,0,0,1.7025687251392303,0
Business,185.6953392535566,17.64730342100237,212,108.28605754661444,220.3841857786182,1,1,1,1,1,1,0,1,0,0,1.0,0
Business,345.58367311942175,12.452517448671639,224,100.94856053016551,146.58168275513412,1,1,1,1,1,1,1,1,1,1,2.3004158202066636,0
Pleasure,161.1178701628029,1.2408604149434166,292,113.20066461180475,133.59013066899618,1,1,1,1,1,1,1,1,2,4,10.0,1
Pleasure,237.0499047544162,8.267385486127644,412,33.21891938426213,190.79916513118613,1,1,1,1,1,1,1,1,0,0,8.733874050169925,1
Business,359.93077621122734,5.440768147887196,75,67.94383149331274,81.92488443514021,1,1,1,1,1,1,1,1,5,1,5.997583607359267,0
Business,76.21506377592233,8.572912396929858,22,16.06901222810192,85.5982953817679,1,1,1,1,1,1,1,1,3,1,4.4892594077812165,1
Pleasure,194.22123595059662,6.255940425689124,368,67.96146802628053,185.74836911435278,1,1,1,1,1,1,1,1,0,0,9.811064316580651,1
Pleasure,493.272339022167,6.833393381602145,322,23.070901169906282,200.96006517909726,1,1,1,1,1,1,1,1,4,2,1.0,0
Business,188.94019164396724,0.8246300821239494,80,106.94123823432463,231.57406215917788,1,1,1,1,1,1,1,1,4,1,8.897387226317516,1
Pleasure,248.88060709069322,18.477059682679187,407,54.54230368202663,144.58389775979998,1,1,1,1,1,1,1,1,4,0,7.495839087404706,0
Pleasure,264.5580328203461,14.369282091120876,283,104.88437869390637,76.22902472672625,1,0,1,0,0,1,0,0,0,0,7.343560088456651,1
Pleasure,230.28339085934192,14.012665602061867,290,80.32760575283443,103.98178519534929,1,1,1,1,1,1,1,1,3,3,6.913027133419111,0
Pleasure,72.72459937835183,19.690511465052694,195,63.27244048751028,141.6605961508222,1,1,1,1,1,1,1,1,5,2,5.636312587259696,0
Pleasure,119.04939316264178,13.144750356861474,443,98.73792230493767,168.28196972905533,1,1,1,1,1,1,1,1,0,1,8.518984099402939,1
Business,389.47648524814605,16.37522960553718,226,42.24327422117765,209.64134040922656,1,1,1,1,1,1,1,1,6,1,1.0,0
Business,148.08943363795981,0.2892379072486517,187,85.26900343171248,156.11299069776484,1,1,1,1,1,1,1,1,1,3,9.142661888614475,1
Pleasure,169.70686116674966,10.853864095780665,319,63.481082664674204,98.05716088210714,1,1,1,1,1,1,0,1,0,0,8.096103474364847,1
Business,428.4760351416534,18.729473624528335,112,83.17431494326766,149.73482147938353,0,0,0,1,0,1,0,1,0,0,1.0,0
Business,241.9811787873411,3.5872997586810818,136,64.72429750261374,79.85585464158271,1,1,1,1,1,1,1,1,0,0,5.55657509888242,1
Business,213.5391715533352,19.970698441126753,215,40.692476292802226,168.6691532824257,1,1,1,1,1,1,1,1,1,1,1.0,0
Business,160.60333771777016,14.847010161621109,466,112.57488729630434,139.59043343161179,1,0,1,1,0,0,0,1,0,0,1.0,0
Pleasure,280.46665345216746,11.042140103640431,4,80.36216982149494,175.60534815246575,1,1,1,1,1,1,1,1,2,2,7.012942408054655,1
Pleasure,484.8314247594503,15.926560005711945,451,55.996419296929865,172.70113215965756,0,1,1,1,0,0,1,1,0,0,1.0,0
Business,426.55829782494004,3.8151331680097877,44,102.92441699362574,75.83129009252384,1,1,1,1,1,1,1,1,2,0,6.214837774793008,1
Pleasure,170.36099564884387,7.261161663415172,468,24.801371250266907,50.90107479732745,1,0,0,0,0,1,1,1,0,0,8.238291905795464,1
Business,219.66647630512114,8.770553383028311,233,95.18774309633301,67.23337342162806,1,1,1,1,1,1,1,1,2,2,4.354307926220498,1
Pleasure,69.70785226825103,19.572747725160312,403,87.3449423176056,168.27542210820738,1,1,1,1,1,0,1,1,0,0,5.827064496055857,0
Pleasure,70.70827377037895,16.90629328272659,221,111.01440072800663,107.98923816531307,1,1,1,1,1,1,0,1,0,0,5.931515914752124,1
Pleasure,78.02567195181243,4.164605347256849,216,29.896109448068856,213.09674972238344,1,1,1,1,1,1,1,1,0,0,5.918334531106658,0
Business,88.21547642080928,12.550711393538732,419,81.36330888768354,145.50978490414923,1,1,1,1,1,1,1,1,4,0,3.26408970431922,0
Pleasure,479.86232093849054,18.327344266997926,481,118.60596230678262,82.02309510475561,1,1,1,0,1,1,0,0,0,0,2.0220838244216788,0
Pleasure,361.8624731497337,9.925894733670615,204,106.6709831595586,132.45194827431516,1,1,1,1,1,1,1,1,4,3,6.413835117675222,0
Business,205.86446493888135,1.4733016654675013,166,74.3897678335662,233.16868003957134,1,1,1,1,1,1,1,1,0,0,6.123250882850092,1
Business,166.94124175178936,18.04152854526951,198,116.54928152949105,19.906410994918907,1,1,1,1,1,1,1,1,3,1,1.7412314541199887,0
Business,462.2980168018712,6.0816169855636755,255,62.52223701363303,10.52702645328713,1,1,1,1,1,1,1,1,6,2,7.907910812586419,1
Pleasure,290.9254088010215,19.507985731345354,229,21.377960552923064,232.29791127018981,1,1,1,1,1,1,1,1,0,0,4.512627313793793,0
Pleasure,204.35951801626265,10.40521778036647,149,102.77976318299035,231.0497864084843,1,1,1,1,1,1,1,1,1,1,6.9275903942813,1
Pleasure,442.3510628728003,19.345262672603443,125,82.6058029808072,204.78805944293006,1,1,1,1,1,1,1,1,3,3,1.4857827782371478,0
Business,498.60528332036745,10.492539824346164,26,66.73641446833741,63.10536448830438,1,1,1,1,1,1,0,1,0,0,2.4185985937032597,0
Pleasure,250.1105753828923,15.747339790178888,352,117.70197128324224,212.33993313384877,1,1,1,1,1,1,1,1,0,2,8.407450779117937,1
Pleasure,154.60825784852372,8.22632722795839,301,73.27330631680914,16.771397816383036,1,1,1,1,1,1,1,1,2,2,8.674930084476117,0
Business,237.26145482777903,17.85223132564329,262,56.491044296125764,194.1489980596325,1,1,1,1,0,1,1,1,0,0,1.0,0
Business,217.97490441027102,17.49426859707875,475,47.708045563720354,191.37881401983032,1,1,0,0,1,1,1,1,0,0,1.0,0
Pleasure,454.0567966618802,12.4240680310402,364,66.63271075784172,194.40530550114912,1,1,1,1,1,1,1,1,3,1,3.8481314706645424,1
Business,124.28596398115697,13.429840937911434,292,84.07490028610745,101.60419127137251,1,1,1,1,1,1,1,1,4,2,2.3379399415759803,0
Business,401.83785699047166,5.417464873355362,229,84.8059353252347,204.39213944570486,1,1,1,1,1,1,1,1,6,2,5.17825339699322,0
Pleasure,448.265974292891,12.902658937904645,437,23.359782917961628,182.47711989808138,1,1,1,1,1,1,1,1,2,1,2.934951064955916,0
Pleasure,289.7684777086322,9.737428971583164,2,117.57824856702119,9.550545181834242,1,1,1,1,1,1,1,1,5,3,8.072735754657636,1
Business,456.43583969099967,6.0585862009223845,186,85.0497580610688,29.910972473486268,1,1,1,1,1,1,1,1,5,3,6.858126394485748,1
Business,338.09248717846754,12.742013096945875,262,112.89097257188702,149.15085187503794,1,1,1,1,1,1,1,1,4,1,2.650343153272582,0
Business,245.1604757187799,3.984684171580697,34,72.41883541245878,12.375546323191786,1,1,1,1,1,1,1,1,2,0,6.438590744397842,1
Business,105.67764271475656,19.545837014816815,302,114.75615686075557,129.65165829947338,1,1,1,1,1,1,1,1,1,0,1.0,0
Business,158.89270623189296,3.0063950025309794,187,91.00680033301867,214.39432233864926,1,1,1,1,1,1,1,1,5,4,9.056422065918003,1
Pleasure,276.8333522318281,12.475918547361989,22,45.758067970144396,151.06281378910305,1,1,1,1,1,1,1,1,1,1,4.163201576634373,0
Pleasure,96.07932383821314,18.442244979615765,478,21.737230475505086,76.35325613893183,1,1,1,1,1,1,1,1,1,4,7.96914139146325,1
Pleasure,141.57928944710017,4.55543344581387,143,73.18481858364817,46.646020351879265,1,1,1,1,1,1,1,1,2,3,8.836190696450604,1
Business,290.11351647103953,9.713343016810317,263,55.06083127526084,208.24021087813986,1,1,1,1,1,1,1,1,7,1,5.026345706484096,0
Pleasure,104.5859130336564,15.895478425046738,220,78.99042637788777,222.7461429506001,1,1,1,1,1,1,1,1,4,1,7.650855549005356,0
Business,90.03635950848087,12.097392798298163,442,103.345732132414,153.577804406441,1,1,1,1,1,1,1,1,3,0,3.8954537978365593,0
Business,351.6422490186852,9.615230310308458,16,102.66956083009418,48.73086244488895,1,1,1,1,1,0,1,1,0,0,3.471698559544989,0
Pleasure,163.56246408499155,4.847912872961631,270,112.18329844486978,46.710781385158455,1,1,1,1,1,1,1,1,3,2,8.644952514084267,1
Business,446.73620269443035,11.621562126714508,136,30.94603033827202,172.90982015997372,1,1,1,1,1,1,1,1,6,2,3.6137282920508587,0
Pleasure,242.2688330423576,10.41695136502084,387,58.80574405640974,131.24673873948495,1,1,1,1,1,1,1,1,1,3,8.185296159505878,0
Pleasure,279.8423634597927,5.230270754137112,34,15.836867148263966,50.055691585304075,1,1,1,0,1,1,1,1,0,0,5.724923543166821,0
Pleasure,110.09406436224333,13.37849397931096,303,109.02276198739091,130.0796093324799,1,0,1,1,1,1,0,1,0,0,8.15689083910194,1
Business,174.6716139026656,1.1636525819776389,199,37.43961366888731,151.51197304881356,1,1,1,1,1,1,1,1,2,0,7.814045406799356,1
Pleasure,436.35717023458466,0.5682349542660226,76,115.22713311665412,44.45951629122767,1,1,1,1,1,1,1,1,6,3,3.5649525424185677,0
Business,327.095911266693,7.438903744602985,301,111.62689261579904,211.4495062528632,1,1,1,1,0,0,0,1,0,0,3.8774978811098055,0
Pleasure,210.7569493817266,11.532764700677706,184,37.00233181842483,216.51146244851472,1,1,1,1,1,1,1,1,4,4,7.926093639749165,1
Pleasure,288.86457488343063,10.705017332252918,264,48.40420255492869,11.089194281616216,0,1,1,0,0,1,0,1,0,0,6.4391072389259545,0
Pleasure,394.41082973634536,17.52991484472378,297,100.70191457691652,222.76304649744748,1,1,1,1,1,1,1,1,0,0,4.999008462803802,1
Pleasure,279.81954814179386,4.17263044475491,270,85.34255362248874,162.11266945902042,1,1,1,1,1,1,1,1,7,2,7.8321844735956905,1
Business,409.56511016936685,8.303304821071881,169,104.43855181534117,91.98829458052128,1,1,1,1,1,1,1,1,4,2,5.89067952518469,1
Pleasure,180.16526115487775,4.858307278763925,440,117.83242867138044,187.24438690275275,1,1,1,1,1,1,1,1,0,0,10.0,1
Pleasure,141.8034515267156,14.204657927231422,238,112.62235235345615,210.76235203008144,1,1,1,1,1,1,1,1,1,3,8.221156584952809,1
Business,268.212431835716,12.153085962717164,265,19.12246756770302,78.03277587870784,1,1,1,1,1,1,1,1,3,1,1.8524531996289202,0
Pleasure,209.9200116695604,15.320563199455746,119,55.21811618469446,138.12393732864945,1,1,1,1,1,1,1,1,3,0,7.138317303933717,1
Business,330.4519093086669,5.62592562918478,470,75.81871444996379,62.70830178362886,1,1,1,1,1,1,1,1,0,0,6.475593144877702,1
Pleasure,406.86666227044213,4.696146375859371,202,24.746519388935948,88.64945428690292,1,1,1,1,1,1,1,1,3,3,3.298451324012253,0
Pleasure,327.749944158142,10.923591136280708,202,94.16444507250755,123.88085024640377,1,1,1,1,0,1,1,1,0,0,5.916743355270186,1
Business,191.46709672766437,1.640459114448729,404,40.781802782589295,5.879213155578417,1,1,1,1,0,1,0,1,0,0,7.888987502508933,1
Pleasure,284.74966753828676,11.911078830991098,140,21.63839629330829,169.8986593817373,1,1,0,0,1,1,1,0,0,0,5.314675692922265,0
Business,351.17287377444916,2.841953395194139,325,17.355348256254327,180.59291007820093,1,1,1,1,1,1,0,1,0,0,4.11816562914605,0
Pleasure,334.2355242267933,9.929856331070361,144,113.78713858769346,67.04809070309055,1,1,1,1,1,1,1,1,0,1,7.218743983991766,1
Pleasure,473.54366927397405,12.81314364596161,27,29.953900249451376,166.03991599956282,1,1,1,1,1,1,1,1,0,4,1.0,0
Business,79.5705209426729,6.1537523688054545,52,87.16440390462411,30.59098110041425,1,1,1,1,1,1,1,1,1,0,5.1429011975073236,1
Business,414.7607745268776,9.23867020234349,412,52.41257778250556,63.03830175156288,1,1,1,1,1,1,1,1,0,0,4.392688470975333,1
Pleasure,339.03557101265164,14.356145918508256,199,79.90385113954106,145.38318528997706,1,1,1,1,1,1,1,1,3,1,6.068365312946188,0
Business,335.4516022838733,3.3413680771591547,481,60.3148674957407,231.6866553650427,1,1,1,1,1,1,1,1,0,0,5.361908613231346,0
Business,189.80739819592637,10.058142434981415,377,50.482754206970206,107.82575402996719,0,1,0,0,1,1,0,1,0,0,1.3663404281440914,1
Pleasure,105.85925597510294,2.2307808001344154,56,57.61167685307927,221.583588465721,1,1,1,1,1,1,1,1,4,5,7.972909162896258,0
Business,280.97377058134276,18.65649290339985,283,19.509248854637647,136.73013920178087,1,1,1,1,1,1,1,1,0,1,1.0,0
Business,135.5037408744053,1.3737756742008722,196,17.79355145680656,28.157996751826246,1,1,1,1,1,1,1,1,3,0,7.640953725229309,1
Pleasure,201.78579807794642,0.8344747184366219,149,21.638709603197235,239.29106942873796,1,1,1,1,1,1,1,1,2,2,7.510596589051659,1
Business,92.01605496567393,16.640110428317627,408,74.01992865783123,16.92093349076812,1,1,1,1,1,1,1,1,3,3,1.6131127077335599,0
Pleasure,366.757516456028,10.515464222737664,310,66.41428903756729,198.4659199948078,0,1,1,1,1,1,1,1,0,0,5.386094704055803,0
Business,415.277714681449,4.0778219662809985,410,114.25237383023801,20.183377097562655,1,1,1,1,1,1,1,1,5,2,9.054200193238321,1
Pleasure,282.68713061294267,7.457947346221438,474,87.23286820807813,193.24444312909114,1,1,1,1,1,1,1,1,0,3,8.03448115684624,1
Business,136.86250595057004,9.956103734840301,296,114.14921232472625,197.44540411601596,1,1,1,1,1,1,1,1,4,0,4.705988616850705,0
Pleasure,414.9922791545984,2.09784656327503,36,95.79677463680478,57.465820316221986,1,1,1,1,1,1,1,1,1,0,4.465186057909613,0
Business,341.8821174799464,4.905745996355528,318,20.223772353088208,51.61593020428619,1,1,1,1,1,1,1,1,1,0,6.206740955599723,1
Business,357.43087888291365,4.728865859092575,321,118.73582852229993,128.5518051588554,1,1,1,1,1,1,1,1,2,0,7.085064171974505,0
Business,346.79221002306696,9.406923936751252,194,107.48548561442615,130.8586233123238,1,1,1,1,1,1,1,1,5,2,5.9375719180713,1
Pleasure,401.33592369451696,6.996677408761203,363,73.4173200989548,229.1008277202082,1,1,1,1,1,1,1,1,0,3,6.016198790024028,1
Business,217.2159595012692,16.200104116122603,48,45.08818265016581,138.9166918850315,1,1,1,1,1,1,1,1,4,3,1.0,0
Pleasure,334.5653867125809,19.603285561737696,314,57.382183756785714,235.03762280424485,1,1,1,1,1,1,1,1,1,6,7.213012276959631,0
Pleasure,230.11383582989936,8.816174846085046,9,114.02291347347179,12.066064579172373,1,1,1,1,1,1,1,1,0,0,7.289728739573413,1
Pleasure,402.70848533742355,19.070474773749545,112,90.25889954205842,78.0086698436606,1,1,1,1,1,1,1,1,2,2,3.140652498262549,1
Business,350.3584653333787,6.097902085221046,195,85.92382538134225,177.9790053802328,1,1,1,1,1,1,1,1,0,0,5.191984402613917,0
Pleasure,158.57660272922348,17.173761359433513,373,46.688981126253694,49.93702757082606,1,1,1,1,1,1,1,1,2,5,6.080410191683038,0
Business,87.67107854540988,7.338108914328522,232,15.833956814079736,94.85302166646696,1,1,1,1,1,1,0,1,0,0,3.472529357098294,0
Business,458.6705387387446,3.8963132897070207,26,72.52411928829912,119.54677853971549,1,1,1,1,1,1,1,1,1,0,6.475063308830943,1
Pleasure,221.89623094712772,19.57846870873847,302,44.352538641818676,105.1927050632372,1,1,1,1,1,1,1,0,0,0,7.977225988721052,1
Business,200.863733290906,14.582530997105804,451,116.65979943972249,44.914352373076,1,1,1,1,1,1,1,1,7,0,4.833429861499156,0
Pleasure,176.52533110505172,5.8750008109800955,44,68.08779103822678,195.89810259163093,1,1,1,1,1,1,1,1,1,0,8.172879912336724,1
Business,292.2366396631423,10.698560495074897,417,112.02302481394698,98.8389501056074,1,1,1,1,1,1,1,1,4,1,4.566550723377014,0
Pleasure,320.6519198876504,7.262224535490622,135,73.7073129234373,177.2923764221079,0,1,0,0,0,1,1,1,0,0,5.346135256931607,0
Pleasure,460.02753210461015,6.542910743762349,223,19.877251556862703,197.94611977438757,1,1,1,1,1,1,1,1,4,5,2.3383609562158365,0
Business,462.40147887257615,13.643299392827021,282,22.115471575878082,72.38345501923007,1,1,1,1,1,1,1,1,1,0,1.5524116491826359,0
Pleasure,182.59218920019535,3.721007037379007,373,92.17969413833904,233.31977980583292,1,1,1,1,1,1,1,1,3,3,9.042232774019384,1
Pleasure,451.1517446556426,19.09244468588421,14,113.16919468298347,106.7447737608169,1,1,1,1,1,1,1,1,2,4,1.8635027269763405,0
Business,272.2763752756305,11.766705580451482,483,46.43429054990646,113.31811318328498,1,1,1,1,0,0,0,1,0,0,1.0,0
Business,273.87637703499337,6.682005629149696,234,111.01732129128995,171.87962870468317,1,1,1,1,1,1,1,1,3,5,7.313916078918744,1
Business,158.7893584439128,5.267693458696147,408,34.84036394275561,94.03358143671655,1,1,1,0,1,1,0,1,0,0,6.379778657080519,0
Business,216.22072498470035,13.35445628406564,209,35.46154094475331,16.428937444414835,1,1,1,1,1,1,1,1,4,1,2.465414812315176,0
Business,424.174409398179,6.303148624927806,16,79.16773982623683,34.21509156898007,1,1,1,0,1,0,0,1,0,0,4.705148742789164,0
Business,127.67997055456932,6.4639450734244885,312,25.701746561052232,36.01027118428337,1,1,1,1,0,0,0,1,0,0,3.594714287409414,1
Business,484.8107981442821,16.93013828168757,314,61.45898106499237,112.90462055218639,1,0,0,1,0,1,1,0,0,0,1.0,0
Pleasure,85.63014120407597,4.822445798594403,248,45.49416085867896,65.58221342743096,1,1,1,1,1,1,1,1,1,1,6.512964378779864,1
Pleasure,498.211322840597,2.057045350898772,264,102.70289711145577,15.153872238768493,1,0,1,1,1,1,1,1,0,0,2.637260289112672,0
Business,365.85119127313885,17.147924583722453,71,110.54413819220062,14.079193590014306,1,1,1,1,1,1,1,1,5,1,2.8466414359290884,0
Pleasure,239.35169454169807,19.806513533574396,351,68.97023613611653,203.9433249635596,1,1,1,1,1,1,1,1,3,3,6.9948174273639125,1
Pleasure,260.74484289480785,12.84089505713771,8,116.03157848432019,146.97472837594148,1,1,1,1,1,1,1,1,0,1,6.157545898298568,1
Business,414.14486951382946,9.79220193825131,319,15.81397024124502,69.91961798078367,1,1,1,1,1,0,0,1,0,0,2.516700765930003,0
Pleasure,366.23373095744546,2.37463107864033,360,71.56640656346804,118.38730411795507,1,1,1,1,1,1,1,1,1,8,7.500283976640298,1
Business,426.7844973859122,10.345122217130422,228,62.712391415948396,55.381635765016114,1,0,1,1,1,1,0,1,0,0,3.0025185737080733,0
Pleasure,407.3709498606257,9.683179307017065,352,66.82864559242257,193.13966378796823,1,1,1,1,1,1,1,1,0,1,5.813758340278197,1
Business,60.82942205541613,4.426860980304861,462,28.9866332345953,6.657174201480739,1,1,1,1,1,0,0,1,0,0,6.2480930269405,1
Business,395.726204531398,4.282748040183977,24,16.024646823531555,57.06371394964676,1,1,1,1,1,1,1,1,1,2,5.735925572862664,1
Business,485.35662125845965,17.199762397072,311,77.54949749558384,219.01335025906263,1,1,1,1,1,1,1,1,4,1,1.0,0
Business,204.07452896796676,19.31023918077991,317,86.61741154894888,203.87239807939042,1,1,1,1,1,1,0,0,0,0,1.0,0
Pleasure,152.68420600773612,9.767402939153392,460,62.86672952426639,117.34917094312853,1,1,1,1,1,1,1,1,0,0,9.221041880005405,1
Pleasure,224.41960233549096,7.231275433918931,227,66.58673942316666,44.75933103016884,1,1,1,1,1,1,1,1,0,0,7.120151747070843,0
Business,118.47439680316373,10.008388382739062,95,44.72619629102429,110.58176638989565,1,1,1,1,1,1,1,1,2,0,3.4936629596406643,0
Business,261.28564921051924,17.282048309498343,341,29.100132873760554,29.316634868145535,1,1,1,1,1,1,0,1,0,0,1.0,0
Pleasure,304.0406344080897,6.951483627268715,246,70.56169384819032,85.09714938267591,1,0,1,1,1,0,1,1,0,0,6.7741140696702224,0
Business,462.8796785392504,2.299434757997638,400,86.15263635925014,147.27464334307462,1,1,1,1,1,1,1,1,6,3,9.606889806167905,1
Business,441.32451397982885,11.638926753359108,469,35.35994369994024,74.4115674098973,1,1,1,0,0,1,1,1,0,0,1.0,0
Pleasure,399.21004890814805,3.3388970868034606,95,117.04338106620222,181.02145497554517,0,0,1,1,0,1,1,1,0,0,5.90443262622358,1
Pleasure,204.6736752197347,18.726884177823703,39,88.69919652222971,194.6670712244272,1,1,1,1,1,0,1,1,0,0,5.314105030002255,0
Business,457.2938916669315,5.040630274048812,124,115.77310963557261,211.38966374256782,1,1,1,1,1,1,1,1,5,1,7.090111131046962,0
Pleasure,172.53136894626797,13.823108993251596,14,56.88920510169276,49.36961886097538,0,0,1,1,0,1,1,1,0,0,5.851427206860702,1
Business,253.89992066712048,12.994853602271855,168,42.152764476104174,124.03741485834064,1,1,1,1,1,1,1,1,7,1,2.651239230587204,0
Pleasure,239.3333386662135,3.3567335776895257,136,79.45364903721907,135.77070685110587,1,1,1,1,1,1,1,1,1,4,6.926191133336805,1
Business,353.90614095263277,14.238710386441173,352,76.07490932479395,105.81375426242334,0,1,1,1,1,0,0,1,0,0,1.0,0
Business,404.85532098688924,5.156140944689101,393,20.497356454664164,209.03553372963492,1,1,1,1,1,1,1,1,1,0,4.293614881897939,1
Business,324.35493534675487,14.182044173135267,6,102.52722663151081,154.82113150969064,1,1,1,1,1,1,1,1,0,0,2.8347899750843295,1
Business,435.33272302054473,19.20900400546172,123,64.464761988333,193.99121484277617,1,1,1,1,0,1,0,1,0,0,1.0,0
Business,390.10401251455437,8.907532948671367,11,52.050999993905286,149.64229663913122,1,1,1,1,1,1,1,1,0,0,1.5736499181264514,0
Business,456.59723205442515,1.1145749767615065,340,115.3899046007228,133.25269885166583,1,1,1,1,1,0,0,1,0,0,7.350390069404945,1
Pleasure,336.78907747168114,17.680305148330284,22,38.314363421683176,136.03281414899777,1,1,1,1,1,1,1,1,0,0,4.921350846636022,0
Pleasure,215.36457279078994,16.792254531008407,61,42.322816129821405,97.83421300105034,1,1,1,1,1,1,1,1,3,4,5.532207123622222,1
Business,415.5864248117672,19.080091284349518,202,17.14767257244155,56.05513614289751,1,1,1,1,1,1,1,1,2,1,1.0,0
Pleasure,441.0806666034114,1.1492808363017248,391,36.403327780544366,62.418625904415165,1,1,1,1,1,1,1,1,0,0,3.793487190786307,0
Pleasure,60.65864465692628,12.382302652259598,319,41.06448528588209,28.957319458487866,1,1,1,1,1,1,1,1,3,1,6.122732766445617,0
Business,314.3238864713377,14.917213752390715,130,24.564083221458702,218.98031600419876,0,1,1,1,0,0,0,1,0,0,1.0,0
Business,492.17385273535905,4.006025195496534,195,33.802063894854626,124.65473805728796,1,1,1,1,1,1,1,1,8,0,6.895954350187659,1
Business,195.91351133089657,2.571996948748536,71,63.837864833803096,89.97559489218997,1,1,1,1,1,1,1,1,2,0,6.915390520590522,0
Pleasure,314.7572316354415,8.42755494025701,209,96.14992149068917,239.85588112899543,1,1,1,1,1,1,1,1,1,1,5.798856450089201,0
Business,246.91756377402092,15.980943073832565,76,38.765999127650275,124.37753215203566,1,1,1,1,1,1,1,1,2,0,1.0,0
Business,161.0054162765297,12.199517995311338,53,44.98647363788155,229.76052780461163,1,1,1,1,0,1,0,1,0,0,1.0,0
Pleasure,196.64237099757423,2.906157972037049,304,86.44080012832106,168.0670641793074,1,1,1,1,1,1,1,1,1,0,10.0,1
Business,105.81653202420542,18.43079841077421,33,43.5681329922223,88.12884100587375,1,1,1,1,1,1,1,1,6,1,1.5902126916743806,0
Business,354.1477789918348,18.649438663934728,172,18.840243766326836,139.6222900383356,1,1,1,1,0,0,0,1,0,0,1.0,0
Business,82.54107457179624,18.47087414388984,493,93.70142429580079,48.226285963208866,1,1,1,1,1,1,1,1,0,0,1.0,0
Pleasure,98.94432479857437,4.00791932783102,175,115.47608494092826,21.881273155784946,1,1,1,1,1,1,1,1,0,1,8.400482301702464,1
Business,126.16662650064609,0.39071440069617047,149,17.864902504813188,65.40650050041637,1,1,1,1,1,1,1,1,7,0,9.525443905840536,1
Pleasure,145.8964928458561,9.027814320665168,256,29.007823657677864,226.8684743380776,1,1,1,1,1,1,1,1,2,3,7.288987337356382,1
Business,336.4382967593968,5.25072040690249,458,82.21667798117429,86.41677728753882,1,1,1,1,1,1,1,1,2,2,6.128525687209465,0
Business,131.0527156053779,1.085664259546597,255,36.0967894999067,46.80667355915993,1,1,1,1,1,1,1,1,2,0,6.964478143056697,1
Pleasure,453.58650236349956,16.562657420074505,368,102.83133801319218,52.82005459631861,1,0,1,1,1,1,1,1,0,0,4.214844469605839,0
Pleasure,279.61619046821477,0.5149864731022102,114,30.850516264032947,108.87619459898036,1,1,1,1,1,1,1,1,2,2,6.665472105736151,0
Pleasure,154.77910487568246,4.812165794411305,9,18.421713708936817,129.99333423740282,1,1,1,1,1,1,1,1,4,5,5.919291086032241,0
Business,261.81793557773017,18.33517527484212,57,17.182257335786616,32.05987014288334,1,1,1,1,1,1,1,1,3,1,1.0,0
Business,99.95736757076001,9.977557643700958,3,32.22777886443915,114.76912645672742,1,0,1,0,1,1,0,1,0,0,1.2067648746507582,0
Business,418.7221897079795,3.690360921382787,4,103.56290545983285,176.06290497453847,1,1,1,1,0,1,0,1,0,0,5.255693757426877,0
Pleasure,296.43966185569803,2.8083445466780477,365,84.5627725640866,43.82901717688923,1,1,1,1,1,1,1,1,4,3,9.384072458708383,1
Business,340.84890019806375,3.8982417753840415,21,62.87647666960311,118.41244481521773,1,1,1,1,1,1,1,1,3,3,7.009074973730601,1
Pleasure,237.44549761797845,5.104543305261546,169,20.084552837867868,167.82716155676124,1,1,1,1,1,1,1,1,1,0,6.684195024113602,1
Business,85.08776772334302,18.462911671067694,261,23.548840124317906,55.77471087990417,1,1,1,1,1,1,1,1,0,0,1.0,0
Pleasure,458.3697949602942,4.258740247846157,334,53.237823590677436,176.99890494436787,1,1,1,1,1,1,1,1,3,5,4.965235484814656,0
Pleasure,469.91291593341276,14.14968135929569,184,57.09072244250346,226.49811511626626,1,1,1,1,1,1,1,1,1,6,1.0,0
Pleasure,383.7427000940489,2.9883492946875445,393,118.9353192129983,7.089963224488207,1,1,1,1,1,1,1,1,0,0,7.9756395851055775,0
Pleasure,312.25288879332373,1.2252952298883302,62,105.57539646895604,179.55913754880237,0,0,1,1,1,1,0,1,0,0,7.530145094880564,1
Business,361.54130238390644,9.058809755341162,16,93.43324480275079,217.07647834307164,1,1,1,1,1,1,1,1,2,1,4.28538803110516,0
Business,189.55143358411138,15.529263365544313,394,78.33452125027713,173.32309361506776,1,1,1,1,1,1,0,1,0,0,1.0,0
Pleasure,458.36912892416524,3.9800231673811126,122,67.1678782681593,72.05916640606961,1,1,1,1,0,1,1,1,0,0,1.060307639218732,0
Business,434.75274256863844,11.288586901064248,127,51.706553969273074,162.55892768872343,1,1,1,1,0,0,0,1,0,0,1.0,0
Business,446.41856184369493,0.7393502745774283,31,27.951200210960263,75.48832355759443,1,1,1,1,0,1,0,1,0,0,5.1945407536246755,0
Pleasure,266.9920706506005,17.119308623396414,10,28.48004575305297,127.26762699957119,1,1,0,0,0,0,0,1,0,0,5.138801108415368,1
Pleasure,151.85215127946702,8.953628677860145,314,100.30108279103439,165.0100890097824,1,1,1,1,1,1,0,0,0,0,8.950686278556663,1
Business,99.18401904025849,11.330176098142665,151,117.52921970572112,158.42834121580128,1,1,1,1,1,1,0,1,0,0,3.2174716378062893,1
Pleasure,383.6576418162295,2.6259529305161333,26,65.34153043480524,80.9690258475101,1,1,1,1,1,1,1,1,2,2,5.154115705034582,0
Pleasure,306.9435192159459,2.745890520961789,481,44.03435404132514,89.44255993555136,1,1,1,1,1,1,1,1,0,0,9.222236609817402,0
Business,337.0241608481966,16.530370874464005,469,102.20812847245877,22.630623846274897,1,1,1,1,1,1,1,1,4,1,1.2979782557069268,0
Pleasure,397.6167356636652,8.815019659306664,49,63.6797161675405,94.37729674428633,0,0,1,0,1,1,0,1,0,0,2.678369879649907,0
Business,96.93222240882068,14.63363379322746,79,118.54847532129587,164.22024220386388,1,1,0,0,1,0,0,1,0,0,1.0,0
Business,134.63419981836594,4.996921709061555,350,97.42445480194274,40.72441921702368,1,1,1,1,1,1,1,1,1,2,7.13774251723478,1
Pleasure,166.10242372217698,19.78677732701564,250,21.758593363162078,175.96974480531904,1,1,1,1,1,1,1,1,3,1,5.648400563665962,0
Pleasure,360.95496073627464,2.864359822026965,303,104.43865854223202,13.788063294446307,1,0,1,1,1,1,1,1,0,0,8.025473762100711,1
Business,422.11407105205205,17.309187709417714,486,78.057851988709,181.61493392169274,1,1,1,1,1,1,1,1,5,1,1.0,0
Business,122.41900818555452,13.983778959509381,393,75.18378435782033,94.71182214654017,1,1,1,1,1,1,1,1,5,0,2.3199095563446943,1
Business,303.81303150838136,13.820641924649733,24,23.344184986691815,24.128120575821907,0,1,0,1,0,0,1,1,0,0,1.0351551368988892,0
Business,268.2224331399578,12.697691507500961,75,113.50497415252352,62.50153565328372,1,1,1,1,1,1,1,1,1,1,3.413324223369681,0
Pleasure,139.6232978529678,17.247308108317615,160,117.74782264028056,65.23144951648457,1,1,1,1,1,1,1,1,0,1,6.488831715309042,1
Pleasure,306.85827784028976,10.494024109279414,240,103.90395981063871,28.9775175171746,1,1,1,1,1,1,1,1,4,3,8.117276011677092,1
Business,332.84229956720486,7.824388414914754,148,117.67741701583911,195.21577133937896,1,1,1,1,0,0,0,1,0,0,2.5469472726579454,0
Business,223.2309577245123,4.477136037738365,423,30.866077336584983,131.07431074090871,1,1,1,1,1,1,0,1,0,0,5.111022287654542,0
Business,305.05373979504037,19.024023859154976,446,109.18402862045049,5.066939307241331,1,1,1,1,1,1,1,1,1,0,1.0,0
Pleasure,165.34589465631498,14.957210462878098,417,111.86942491227104,177.08098238392233,1,1,1,1,1,1,1,1,0,0,8.890996971256168,1
Business,212.79950130141202,13.979907058187687,289,56.20667525862324,126.7861773123285,1,1,1,1,1,1,0,1,0,0,1.8032684947961464,0
Pleasure,260.98922852893196,14.09663301509122,467,109.32244413045956,136.99565721907697,1,1,1,1,1,1,1,1,0,1,7.5103235408962785,1
Pleasure,106.56145182758172,13.40392325855124,36,67.43970119329377,78.65017507554994,1,1,1,1,1,1,1,1,0,0,6.078189619337645,0
Business,256.6458540738499,4.287718441748288,267,20.086432694772718,36.083205689596625,1,1,1,1,1,1,1,1,8,1,7.494694750928436,0
Pleasure,493.0415264641056,17.11712127002645,275,57.42778569340288,157.4933512473095,1,1,1,1,1,1,1,1,1,4,1.0,0
Business,68.9474324106754,7.5592060659025755,216,63.41714904936319,40.1748041362803,0,1,1,1,0,0,0,1,0,0,4.216231266787435,0
Pleasure,149.91227166631882,11.266073331606343,392,19.762732093000146,219.3600277045742,1,1,1,1,1,1,1,1,0,0,7.193776049848047,1
Business,65.58978500928808,4.980988806044275,48,97.30341865851578,179.41954477157284,1,1,1,1,1,1,1,1,3,0,7.1662147971093955,1
Business,431.14753439519023,13.413577428984487,227,55.874318747646186,203.1557490985116,1,1,1,1,1,1,1,1,2,1,1.1432724791537545,0
Pleasure,462.2193736989545,11.074518535861523,284,80.90916194686096,188.45872374350182,0,1,0,1,1,0,0,1,0,0,2.5507317435653003,0
Pleasure,163.45115869784573,5.514233403893272,463,71.6604204922497,88.53082511384052,1,1,1,1,1,1,1,1,2,3,10.0,1
Pleasure,116.13025490033306,9.317283574768247,367,49.83937042869068,199.13695175477096,1,1,1,1,0,1,1,1,0,0,7.835998721259411,1
Pleasure,416.3229494219338,6.020363923542171,274,52.460584762352475,33.04417764745513,1,1,1,1,1,1,1,0,0,0,4.770199278072119,0
Pleasure,228.4664724595111,1.4952645616563287,118,97.64133420501999,36.37338460656087,1,1,1,1,1,1,1,1,1,3,8.833539051323076,1
Pleasure,170.17480921676307,10.353994000129669,341,79.91617680403562,71.56665470935118,1,1,1,1,1,1,1,1,2,3,10.0,1
Pleasure,216.27308434714448,1.7484935359981768,440,50.69521384506038,42.371410031209194,1,1,1,1,1,1,1,1,6,2,10.0,1
Pleasure,345.25644176658943,4.117115457673686,419,104.66917721197902,212.51860008064406,1,1,1,1,1,1,1,1,0,1,8.5463788465372,1
Business,490.7229730972567,1.7494541476318326,500,27.48465768880698,73.79355446840873,1,1,1,1,1,1,1,1,4,1,8.237989680944741,1
Business,366.3914340630986,0.8299198647602957,443,110.05511430060295,95.38767543628204,1,1,1,1,1,1,1,1,5,2,10.0,1
Business,308.6421585712312,11.756818895760443,294,82.13549984370489,223.0235384638043,1,1,1,1,1,1,1,1,0,0,3.021454441397934,0
Pleasure,128.18185770779962,0.7338273989345412,79,25.20532072532192,156.1083582327395,1,0,1,1,1,1,0,1,0,0,6.2394280124329295,1
Pleasure,301.7675999158216,1.3788601120570498,491,84.24835287134124,92.63074191269536,1,1,1,1,1,1,1,1,3,2,8.997488720738609,1
Pleasure,407.06317733847874,3.752997155892459,350,51.168800763187555,216.80855421021636,1,1,1,1,1,1,1,1,4,5,5.421113546134986,0
Business,165.91678513189711,2.3336409117355084,363,90.8391391996752,85.7123884642896,1,1,1,1,1,1,1,1,4,2,8.930491540927491,1
Business,323.52624462515905,9.161560045564501,447,43.867706614998134,164.26452789116703,1,1,1,1,1,1,1,1,1,1,1.0,0
Pleasure,181.1226830307926,17.96371263388317,163,58.16173772578766,161.07384768156692,1,1,1,1,1,1,1,1,0,0,5.147706366567475,1
Pleasure,299.5749108877893,19.832401454263145,331,28.512672483641378,161.7872635444949,1,1,1,1,1,1,1,1,2,3,4.401724472923431,0
Pleasure,218.8619030562181,4.70923417638698,476,63.766359862499094,79.1596597988649,1,1,1,1,1,1,1,1,3,2,8.99854184469935,1
Pleasure,238.2520701888617,4.94227988945005,312,20.809628504830602,97.71676092748108,1,1,1,1,1,1,1,1,1,0,8.70774630946157,1
Business,315.96477718252584,5.956924863827144,423,17.748022324257313,65.23000147196076,1,1,1,1,1,1,1,1,4,0,5.529542247314913,0
Pleasure,143.10825510320586,3.593459094814242,228,26.032113749616112,51.09299472505015,1,1,1,1,1,1,0,0,0,0,8.310151315563473,0
Business,221.7870940254977,6.370314219481497,480,41.60456172950081,201.09578031269433,1,1,1,1,1,1,1,1,7,1,7.068599066141269,1
Business,259.58789218048855,12.911146561988371,309,17.74320564639462,181.84221197117643,1,1,1,1,1,1,1,1,0,1,1.384550066550222,0
Business,388.14568544094357,10.722042067393428,155,56.50149881626558,47.949525984692905,1,1,1,0,0,1,0,1,0,0,1.1365693892738413,0
Business,197.52967744146764,3.0216974153544474,125,88.32771448881876,235.21716643072193,1,1,1,1,1,1,1,1,8,1,8.123163620362734,1
Business,115.66794060506972,10.41276245301862,417,49.726365492433565,226.64584771717898,1,1,1,1,1,1,1,1,1,0,3.4955219022852417,0
Pleasure,460.6859609210466,6.601460992857291,253,62.878275980002954,63.20745448067225,1,1,1,1,1,1,1,1,0,4,3.3742868647661437,0
Business,246.02947009821315,17.79556606701463,260,27.642127421664725,190.711038524577,1,0,1,0,0,0,0,1,0,0,1.0,0
Business,226.85017746361262,0.2291015925299944,158,60.299498818877716,187.7631312585616,1,1,1,1,1,1,1,1,3,1,9.402910458465072,1
Pleasure,226.49482867523255,11.15987047721305,186,60.96176527861511,68.21097742322203,1,1,1,1,1,1,1,1,1,2,7.492655741140626,0
Business,363.43950436505594,3.6707797103120976,449,95.97737577425357,36.379268487352164,1,1,1,1,1,1,1,1,2,3,8.24008411995271,1
Pleasure,257.0716014566831,13.152646235242875,364,24.166739296031416,235.44061441516783,1,0,1,0,0,1,1,0,0,0,6.8576026935260375,0
Business,265.78885997639514,16.461225425511266,339,94.5995846714258,55.19956114249509,1,1,1,1,1,1,0,1,0,0,1.0,0
Business,117.31971208057273,8.918059671731376,85,119.31237914261331,49.17676610114964,1,1,1,1,1,1,1,1,0,1,4.932315372635769,0
Pleasure,103.68522692985705,8.181965633485966,321,84.2805948386933,130.5205923119963,1,1,1,1,1,1,1,1,2,6,8.883803226977806,1
Business,377.01302379324966,3.645409521121461,470,22.785044426242045,178.14070777279727,1,1,1,0,1,0,0,1,0,0,4.36749471690003,0
Business,104.93503513509583,6.224071672403351,392,102.68767747673795,120.34782087136551,1,1,1,1,1,1,1,1,6,2,9.065985214701783,1
Pleasure,401.54797497567637,9.445532602018968,447,18.366028882422864,229.89003171885807,1,1,1,1,1,1,1,1,2,3,4.512980155229892,1
Pleasure,418.2669673160397,13.296596800212644,433,58.405062834691215,104.45885202956502,1,1,1,1,1,1,1,1,0,6,4.940183045753378,0
Business,284.25469798289225,1.4542236763352978,358,61.67934291329133,184.9473011346125,1,1,1,1,1,1,1,1,2,0,7.189463340065689,1
Business,94.97141876033852,3.33642639427014,143,99.01427070174229,154.37894089395624,1,1,1,1,0,0,0,1,0,0,6.601038681396163,0
Business,74.7007748133277,5.375291552471788,471,92.78110694396075,191.49355666159423,1,1,1,1,1,1,1,1,7,1,7.652409995332214,1
Business,167.3679591276729,11.733032389585796,497,28.828266293270087,118.65117562307661,1,1,1,1,1,1,1,1,1,0,3.0369875737834526,0
Pleasure,135.57750480552383,2.029912613284377,339,114.44199384768287,232.17026120858984,1,0,1,1,1,1,0,1,0,0,9.133065426968166,1
Pleasure,207.35690991060002,10.83753765346481,387,23.241618375674683,50.05039378508314,1,1,1,1,1,1,1,1,0,3,9.403836069385314,1
Pleasure,158.58199071654644,1.5049979602905772,431,112.96214136436906,106.09052345080158,1,1,1,1,1,1,1,1,0,1,9.66180276676565,1
Business,417.3160725094119,1.5948790602204022,140,117.5980648429759,25.715872709226655,1,1,1,1,1,1,1,1,1,5,9.921719226641553,1
Business,414.72208718682367,7.920129453808742,350,83.1079207548924,169.4627450617886,1,0,1,0,1,1,0,0,0,0,3.7863976380234448,0
Pleasure,337.08732890837763,14.77130508691143,364,15.945737063938441,219.34751633750366,1,0,1,0,1,1,1,1,0,0,4.928145748337671,0
Pleasure,143.0160569300196,5.853245909879307,496,104.77226678175477,51.432975645151146,1,1,1,1,1,1,1,1,0,2,10.0,1
Pleasure,64.75001567164558,7.241927355055358,468,80.94461632157288,126.22574194217691,1,0,1,1,1,1,0,1,0,0,7.102906575968977,1
Business,426.20272078178573,10.12765912144377,73,59.41102101312942,30.790810067333265,1,1,1,1,0,0,0,1,0,0,1.8328432546535198,0
Business,482.7280925128367,19.046198873007775,310,73.11849481174285,44.74943225126538,1,1,1,1,1,1,1,1,4,1,1.0,0
Business,423.93376147441603,1.6149309955200453,155,117.75134998648987,26.54025530808727,1,1,1,1,1,1,1,1,7,1,8.767400401023309,1
Business,442.83304592525684,11.568363606828969,71,71.23270803069332,98.04067799231142,0,1,0,0,1,1,1,0,0,0,1.0,0
Pleasure,86.72230533518903,14.772645216784877,310,20.29703149539501,130.17417266470775,1,1,1,1,1,1,1,1,2,1,5.80085102690472,1
Business,211.60282960634993,18.324099464737927,74,28.3928635218524,131.6170168516844,1,1,1,1,1,1,1,1,2,0,1.0,0
Pleasure,210.77316895296232,1.201530195727727,185,104.70719162236392,197.34630172329273,1,1,1,1,1,1,1,1,0,2,8.654933500438302,1
Business,427.204817513887,6.930232011764799,357,97.7793077539871,220.4991279121115,1,1,1,1,1,1,1,1,4,0,6.7014544411395045,1
Business,117.96437100205652,7.670905562696257,328,75.69637136212664,142.21885778691845,1,1,0,1,1,0,0,1,0,0,4.225614177459832,0
Business,387.68401307122,0.1467668119907839,437,92.90816462368596,7.690214823315465,1,1,1,1,1,1,1,1,5,1,9.516221666380076,1
Pleasure,206.37594171320757,6.8924272754727856,20,29.95316192770139,167.0934897397825,1,1,1,1,1,1,1,1,1,1,6.062455206680049,1
Business,439.3177547227651,6.339736496325812,112,26.360328976854323,140.76624895383725,1,1,1,1,1,1,1,1,4,1,6.5136785889008575,1
Pleasure,481.02620243028906,15.042023453530874,437,35.73379898318021,181.78867651457682,1,1,1,1,1,1,1,1,1,3,1.3117530734613991,0
Business,158.5670618654127,8.628820860868686,487,71.24354324282781,54.770431722405135,1,1,1,1,1,1,1,1,2,1,3.914996117599843,0
Pleasure,360.4282887741314,11.268212522164006,106,40.808857453417,109.26954188911017,1,1,1,1,1,1,1,1,1,3,4.103261330453572,0
Pleasure,447.8543699330671,11.02956424013911,100,17.16493975805728,14.473652386951596,1,1,0,1,0,1,0,0,0,0,1.3813613096908255,0
Business,271.2154475060403,0.014590492413262268,269,111.74804224631502,142.6710341663715,1,1,1,1,1,1,1,1,0,1,9.491520355527065,1
Pleasure,372.1976190193167,12.834417776150879,218,31.046299390328002,33.47220925652708,1,0,1,1,1,1,1,1,0,0,3.3516434193574924,0
Business,393.0091268846605,1.9601267453122828,42,95.69211163828744,51.12163316038245,1,1,1,0,1,1,0,0,0,0,6.035380430046823,0
Business,239.1066883340196,7.548852934712871,102,40.406790960136796,117.91581892313151,1,1,1,1,1,1,1,1,1,0,2.8756092686878256,0
Pleasure,155.48656377738783,3.2845789180324814,65,82.86209942863381,93.08920264847826,1,1,1,1,1,1,1,1,2,1,8.823010473766203,1
Business,228.33512228790465,12.65670598372845,495,49.72026637201867,115.20672330371367,1,0,1,1,1,1,0,0,0,0,2.056316568685694,0
Business,114.90966636886861,13.477119813572818,436,59.26345848542165,177.56629000592898,1,1,1,1,1,1,1,1,7,0,1.8692226447444267,0
Pleasure,322.72915617825925,12.198051721279057,219,105.35416691149067,11.793394397108493,1,0,0,1,0,1,1,0,0,0,5.371843527259677,0
Pleasure,425.96492610017583,16.844295969846407,358,36.19611475047057,171.57280263897698,1,1,1,1,1,1,1,1,1,2,2.392157903909987,0
Business,285.90864390614314,19.979748756592752,331,33.57792638266329,20.79452215955272,1,1,1,1,1,1,1,1,1,0,1.0,0
Pleasure,234.24403438556698,19.479179723769835,493,60.96976024878018,202.54765185316253,1,0,1,0,1,1,1,1,0,0,8.256115280550166,0
Business,298.2101543478625,5.440348381419424,228,78.96740961075847,51.50265438324716,1,1,1,0,0,1,0,1,0,0,5.3209098717434165,1
Pleasure,88.95154325732832,12.746400597274803,169,35.88157125445723,136.26543523587705,0,0,1,0,1,1,1,0,0,0,5.366363238607881,0
Business,202.8970011835408,8.167329527687698,186,109.00198463253516,226.86164284474467,1,1,1,1,1,1,1,1,4,0,4.803342215097936,0
Business,238.14104113859327,15.054540326633273,364,98.2092335335847,137.85743346108444,1,1,1,1,1,0,0,1,0,0,1.1000361086125712,0
Pleasure,187.4742057616475,1.2640137572021781,25,94.34752806500053,38.745374641892695,1,1,1,1,1,1,1,1,1,3,7.670552762605071,1
Business,137.1972872271,0.5613973829656871,429,107.74179376804175,29.459125659639977,1,1,1,1,1,1,0,1,0,0,8.985919074263004,1
Pleasure,207.62040116728517,3.3426258222356053,134,118.55727798424803,210.28654253261126,1,1,1,1,1,1,1,1,1,2,9.00505655198458,1
Business,142.1654365232411,10.079911665629604,404,106.70114352254788,198.37564141106847,1,1,1,1,1,1,1,1,6,1,5.984660183094167,0
Pleasure,370.9659363518417,17.195203186193694,446,45.50555939517349,45.818568099354664,1,1,1,1,1,1,1,1,0,2,5.001005424814494,1
Business,246.9540627974543,18.512065715357434,18,50.70875884369223,117.75377099386425,0,1,0,0,1,1,0,1,0,0,1.0,0
Pleasure,80.59334186451873,8.877526655850126,208,19.695513669827765,36.3602017033582,1,1,1,0,1,1,1,1,0,0,6.055438005444264,0
Business,288.38024407700726,4.6591500084592035,499,41.74821417347253,62.968476696710106,1,1,1,1,1,1,0,1,0,0,6.086351426558091,0
Pleasure,242.47615765602515,5.229600645755374,126,104.8844431376852,173.4528244125665,1,1,1,1,1,1,1,1,1,0,8.361184588068523,1
Business,229.1152712931418,17.133761905169756,115,113.3435863007858,86.40861300940371,0,1,1,1,0,0,0,1,0,0,1.0,0
Business,350.094708517024,13.546028339904595,83,96.29963532804098,193.68538390725232,1,1,0,0,0,0,0,1,0,0,1.0,0
Pleasure,172.29210653027573,16.58741784153039,470,100.71765939606338,170.6021962923467,1,1,1,0,1,1,1,0,0,0,8.1185944634102,1
Business,462.7690127868327,14.642503981992835,110,47.597653999419194,178.91606124622706,1,1,1,1,1,1,1,1,3,1,1.8745310822889212,0
Business,383.08820023371356,10.126104756365155,139,56.387622913924616,101.63326484045263,1,1,1,1,1,1,1,1,4,2,4.1170506350595115,0
Business,427.68802226153485,7.571298319020514,383,65.43370268989065,87.11446182765908,1,1,0,1,0,0,0,1,0,0,3.730838973816753,0
Business,290.67026860495184,16.7671358940423,216,59.56503389244813,74.30806769860698,1,1,1,1,1,1,1,1,7,0,2.058078691339973,0
Pleasure,208.09197530641111,12.69485766188193,92,96.2132917678239,190.43547622802072,1,1,1,1,1,1,1,1,0,2,6.36707008354604,1
Business,332.1699746955084,19.327075743395703,117,100.30723718760026,156.22110249154466,1,1,1,1,1,1,1,1,0,0,1.0,0
Business,275.65102333163577,4.805814170015424,327,73.08810011261755,105.33893417880326,1,1,1,1,1,1,1,1,5,1,6.6752065931021125,1
Pleasure,400.60061647801814,9.353354799261506,306,93.24433798412282,132.14713994644336,1,1,1,1,1,1,1,1,1,0,5.577359912968655,0
Business,151.45215361837944,0.4833362931033691,62,42.88704787068221,90.69108058428161,1,1,1,1,1,1,0,1,0,0,6.1972639310479885,1
Pleasure,350.1378312519631,14.218065746112472,119,52.09307286637043,20.69474529782907,1,0,1,1,0,0,1,0,0,0,5.059926110242045,0
Business,493.9247518439063,15.909603260857416,307,66.385583941359,187.3296902804626,1,1,1,1,0,1,1,1,0,0,1.0,0
Business,249.8907661626653,11.778957987591895,155,109.09247926020954,190.56608208479955,0,1,1,0,1,1,0,1,0,0,1.0454400955186793,0
Business,491.69115005808806,10.312434314453958,174,92.17133815592175,214.97330307982256,1,1,1,1,1,1,1,1,2,0,2.7056246177983363,0
Pleasure,368.7046926623482,2.840916459894458,88,24.750857218397936,27.92887972188664,1,1,1,1,1,1,1,1,0,1,4.934289300685098,1
Pleasure,85.30944710522954,8.364034594731834,198,102.58100221025032,114.94297565555495,1,0,1,1,0,1,0,1,0,0,6.207597730335288,1
Pleasure,242.52982098170585,10.727170535707259,216,101.5026991825652,105.37177747491408,1,1,0,1,1,1,0,1,0,0,7.561607782663518,1
Business,442.36881690046243,3.544741732323262,407,115.03781451926339,222.52181792449974,1,1,1,1,1,1,0,1,0,0,6.983750889955903,0
Business,296.3673857798245,6.9275080228725505,172,82.07289628072128,213.9706030679909,1,1,1,1,1,1,1,1,4,1,5.815364826932411,0
Pleasure,437.58719369691744,12.267351674510913,189,37.476452002751614,154.4369791151233,1,1,1,1,1,1,0,1,0,0,1.9884829479729977,0
Business,173.2625596617759,17.285945637099896,341,82.93520712530407,79.44359017202694,1,1,1,1,1,1,1,1,3,0,1.2676349270860978,0
Pleasure,350.2718167748784,8.114063380654335,491,15.667529746880355,16.653297244725366,1,1,1,1,1,1,1,1,0,0,6.5793069929644865,1
Business,420.4340387671325,17.95829486077389,450,113.28214639300998,115.94639136730764,0,1,1,0,0,0,0,1,0,0,1.0,1
Business,316.0070951220879,3.7971109332064934,150,105.69912216084137,146.9702632307675,1,1,1,1,1,1,1,1,3,0,6.885852607947175,0
Pleasure,246.42353377789095,11.109720580345146,154,40.573560257396544,218.92635118766282,1,0,1,1,0,1,1,1,0,0,6.4139366549744725,0
Pleasure,299.33260327017354,5.397899755099647,425,17.84289807351449,86.9537851477727,1,1,1,1,1,1,1,1,1,1,7.99014397405629,1
Pleasure,109.14175978158332,4.783216785301807,130,64.31691076048928,182.9486220230079,1,1,1,1,1,1,1,1,4,3,5.887567203453897,1
Pleasure,165.08320045124384,19.67519182535396,356,53.330381735780975,86.72934907897476,1,0,1,1,1,1,1,1,0,0,8.711678747046275,1
Pleasure,359.81408757768503,1.4465972688598439,496,21.061929495329043,200.93289294179635,1,1,1,0,1,1,1,1,0,0,6.132876761524202,1
Business,264.1217127036555,0.2899817165639096,186,54.2163650652447,193.65731061232833,1,1,1,1,1,1,1,1,6,2,9.302991709178487,1
Business,119.01679143623988,8.324303356053475,498,116.95465117640823,23.202220470275282,1,1,1,1,1,1,1,1,7,1,6.841264702620356,1
Pleasure,287.54670569286117,4.067692818006141,262,28.50527462524263,178.27963006445566,1,1,1,1,1,1,1,1,5,2,8.420358992403692,1
Business,294.346279080567,4.909227201974815,11,79.27920066652156,173.66728171082335,1,1,1,1,1,1,1,1,2,0,5.38755875138511,1
Business,189.78731218174872,16.782881473999872,255,18.015932862060584,179.83396665851325,1,1,1,1,1,1,1,1,0,0,1.0,0
Pleasure,70.65842937051798,18.705887637194593,214,65.09989688872601,125.11938464984611,1,1,1,1,1,1,1,1,1,0,4.211585118787183,0
Pleasure,457.47433381827915,1.2665491546065533,445,48.95682770560711,52.80335972432144,1,1,1,1,1,1,1,1,2,5,4.240354514990257,0
Business,403.31641806799496,7.617877911818189,131,23.461145208451757,39.211441272119686,1,1,1,1,1,1,1,1,5,1,4.883758018179299,0
Business,261.0127607832679,8.006685533973023,476,87.47372769260862,26.469518987973462,1,1,1,1,1,1,1,1,3,1,6.571704388507878,0
Business,219.8761725074391,2.793275542843543,217,30.350439301758037,225.29657541535286,1,1,1,1,1,1,1,1,2,0,7.1746699079018255,1
Pleasure,252.30137874719026,19.711380773410923,244,28.484747889625428,119.65932906213808,1,0,1,1,1,1,1,1,0,0,5.5202140636866845,0
Pleasure,259.0909788946878,6.158838711266858,11,116.27904071898925,118.81514889147593,1,1,1,1,1,1,1,1,0,2,7.65856805171412,1
Business,215.38814565912577,9.117015325118148,19,26.8938028247413,206.53539815586052,1,1,1,1,1,1,1,1,2,0,2.9678234267561407,0
Pleasure,440.47495590344533,13.405264399711598,136,82.17478898523947,31.018826187755447,1,0,0,1,1,1,1,1,0,0,1.4815707075579931,0
Pleasure,368.14296226112833,5.029561847789257,367,78.4371726328119,80.57311127096206,1,1,1,1,1,1,1,1,5,4,7.980574514096864,1
Pleasure,417.54673593905846,4.6873193429108095,252,96.1630645839712,166.6268366337742,1,1,1,1,1,1,1,1,2,5,4.991215406706541,0
Pleasure,123.32523524819861,16.425510761361704,354,47.4736011174756,217.51174568241103,1,0,0,0,1,1,0,1,0,0,5.138665515370229,0
Business,141.7643169180963,8.296998552189327,7,24.608081801376663,60.235470519076635,1,1,1,1,1,1,1,1,1,0,2.1946452019153067,0
Business,237.79216859662407,5.738633176819912,171,32.25767511773601,137.49499841393555,1,1,1,1,1,1,1,1,2,1,5.500135773658566,1
Pleasure,441.5677157644877,11.844658457925688,190,98.45012776103692,224.2302448110203,1,1,1,1,1,1,1,1,0,1,2.712807315231041,0
Pleasure,207.4304931160186,7.9991242157340565,97,39.9275640210128,85.5081747984215,1,1,1,1,1,1,1,1,2,0,5.886573890219829,1
Pleasure,447.35996925515565,17.051642309180963,370,59.2876345556904,154.0121670315776,1,1,1,1,1,1,1,1,0,2,2.4725167238058723,0
Pleasure,481.16896218882465,4.947703016095897,182,83.43550267133249,180.48053499982433,1,1,1,1,1,1,1,1,3,2,1.120632298921818,0
Business,313.0394546246208,4.7637414301131535,335,50.106841977456625,147.11211881939604,1,1,1,1,1,1,1,1,2,0,6.549803120577992,1
Business,251.2948406702056,19.857204187361603,74,66.35997079932241,5.074907716160986,1,1,1,1,1,1,1,1,2,1,1.0,0
Business,351.145979589362,19.095561683528643,33,119.75276174718012,209.81875161402078,1,1,1,1,1,1,1,1,4,0,1.0,0
Business,468.4588161250463,5.981284921191287,37,34.813969521668696,149.44555955560543,1,1,1,1,1,1,1,1,0,0,5.630173340375315,0
Business,418.29203188770424,9.181655139201245,284,50.33513006311634,42.94673798471332,1,1,0,1,0,0,0,1,0,0,4.1048618482029795,0
Business,288.59138979230306,18.09923970737939,103,28.744721717926033,207.03253729781198,1,1,1,1,1,1,1,1,6,1,1.0,0
Pleasure,251.0730490261255,10.785571752658251,327,88.35972000460211,100.26487158266289,1,1,1,1,1,1,1,1,2,3,9.618832151142351,1
Pleasure,243.9575643291249,15.64933420309032,296,75.3961229669969,216.94806340630666,1,1,1,1,1,1,1,1,4,1,6.916808132485699,0
Pleasure,279.294524440647,14.540741683281848,294,46.470954834363894,79.24150879051547,1,1,1,1,1,1,1,1,0,2,5.759222130393284,1
Business,447.9566867942359,15.943334448352115,422,99.66898131853557,47.571640789320746,1,1,1,1,1,1,1,1,4,3,1.0,0
Business,352.31017261525716,10.451601956199482,385,119.69588453259499,120.01517347421552,1,1,0,0,1,0,0,1,0,0,1.3232425629491236,0
Business,252.07521728802894,2.7410092039804934,139,119.18403769125909,213.79426626499406,1,1,1,1,1,1,1,1,0,0,7.189979734528082,1
Business,283.9927270968459,14.212158431514217,276,109.60061704113122,124.49345836028476,1,1,1,0,0,0,0,1,0,0,1.0,0
Business,128.4025524595571,11.099442008353229,129,57.75689749438386,205.3882116337339,1,1,1,1,1,1,1,1,7,1,1.7836835975265841,0
Pleasure,422.80318507388233,11.369722532800544,326,76.48700055707819,223.2276815139038,1,1,1,1,1,1,1,1,2,1,3.8976423878780997,0
Pleasure,109.3871184612542,5.698158769815236,176,47.722638547924106,45.00373598425682,1,1,0,0,0,1,1,1,0,0,6.966163418206619,1
Pleasure,381.6289842948498,9.028447265914599,252,53.876249582794095,122.61879844174426,1,1,1,1,1,1,1,1,3,3,4.886504603966772,0
Pleasure,354.770103985695,18.762242975281723,272,47.42691687427155,101.30417562433884,1,1,1,1,1,1,1,1,1,1,5.709490269533266,0
Pleasure,249.7378985684542,3.1551565793255754,255,78.7871588693752,178.98357377142642,1,1,1,1,1,1,1,1,0,0,8.322731283154004,1
Pleasure,326.17301860397555,7.971007355853422,14,28.897822495170157,119.55073105884243,1,1,1,1,1,1,1,1,1,1,5.931773059859321,1
Pleasure,226.6329488940873,2.402027007158718,5,97.85512976204706,109.14113671495512,1,1,1,1,1,1,1,1,0,0,6.184904075579562,1
Business,121.85772177973227,3.7813841872184306,325,21.041108171918232,186.00008648284893,1,1,1,1,1,1,1,1,1,2,7.150494287087207,1
Pleasure,250.16196353659717,14.533663058108095,180,39.60925886322259,210.07527222260424,0,1,1,1,1,0,0,1,0,0,5.621376786003061,0
Pleasure,280.12489913810487,12.757898766877755,186,18.63391722391477,85.47551168926594,1,1,1,1,1,1,1,1,3,4,7.681029161863366,1
Business,182.80966689717474,18.882972855450802,394,89.11145047757651,106.38344016138848,1,1,1,1,1,1,1,1,2,1,1.0,0
Pleasure,188.88016468679416,5.170029873859017,127,30.63893193785758,76.57449168172755,1,0,0,1,1,1,1,1,0,0,6.839027066913702,0
Business,366.52068699000347,4.071397861504504,491,16.31414221593697,178.39812113329927,1,1,1,1,1,1,1,1,1,0,5.273233811223748,0
Business,63.370504876701425,11.914257812978871,328,19.530894095714153,163.9285675744716,1,1,1,1,0,1,1,1,0,0,1.0,0
Pleasure,345.74210256622854,4.667247835310995,56,116.68742825028353,77.81179420565296,1,1,1,1,1,1,1,1,5,4,6.820845218538952,0
Business,337.1676588869912,18.17964831910785,467,72.37026141616349,176.93173114496608,1,1,1,1,1,1,1,1,5,2,2.201437257919691,0
Pleasure,259.4118699287472,1.2247386126810889,222,41.02678330517525,163.58839454312022,1,1,0,0,1,1,1,0,0,0,8.510832052968986,1
Pleasure,427.9905495813826,19.464859738380106,401,71.16580460605658,194.6577621602404,1,1,1,1,1,1,1,1,2,3,4.549786511979154,1
Pleasure,416.25227993983407,0.12387412760169303,215,43.98172245305454,92.38716195664003,1,1,1,1,1,1,1,1,1,0,4.354532372914377,0
Pleasure,498.86108782132294,8.697033017482658,318,112.37916147978903,181.24762400234786,1,1,1,1,1,1,1,1,2,1,2.183446242788345,0
Business,60.83967359383496,5.977385941204383,381,45.44915177933204,106.59618208295716,1,1,1,1,1,1,0,1,0,0,6.316490088963432,1
Business,424.19991536454455,14.561864638724149,105,48.831035468067206,210.0845267623764,1,0,1,0,1,1,0,0,0,0,1.0,0
Pleasure,162.55700224572712,0.00807738090907284,54,83.09324665542712,187.98617876993063,1,1,1,1,1,1,1,1,2,1,8.083472291214061,1
Pleasure,308.59728978008724,18.7520354863123,435,28.032375229992315,65.01277031997526,1,1,1,1,1,1,1,1,3,1,5.862774981433015,1
Pleasure,498.6078193672298,2.1936665263983213,251,23.75348792034339,33.993090035931544,0,0,0,1,1,1,1,1,0,0,1.0,0
Business,459.9289810321668,6.414088950446681,314,98.40405049539633,25.89286748592162,1,1,1,1,1,1,1,1,4,1,6.917326605003284,1
Business,200.40396233655974,19.78161296951948,51,76.43156935055308,232.62522140922223,1,1,1,1,0,0,0,1,0,0,1.0,0
Pleasure,297.27097781754514,13.554834591035656,228,96.23275065669992,188.87828136910608,1,0,1,0,0,0,0,1,0,0,6.692674248588475,1
Pleasure,196.49736048887783,5.310912398283887,177,53.341567922151526,112.02529018612947,1,1,1,1,1,1,1,1,1,6,7.193773386407619,0
Pleasure,135.98912967815716,10.783727282433231,60,113.82994014103758,49.0535219250403,1,1,1,1,1,1,1,1,0,0,6.325890785000169,0
Pleasure,251.82010273620776,18.322477751749076,365,50.210717654817365,45.88255322987415,1,1,1,1,1,1,0,1,0,0,7.355863757489746,1
Pleasure,210.52723975016417,17.844205294382327,90,15.596543563987122,161.78407795767671,1,1,1,1,1,1,1,1,0,0,6.753450917159937,0
Pleasure,63.6430282378958,19.572836894221226,293,110.20511066723189,155.3658947113169,1,1,1,1,1,1,1,1,2,0,7.3855431705133805,1
Business,384.0672615820142,19.05628384823403,305,38.09203534747054,23.10343011567771,1,1,0,1,0,0,0,1,0,0,1.0,0
Business,339.4712229905691,9.08720794650543,389,47.88135455513105,58.991027028934475,0,1,1,1,1,0,0,1,0,0,4.2514691320794675,0
Pleasure,322.4080471635817,15.48954436568688,70,44.991314811281406,23.391318682418646,1,1,1,1,1,1,1,1,0,3,4.693773869635565,0
Pleasure,164.2198338689574,4.022155920441066,311,95.13705829921958,131.30503561992484,1,1,1,1,0,1,0,0,0,0,9.371283490918687,1
Pleasure,288.94881549025706,9.775045065584838,21,98.08595930228644,7.945735082257938,1,1,1,1,1,1,1,1,1,4,6.638519344175839,0
Pleasure,239.01447730252363,2.0529254378074357,365,76.15957750728529,61.77556347887365,1,1,1,1,1,1,1,1,3,4,9.872793065994953,1
Pleasure,397.76507173652175,17.462418799143286,391,111.30538501883157,51.72175977388219,1,1,1,1,1,1,0,1,0,0,3.9774777954989777,0
Pleasure,325.1243529664241,7.341650591499544,63,54.69517041850972,146.8040148425932,1,0,1,0,1,1,0,1,0,0,4.899978267191666,0
Business,253.4880966485124,10.12907545379522,147,60.70573944247573,174.95803559183506,1,0,1,1,0,1,0,0,0,0,1.249528784802231,0
Business,109.54378712955156,9.43724011128994,461,98.76583143761779,112.23664039696357,1,1,1,1,1,0,0,1,0,0,5.196846230859274,1
Business,322.2938892957069,11.431349416058104,333,114.7335793727852,37.21968585256773,1,1,1,1,1,1,1,1,1,1,4.804106414853193,0
Business,274.7884001816186,2.605867199742231,227,25.556619643022206,236.26381285726103,1,1,1,1,1,1,1,1,3,1,6.400085199949427,1
Pleasure,77.45919747821806,6.844091471467193,71,110.23785689777192,45.575798544854386,1,1,1,1,1,1,1,1,3,5,6.141608176688999,0
Pleasure,420.8626851713988,5.272148294322725,254,56.224668307693484,165.1352780363562,1,1,1,1,1,1,1,1,3,3,3.078420291825209,0
Business,148.06360632992642,0.031454362577045814,489,31.760347481099842,223.62384835386408,1,1,1,0,0,1,0,1,0,0,5.127506553969825,1
Business,408.20883594317746,1.181549887591291,439,36.248941283583974,67.06219752442232,1,1,1,1,1,1,1,1,4,0,8.1612007193951,0
Business,217.36906730376714,6.7435615945882095,220,21.97786086891731,21.535207706852162,0,1,0,1,1,0,0,1,0,0,4.205337726448891,0
Business,78.0550516349081,12.72636002311412,272,58.43836409011489,182.3605043567757,1,1,1,1,1,1,1,1,6,2,3.026956474994935,0
Business,179.2543258024334,19.085872772574376,481,26.336208592961018,123.80690585431196,1,1,1,1,0,1,0,1,0,0,1.0,0
Pleasure,181.19836437517907,19.263798250740667,346,68.2005615138339,131.94491641544428,1,1,1,1,1,1,1,1,5,1,7.933210824391678,1
Pleasure,444.39809605418964,12.455469992873025,214,36.980673770094945,121.31233850383722,1,1,1,1,1,1,1,0,0,0,1.5837863483700771,0
Pleasure,184.11746672879158,18.799403228806092,128,81.4263744787396,132.34867600163278,1,1,1,1,1,1,1,1,1,0,6.678622799338566,1
Business,84.0127584022308,4.739995674770611,185,63.639955086474856,83.80595028280659,1,1,1,1,1,1,1,1,0,0,5.664365310585167,0
Business,147.4539971303226,13.826625638100005,84,84.68743446093906,222.65658470708843,1,1,1,1,1,1,0,1,0,0,1.3016918614514341,0
Business,78.0509871353513,3.2207373025695696,226,69.2053272801741,179.35220622980634,1,1,1,1,0,1,0,1,0,0,4.121375906575744,0
Pleasure,243.99415520940775,4.241340269287106,123,91.36399880406785,97.652654188381,1,1,1,0,1,1,1,1,0,0,7.133965736104113,1
Business,136.8260673612631,13.620675308369961,161,20.127917362432896,64.83889139835067,1,1,1,1,1,1,1,1,0,1,1.614431232629704,0
Pleasure,386.83086842899945,9.105658871497155,473,58.76638805592296,65.71957317735377,1,1,1,1,1,1,1,1,4,3,7.1280878784785004,1
Pleasure,412.2608816106258,10.506514653940561,2,16.29160481149337,71.3897073508631,1,1,1,1,1,1,1,1,0,0,1.0,0
Pleasure,174.1628494561718,17.9696507645643,478,31.772551549578438,28.55723410937925,1,0,0,1,0,1,0,0,0,0,5.915939946053375,0
Business,78.50548999535,11.536336702614626,262,85.27502094440116,180.69382279345768,1,1,1,1,1,1,1,1,6,2,3.477337989220126,0
Business,350.5674516009094,18.72655296900381,219,44.5333096519031,71.63755523000714,1,1,1,1,1,1,1,1,1,0,1.0,0
Business,314.83587167741035,1.2235328745879803,447,99.88309905585251,234.14405814886618,1,1,1,1,1,1,1,1,4,3,8.513221618366183,1
Business,63.20146005004881,15.057998357420734,277,109.14959617755619,15.914700053001809,1,1,1,1,0,1,0,1,0,0,2.554157836696122,0
Business,97.16441784931139,19.559872590499616,350,105.7865182021696,221.44380539913146,1,1,1,1,1,0,0,1,0,0,1.0,0
Business,370.5594433422438,19.335974370007904,10,115.35748045168869,134.86168136929777,1,1,1,1,1,1,1,1,5,1,1.0479712788031648,0
Business,265.36521195779045,11.353438937045928,416,36.958306543995484,31.340344372209344,1,1,1,1,0,0,1,1,0,0,1.9174039214007434,0
Business,186.84377529708973,10.34948968177419,377,26.967254739167373,133.8876419187472,1,1,1,1,1,1,1,1,0,0,3.9154146511496664,0
Business,164.27901863473195,6.80994894219952,408,37.14174640259658,134.03616026371452,1,1,1,1,1,1,1,1,5,1,6.743655334502817,1
Business,474.06485671313203,4.032981073738879,199,102.38037771249982,33.43668088053751,1,1,1,1,1,1,1,1,1,1,6.809111014116459,1
Business,68.80785663574164,15.733798704342927,73,72.71706326527752,104.00599587735816,1,1,1,1,1,1,1,1,0,0,1.0,0
Business,153.0407984710649,18.752451747661777,467,31.48989677501904,141.71104442086408,1,1,1,1,1,1,0,1,0,0,1.0,0
Pleasure,242.99703342013657,5.340516121900065,149,36.781047307611175,9.809390028577917,1,1,1,1,1,1,1,1,3,2,7.131323235535295,1
Business,404.6033386053472,14.352284774367565,497,89.12942409032783,146.77365354596964,1,1,1,1,1,1,1,1,1,1,1.4299192479723644,0
Business,491.5560361359675,14.214951239201504,351,108.69193782962573,93.35101512500823,1,0,1,1,1,1,0,0,0,0,1.0,0
Business,159.62260301311477,6.498649851204212,101,102.78951942678442,217.26881350474832,1,1,1,1,0,1,1,1,0,0,5.971383569849483,1
Business,405.1429297577114,8.921038191318203,336,52.682309681540566,78.004550580893,1,0,1,1,1,0,0,1,0,0,3.3309982842763635,0
Business,285.16527268597684,19.241345068360182,233,87.96923005905067,91.16295911620037,1,1,1,1,1,1,1,1,0,0,1.0,0
Business,332.23589915472996,16.73939524585267,249,116.10645036592126,82.34364505300353,1,1,1,1,1,1,1,1,6,1,1.8870058287658227,0
Business,257.15997349823164,10.326146003029779,182,18.53443476610679,80.0574258266182,1,1,1,1,1,1,1,1,2,0,3.391306381833554,0
Business,148.21054171663738,18.71713768499236,415,79.4395580127558,176.6479814315687,1,0,0,1,0,1,0,0,0,0,1.0,0
Business,125.59901301966579,6.867448340371123,243,43.047964500250785,91.1556853321179,1,1,1,1,1,1,1,1,1,0,4.856803840249303,1
Business,141.85838053298883,2.724630664062073,220,85.63047121347343,213.8254009890381,1,1,1,1,1,1,0,1,0,0,6.036252065888983,1
Business,200.80221838530917,8.550071822954017,280,45.879130307293195,137.23638054520816,1,1,1,1,1,1,1,1,6,0,3.626808341508141,0
Business,476.97630120314716,14.872309072710282,84,102.65967636866324,212.2853949808995,1,1,0,1,1,0,0,1,0,0,1.0,0
Business,129.58140047863208,14.723973159669008,115,62.622331267032784,184.02126014328266,1,1,1,1,1,1,1,1,2,1,1.0058357340112245,0
Business,125.36446656693805,16.42100412201019,78,69.15251677884997,174.04472150848528,1,1,1,1,1,1,1,1,6,1,1.7051232972752963,0
Pleasure,470.41233084159046,5.211287638838218,319,70.99018395031649,239.7837199274078,1,1,1,1,1,1,1,1,0,1,2.0470730042772685,0
Pleasure,421.8583550335432,9.363545062483059,85,34.96354116537088,174.079783340981,0,0,1,1,1,1,0,1,0,0,3.7208794928519175,0
Business,232.05145179977112,15.263004705399087,223,44.65349846345763,189.83677525703033,1,1,1,1,1,1,1,1,1,0,1.0,0
Pleasure,187.52237552808418,18.693160175363005,429,32.91812753460692,196.80790801447782,1,0,1,1,0,0,1,1,0,0,7.103524322405767,1
Business,81.80655219306331,8.23564102887916,117,66.0411772308257,10.48050520477997,1,1,1,1,1,1,1,1,7,1,5.12140875530425,1
Business,475.4429511120447,11.323300364681952,162,75.65526333847437,75.14222309922701,1,1,1,1,1,1,1,1,7,1,3.3410198669761564,0
Business,488.6115152445568,13.807742415666361,222,112.88917940391694,238.3031182962183,1,1,1,1,0,0,0,0,0,0,1.1665226344731057,0
Business,159.92691124429302,15.554272681687024,154,70.23945830498504,71.15811486964509,1,0,1,1,1,1,0,1,0,0,1.0,0
Pleasure,71.0657794657516,15.13218476447686,127,109.75956835786712,54.130132689435854,1,1,1,1,1,1,1,1,0,5,6.571716604264646,1
Pleasure,203.44747952926932,7.469146845244142,165,106.30580089168389,100.65086544281705,1,1,1,1,1,1,1,1,1,4,8.681995540962768,1
Business,473.23657029568767,15.146080536185751,432,104.73854019954655,163.65504001031678,1,1,1,0,0,1,0,1,0,0,1.0,0
Pleasure,456.2773583381859,10.684419765593214,69,79.37014960560879,162.68529667560128,1,1,1,1,0,1,1,1,0,0,1.0,0
Pleasure,443.36621571019396,3.2079422738685515,141,29.234490251282185,75.6601869139711,1,0,0,1,0,1,1,1,0,0,1.0,1
Business,358.5810734179619,5.5728531659272385,216,69.02712750797784,133.58996119222124,1,1,1,1,1,1,1,1,3,0,5.2020228221297184,0
Pleasure,264.0139917568086,1.3687396721459688,269,30.04286973563586,67.78585401011968,1,0,0,0,1,1,1,1,0,0,6.443957162676269,0
Business,279.45087033829117,5.114041169125834,186,37.90702696793739,184.80193809975734,1,1,1,1,1,1,1,1,2,1,5.209104328500014,0
Pleasure,450.39980093531943,17.551917409444492,291,23.75541346745262,224.10807071383414,1,1,1,1,1,1,1,1,1,3,1.0,0
Pleasure,371.63794943009304,11.579967415255856,4,61.61717917525778,111.77811738416295,1,0,1,0,1,1,1,1,0,0,5.285026919358057,0
Business,97.37903995646504,14.388068207103244,172,103.5187647392591,64.51543393494704,1,0,1,1,1,1,0,0,0,0,1.0,0
Pleasure,74.19302420035487,1.9591910710121008,96,66.07402014682226,219.32636754677185,1,1,1,1,1,1,1,1,0,3,6.195171730934045,1
Business,149.1356471160477,13.120996021300165,443,87.03569262726377,224.7694566610265,1,1,1,1,1,1,1,1,0,0,1.7970123594237484,0
Business,171.5895167584121,19.830122198830512,351,58.2081133064443,234.71327745411674,1,1,1,1,1,1,1,1,3,0,1.0,0
Pleasure,475.6141336670051,3.7203959978173717,62,28.765812823055153,65.17592953908292,1,1,1,1,1,1,1,1,6,3,1.0,0
Business,383.4632718205029,4.679413646183173,125,27.902471377816507,139.3535024909945,1,1,1,1,1,1,1,1,3,0,6.22252635768902,1
Pleasure,137.88087841541847,4.661219190943521,324,72.94498789003346,30.725317545173322,1,1,1,1,1,1,1,1,1,6,9.796662060545126,1
Business,441.0901485286155,5.921119897940268,147,17.690231605847018,136.55863924741269,1,1,1,1,1,1,1,1,6,1,6.533756465367248,1
Pleasure,251.61823014755666,8.972134732911272,201,66.82670975114796,231.13498232607674,1,1,1,1,1,1,1,1,4,3,7.660978000283117,1
Pleasure,304.32482706285015,14.182986764782026,320,76.88240925534427,59.89664671870676,1,1,1,1,1,1,1,1,3,4,6.5674078323564915,0
Pleasure,228.1532293086609,7.050731726875319,28,72.47655744474548,113.31754353254864,1,1,1,1,1,1,1,1,3,1,7.320591414847039,1
Business,307.13771680816456,16.242755380446344,105,105.02421966143903,186.86455457904833,1,1,1,1,1,1,1,1,4,1,1.0,0
Pleasure,174.57720312110058,11.443517105500609,384,22.20612584916393,18.814915671649302,1,1,1,1,1,1,1,1,0,2,7.530227048018218,1
Business,254.7581646029251,9.1500149834479,447,66.58858489565309,63.50909481943136,1,1,1,1,1,1,1,1,4,0,4.490906129900573,0
Pleasure,230.4350674578187,15.994035079214946,211,16.239185057987815,61.45706105632041,1,0,1,0,0,1,1,0,0,0,4.264678960160563,0
Business,307.82802221142117,10.58856460687652,13,18.034111893112108,16.81482487420716,1,1,1,1,1,1,1,1,2,0,3.778519745269531,0
Pleasure,479.45966149237205,1.0429856656012504,185,36.59599600417355,194.48761009226726,1,1,1,1,1,1,1,1,1,2,1.0,0
Pleasure,101.81987066753643,17.764976712166035,344,94.98155167404099,194.95061530153708,1,1,1,1,1,1,1,1,1,3,7.104829433442908,0
Pleasure,446.46150342144114,10.151952309762324,36,18.54280621837766,183.47082079264547,1,1,1,1,1,1,1,1,3,3,1.0,0
Pleasure,174.84950172539754,17.13900879100178,119,56.857762517795976,48.124999700329695,1,1,1,1,1,1,1,1,0,0,6.790200556960583,1
Pleasure,443.4787194991934,14.866992310324294,402,99.60821307751065,52.36431446632528,1,0,1,0,0,0,0,1,0,0,2.8336975084230156,0
Pleasure,495.51397735151903,2.2797117181292426,309,30.040925750855695,151.87982175990507,1,1,1,1,1,0,1,1,0,0,1.6067474614410409,0
Business,397.9511767435026,7.93787700002234,159,48.00725528448524,34.69939124908254,1,1,1,1,1,1,1,1,5,3,4.759895333946566,0
Business,309.2400016296665,17.613344156646274,313,24.38716908814927,77.57923929791608,1,1,1,1,1,0,0,0,0,0,1.0,0
Pleasure,305.2250150082308,2.3077302254090037,354,21.147808794744954,217.75910519637122,1,1,1,1,1,1,1,1,3,5,8.462377274861044,0
Business,276.0294315562128,18.79216086922073,16,18.545511540794866,86.45887563833654,1,1,1,1,1,1,0,1,0,0,1.0,0
Business,487.8052198723224,14.161909773772772,314,45.295124198650235,11.08911081327011,1,1,1,1,1,1,1,1,4,1,3.459664809539052,0
Pleasure,404.8265206735248,10.477221020924677,68,112.28117142346436,101.10499140260163,1,1,1,1,1,1,1,1,0,2,2.528116610184566,1
Pleasure,221.07861278113222,19.21388112868231,132,93.36590603547452,191.24307993206287,1,0,0,1,0,0,1,1,0,0,6.6444719439567494,0
Pleasure,180.15700564745748,11.985199413000121,82,89.30593247077421,62.49334637696198,1,0,1,1,1,1,0,0,0,0,5.940796012547276,1
Pleasure,268.9182858656549,16.450989966326,31,62.321219425425014,18.81748753921341,1,1,1,1,0,1,0,1,0,0,4.592282391317155,1
Business,90.08029281681003,13.460248345615664,390,104.376659347508,211.89106091670388,1,1,1,1,1,1,1,1,6,0,4.210524566035438,0
Business,281.86454505993606,16.777612935782187,171,38.7696494919371,202.94288179462188,1,1,1,1,1,1,1,1,2,1,1.0,0
Business,328.2709336114428,15.209526501632979,495,108.75632243918741,129.68706722785532,1,1,1,1,1,1,1,1,1,0,1.4599727060211702,0
Business,189.58296242168592,0.6568535245037221,136,73.44024059158461,87.22735387528377,1,1,1,1,1,1,1,1,3,0,8.32025597265515,1
Pleasure,498.1431451875109,18.750535197231294,199,59.085628733386756,36.04490639090678,1,1,1,1,1,1,1,1,0,0,1.0,0
Business,336.0547107296414,10.632013374516935,324,99.97775209465418,136.16661858283547,1,1,1,1,1,1,1,1,5,2,5.169916540828764,0
Business,83.89535588496275,10.667678365365985,31,95.47177117313902,118.52403068115844,1,1,1,1,1,1,0,1,0,0,1.9848922045340849,0
Pleasure,425.8353975039991,14.9478777519778,26,55.27053214163856,177.2652000807024,1,1,1,1,1,1,1,1,3,1,2.5392328800885444,0
Business,418.7232505619377,2.8235918035047636,259,60.47649932480129,221.12822355801606,1,1,1,1,1,1,1,1,8,1,7.865284861211312,1
Business,267.61773817669837,8.560840984068713,312,91.17707515055659,162.80493955981487,1,1,1,1,1,1,1,1,4,0,3.7243487781199462,0
Pleasure,169.12216691620995,15.64548849447384,346,89.60772871253417,192.97831707855892,0,1,1,0,0,1,1,1,0,0,6.726418360773362,0
Business,63.65797915788847,0.17773683273840213,210,92.35800070798197,178.28602613607887,1,1,1,1,1,1,1,1,2,0,9.762977716924818,1
Pleasure,61.088959327547684,9.733547795728974,134,100.45720674407833,104.24021600566549,1,1,1,1,1,1,1,1,4,3,6.333962723160507,1
Pleasure,168.34654566272044,1.1931592871583119,488,104.52853566953351,107.17950285476459,1,1,1,1,1,1,1,1,3,4,10.0,1
Business,103.42827397815564,14.08988935580741,234,69.82355809900506,237.3677841373569,1,1,1,1,1,1,1,1,5,2,2.0841078654491723,0
Pleasure,162.00052913666502,6.970619459836573,288,116.89864216048669,47.49494902594783,1,1,1,1,1,0,1,0,0,0,8.058133454461961,1
Business,377.16162913647565,16.373860826434193,303,80.93264868171737,202.585988570156,0,1,0,1,0,0,0,1,0,0,1.0,0
Pleasure,132.87135123450355,0.4412886196272914,481,65.13801369906155,129.14458198841078,1,1,1,0,1,1,0,1,0,0,9.20214315601377,1
Business,456.0198838506549,18.67804039532748,97,30.96339214408653,80.21691897595738,1,1,1,1,1,1,1,1,4,2,1.0,0
Business,388.30683791497444,10.09688426017169,489,80.45198341415323,102.80276854560329,1,1,1,0,0,0,0,1,0,0,1.8456835334652895,0
Business,400.0919135153342,10.862103615807685,127,24.14397626093337,212.8010664409715,1,1,1,1,1,1,1,1,0,0,1.2661384789596526,0
Business,445.6382147085739,11.043348583873744,191,77.97005412205033,182.79920287734532,1,1,1,1,1,1,1,1,6,1,4.6915991099176955,0
Business,227.9714064881321,4.718697854683445,465,102.36983900690984,138.06959015175931,1,1,1,1,1,1,1,1,6,2,9.566520278479388,1
Pleasure,123.79484155693237,9.70436312596461,193,103.14446795764448,80.50545150792489,1,1,1,1,1,1,1,1,1,1,7.441860749569923,0
Pleasure,412.02493175009096,14.322340571386922,261,94.31595246401146,36.134644478217794,1,1,1,1,1,1,1,1,3,4,4.977781732684013,0
Pleasure,325.37074151549075,1.6783791654492575,261,21.091614386546325,215.78324863072135,1,1,1,1,1,1,1,1,1,1,7.010513215819457,0
Business,75.40815915449583,11.625140722469657,455,106.65913494192539,97.21043699088173,1,1,1,1,1,1,1,1,3,1,3.2355092128225715,0
Pleasure,253.49731625891653,3.7354007748441598,27,87.42393709785833,54.79384009799257,1,1,1,1,1,1,1,1,3,2,7.714807871166856,1
Business,108.9796605555416,2.493160339376379,160,31.780909531182587,153.64981678767236,1,1,1,0,1,0,1,1,0,0,6.073152208034599,0
Pleasure,493.7706352326309,17.481264352860812,101,43.92464816774168,18.711296777104266,1,1,1,1,1,1,1,1,2,5,1.0,0
Business,423.3149760112386,3.0306345877791685,125,108.28166682371553,42.8087360292893,1,1,1,1,1,1,1,1,4,2,7.891089319768635,1
Business,151.18093946924154,8.65166848621724,15,51.15699542744461,93.68408016698467,1,1,1,1,1,0,0,1,0,0,3.484634847173925,0
Pleasure,336.0870038523416,8.269086620156587,194,113.63662950802845,144.96322590851082,1,1,1,1,1,1,1,1,3,4,6.306033575368345,1
Pleasure,211.92739720546174,5.646851832962798,136,36.66688514480805,153.90746253059615,1,1,1,1,1,1,1,1,2,1,6.917491883337452,1
Business,229.7371630039433,17.050637780029337,433,117.52343394722566,169.81031240554196,1,1,1,1,1,1,1,1,7,0,1.9966878801830446,0
Pleasure,150.85568991783245,4.771648340800903,161,50.80791407626845,60.86608079653163,1,1,1,1,1,1,0,1,0,0,8.7093163073268,0
Pleasure,237.98497293840038,16.288856695438596,144,38.25432411562037,47.54311473843516,1,1,1,1,1,1,1,1,2,0,6.336957706049804,0
Pleasure,90.68298488874224,4.299179124855481,366,24.057219927237607,172.59775766476258,1,0,1,0,1,1,1,0,0,0,5.869182151794587,0
Business,255.44640205031496,9.617891803911636,436,48.5720750147684,18.636142714470616,1,1,1,1,1,1,1,1,0,1,3.889280589718676,0
Pleasure,122.58895092509982,17.426537660318427,99,39.68264618188296,59.36666298206355,1,1,1,0,1,1,0,1,0,0,4.973819065735166,0
Business,87.38770240459002,12.386296671119908,434,87.47481708221186,128.01318927595557,1,0,1,1,1,0,1,0,0,0,2.279935710019776,0
Pleasure,252.87067429849688,11.844660185443773,127,23.339810266222006,227.99226674118452,1,1,1,1,0,1,1,1,0,0,4.772466566056258,0
Business,395.18374834743406,5.550717284971601,309,93.61848857148293,17.50803942089127,1,1,1,1,1,0,1,1,0,0,5.53900016031646,1
Business,411.58687117074936,12.011435599178185,36,65.39321554006057,195.22120433398737,1,1,1,0,0,1,0,0,0,0,1.0,0
Business,294.96605185355884,6.95953957620344,286,24.71460130313316,166.6126335360022,1,1,1,1,1,1,1,1,1,0,4.140500870424809,0
Business,291.9213230999251,5.566551410802232,75,47.37452057136806,219.41031954839585,1,1,1,1,1,1,1,1,8,1,6.139005834892508,1
Business,459.3814420738257,12.943487836034592,121,101.41672961274426,112.05542977522417,1,0,1,0,1,1,0,1,0,0,2.3657864479794775,0
Pleasure,251.08541369933064,2.318191042381217,149,96.10406892088851,30.94707889161586,1,1,1,1,1,1,1,1,0,0,6.494299267425457,0
Business,356.2160823340609,12.793565374557343,39,50.67566130070881,38.79091323445233,1,1,1,1,1,1,0,1,0,0,1.3732774228319589,0
Pleasure,337.23813321158906,18.027693871133877,257,91.9331714392922,7.119255562458272,1,1,1,1,1,1,1,1,5,2,4.849585380326362,0
Pleasure,446.55152629496416,6.219276370840849,476,116.6615311898047,236.87546111720317,1,1,1,1,1,1,1,1,2,1,3.910776689501622,0
Pleasure,426.3601896602629,15.762303407127359,144,19.999207330188323,90.71338798536044,1,1,1,1,1,1,1,1,1,1,1.9637924230883268,0
Pleasure,231.69117965030372,19.1198108199329,154,15.16251579854098,42.952458370278116,1,1,1,0,1,1,1,1,0,0,5.894338866272307,0
Business,160.4766465347525,14.229791304997443,97,88.1460410268422,84.65575155208492,1,1,1,1,1,0,0,1,0,0,1.0,0
Pleasure,473.70308357548345,12.388109106172713,486,67.20542168346581,238.04881490580553,1,1,1,1,1,1,1,1,3,3,4.9133628880621405,0
Business,492.0099957830392,15.58705771852938,8,61.05870270763945,184.61045472783306,1,1,1,1,1,1,1,1,2,4,1.305095320045009,0
Pleasure,85.4967989566446,14.203123772756253,211,90.72152463073516,143.70555296559894,1,1,1,1,1,1,1,1,1,0,5.242571595104318,1
Pleasure,101.8355816914487,17.231340673128873,342,110.64002316469899,26.601971666150593,1,1,1,1,1,1,1,1,3,2,8.525964755272454,0
Pleasure,458.4185365696109,16.244877991237644,285,32.48026275192581,139.168197155633,1,1,1,1,1,1,1,1,0,1,1.807763295122945,0
Pleasure,248.0963322274008,7.2426393206859485,422,47.54330475964132,152.42672684699338,1,1,1,1,1,1,1,1,1,3,9.520569586581558,1
Pleasure,234.45077507199647,10.60272661340355,182,22.863685151448216,147.89071519925812,1,1,1,0,0,0,1,1,0,0,7.018359339320597,0
Pleasure,403.69454011478774,13.055798243737058,23,40.20428715966803,31.582973258817724,1,1,1,1,1,1,1,1,2,3,2.2278386359370153,0
Pleasure,219.33666257678078,8.92391480162913,197,22.88811385467633,19.814162789807742,1,1,1,1,1,1,1,1,1,1,6.54200835130453,1
Pleasure,79.39167072310326,1.1618177906340366,182,26.80835959623009,134.72360546841963,1,0,1,1,0,1,1,0,0,0,5.566913735060154,0
Business,83.11190740030092,14.172456067279885,120,68.52311920102701,203.7496299923421,1,1,1,1,1,1,1,1,2,0,1.620789493737218,0
Pleasure,177.16411685415093,5.067944100938648,52,118.0194995411691,207.66453572634262,0,1,1,1,1,0,1,1,0,0,8.680477483457636,1
Pleasure,259.2179595177321,0.4985298678523331,410,114.55380776566639,111.57570157170959,1,1,1,0,0,1,0,1,0,0,8.919827918686126,0
Business,76.36839637404462,16.163741860971136,32,32.48281288328658,48.25362549057386,1,1,1,1,1,0,0,1,0,0,1.0,0
Pleasure,473.4548761159811,9.482470192381884,454,20.11949018818285,143.64929204733707,1,1,1,1,1,1,1,1,2,4,1.8956807051172833,0
Pleasure,411.5730662933428,9.2643564172085,68,46.876375080613,229.33713460652697,1,1,1,1,1,1,1,1,3,5,3.1106392098875264,0
Business,262.50596109097097,2.936891424904906,297,64.55097318827545,229.14999202006828,1,1,1,1,1,1,1,1,4,1,7.282432869753589,1
Pleasure,81.46013859219791,3.2105453956674768,326,78.84458333527539,54.80535534878415,1,1,1,1,1,1,1,1,1,6,8.318424881489674,1
Business,72.59999801529845,18.64147846440271,14,19.285936036443207,15.318995475029542,1,1,1,1,1,1,1,1,2,1,1.0,0
Pleasure,183.13916917702812,17.26158345914756,38,85.02180693416098,61.68120267473865,1,1,1,1,1,1,1,1,2,3,6.894516534172823,1
Pleasure,388.5361053752024,7.424841340880118,424,26.580511078202896,147.53045865254276,1,1,1,1,1,1,1,1,1,3,5.3834614022598,1
Pleasure,480.8046436779303,0.8756974032876363,451,100.00948097609292,200.7466060652594,1,1,1,1,1,1,0,1,0,0,3.6653822379103858,0
Pleasure,231.25811475619517,11.81765701154529,119,28.54986573537198,23.824099571708846,1,1,1,1,1,1,1,1,0,1,6.157805940491877,0
Pleasure,179.4532220132458,0.8305879230625113,250,58.39391654875477,152.2610609281586,1,1,1,1,1,1,1,1,0,0,6.8592681961332165,1
Pleasure,134.23629346637293,13.25957962519601,440,65.96256501136475,139.77867358379723,1,1,1,1,1,1,1,1,3,4,8.058471476874391,1
Pleasure,410.3907779210902,0.661028369516401,75,91.28397992125454,210.7985638443862,1,1,1,1,1,1,1,1,2,4,4.334788238220936,0
Pleasure,285.26158384469124,3.223090683979357,348,15.265617484436572,43.40696923406459,1,0,1,0,0,1,1,1,0,0,7.655354480547939,1
Pleasure,391.2591519609831,18.397772261991605,221,42.84905153898961,204.7668370000711,1,0,1,1,1,0,1,1,0,0,2.2304000022612365,0
Business,337.71929064427536,7.832205466501878,327,104.46741635258351,29.550026599385838,1,1,1,1,1,1,1,1,1,0,6.003669603560839,0
Business,455.86162235510074,15.517630219109638,15,18.454780236291796,59.77208196465474,1,1,1,1,1,1,1,1,4,1,1.0,0
Pleasure,409.6193375919283,12.101290004849615,422,84.92096959827,5.402186524625411,1,1,1,1,1,1,1,0,0,0,6.209895645578101,1
Pleasure,319.86076077453515,16.307664725859723,389,66.97853411858374,53.466076906652056,1,0,1,0,1,1,1,1,0,0,6.004110039536995,0
Business,82.95337501371411,7.528982172822529,318,18.570512632445215,225.18917595742602,1,1,1,1,1,1,1,1,6,0,5.001553789594334,0
Pleasure,314.438819933286,15.259905240469344,477,91.48519130647368,14.142141292706548,1,1,1,1,1,1,1,1,0,0,7.619725713296267,0
Pleasure,153.60712508594224,10.30986728561773,481,36.75903099219619,137.3933614657685,1,1,1,1,1,1,1,1,6,2,9.864122501198885,1
Pleasure,446.749515484718,3.2922572858492494,276,112.06030146696862,129.95834534105728,1,1,1,1,1,1,1,1,1,1,4.5176815360548455,1
Business,299.79717738289577,17.679766420583803,87,87.63736212064485,29.475177336451445,1,1,1,1,1,1,1,1,6,1,2.0667626734887783,0
Pleasure,301.1797291481093,16.17649642725875,136,71.94141548692232,93.64112347676699,1,1,1,1,1,1,1,1,3,3,6.9414902352569605,1
Business,94.99606680787429,1.8666796503858318,194,100.14006018306962,52.5559760045234,1,1,1,1,1,1,1,1,3,2,8.88285244569672,1
Pleasure,173.22215565165988,10.86678935661584,223,86.65349504124045,150.75472184681138,1,1,1,1,1,1,1,1,1,6,8.339687643294468,1
Pleasure,298.41782129967737,0.44029633306844396,295,28.952856375208825,12.157508506366804,1,1,1,1,1,1,1,1,0,1,9.074746957371717,0
Pleasure,359.6091160137499,0.14138002503896185,219,109.59249755380289,184.13154960032355,1,1,1,1,1,1,1,1,1,6,6.645124822714609,1
Pleasure,486.77022251449836,19.467886923831127,421,115.82301417071464,57.21579619665459,1,1,1,1,1,1,1,1,0,0,2.385776909567573,0
Business,209.42860081739667,17.3525487636757,350,86.04923818853601,153.69294992250576,1,1,1,1,1,1,1,1,0,0,1.0,0
Pleasure,346.38448497081885,2.6433595797619525,276,116.15034411046898,192.67367587501877,1,1,1,1,1,1,1,1,3,4,8.551092510241007,1
Pleasure,88.90707628076419,14.36657668753064,260,60.26947539069773,191.57576338908993,1,1,1,1,1,1,1,1,2,2,6.1365710461350265,1
Business,388.6503336392693,8.900682663106762,260,33.21315496292149,6.3706037249782375,1,1,1,1,1,1,1,1,3,1,3.7413856574417315,0
Pleasure,331.85249697720826,18.784833595937663,250,76.3515029178401,211.83948915732628,1,1,1,1,1,1,1,1,3,3,7.040579730193568,1
Business,334.6135675386594,13.328943306056697,61,93.02290691716502,201.18310268943094,1,1,1,1,0,1,0,1,0,0,1.2595312252624211,0
Pleasure,495.1490698072662,5.639625301566689,39,98.96072642833377,87.82419024819377,1,1,1,1,1,1,1,1,3,4,1.0,0
Pleasure,469.2387598823784,4.811516330301597,217,95.92530588649966,62.517938880270016,1,1,1,1,1,1,1,1,1,5,3.7824684635801162,0
Business,184.04770518762083,17.72376043269538,110,114.65781774095979,84.71098948024552,1,0,0,1,1,0,0,1,0,0,1.0,0
Business,343.9182436784455,15.17814799342555,144,70.39538834457953,173.2198336568594,1,1,1,1,1,1,0,1,0,0,1.0,0
Business,388.47558638364035,1.414982683171524,151,56.60450501990461,62.33207654914884,0,1,1,0,1,1,0,1,0,0,6.75426632172013,1
Business,248.71220597261006,2.2527308714336125,160,77.43878587069294,129.3760877184928,1,1,1,1,1,1,1,1,3,0,7.36257679477187,0
Pleasure,157.03574852562184,6.053796300060677,197,78.24126673571523,9.188537159531561,1,1,1,1,1,1,1,1,1,0,7.763663179411752,1
Pleasure,175.9939404298784,9.004051239987344,189,41.61336206846719,225.566379663237,1,1,1,1,1,1,1,1,2,2,7.086917732044548,1
Pleasure,464.09659485984514,15.350075863183994,81,37.8412067457433,216.34677789193523,1,1,1,1,1,1,1,1,0,1,1.0,0
Pleasure,316.50452979060765,3.26305444926561,53,18.144165956265578,92.3563807326802,1,1,1,1,1,1,1,1,3,3,6.9379011002561315,1
Business,275.3562856255826,4.840248203677547,458,82.44516406282528,137.54351993508936,1,1,1,1,1,0,0,1,0,0,4.463329914205724,0
Pleasure,330.3149086673317,17.072375435544245,27,19.66031239433887,76.94474118557106,1,1,1,1,0,1,1,1,0,0,3.41114727852762,0
Pleasure,445.0789519406832,11.95639373460191,456,61.78963019042822,174.73689185261821,1,1,0,1,1,1,1,1,0,0,3.717153782624641,0
Pleasure,201.2181522280672,7.930500859048799,68,16.65255691717558,99.22036220802629,0,0,1,0,1,1,0,1,0,0,5.850455162663002,1
Business,167.37744577226948,11.825859189552041,404,88.2967615505174,149.09883356647526,1,1,1,1,1,1,1,1,6,0,2.879255205675677,0
Business,136.9955831365742,8.735428437118248,43,48.36160957438675,144.59543444261797,1,1,1,0,1,0,1,1,0,0,1.6136874625392996,0
Business,235.5241485139114,11.457781554986672,4,66.15186024777992,74.59671351874,1,1,1,1,1,1,0,1,0,0,1.6779075244038317,0
Business,405.32418156774565,8.470375690844874,471,108.09948454913786,96.15369879450276,1,1,1,1,0,0,0,1,0,0,5.716919701046736,1
Pleasure,157.7902778359047,16.964213259972936,45,52.97058015310727,154.36048055477698,1,0,1,0,1,0,0,0,0,0,5.8354655475975505,0
Business,188.84512219560906,8.088725129860144,458,86.0099266740512,20.940598551648602,1,1,1,1,1,1,1,1,5,3,7.587595000831886,1
Pleasure,220.83059849105706,7.25581409632027,332,77.84575283627318,52.42516850192944,1,1,1,1,1,1,1,1,0,0,8.494215425498842,1
Business,444.2292932455249,10.818991788939051,438,70.7460898606963,189.0152719745372,1,1,1,1,1,1,0,1,0,0,1.323731549753678,0
Business,460.6667329244673,1.0124287053497838,467,69.540043132108,172.23592175959672,1,1,1,1,1,1,1,1,3,4,9.909698445948244,1
Pleasure,136.69277931946178,11.110541096175107,126,108.88392500145689,95.24652603882879,1,1,1,1,1,1,1,1,1,2,7.4526287715332105,1
Pleasure,74.96448516831448,10.19710763726076,500,68.46044307229207,94.9013138016555,1,1,1,1,1,1,1,1,1,2,7.4538593353726785,1
Pleasure,326.5448511256894,1.9805980716057436,39,91.36751663954638,135.2271201554406,1,1,1,1,1,1,1,1,0,0,5.660979804900348,1
Business,421.88580045006046,11.303621289361644,118,95.02809780615459,18.339289413403954,1,1,1,1,0,1,0,1,0,0,1.8925789560948798,0
Pleasure,338.0009295134445,0.47800657745447284,296,16.766991520045107,208.21839279726697,1,1,1,1,1,1,1,1,5,4,8.148519881278581,1
Pleasure,416.47832689926315,12.545471710792274,435,44.65061565126334,59.20767979288382,1,1,1,1,1,1,1,1,1,0,5.1035869553436495,0
Business,153.12964058448563,4.862122595992138,142,106.47544351132738,214.93644336172372,1,1,1,1,1,1,1,1,6,0,6.782113737287695,0
Business,158.06702591163025,2.199839166816062,199,17.687209003225636,107.64534255582633,1,1,1,1,1,1,1,1,7,0,8.310864414841898,1
Pleasure,224.33869140449596,7.79255236442387,405,52.45788042699837,106.68162230135259,1,1,1,1,1,1,1,1,2,2,8.27956481756405,1
Pleasure,74.54212921963311,17.15617200538071,463,16.97818769234247,174.10635865382585,1,1,1,1,1,1,1,1,0,0,5.743600234681002,0
Pleasure,303.54294460474824,1.6464391878448215,49,95.00593654380577,208.8954896887975,1,1,1,1,1,1,1,1,5,4,7.3446244654366994,1
Pleasure,228.1300941538343,7.818427783538362,397,56.44560131187082,94.04207068521004,1,1,1,1,1,1,1,1,1,0,9.383393888842024,1
Pleasure,493.15626736353556,19.790462394487605,161,92.52635676728119,81.63221749195989,1,0,1,1,0,0,0,1,0,0,1.0,0
Business,285.4183382608638,15.66218715512657,91,99.26950782106736,98.15771273391367,1,1,1,1,0,1,0,1,0,0,1.0,0
Pleasure,367.86132001275075,16.761906548566817,227,103.58095653556376,60.5261047999674,1,1,1,1,1,1,1,1,3,3,4.527729981636601,0
Pleasure,78.77386736260382,3.2245645431627534,283,50.43096001548905,197.86324942147002,1,1,1,1,1,1,1,1,3,0,7.507996799312403,1
Pleasure,277.7927828069566,10.031645078353064,102,89.35675962837288,145.1186610163329,1,1,1,1,1,1,1,1,3,1,6.958216146226556,1
Business,117.05625852965544,9.534987831707477,151,79.30172124316812,43.130021516330736,1,1,1,1,0,0,0,1,0,0,3.1894478321766,1
Business,261.9062872657209,12.72141032305691,3,114.81560782282266,23.830253152744845,1,1,0,1,0,1,0,0,0,0,1.7763807217974947,0
Pleasure,395.68608640104367,4.227794484639789,146,78.38417576170072,42.435081865682875,1,1,1,1,1,1,1,1,2,5,5.023761135275696,0
Business,360.6984894516767,14.478848302028915,198,46.4505312464125,150.71979282521733,1,1,1,1,1,1,1,1,1,0,1.2331125978015642,0
Pleasure,290.90963839448153,3.7387782820032767,434,99.25812336052779,107.82416108556677,1,1,1,1,1,1,1,1,2,5,8.254196366131186,1
Pleasure,306.0785142051348,3.821815752651443,171,85.00387384624534,81.38467571342134,1,1,1,1,1,1,1,1,3,3,8.542882049951938,1
Business,164.92426441242776,7.615914846751504,220,83.6928334432582,69.56056216056108,1,1,1,1,1,1,1,1,5,1,6.545188641758193,1
Business,468.9887411172709,18.27516831253132,32,33.44712759219317,173.33465351932367,1,1,1,1,1,1,1,1,5,2,1.0,0
Pleasure,61.3156409354867,11.740188205137994,477,115.093260760482,135.81497901125925,1,0,0,1,0,1,1,0,0,0,8.879624926382089,1
Pleasure,373.0852250970387,10.033895772240268,28,84.20346460145416,65.126941798612,1,1,1,1,1,1,1,1,1,5,4.161637766793107,0
Pleasure,367.137309216794,6.103757123706353,8,48.097490668511995,148.225080854516,1,0,1,1,1,0,1,1,0,0,2.9689493639006463,0
Business,256.94813491068265,12.709659298817751,405,102.09343879768959,52.25275272938869,1,1,1,1,1,1,1,1,1,0,2.281736907391621,0
Business,72.6034627719981,15.476435170641158,420,18.812070603608625,96.72062521811957,0,1,1,0,1,0,0,0,0,0,1.0,0
Business,460.7527108803109,2.725241612045195,205,29.823314783277485,67.53740409264446,1,1,1,1,1,1,1,1,3,0,7.93436017564875,1
Business,133.92457437707048,15.119169373265265,227,58.64711885357334,81.87689755219488,1,1,1,1,1,1,1,1,2,0,1.6510624842727633,0
Business,304.03154808453974,12.79657754252835,14,52.117136096830585,164.89561583724134,1,1,1,1,1,1,0,1,0,0,1.0,0
Business,94.57288775143871,13.645713841436311,376,68.66047875573572,35.16683662395409,1,1,1,1,0,1,1,1,0,0,1.9535948093910158,0
Pleasure,396.46618673279636,5.2513402636408895,231,45.43573813876814,68.55326658073965,1,0,0,0,1,1,1,1,0,0,3.456270573888693,0
Business,127.6515790240182,9.102602298686982,34,102.97527951609499,92.93600236686093,1,1,1,1,1,1,0,1,0,0,3.0305483389578547,0
Business,332.4896239663958,12.513533688263436,281,71.24393247134465,227.03051805133688,1,1,1,1,0,0,1,1,0,0,1.0,0
Business,439.338090108968,19.735312995910675,186,42.35211682650078,177.89029481571677,1,1,1,1,1,1,0,1,0,0,1.0,0
Business,133.18260051026758,12.240274521246938,36,59.93347681627513,230.44538455896554,1,1,1,1,1,1,1,1,1,0,2.3012867165546202,0
Pleasure,147.93434236766524,16.671174104201537,176,92.64814538937577,130.078024845021,1,1,1,1,0,1,1,0,0,0,7.15185881787412,1
Business,217.44309371807108,3.2986231295763524,387,96.14766518703041,177.008892246454,1,1,1,1,1,1,1,1,5,1,7.517424992551739,1
Pleasure,85.0279254425848,19.41782391133589,6,89.79218306562925,170.8136869828002,0,0,0,0,1,1,1,1,0,0,2.272180747750369,0
Pleasure,114.55715866890243,13.522561656906358,421,77.89656830750314,95.05805798753353,1,1,1,1,1,1,1,1,5,1,8.520790965304466,1
Business,240.09528078651934,13.422801825008058,378,49.11130876172506,64.56028538081907,1,1,1,1,1,1,1,1,0,0,1.9271270127012277,0
Business,195.76501938299046,0.0956996479949912,166,91.18146617584993,139.73360344377008,1,1,1,1,1,1,1,1,7,2,10.0,1
Pleasure,160.89953319362263,4.657695971061591,440,110.92669431462758,68.22967583300309,1,1,1,1,1,1,1,1,1,2,10.0,1
Pleasure,195.96065629914912,11.613894268777504,109,76.45805003235358,187.9614467391268,1,1,0,0,1,1,0,1,0,0,6.557021212615879,1
Business,310.08123746527525,6.276725133920222,173,97.14507568978654,85.28236254544954,1,1,1,1,1,1,1,1,5,0,5.415448028856815,0
Pleasure,345.00999411377495,3.7551365707837014,18,94.95205546027817,115.9739956561299,1,1,1,1,1,1,1,1,0,2,6.027868178917987,1
Pleasure,234.28056252901203,6.99931223435801,199,30.410322533200826,143.16973258626848,1,1,1,1,1,1,1,1,3,1,7.436629022251092,0
Business,122.32035790415516,17.027832767370345,142,117.08092253572592,142.94426095406953,1,1,1,1,1,1,1,1,0,0,1.0,0
Pleasure,243.34599050178844,19.781766551705093,98,52.68169751972598,48.965862643099484,1,1,1,1,1,1,1,1,2,1,5.905339933695237,0
Business,88.14853776702594,15.796120259073358,165,118.13533165244678,197.37429822504436,1,1,1,1,1,1,1,1,0,1,1.3518110309938574,0
Business,177.89851654374195,1.957025707203659,207,114.7705851721509,209.45848417692181,1,1,1,1,1,1,1,1,6,0,8.956569770578188,0
Business,271.41581437987503,10.276463839795504,319,109.82754342951185,181.03149047603875,1,1,1,1,1,1,1,1,4,1,4.829067334402652,0
Pleasure,412.5597467530359,9.348049908830552,421,56.65686963706881,31.829395109602864,1,1,1,1,1,1,1,1,1,2,6.002625951523159,0
Pleasure,293.94179092394324,0.6812021723833883,317,22.819519420150318,81.827174099612,1,1,1,0,1,1,1,1,0,0,8.652601060466937,1
Pleasure,233.27145134759598,14.236095446487909,420,34.44185004022068,164.94151012208235,0,0,1,0,0,1,1,1,0,0,6.115340853091114,1
Pleasure,110.68619740796153,8.823491915220563,478,103.59246200583976,141.41919566929195,1,0,0,0,1,1,1,0,0,0,9.093657829212747,1
Business,78.78087477467204,12.447042629709141,353,84.18729224351566,107.46585780506389,1,1,1,1,1,1,1,1,5,0,3.263502943315019,0
Business,211.46391822643417,18.516655606406914,93,25.379291030658308,166.2914464358425,1,1,1,1,1,1,1,1,2,0,1.0,0
Business,317.23847475870144,16.198482580264944,146,104.9157875136338,134.1074931281222,0,1,0,1,0,1,0,0,0,0,1.0,0
Business,428.8383892047671,19.357411838186522,80,60.93892471861923,193.3925274123477,1,1,1,1,1,1,1,1,1,0,1.0,0
Pleasure,170.74074511051862,18.012209725103077,223,19.111963096216485,138.78798017954855,1,1,0,0,1,1,1,1,0,0,5.696412857410398,0
Pleasure,229.87645507025044,9.350967829433543,214,93.10969908302435,10.77789055687574,1,1,1,1,1,1,1,1,1,0,9.258679207803107,1
Pleasure,487.7309340738489,8.780095469011531,388,84.48263410319719,221.89632618222706,1,1,0,1,1,1,0,1,0,0,1.676814879267077,0
Business,376.90534818267605,1.156479597512654,246,82.20071871623173,143.07908839903226,1,1,1,1,1,0,0,1,0,0,6.625871671448874,1
Business,321.8940678265099,12.541403300977741,41,66.40208721998637,217.85750711420854,1,1,1,1,1,1,1,1,2,5,3.173452593224086,0
Business,237.0716759803443,16.84482021578193,134,111.80024031720434,7.7675607366586,1,1,1,1,1,0,0,1,0,0,1.0750376466704954,0
Business,133.0612398343216,8.873101088635256,202,109.23979507588321,196.97307526433082,1,1,1,1,1,1,0,1,0,0,3.5035834361147216,0
Pleasure,266.26855400853765,15.787923730118331,220,77.94344169102118,46.952894592645386,1,1,1,1,1,1,1,1,2,5,8.057848442134363,1
Business,199.6231848462184,16.420145925879375,202,117.43076312766915,134.01588229950522,1,1,1,1,1,1,1,1,4,0,2.1577715822139596,0
Business,213.61401292376854,11.48070312203815,365,30.997043579161843,125.08003508254608,1,1,1,1,1,1,0,1,0,0,1.531836611120946,0
Business,411.04879978121636,2.34651209008234,72,58.38910852950332,216.70248487841192,1,1,1,1,1,1,1,1,5,2,7.9936334965929,1
Pleasure,260.68811621690037,13.028783178863684,29,107.14541461783062,17.4009912721779,1,1,1,1,1,1,1,1,3,5,5.9443143021991975,1
Business,326.3895096336421,15.60973745530748,281,77.92056259223163,169.33285621024626,1,1,1,1,1,1,1,1,5,1,1.4997704390323636,0
Business,92.91244312209908,3.3253557983500492,82,91.66611935082456,35.02356965304498,1,1,1,1,1,1,1,1,3,2,7.601142472650256,1
Pleasure,197.60487848821592,17.434983528634277,429,89.50811898662195,93.74772705301068,1,0,0,0,1,0,1,1,0,0,8.498458194874384,1
Business,409.4175717165728,8.405676219374508,15,43.20383246828216,150.14509091193796,1,1,1,1,0,0,0,1,0,0,2.936369426556722,0
Business,79.61021777095408,16.041847058082922,389,48.358360165168015,78.43794458101056,1,1,1,1,1,1,1,1,2,2,1.5874804030060548,0
Pleasure,63.35363262117311,12.99042348151776,93,42.3793045982246,153.72532775530843,1,1,1,1,1,1,1,1,0,0,3.5713240194695692,0
Business,140.7002541954309,17.1208230756625,145,99.96701187896004,191.59710564372827,1,1,1,1,1,1,1,1,3,0,1.0,0
Pleasure,480.71541066216747,12.916595399866921,398,87.82742927325539,57.534099297699456,1,1,1,1,1,1,1,1,3,2,1.6360791791506504,0
Pleasure,71.50458403801221,9.29445184994533,179,31.584539768389146,168.36596416262554,1,1,1,1,1,1,1,1,3,5,5.000173713383454,0
Pleasure,475.9975790437689,8.661782660276348,376,75.3488331608843,86.6773148702996,1,1,1,1,1,1,1,1,0,2,1.6250548034143883,0
Pleasure,392.6538324052992,10.908785475622025,426,89.04402930071213,232.90562291663045,1,1,1,1,1,1,1,1,3,3,6.722157031384206,1
Pleasure,228.44689531053297,13.6931460629142,88,69.62066629322304,178.58239176281273,1,0,1,1,0,1,0,1,0,0,4.9656414473299115,0
Business,332.0749991325334,7.603096511731935,253,57.28850460268933,106.02919321438132,1,1,1,1,1,1,1,1,1,1,5.0464774340403284,0
Pleasure,422.7410322403766,8.24533056323884,62,118.7418264546648,62.47742527847786,1,0,0,1,1,1,1,1,0,0,1.5863256119751596,0
Business,418.75785547853974,4.005240180485259,236,89.80581214614676,70.04692992515174,1,1,1,1,1,1,1,1,5,0,7.884586075199282,1
Pleasure,340.8179006124438,4.414180056653539,326,62.232664175459135,15.94598694049165,1,1,1,1,1,1,1,1,7,2,9.05447842260769,1
Pleasure,199.36407885038926,17.25775858969815,256,113.07655652933639,7.093849967579347,1,1,1,1,0,1,1,0,0,0,6.8347145805488125,1
Business,87.6690040743009,0.5607961767821568,346,16.0021315948211,191.2012602969231,1,1,1,1,1,1,1,1,3,0,8.182989453275864,1
Pleasure,257.1983929408387,13.127515377669452,236,66.60358180990998,191.18314523754387,1,0,1,1,1,0,0,1,0,0,7.370399360369223,1
Business,152.00598580857917,19.9975546533527,313,113.32240065438438,147.30375534781626,0,1,1,0,1,1,0,1,0,0,1.0,0
Business,151.6106380214201,12.739403302482275,7,97.60128660273072,111.04527769476702,1,1,1,1,0,1,0,0,0,0,1.0,0
Business,326.4536510459265,15.316882545436224,371,115.64202348109534,25.086049647139514,1,1,1,0,0,1,0,1,0,0,1.8081713289070849,0
Business,423.6638223798581,1.6673321047493839,444,27.828104617843422,95.33770827667352,1,1,1,1,0,0,0,1,0,0,5.666667529517219,1
Business,434.6226786523291,13.424990923384554,477,105.88695952774943,7.165303714922866,1,1,1,1,1,1,1,1,4,0,3.492822064652522,1
Pleasure,296.4887234734346,6.598045848494747,111,88.93244984116556,29.257397606920822,1,1,1,1,1,1,1,1,0,4,6.536504375096559,1
Business,394.583387478986,8.705364944410698,110,106.3573321074095,211.89502663585282,1,1,1,1,1,1,1,1,3,3,5.345794929251878,0
Business,295.1954263492277,9.58632901082801,24,86.63396504817973,145.661650948078,1,1,1,1,1,1,1,1,2,0,4.338580772480597,0
Business,124.98279663619608,9.742963498690882,189,116.38101283423222,214.605240984646,1,1,1,1,1,1,1,1,2,0,3.5778033859183966,0
Business,259.9322997510961,9.230386447958566,218,50.306524376797356,237.8183551502387,1,1,1,1,1,1,1,1,5,1,4.407280186645983,1
Business,382.8646977039558,8.722466773647717,181,20.420295052301224,202.2629084318609,1,1,0,0,0,1,0,1,0,0,1.5632681988972754,0
Pleasure,253.7297951465379,4.307470281812382,248,74.40521573403419,175.9303507814866,1,1,1,1,1,1,1,1,0,4,9.438087670306187,1
Pleasure,272.68876951566887,12.278516343166167,433,67.55253543504249,238.9878594833251,1,1,1,1,1,1,1,1,3,5,8.279332666940142,1
Business,97.45011395057809,15.880513365301878,324,47.96566432175193,58.97149156212993,1,1,0,1,0,1,0,1,0,0,1.0,0
Business,66.90205392641136,5.206882105530177,113,78.72345641092176,238.32521405476766,1,1,1,0,1,0,0,1,0,0,4.017034398115403,0
Business,440.8141344425686,13.132223608631325,374,59.8594438179844,69.1547595264174,1,1,1,1,1,1,1,1,0,0,2.3797168255374173,0
Business,312.5769849732764,12.58461586471483,480,54.47565151265744,119.46364938543354,1,1,1,0,0,1,0,0,0,0,1.0,0
Business,367.20709850365796,17.34760564578928,321,79.36077800707125,74.04093626173339,1,1,1,1,1,1,1,1,0,0,1.0,0
Pleasure,235.01520079030323,12.90519835063128,16,67.34264802398106,167.89601096357282,1,1,1,1,1,1,1,1,3,0,6.428555615624692,1
Business,180.3335241180459,14.28781905050425,483,29.3546094625438,143.52553112942385,1,1,1,1,1,1,1,1,5,0,2.256797782450678,0
Business,169.00009521987417,17.616191681915637,81,22.172367955523267,196.29074251962035,1,1,1,0,1,0,0,0,0,0,1.0,0
Pleasure,260.4046109422185,3.578929132246651,388,77.04433345830836,34.14692257258889,1,1,1,1,1,1,1,1,2,3,9.610219939986932,1
Pleasure,399.24031494877113,4.140294394987027,120,43.94867111083548,116.68195002546945,1,1,1,1,1,1,1,1,2,4,4.214701041808825,0
Pleasure,400.17029717261784,9.560875064949618,449,17.913385435294526,117.23578944346193,1,1,1,1,1,1,1,1,0,1,5.418758347004381,0
Pleasure,319.5618452841707,11.007737087939287,254,113.99953263736353,49.11583318621104,1,1,0,1,1,1,1,1,0,0,6.005065351956498,0
Pleasure,257.1412191001924,7.638444326248129,68,80.13922489319826,68.65165607292249,1,1,1,1,1,1,1,1,0,3,6.753226099755077,1
Business,203.91653082528725,16.812178434700748,230,74.55686325302301,110.4575158918078,1,1,1,1,1,1,1,1,0,0,1.0,0
Business,74.56074474160505,13.90903594973146,292,107.69511381640604,26.73113640543648,1,1,1,1,1,1,1,1,4,1,3.2032942363428467,0
Business,420.18348224576505,17.030561033418795,307,102.14599489734334,10.656796532827551,0,1,1,1,0,0,0,0,0,0,1.0,0
Business,236.53786733960857,13.075981174770314,448,36.92715473941647,187.94673274154042,1,1,1,1,1,1,1,1,4,2,2.1033009289351523,0
Pleasure,386.09604689056357,13.551741413831396,367,97.56783361618096,35.245560451774296,1,1,1,1,1,1,1,1,4,1,8.008254795323166,1
Pleasure,115.84201588111166,3.996928171708085,71,40.880851943803556,69.74071666502219,1,1,1,1,1,1,1,1,4,2,6.841795519311735,1
Business,203.9928463464406,14.497514721346414,98,87.67549186580987,134.1506191919254,1,1,1,1,1,1,1,1,4,2,1.1374800701127668,0
Pleasure,216.11119014335773,1.8709985293402132,317,74.48362144281926,156.54532055768922,1,0,1,0,1,1,0,1,0,0,8.244660197672438,1
Business,81.33869199296882,17.476754779512895,347,108.09111413239538,11.543848000792298,0,1,1,1,1,0,1,1,0,0,1.0,0
Pleasure,389.05141902355365,5.382226130601344,420,38.97388524242392,47.15321206722484,1,1,1,1,1,1,1,1,2,6,5.396003058425139,1
Business,327.24552437607446,11.931064374907919,272,93.94820393408888,185.9996201877378,1,1,1,1,1,1,1,1,5,1,3.311086097603593,0
Business,92.45494483550529,10.630681703783704,498,56.5581699087519,46.197395052178635,1,1,1,1,0,0,0,1,0,0,2.4654561966784114,0
Business,223.3276426519476,3.6518970894726754,382,88.64791461091006,19.419506230239975,1,1,1,1,1,1,1,1,3,0,7.817229601503153,1
Business,194.6905683999408,1.9413962477396285,331,22.51103988536294,59.333110962314336,1,1,1,1,0,1,1,1,0,0,5.215242707990855,0
Pleasure,112.08377591034086,1.8031269127999883,284,66.56145068104884,191.12635360851772,1,1,1,1,1,1,1,1,0,4,7.709455522642741,1
Pleasure,426.50777735309305,18.430159049369383,107,110.7600165846971,199.63153236149864,1,1,1,1,1,1,1,1,1,2,1.8317042336664655,0
Business,172.98448462423292,3.1877934382228545,142,35.97653171945415,197.2360765745389,1,1,1,1,1,1,1,1,3,1,7.5981146217283655,1
Business,263.3804466384887,3.876686929898767,125,109.54905944711406,52.10608534041129,1,1,1,1,1,0,0,1,0,0,6.759175938451746,1
Pleasure,354.014422364704,18.513573379123844,239,60.628423691554644,115.44380638880392,1,1,1,1,1,1,1,1,0,1,2.804006270856994,0
Pleasure,227.2506957516874,19.72736270383534,344,65.65131721796389,134.7871137220291,1,0,1,1,1,1,1,1,0,0,7.273810849758857,1
Pleasure,295.0439026253865,14.01398238162217,182,56.37108249806755,218.652204990874,1,1,1,1,1,1,1,1,0,0,5.553792889501604,0
Pleasure,170.4541399257397,15.222086026543568,114,84.30621268977653,9.594626620428647,1,1,1,0,1,1,1,1,0,0,6.1876350171482715,0
Business,269.7735711865212,11.219182132973904,415,106.27885684667865,151.97769612563442,1,1,1,1,1,1,0,1,0,0,2.51450285454149,0
Business,493.83850852805716,9.65616873704642,424,84.15104452824973,76.0690996809722,1,1,1,1,1,1,1,1,1,1,3.561773273260385,1
Business,446.09950419550887,18.411032690530902,87,104.20159462828644,225.12297072489554,1,1,0,0,0,1,0,1,0,0,1.0,0
Business,150.79405330787972,3.3817519694854914,343,82.37115644408563,179.46537296654583,1,1,1,1,1,1,1,1,5,4,9.172347424639627,1
Business,459.0865146472946,7.117628233365516,47,16.012896207419367,95.92508996615678,1,1,1,1,1,1,1,1,5,1,5.906098801087345,1
Business,251.6520214196046,15.714394785899161,15,56.26627814272647,20.905697725120977,1,1,1,1,1,1,1,1,3,3,2.2262966628981697,0
Pleasure,362.6926640570225,7.067770929700156,450,55.06313505638358,95.538650527019,1,1,1,1,1,1,1,1,2,1,7.068159760013278,1
Pleasure,208.5592962454246,4.572129685806992,495,94.78385887515635,196.01041549120922,1,1,1,1,1,1,1,1,2,7,10.0,1
Business,228.04831296008825,16.090607568938374,303,50.03802424891434,75.70275392121448,1,1,1,1,1,1,1,1,6,1,1.9644761776154758,0
Business,312.67025080735704,13.156486780851832,479,106.81996964919617,77.44901842095149,1,1,1,1,1,1,1,1,3,2,3.6500424456824083,0
Business,416.3797927076792,3.007652493257489,166,96.01465534874261,124.26124480770781,1,1,1,1,1,1,0,1,0,0,7.608952776173908,1
Business,428.22985083744953,6.7295252318914,246,84.30392288795068,86.41158164717817,1,1,1,1,1,1,1,1,0,0,3.9025853281859364,0
Pleasure,367.4441387257451,5.256714060444758,369,27.053004485406642,66.03784186818471,1,1,1,1,1,1,1,1,1,0,5.909985923250878,1
Business,479.9330161051251,17.728171227758445,420,68.36431365937558,182.59490203339834,1,1,1,1,1,1,0,1,0,0,1.0,0
Business,277.0719058874738,19.92952175975619,333,96.16284103307589,87.54505258751442,1,1,1,1,1,1,1,1,2,1,1.0,0
Business,421.60282409758884,18.29781631546307,358,49.465976393053246,56.365246339123516,1,1,1,1,1,1,1,1,2,2,1.0,0
Pleasure,145.1892264524281,8.808896194361502,312,19.63350746924388,62.62734637614322,1,0,1,1,1,0,1,0,0,0,5.428566019343522,1
Business,424.26996676054193,15.660255816958102,265,90.49392182422346,81.63158581964792,1,1,1,0,1,1,0,1,0,0,1.0,0
Business,199.83381304347358,16.651330864670836,39,56.12592513701596,28.02536435725815,1,1,1,1,1,1,1,1,4,3,1.9419578365646641,0
Pleasure,299.61147462014134,5.8238928474410585,101,102.56918482707584,151.7368717268981,1,1,0,1,1,1,0,0,0,0,6.057195341521583,1
Pleasure,77.7095488778787,8.354935496296106,139,102.01474856081693,17.68586267214383,1,1,1,1,1,1,1,1,7,1,8.480095543322845,1
Business,367.0884984737961,14.334994040560519,116,44.444204837039145,71.88381296802646,1,1,1,1,1,0,0,1,0,0,1.3944814167322457,0
Pleasure,214.56886494935665,19.098232844867482,411,88.9548900214384,153.45180151642205,1,1,1,0,1,0,0,1,0,0,7.467486876912999,1
Pleasure,106.14329584457403,13.36104418632582,107,115.23145689531613,222.95646661976605,1,1,0,0,1,0,1,1,0,0,4.930149647507653,0
Business,379.4842495009391,9.581211586776774,432,89.6537124979961,205.43949330651682,1,1,1,1,1,1,1,1,2,0,4.028791034198408,0
Business,484.45138658655054,1.1163596141094545,146,106.77288646838761,195.98219537120434,1,1,1,1,1,1,1,1,0,0,7.227209968037184,1
Business,397.01842790828954,4.626781722071502,50,18.695062336710897,211.41353501615706,1,1,1,1,1,1,1,1,3,1,7.03963859571228,1
Business,133.06988859055187,4.3172965642161305,120,36.6792255098746,70.22146601989925,1,1,1,1,1,1,1,1,6,2,7.600126817046894,1
Business,358.0894463915333,5.3881109832158085,376,60.48034276197096,32.88861790503825,1,1,1,1,0,0,1,1,0,0,4.8182950619800105,1
Business,426.4672788882146,14.203178075821706,453,64.58097244525268,165.91864565347694,1,1,1,1,1,1,1,1,2,0,1.4688471756743835,0
Pleasure,230.88869981193872,3.9473091561863494,442,55.76662186750015,202.67073582022405,1,1,1,0,1,0,1,0,0,0,8.225612735763086,1
Business,487.30327609087885,1.9601313390890929,232,49.24480386038563,153.71588839424163,1,1,1,1,1,1,1,1,3,0,7.542566827076244,1
Pleasure,71.71447177711056,7.128970002951065,369,22.405717361073265,122.27788723618126,1,1,1,0,1,1,1,1,0,0,6.636190183565622,0
Pleasure,476.30194187522386,11.800502170989143,227,106.70067627749556,213.8236759320291,1,1,1,1,1,1,1,1,1,1,1.0,0
Business,63.67614008587327,11.396299001176768,474,79.97633120979381,155.30900972934433,1,1,1,1,1,1,1,1,6,0,4.199785234136584,0
Pleasure,361.6863864905647,0.9118741391272822,33,20.96552455116281,211.01867394507943,1,1,1,1,0,1,1,1,0,0,3.431189810810246,0
Pleasure,194.9246107779386,2.7047756636899467,70,71.8541565507518,47.55340279667947,1,1,1,1,1,1,1,1,2,3,8.903019392859695,1
Business,455.67208980230936,15.898464319462288,222,84.30238484428827,97.90964990448641,1,1,1,1,1,1,1,1,1,0,1.0,0
Pleasure,363.1412255415275,18.724861170957485,58,104.80105563639862,227.86191936212794,1,1,1,1,1,1,1,1,0,7,3.600902452899583,0
Pleasure,453.3994997908241,0.9612634372639928,480,116.9902459081282,88.22201429787194,1,1,1,1,1,1,1,1,1,1,4.192158954183626,0
Business,293.348823207133,7.6359301504303705,86,83.51497746273148,134.1184186482471,1,1,1,1,1,1,1,1,4,0,4.940780955263716,0
Pleasure,286.8942046922704,6.421769388118479,16,69.73249322111816,148.97452502233088,1,1,1,1,1,1,1,1,2,3,4.815170460609397,0
Business,197.13366105020185,15.785416908284407,197,112.42170679379493,105.27996442540355,1,1,1,1,0,1,0,1,0,0,1.0,0
Pleasure,343.5697339474228,17.424096578160523,490,62.07817313877415,229.06697363456038,1,0,1,1,1,1,1,1,0,0,6.579375967163731,1
Business,450.92333003916934,12.15074222925055,245,32.25309480094185,206.8650425781307,1,1,1,1,1,1,1,1,3,0,2.055038143136109,0
Business,429.2624548727261,0.9265574927430587,133,34.089521991528215,94.14643408580477,1,1,1,1,1,1,1,1,6,3,7.76060321480904,1
Pleasure,320.2316741993647,9.525018931787685,109,98.3583629746195,54.5527767357629,1,1,1,1,1,1,1,1,2,5,6.777104126555986,0
Pleasure,388.6516287085308,8.420944179267325,175,83.76498692383332,140.69230762619503,1,0,1,1,1,1,1,0,0,0,2.940935186535512,1
Pleasure,313.5763150960594,2.543579803895397,254,93.71775109934795,131.4748843164041,1,1,1,1,1,1,1,1,3,4,7.99212406110009,1
Business,72.0929948656627,7.189517686737639,200,85.0192049288385,227.21577633672263,1,1,1,1,1,1,1,1,5,2,6.139569204000617,1
Pleasure,306.6677594166026,18.55465468847999,99,100.19642254615025,63.31365462455874,1,1,1,1,1,1,1,1,1,5,6.278702007467741,1
Business,378.47784232238166,11.633690017949718,299,103.76067238754376,23.026809814045098,1,1,1,1,1,1,1,1,3,1,5.312124141743194,1
Pleasure,115.79889804511245,2.8138267275757256,71,60.54908124442805,128.7699412795719,1,1,1,1,1,1,1,1,3,6,8.051917563931191,1
Business,81.43769128804477,5.793607445833027,64,80.25615831052387,187.81397799104207,1,1,0,1,0,1,0,1,0,0,3.2136460004744967,0
Pleasure,330.1287504547148,19.071236725850728,276,22.194776672751598,229.642490453063,1,1,0,1,0,1,1,1,0,0,4.997942993545918,0
Business,205.94370286577012,17.861737831930885,364,111.6388924594599,91.00156823351621,1,1,1,1,1,1,1,1,3,0,1.0,0
Pleasure,216.51315979161637,19.820244336599938,74,110.73649455702959,139.2264359076138,1,1,1,1,1,1,1,1,1,0,6.443323406645574,1
Pleasure,319.174810688893,12.353486946912309,3,54.285199275802675,155.52616218630615,1,0,1,1,1,1,1,1,0,0,5.045948444904203,0
Pleasure,449.4717352757827,0.40418641651556175,297,64.93992462772967,169.42911544109225,1,1,1,1,1,1,1,1,0,1,4.621223328005158,0
Pleasure,288.66542075035795,19.430103876754814,352,78.69405888058763,239.62310838124796,1,0,1,1,1,1,1,1,0,0,8.746924784639644,1
Business,87.70174412049099,10.59677896676892,72,54.137418582212554,128.0561835855175,1,1,1,1,1,1,1,1,1,0,3.4341149212757727,0
Business,68.34447282742829,6.874998737851841,108,92.2212364823756,16.136650617359898,1,1,1,1,1,1,1,1,0,0,5.503976251981416,0
Pleasure,128.46788143756388,5.729549414995492,56,109.33102876525393,24.340424282529444,1,1,1,1,1,1,1,1,0,1,8.430866826661042,1
Business,129.1640374857195,2.431618216689373,372,75.95015000057556,50.78472726899029,1,1,1,1,1,1,1,1,3,2,7.221789881543364,1
Pleasure,348.0087812207694,16.47203837353691,67,101.53984474511103,237.46752956243353,1,1,1,1,1,1,1,1,2,1,3.1241350650301367,0
Pleasure,265.76951522590974,4.253721341948431,45,88.44682653877331,80.70919899931884,1,1,1,1,1,1,1,1,3,3,8.602817104518977,1
Pleasure,425.65428006245384,18.091602351795387,359,116.63471716426898,214.34773160929834,1,1,1,0,0,0,1,1,0,0,3.3295035219479248,0
Pleasure,92.40947413569825,19.887080348342575,117,114.02135592420767,230.38891054967118,1,1,1,1,1,1,1,1,4,1,6.148826455425941,1
Business,275.99739872117556,0.6808543301043968,324,110.86245641197156,76.14269445744414,1,1,1,1,1,1,1,1,0,0,7.7610852898177765,1
Business,175.60764585975713,6.221626008856163,177,72.95114055417771,122.19070037921176,1,1,1,1,1,1,1,1,6,1,7.794376127935605,1
Pleasure,351.02621754024545,11.56721212001866,374,33.87734149887987,140.57836804688236,1,0,0,1,1,1,1,0,0,0,5.760502569667085,0
Pleasure,107.64505161178462,5.365320656486747,201,119.54941353772297,48.047560037484125,1,1,1,1,1,1,1,1,1,2,8.472284572281891,1
Pleasure,302.5962604253241,12.262550062370758,468,66.43540426323659,174.13726412296174,1,0,0,1,1,0,0,1,0,0,6.6678937804914655,1
Business,352.5151664970942,15.921725542832917,4,54.14871848919536,211.6430173079353,1,1,1,1,1,1,1,1,3,1,1.0,0
Pleasure,74.3306662183005,11.47417728529965,354,107.24423779360527,161.7856160934329,1,1,1,1,1,1,1,1,3,2,7.4722796091779164,1
Business,325.7559984360689,8.957465880344984,339,113.01067289522051,172.98293544327512,1,1,1,1,1,1,1,1,5,0,4.894160220513811,0
Business,145.88173543087242,6.485043751966901,432,73.28858532614494,235.79494701293441,1,1,1,1,1,1,1,1,4,1,5.755609947233512,1
Pleasure,419.60824074096536,5.144755422740365,213,32.210364103714404,74.72425293620594,1,1,1,1,1,1,1,1,0,0,2.7927121213818573,0
Business,73.86847644194506,4.389775715819766,292,89.09824619521639,188.396374871622,1,1,1,1,1,1,1,1,5,0,8.0928553621513,1
Business,308.90763238823416,4.179329307477417,301,53.83249385880528,38.99881442676078,1,1,1,1,1,1,1,1,5,1,8.435069435215809,1
Business,270.5364745341803,5.530720033237233,73,29.436180362176184,38.96367794631162,1,1,1,1,1,1,1,1,1,0,5.773264885525737,1
Pleasure,231.42458345766593,7.988752446244199,234,75.50693492767537,31.837572614341287,1,1,1,1,1,1,1,0,0,0,7.201341384549413,1
Business,93.89851097095122,2.1615280045157292,28,33.75155498503385,36.02883424376638,1,1,1,1,1,1,1,1,3,0,7.561624338811686,1
Business,189.57532036000154,19.85212111416651,81,102.06567297539486,24.41254502749044,1,1,1,1,1,1,1,1,4,1,1.0,0
Business,256.610626666395,9.336763139538313,76,36.51412835285961,231.64926915040112,1,1,1,1,0,1,0,1,0,0,2.1520740413755903,0
Business,182.441205142244,12.268417650476097,314,17.23740972545834,54.84034441751551,1,1,1,1,1,1,1,1,3,1,3.156227039064039,1
Pleasure,459.58056762659623,5.534523404506917,169,110.54646399189782,28.758809140908184,1,1,1,0,0,1,1,1,0,0,1.765405388463734,0
Business,238.95379257337436,2.6077148859617294,359,45.75279328630175,8.558390265821062,1,1,1,1,1,1,1,1,2,1,8.310494495631831,1
Business,190.43527234097064,0.6011782740588889,74,119.51503280406564,31.150312022123593,1,1,1,1,1,1,0,1,0,0,8.77855448976623,1
Business,183.93712693961146,8.158725663963827,347,23.429601653113064,183.28714034220184,1,1,1,1,1,1,1,1,2,2,5.045845715469753,0
Business,78.81600018996265,12.478834850796092,38,27.807555722051138,53.93200916307597,1,1,1,0,0,0,1,1,0,0,1.6598688770712164,0
Business,359.2608197550619,14.505746070027929,495,17.819443314796473,112.33994582460656,1,1,1,1,1,1,0,1,0,0,1.0,0
Business,296.6998262094235,15.431283249046873,485,54.17436435249404,181.35049773670536,1,1,1,1,1,1,1,1,5,1,1.4062793721301676,0
Pleasure,336.62797766976223,11.928636297664912,154,50.78788989223351,194.96514114568294,1,1,1,0,0,1,1,1,0,0,5.952202349109155,0
Business,281.4153735675864,9.7708351024379,158,115.78350143794893,26.077676638455355,1,1,1,1,1,1,1,1,3,1,4.597660933775699,0
Business,363.0537749971722,4.406080448953428,174,36.34709077550931,73.29263264933051,1,1,1,1,0,1,1,1,0,0,3.242178861306164,0
Business,485.7910710905513,3.1018091475259912,412,57.104220140431714,166.27361709753438,1,1,1,1,0,1,0,1,0,0,5.718636282267104,0
Business,418.3056393174095,15.596844000524051,218,99.12401752487457,117.32228833866257,1,1,1,1,1,1,1,1,2,0,1.0,0
Pleasure,366.9214506568686,19.832753463926743,318,113.30552415051419,230.29914394105123,1,1,1,1,1,1,1,1,7,0,4.883141266844792,0
Pleasure,359.850643071868,12.170542288359755,66,49.82216994374078,54.98192267415085,1,1,1,1,1,1,1,1,2,2,2.733504898115889,0
Pleasure,261.39006537334217,17.9484674087413,425,21.53114189992257,109.13318095496946,1,1,1,1,1,1,1,1,6,1,8.063845206681997,1
Pleasure,64.50863756499494,15.848854811896286,242,68.75719059079546,134.87967137504913,1,1,1,1,1,1,1,1,2,5,5.866238808228111,0
Pleasure,465.22985014774054,15.608144935025319,107,34.40335065067611,93.66262778448599,1,1,1,1,1,1,1,1,0,0,1.0,0
Pleasure,469.08127149963696,15.044684307498796,224,49.550883938639316,238.80095426231486,1,1,1,1,1,1,1,1,0,0,1.2149224538060361,0
Business,438.762812603693,5.007920562751327,33,28.77287519323769,82.30120510810102,1,1,1,0,1,0,0,1,0,0,3.3214746596737883,0
Pleasure,152.03285123967692,14.881451910772299,378,67.13632591729608,150.98731221181495,1,1,1,1,1,1,1,1,0,1,8.097412465109281,1
Business,319.00311331217415,0.4900635097566197,236,25.93365950822878,177.5442539467741,1,1,1,1,1,1,1,1,6,2,8.47150612510724,1
Business,409.4705625568305,17.14153317137193,76,118.66464633322059,142.43963083373094,1,1,0,1,0,0,0,1,0,0,1.0,0
Business,278.58304125722356,19.774285113742735,371,75.5698496939587,62.47748660065491,1,1,1,0,0,1,0,1,0,0,1.0,0
Pleasure,316.2739699697702,0.8298440233704962,121,86.50679566159856,45.410764965340285,1,1,1,0,1,1,1,1,0,0,6.951888964443019,1
Pleasure,270.6310260496454,5.537977424423581,362,73.66485709892667,37.694014240135544,1,1,1,1,1,1,1,1,0,0,9.433964518305368,1
Pleasure,303.2685420942059,6.714631051473113,83,108.08406674780684,238.26893753864996,1,1,1,1,1,1,1,1,1,0,5.679392356457103,1
Business,349.34726905441653,15.510257684041793,199,102.37123123069378,95.53294054131078,1,1,1,1,1,1,1,1,6,0,1.357801238041078,0
Business,365.5076500591915,5.4624314098142035,106,20.37303911621099,48.86555423789633,1,1,1,1,1,1,1,1,0,0,5.422768278350646,0
Pleasure,341.5741707394842,9.497473205188065,471,106.98727964354852,155.2376575188398,1,1,1,1,1,0,1,1,0,0,7.674493867475848,0
Business,211.33603135120148,3.938634876265501,210,73.1744091289825,115.16367415246663,1,1,1,1,1,0,0,1,0,0,5.5967758137978825,0
Pleasure,474.3800149140411,0.33000480537339616,353,110.50983344991552,52.19662245616698,0,0,1,0,1,1,1,1,0,0,3.502835685540923,0
Pleasure,487.0640424851233,5.353874596806283,243,63.102801033936466,35.19704496156331,1,1,1,1,1,1,1,1,0,3,2.4727344116988195,0
Pleasure,181.1987777110301,18.262129286415203,167,66.33631370151289,52.413544827885005,1,1,1,1,1,1,1,1,1,0,6.096083663350953,0
Pleasure,186.05916663917333,5.914211582610969,352,72.55398241894015,149.29342760459156,1,1,1,1,1,1,1,1,3,3,9.0664010454411,1
Business,166.03044823867884,6.205375149010816,452,118.55876338741442,194.49059275509538,1,1,1,1,1,1,0,1,0,0,4.490676915839892,0
Business,372.6688235094497,9.016218199214354,206,17.801179968473434,47.4161009780656,1,1,1,1,0,0,0,1,0,0,3.439102835148944,0
Pleasure,336.0956097909837,11.271560821889926,273,66.38245749843826,41.696529459085,0,0,0,1,1,1,0,1,0,0,6.107652254179875,1
Pleasure,117.98032207301958,0.079961715503436,432,103.57986884660343,126.4341367097476,1,1,1,1,1,1,1,1,0,1,10.0,1
Pleasure,334.2835982482192,13.350264205460864,67,87.9699158687587,180.07528535980154,1,1,1,1,0,1,0,1,0,0,4.581316574753391,1
Pleasure,179.41363486239956,12.201359283190872,419,93.76256441199864,44.48023418183722,1,1,1,1,1,1,1,1,0,5,9.369414914261974,1
Pleasure,257.2599695980564,3.6588335551675644,286,43.582235395841096,17.36542949427238,1,0,0,1,1,1,1,1,0,0,7.927059667493961,1
Pleasure,462.0211461646239,2.407704310217569,307,68.94336796086264,100.88637593307307,1,1,1,1,1,1,1,1,4,5,3.8654299482803838,0
Pleasure,308.4425961642358,6.7270056951399315,375,31.98311246968757,9.148967503845766,1,1,1,1,1,1,1,1,0,0,7.53611090215466,1
Business,88.8505881863617,8.993366799409202,164,64.89768232460086,171.1271427504309,1,1,1,1,1,1,1,1,2,1,3.6717113374873858,0
Business,102.28427972413922,17.868580244246775,484,35.91546148347559,208.40779444186074,1,1,1,1,1,1,0,1,0,0,1.0,0
Pleasure,75.00762313831474,8.492356621702616,408,43.4310049287849,215.5228566099878,1,1,1,1,1,1,1,1,0,0,8.946139847005682,1
Business,217.60430640999994,16.171770567571066,264,64.3250872128374,171.02653689149392,1,1,1,1,1,0,0,1,0,0,1.0,0
Business,89.85059926531005,12.337142947268285,60,118.61174482122858,97.05844547078692,1,1,1,1,1,1,1,1,5,2,4.43968323991153,0
Pleasure,470.6892397718081,9.978978209219964,409,37.1810255717205,105.38656581929526,1,1,1,1,1,1,1,1,0,2,1.70310437872759,0
Business,464.8092179601257,9.539347254338743,139,75.8892109341237,48.02826954173412,1,1,1,1,1,1,1,1,0,0,2.7910454416584467,0
Business,96.34567060619648,10.971143531450238,422,64.83758502228967,35.117531037455066,1,1,1,1,1,1,1,1,5,0,3.6944929284509542,1
Pleasure,286.5945137256981,4.525665059376616,487,107.39953768609162,102.93869514456456,1,1,1,1,0,1,1,0,0,0,10.0,1
Business,275.1971912866495,0.5692174942938566,3,74.15342748273774,81.83008793449626,1,1,1,1,1,1,1,1,5,2,10.0,1
Business,313.3368286291368,6.753164064368238,490,50.2269373208921,209.0932938075653,1,1,1,1,1,1,1,1,1,0,5.566142226926107,0
Pleasure,462.1020220168818,3.7362566167712608,467,58.50562777547674,191.76024765998199,1,1,1,1,1,1,1,1,0,0,3.8670587187928027,0
Business,176.28348614201946,1.358051134081959,262,59.94504369668862,127.83449220272261,1,1,1,0,1,0,0,1,0,0,8.411034872502684,1
Pleasure,244.9993347443726,3.9869323137332335,60,92.85875829092366,108.98271963986,1,1,1,1,0,1,0,1,0,0,6.66978100152633,1
Business,134.70864483257577,8.983523132736554,294,100.67752865681778,190.10262351898967,1,1,1,1,1,1,1,1,3,3,5.051515736820614,0
Pleasure,265.6967744844091,16.354925193077914,205,55.62490024711158,16.016723517410007,1,1,1,1,1,1,1,1,2,1,6.156211044145572,1
Business,66.81363459994384,6.711988624661791,100,82.34791241458734,177.43682213806986,1,0,1,1,1,0,1,1,0,0,4.35458783750607,0
Pleasure,188.27800842321804,13.018922085219316,392,16.963857317620437,228.56695610839267,1,1,1,1,1,1,1,1,0,0,6.913883824989562,0
Pleasure,269.7098472647338,5.705007403624762,130,77.48671407549506,161.32812549791953,1,1,1,1,1,1,1,1,0,2,6.576662075285085,1
Pleasure,404.92020908974183,6.1555794696777415,368,95.3165958347199,79.90007240443019,1,1,1,1,1,1,1,0,0,0,5.218078184645317,1
Business,347.4642452125501,18.774582223723158,344,84.18782215211408,77.21913668786914,1,1,1,1,1,1,0,1,0,0,1.0,0
Business,493.46683206800697,8.929022057623362,194,29.258495571257157,70.40346831289327,1,1,1,1,1,1,1,1,4,2,4.380904955411791,0
Pleasure,85.42738409385456,16.43962329678158,61,99.21521966372187,91.40431288020771,1,0,0,1,1,1,1,0,0,0,5.294678729148847,1
Business,68.72457364039678,1.1725405278507073,32,27.90586395164583,116.90403420556592,1,1,1,1,1,1,1,1,2,2,7.497520614788094,1
Pleasure,327.7598252902299,19.164933083166453,173,35.64682074638612,34.94381096198467,1,1,1,1,1,1,1,1,5,2,5.089892120169455,1
Pleasure,90.12933186279469,5.5704410114447995,373,48.59099218099247,105.5108345140622,1,1,1,1,1,1,1,1,5,4,8.412265996347504,1
Business,383.44154988036513,11.55782494960544,403,107.03906668046234,189.78260113863968,1,1,1,1,1,1,1,1,4,2,2.990853571088036,1
Pleasure,418.9292200138427,5.97850071375653,40,68.6541732493633,10.553800923936633,1,1,1,1,1,1,1,1,4,5,2.0460804854163044,0
Business,156.43572144370228,11.785904920641128,224,33.1219492819235,34.78603772904832,1,1,1,0,0,1,0,1,0,0,1.9819644354083654,0
Business,335.45128171458595,14.65378039319358,418,48.59554808854548,216.91515229674022,1,1,1,1,1,1,1,1,1,0,1.0,0
Pleasure,408.5473699814831,2.2615709749788504,154,54.03698908245943,170.15889185596356,1,0,0,1,1,1,1,1,0,0,3.8960919127730116,1
Business,358.7041831991509,17.857111813415667,279,100.46511001333901,104.93272864788564,0,0,1,1,0,0,0,1,0,0,1.0,0
Business,193.98229342068,13.353662580670807,337,105.03374427313797,45.07103786311997,1,1,1,1,1,1,0,1,0,0,1.8663974548567577,0
Business,60.973564682106996,19.01783425209823,494,21.51820835469436,18.467150953922083,1,1,1,0,1,1,0,1,0,0,1.0,0
Pleasure,181.26948400167652,3.5487498375787485,190,48.712110772029824,27.614829663288013,1,1,1,1,1,1,1,1,4,5,7.284987614590206,0
Pleasure,477.3056280541052,10.893608847089213,11,72.39605153611247,217.7737439976659,1,0,1,1,0,1,0,1,0,0,1.0,0
Pleasure,135.05381163676694,11.347336801163157,390,61.19286738148429,140.99211715402078,1,1,1,1,1,1,1,1,3,1,8.08491028581893,1
Pleasure,151.8897147684797,12.675014527795383,20,105.30675363974939,159.75414853245348,1,1,1,1,1,1,1,1,1,0,7.701749691070083,1
Pleasure,385.34474501017655,3.955241682934003,23,41.79209640847671,14.485527756452562,1,1,1,1,1,1,1,1,3,4,3.62402457790897,0
Pleasure,326.7602901939741,12.892166957179194,492,100.27873139062879,77.96872345172166,1,1,1,1,1,1,1,1,4,3,9.269909677569352,1
Pleasure,402.28600639745963,12.799637864204335,284,34.496908738902675,177.78461340178322,1,1,1,1,1,1,1,1,3,2,4.548466357044351,0
Pleasure,182.32908984666074,4.986393492267485,283,74.46321937753876,212.21325601212607,1,1,1,1,1,1,1,1,3,4,7.653949592249222,1
Business,170.95995989079458,17.660304635113985,481,56.373445187895605,211.8436976351651,1,0,0,1,1,1,1,1,0,0,1.0,0
Pleasure,197.96768859574834,2.486677794616301,53,70.34699786625077,153.8179201467518,0,1,1,0,1,1,0,1,0,0,5.1115416982782484,1
Business,465.6521314058632,16.613771431379963,53,33.684989099865234,181.32774975556836,1,1,0,1,1,1,0,1,0,0,1.0,0
Business,280.2612894571307,10.59184478986853,152,88.0301866669381,158.7677648861538,1,1,1,1,1,1,1,1,6,2,6.424981059350491,1
Pleasure,412.6657912347382,13.657504576867527,278,80.42035540471389,133.14548669703586,1,0,0,1,1,1,1,1,0,0,3.4132462607764538,0
Pleasure,271.24110591434567,0.6260663856758031,4,40.511442013780766,220.7250984020309,1,1,1,1,1,1,1,1,3,0,6.486974511567624,1
Business,272.68888877040797,6.912076994492735,36,74.10888094669832,95.75747870131347,1,1,1,1,1,1,1,1,3,0,5.301294765822107,1
Business,160.25754895267926,1.2893816765373045,422,94.32215228076241,100.64787178407151,1,1,0,1,1,0,0,1,0,0,6.829640466854482,1
Business,321.6375990021001,4.554675452148588,170,46.43842321670562,107.41064916056784,1,1,1,1,1,1,1,1,5,1,6.045552582698224,1
Business,231.65653447448366,16.773119224888017,363,92.81788978936075,235.5329844177566,1,1,0,0,0,1,1,1,0,0,1.0,0
Business,407.73101076856904,4.941935790232732,458,84.6738869933663,31.277887744815278,1,1,1,1,1,1,1,1,7,2,8.332225502299178,1
Pleasure,105.33114048666953,9.472385071909954,497,33.392531154546184,155.5549889997236,1,1,0,0,1,0,1,1,0,0,7.5515176234460295,1
Pleasure,334.29209110018746,19.292462961579385,314,102.05420104429105,92.50134558103672,1,1,1,1,1,1,1,1,0,2,6.730939647481003,0
Business,254.55377764370218,13.695774702742455,75,55.19200102931873,197.02077168573783,1,1,1,1,1,1,1,1,1,0,1.0,0
Pleasure,118.89738241825894,2.657674379781114,378,65.74948971405526,209.08427258630155,0,1,1,1,1,1,1,1,0,0,6.228402255472878,1
Business,257.8449531804719,13.957437567414532,126,69.12178538767262,183.4327532886197,1,1,1,1,1,1,1,1,1,1,2.062325324661362,0
Business,196.1068866588264,9.677067926456797,419,22.832399317289447,122.09250629752212,1,1,1,1,1,0,1,1,0,0,3.1098973172090982,0
Pleasure,115.7300449716439,18.368934379171602,150,112.212304104331,34.935240140897854,1,1,1,1,0,0,1,0,0,0,6.950844512078694,1
Business,312.07226258525486,10.401332709623636,76,18.705891184964553,230.20171322974812,1,1,1,1,1,1,1,1,5,1,1.8363359769381111,0
Pleasure,354.4935541161394,15.124519141838451,406,82.80722734452485,238.00101291140493,1,1,1,1,1,1,1,1,5,2,7.822117669308223,1
Pleasure,116.50136446517261,0.276868166565134,191,82.4572411094417,144.89923446023096,1,1,1,1,1,1,1,1,3,3,8.135660226854244,1
Business,171.17698472088676,19.374336188107442,444,55.48170696343762,67.02619518403205,0,1,1,0,1,0,0,1,0,0,1.0,0
Business,149.18185454989018,2.5231395433446924,43,43.998980444843674,202.40226653307823,1,1,1,1,1,1,1,1,2,2,7.61749829511959,1
Business,203.63921388553447,11.742316403745436,56,74.3459812296437,80.16391317385236,1,1,0,0,0,0,1,1,0,0,1.8081058996621155,0
Pleasure,142.82654298276188,7.904312937125468,250,87.76411849001646,148.69126587832173,1,1,1,1,1,1,1,1,1,3,7.554499878046138,1
Business,69.08989991635885,10.677915782462579,480,68.77766814625988,27.567227681741702,1,1,1,1,1,1,1,1,4,1,3.9738157633746263,0
Business,355.2233886226264,3.6239663249217635,463,65.7989832595507,239.2065816285545,1,1,1,1,1,1,1,1,5,0,7.282235580618451,1
Business,484.38878963572967,17.404155497978916,47,80.56404601043256,48.57600376339596,1,1,1,1,1,1,0,1,0,0,1.0,0
Business,172.5512058878014,17.637457160720302,76,39.55463081911588,172.21817820757863,1,1,1,1,1,1,1,1,0,0,1.0,0
Pleasure,446.7089094219007,1.655964537317678,130,23.35195249142576,105.56570975881439,1,1,1,1,1,1,1,1,2,3,3.1261923649215992,0
Business,381.3570737983046,11.533495716495239,1,88.81297679942398,96.49500977971442,1,1,1,1,1,1,1,1,5,2,4.349115709551715,0
Business,197.36355369373806,12.156601057526748,6,35.82533689283825,139.11630755908988,1,1,1,1,1,1,1,1,8,0,3.6997097227144984,0
Business,260.9635382936092,17.84319108932153,497,19.076749215028894,110.56760074204881,1,1,1,0,0,0,0,1,0,0,1.0,0
Pleasure,145.21616219863557,13.147713473962002,348,97.98237775620163,204.26694368779664,1,0,0,1,1,1,0,0,0,0,7.500058253768096,1
Business,385.8599723506812,6.622286964929764,161,93.76226001228939,70.33407601830841,1,1,1,1,1,1,1,1,2,0,4.737313997022583,0
Pleasure,467.32233672194894,3.045988576131442,392,75.5674491038731,109.53255992276677,1,1,1,1,1,1,1,1,1,0,2.713203895132209,0
Pleasure,139.97437429292108,12.678950291639957,245,96.77147757331937,198.9062824005199,1,1,1,0,1,0,0,1,0,0,7.586912771208468,0
Pleasure,317.64956183268686,6.677649380697684,78,79.87863489396909,101.76463284654069,1,1,1,1,1,1,1,1,1,2,6.734544373800397,1
Pleasure,105.07865596965225,14.84191800263833,126,71.76229842488998,234.61159088385799,1,0,0,0,0,1,1,1,0,0,5.999675614969464,1
Business,273.3289782798332,5.545687544403364,327,108.82861922626846,194.14822985834135,1,1,1,1,1,1,1,1,1,0,6.447205856720267,1
Pleasure,336.6411426848087,11.91958899421832,150,109.47864394936643,157.54014140519092,1,0,1,0,1,1,1,1,0,0,5.7445962468525416,0
Business,392.0367249135572,14.264948663531507,129,58.62348378302724,12.272422290941408,1,1,1,1,1,1,1,1,3,4,3.3351223910374777,0
Business,303.7537193654029,13.056203919322268,442,61.44885868721144,115.22373011979815,1,1,1,1,1,1,1,1,0,1,1.0,0
Pleasure,495.1991565159026,7.501232309745614,269,69.00259493416844,127.01255383222887,1,1,1,1,1,1,1,1,0,0,1.0,0
Business,243.2961997385669,14.569254954823641,429,108.36628096420174,83.75706722489853,1,1,1,1,1,1,1,1,3,0,2.2434669372882263,0
Pleasure,343.072936334029,10.848017821529899,301,80.693906954008,126.44955655978873,1,1,0,1,1,1,1,1,0,0,7.128986912167665,1
Business,320.6923799174181,11.811305638592396,497,92.76700095841635,129.76242612327093,0,1,1,1,0,1,0,1,0,0,2.0133493631748403,0
Pleasure,61.74909576824713,17.376038804568037,351,61.24614563530828,152.93253457117004,1,1,1,1,1,1,1,1,5,2,5.6511920120663826,0
Business,470.42972723643027,13.247093032757757,241,99.5143007196277,31.88785799608936,1,1,1,1,1,1,1,1,0,0,1.7603728191562122,0
Pleasure,127.87983634028822,18.6695930428605,151,30.08402478949252,239.71024787176464,1,1,1,1,0,1,0,0,0,0,5.905640954935677,1
Business,67.6409915103516,0.3998542633672497,73,64.15085881158063,206.65240581418087,1,1,1,1,1,1,1,1,5,4,9.179140061294566,1
Pleasure,255.1193166702025,10.35649170636981,468,40.90122591080722,64.11354309081958,1,1,1,1,1,1,1,1,4,3,9.176260624528222,1
Pleasure,495.0542089346404,11.150585289656583,62,100.0969506799011,27.264791613051326,1,1,1,1,1,1,1,1,2,2,1.0,0
Business,424.8309054373127,3.5669779406921,364,55.700923042896065,133.30516145952222,1,1,1,1,0,1,1,1,0,0,6.3068572286944855,1
Pleasure,118.78621750563846,14.76936047926144,434,27.94562835598246,209.2114377919458,1,0,0,1,1,0,0,0,0,0,5.257011720183538,0
Business,452.16150474376497,17.923911775214133,322,16.27873648890749,46.50205139219641,1,1,1,1,0,1,0,1,0,0,1.0,0
Pleasure,188.38455930730464,10.199188287665766,70,109.93718888774222,141.78755800977135,1,1,1,1,1,1,1,1,1,1,7.00259593035829,0
Pleasure,344.3706023196046,15.279926685340019,9,20.25282659965339,124.48225321795925,1,1,1,1,1,1,1,1,0,0,2.0475235851416365,1
Business,183.4063407983697,6.323601480442349,227,70.7839937192644,73.08149559706048,1,1,1,1,1,1,1,1,4,0,5.969556554337213,0
Business,486.41835701828137,10.359398507969736,493,106.61586812855195,28.219645140770492,1,1,1,1,1,1,1,1,0,0,3.586963005431086,0
Pleasure,330.1716009153916,13.242845491217023,12,81.07259837173656,124.87206199677095,1,1,1,1,1,1,1,1,4,4,5.0598657452943785,0
Pleasure,116.59360118936554,3.216745172817661,223,70.17508094501682,22.46641244778507,1,1,1,1,1,1,1,1,3,0,8.044000304934492,1
Business,201.37988968333957,8.035547934435005,122,99.94200380398114,83.83325643759137,1,1,1,1,1,1,1,1,6,2,6.869782068195268,1
Pleasure,74.42168736546964,14.34832933145103,45,24.312316182791683,168.05104655802634,1,0,0,1,1,1,1,0,0,0,3.091724875663624,0
Business,169.68159436769955,5.910969737021167,361,40.38542308704785,13.68469813648249,1,1,1,1,1,0,0,1,0,0,4.9483890002340365,0
Business,144.71933528700518,7.1322857492792995,474,34.73498858976149,41.46637617032655,1,1,1,1,1,1,1,1,5,2,5.873759028713265,0
Pleasure,315.6174096412808,19.04166358925763,74,34.58798318481926,49.95958885493992,1,1,1,1,1,1,1,1,1,5,4.025829431107475,1
Pleasure,326.0991903626043,15.72346824623503,315,37.51560569874809,105.34903386692534,1,1,1,1,1,1,1,1,1,6,4.840180305173953,1
Business,78.2827237567916,18.588100543299667,468,71.24729013809956,15.312127956640083,1,1,1,0,0,1,1,1,0,0,1.0,0
Business,284.3497718007276,6.085005934043286,225,75.1926241393917,76.72412392572542,1,1,1,1,1,1,1,1,1,2,6.669893533163403,1
Pleasure,307.7094333496589,4.9207549265422905,380,112.43715691187695,127.29794673953386,1,1,1,1,1,1,1,1,5,1,8.375140129946322,1
Business,339.2298520002933,8.991722520098705,346,105.73064168370887,62.619892182228234,1,1,1,1,1,1,1,1,3,2,5.019798410263092,1
Business,60.59283934451134,10.507309944672961,152,119.50390125876186,21.06755154522318,1,1,1,1,1,1,1,1,2,1,5.078604966242638,0
Pleasure,493.46544530615114,3.8009974491778187,472,41.65979334587087,236.05441262771194,1,1,1,1,1,1,1,1,2,2,3.251689990960545,0
Business,319.76664500919173,12.174944086471376,372,99.25777355948287,95.11603978366425,0,1,1,1,0,0,0,1,0,0,1.3423723487459864,0
Pleasure,436.0285435743985,0.5153049917541175,459,63.628517756778045,185.9585372748428,1,1,1,1,1,1,1,1,4,4,6.782869259080213,0
Pleasure,480.57201370667366,16.35824429499136,302,47.86155485774375,195.35065327430198,0,0,1,1,1,1,1,0,0,0,1.0,0
Business,441.0466329651394,16.11777733680735,477,15.26382610746179,154.16830241871602,1,1,1,1,1,1,1,1,0,0,1.0,0
Pleasure,367.05334144835086,15.600912858060443,126,41.37660761353974,188.24235309044772,1,1,1,1,1,1,1,1,0,0,3.927191243170602,0
Pleasure,309.83647004013693,11.00055068039251,66,63.31981000468414,223.07192269262302,1,1,0,1,1,1,1,1,0,0,4.872056273881789,0
Business,196.7195736430066,7.336819522934633,496,81.95771827658669,113.83712431483312,1,1,1,1,1,1,0,1,0,0,4.5692975131449565,0
Pleasure,62.8622694677384,10.54635844033955,196,22.059808648759297,148.38924161671136,1,1,1,1,1,1,1,1,4,3,5.732491154023948,0
Business,130.55126214545174,16.872397644979344,3,33.360564303134744,205.61228576287564,1,1,1,1,1,1,1,1,2,2,1.0,0
Pleasure,261.6831041995397,5.0131330274568775,54,82.27426233483797,53.56070196670649,1,1,1,1,1,1,1,1,3,4,9.650889228315279,1
Pleasure,249.38716661680547,15.043376077889745,47,48.27861321653434,174.842758685304,0,0,0,0,1,0,1,1,0,0,5.105194677062792,0
Pleasure,106.81589931900201,13.98207770909372,353,116.68211231926743,46.21831977311552,1,1,1,1,1,1,1,1,0,1,8.15752277559081,1
Pleasure,124.82862325495695,16.575345048581095,61,33.36001253231586,128.01398942440784,1,1,1,1,1,1,1,1,0,4,5.178666297189335,0
Pleasure,331.49520016296043,9.911726512017871,434,88.33808387686625,53.28812995131237,1,1,1,1,1,1,1,1,0,0,8.234455075705446,1
Business,196.95009463972664,14.798138127072365,374,63.46921083433156,7.831444229624802,1,1,1,1,1,1,1,1,1,1,2.2532826200732083,0
Business,364.8029243670973,2.831014415691544,498,72.31164007323245,213.23408325073586,1,1,1,1,1,1,1,1,0,0,7.283463978404678,1
Business,112.68445543667279,2.681080529046649,498,116.98054980464586,51.99955393784897,1,1,1,1,1,1,1,1,4,2,9.41070256703518,1
Pleasure,372.05521626747014,17.6607616078921,252,67.72487695468959,183.94603508649834,1,1,0,0,0,0,0,1,0,0,4.389338722366934,0
Pleasure,90.78301995100755,18.726687713727,17,87.16307195724876,237.276038574672,1,1,1,1,1,1,1,1,2,3,3.9786102516854527,0
Pleasure,447.21460617119715,9.230355799631386,325,81.13392466084218,32.91892006135557,1,1,1,1,1,1,1,1,0,0,5.5456255134154215,1
Business,69.28874650607176,14.169744257334383,292,87.72872365881405,177.38625516499042,1,1,1,1,1,1,1,1,5,0,1.6382066552161865,0
Business,241.6478263392122,5.654080719551848,339,107.51711598887343,20.99525765079361,1,1,1,1,1,1,1,1,5,0,7.629444335324521,1
Business,461.806350203718,16.837568333183416,453,33.550174458589964,155.5181696274287,1,1,1,0,0,0,0,0,0,0,1.0,0
Business,496.76161029297157,0.26288005440968876,448,25.693136794884296,216.78983120652865,1,1,1,1,1,1,1,1,5,1,8.526750070946106,1
Business,194.9432885899361,9.386104549908294,204,21.941879735283244,87.2266302037817,1,1,1,1,1,0,1,1,0,0,2.6220129604782167,0
Pleasure,457.07798762656574,8.863875774709388,149,111.59871441849387,209.88092536177234,1,1,1,1,1,1,1,1,4,4,3.2186572917455973,0
Business,357.83090590008936,12.888199529160113,453,63.97026402391157,38.49650021105152,1,1,1,1,1,1,1,1,5,2,3.887415812471521,0
Business,245.86861367110552,7.3017153215935515,348,94.08293633111627,10.189168568923485,1,1,1,1,1,1,1,1,0,0,5.247307099676017,0
Business,202.65019756505424,18.76833542529869,118,98.8836704218581,109.2931178795486,1,1,1,1,1,1,0,1,0,0,1.0,0
Pleasure,264.99593793144265,2.7312350105368055,37,61.95637979438177,165.48318321456696,1,1,1,1,1,1,1,1,3,2,5.914722130558764,0
Business,416.97786659480926,12.911328622003346,12,45.306818449595525,21.49295624294465,1,1,1,1,1,0,0,1,0,0,1.0,0
Pleasure,325.6794570752828,2.4178329559022638,46,103.42500074229724,129.73820886311034,1,1,1,1,1,1,1,1,3,5,8.022691864366898,1
Pleasure,453.52356365093084,13.03120127296367,458,83.84246819087564,206.79718048168283,1,1,1,1,1,1,1,1,1,4,3.3861965737501496,0
Business,282.9019166673312,19.791768569259077,65,26.282499075453323,224.5482842621476,1,1,1,1,1,1,1,1,4,1,1.0,0
Business,131.41947979177363,1.5135265612012638,88,49.85423486041273,139.26839187286242,1,1,1,1,0,0,0,1,0,0,7.309275153678806,0
Business,110.0334771847583,6.576119883991003,107,44.15906539172436,193.877710160313,1,1,1,1,1,1,1,1,0,0,4.288442941287132,1
Business,85.26990836372123,7.2523938294491375,315,46.6122067514569,84.57316833013648,1,1,1,1,0,1,0,1,0,0,4.9490694938584845,0
Business,102.87150548675403,17.7934420367478,161,52.04422227780579,152.24899421891192,1,1,1,0,0,1,0,1,0,0,1.0,0
Business,170.71692541059355,3.662961165463512,332,90.05996215094704,113.5602914882435,1,1,1,1,1,1,1,1,0,0,7.021409761234018,1
Business,67.16337113267213,16.333414107018026,69,15.479386767395109,165.03111552910138,1,1,1,1,1,1,1,1,2,1,1.0,0
Business,160.3847364762133,3.5229011816611377,320,67.68915028891283,121.09284109304538,1,1,1,1,1,1,1,1,6,2,9.064439950310154,1
Business,360.8813354680463,7.953431118678522,335,50.90873401057804,110.36760518970573,1,1,1,1,1,1,1,1,5,3,5.094001011511612,0
Pleasure,279.24975508857335,11.490722804074768,203,96.96943181371597,123.50609946833526,1,1,1,1,1,1,1,1,1,0,6.933796444880433,0
Business,94.46354871181408,1.775791555631152,269,39.41542940001792,40.214091407415395,1,1,1,1,1,1,0,1,0,0,7.720610257805578,1
Business,72.939315899989,12.647316676474228,111,20.82180135443249,63.248318862828796,1,1,1,1,1,1,1,1,6,1,2.653974854901911,0
Pleasure,485.5440895744131,9.818182091063143,405,110.94266932652995,43.31450396906616,1,1,1,1,1,1,1,1,2,0,1.8720887756732996,0
Business,489.2503843489416,5.982528720561362,195,43.4234761226709,204.09717638955775,1,1,1,1,1,1,0,1,0,0,6.093324713067872,0
Business,73.81847441450392,19.75376285488624,369,65.38137278671314,113.05733366125274,1,1,1,1,1,1,0,1,0,0,1.0,0
Pleasure,106.72198020762228,6.307982367364122,233,88.40740073571978,22.77846838417206,1,1,1,1,1,1,1,1,0,3,7.579987432019865,1
Business,64.4444802490459,0.09047784089180277,7,42.283327517754515,93.3633195889435,1,1,1,1,1,1,1,1,0,0,8.009070763780857,1
Business,274.07479312498134,6.7222251062439735,204,94.03161965785208,141.2731834382623,1,1,1,1,1,1,1,1,6,1,6.699129062724749,0
Business,164.54113669994453,15.271861972393983,343,51.65910950213133,214.94703250869858,1,1,1,1,1,0,1,1,0,0,1.0,0
Business,73.02231701402053,6.680293332481719,317,69.79985063098039,207.5437298531083,1,1,1,1,1,1,1,1,4,2,5.907983616690314,0
Business,330.104708570902,4.47297692106321,17,98.52057744854183,148.28743496063996,1,1,1,1,1,1,1,1,4,1,6.0622996133177285,1
Pleasure,320.90969160597723,15.228482672537968,186,116.5546688192154,69.23321872033078,1,1,1,1,1,1,1,1,1,0,6.434922841615644,0
Business,77.04602515470664,17.628396168633145,21,81.59186048578044,35.09081394101941,1,1,1,1,1,1,1,1,5,2,1.6737515141630912,0
Business,218.37294255727542,13.666240340331697,17,89.66727410823714,233.19926613800757,1,1,1,1,1,1,0,1,0,0,1.0,0
Business,333.21217718440687,16.721584466440863,298,89.32103175841905,86.81560648043114,0,1,1,1,1,0,0,1,0,0,1.0,0
Pleasure,197.98276681702612,16.495426993268303,495,102.77858779773426,76.35401438928527,1,1,1,1,1,1,1,1,2,3,8.921002509570704,1
Business,291.99739969371905,10.652956911717355,6,107.4701701657661,60.43171134980126,1,1,1,1,1,1,1,1,8,0,5.184846671965332,0
Business,490.80416963880515,14.765647487515166,497,93.02578589268165,157.93961881518166,1,1,1,1,1,1,1,1,0,1,1.4595817577065837,0
Business,240.8067134043219,13.28468687597847,99,51.98715550527694,221.10807129764245,1,1,1,1,1,0,0,1,0,0,1.0,1
Business,425.3474684954522,12.41553554616684,286,100.11446536301918,52.18550240957852,1,0,1,1,0,0,1,1,0,0,2.8664303372336404,0
Business,150.4393737714004,16.01293203773181,92,33.654795306669165,39.0570742756181,1,1,1,1,1,0,1,1,0,0,1.0,0
Pleasure,224.53255364496752,3.4113076109794727,38,29.80738178007931,175.11507558601141,1,1,1,1,1,1,1,1,1,2,6.229637776559272,1
Pleasure,428.44384846037786,19.328946793316614,240,16.769481051370896,14.20063353116974,0,0,1,1,0,1,0,1,0,0,1.4611307999745282,0
Pleasure,303.321728972825,2.476644954018974,336,93.89386386606708,52.37739134441611,1,1,1,1,1,1,1,1,4,5,10.0,1
Pleasure,220.57439036584907,6.817799236100452,332,74.25710970234887,167.60529836813126,1,1,1,1,1,1,1,1,5,2,10.0,1
Business,289.12134115843565,10.42278389884334,172,81.60453627004404,208.95409635804688,1,1,1,1,1,1,1,1,1,1,3.1063996414535913,0
Pleasure,473.8552504262904,5.671474835173774,214,67.20634840983124,86.43745719474096,1,1,1,1,1,1,1,1,1,2,2.2934132955650286,0
Pleasure,289.40853043106904,12.74662088269195,395,53.05395566113185,132.8715937488009,1,1,1,1,1,1,1,1,0,0,6.912564788416128,0
Pleasure,403.9448105457494,1.0613469351644689,329,61.201365282171295,55.902399182123524,1,1,1,1,1,1,1,1,1,0,5.50617032003497,0
Business,70.04061755950667,18.31487728017954,174,107.55718344412645,44.60924857082882,1,1,1,1,1,1,1,1,2,2,1.0,0
Pleasure,283.5345904270182,0.5269992910381482,344,79.50740269709436,198.36574962130817,1,1,1,1,1,1,1,0,0,0,8.916281524891684,1
Business,421.61602024194354,11.471215860367463,358,74.22797164343208,129.06159224916178,1,1,1,1,1,1,0,1,0,0,1.9517220460066227,0
Business,282.0061961554432,9.911972469479146,361,35.528527358232544,193.01119367181295,1,1,1,1,1,1,1,1,7,1,4.680555480789945,0
Pleasure,189.3078816060426,13.41266927427072,172,70.03624477517882,229.3095740073465,1,1,1,1,1,1,1,1,1,3,7.909477009006195,1
Business,371.4209242209211,9.51592653503382,96,36.1595844938268,67.85682051359426,1,1,1,1,1,1,0,1,0,0,2.3871007359634357,0
Pleasure,360.20532777142665,19.454066658843914,207,15.272748445612693,48.391118480811336,1,1,1,1,1,1,1,1,3,4,4.916604668219131,0
Business,301.92797007582266,3.774028025837397,158,47.10805322140665,74.75224446108422,1,1,1,1,1,1,1,1,3,1,7.821876691475975,1
Pleasure,345.344240163047,10.350224437996411,409,69.06894016500713,50.57591591369271,1,1,1,1,1,1,1,1,6,1,7.5438863205945506,1
Business,139.07186862070265,14.779330701140488,107,27.005788986653055,64.85594935053302,1,1,1,1,1,1,1,1,1,0,1.0025248557829447,0
Pleasure,295.66940257594496,14.12935969979425,334,66.16624993504706,157.98901489720598,1,1,1,1,1,1,1,1,4,1,6.848138728441734,1
Business,201.91963228742617,9.624869065884898,90,119.42566220472072,22.273162115458657,1,1,1,1,1,1,1,1,0,0,3.7290034732160366,1
Pleasure,283.7254924232047,7.997507249058236,88,17.216826247237055,74.36439736318671,1,1,1,1,1,1,1,1,2,2,5.872118240908028,0
Pleasure,449.71731088742416,4.243656136293323,214,38.51973613477851,41.36790967710421,1,0,1,1,1,1,1,1,0,0,1.6525244650268958,0
Pleasure,238.93692042831424,11.702835273813445,407,75.36594489813663,208.09335432273204,1,1,1,1,1,1,1,1,5,2,9.815974565874072,1
Pleasure,310.646032041271,8.384073141596014,245,95.63121144413378,25.048708937120924,1,1,1,1,1,1,1,1,0,0,8.260416805863956,1
Pleasure,102.62822545474,2.426582529381136,30,97.61320593251686,16.997034523149246,1,1,1,1,1,1,1,1,1,0,6.380737636678378,0
Business,486.10463633448296,1.5533864477939163,337,74.57379411779247,117.70628534927283,1,1,1,1,0,1,0,1,0,0,8.037528033666952,1
Business,256.1012744777614,6.220108653424539,181,39.51797804096541,129.20575075040995,1,1,1,1,1,1,1,1,2,2,4.418618643938751,0
Pleasure,453.97478023995666,14.751928358867284,442,32.335292956729845,98.60195770185425,1,1,1,1,1,1,1,1,1,4,4.026471516962188,1
Business,483.8826133640469,16.58280896254052,234,44.17907719579575,12.992300154187356,1,1,1,1,1,1,1,1,4,1,1.6583641683516708,0
Business,194.18931652320472,6.130735712632626,10,47.4652537586102,126.477564505697,1,0,1,1,0,1,0,1,0,0,3.4493396834155985,0
Business,437.9304397772497,6.911877940469891,127,62.246810155672264,143.2054132354781,1,1,1,1,1,1,1,1,2,0,4.957157549526586,0
Pleasure,274.56861125219297,7.406221522400383,142,83.60094979834864,50.475658532324154,1,1,1,1,1,1,1,1,0,4,7.1027978619113625,1
Business,178.04479733074217,16.692433625192624,280,39.63082805093275,131.81150092789238,1,1,1,1,1,1,1,1,0,0,1.0,0
Pleasure,105.05493290015104,4.065265133687255,236,15.76315903789447,99.23313236079356,1,0,0,1,1,1,1,1,0,0,7.34991395985637,1
Pleasure,224.09535801584846,7.793027652000742,444,18.85406827980473,143.68373818604468,1,1,1,1,1,1,1,1,1,1,6.36136403559259,0
Pleasure,479.1664870292224,10.366508197090297,229,73.27058834869416,60.01051465904015,0,0,1,1,1,1,1,0,0,0,1.7810339972341789,0
Business,456.94032578666616,17.324401618601787,163,106.74462813254634,73.64849832815695,1,1,1,1,1,1,1,1,0,0,1.0,0
Pleasure,498.0785392065429,0.4596046527000208,213,92.06426769515342,157.66346607750373,1,1,1,0,1,1,0,0,0,0,1.0,0
Pleasure,104.16261870550052,19.626940646475184,346,17.316194851143212,127.94808098470877,1,1,1,1,1,1,1,1,0,2,5.7185346785909745,0
Pleasure,274.1897071435419,1.4899092997345664,382,46.48971361880213,156.4472807425728,1,1,1,1,1,1,1,1,2,3,8.73471110639824,1
Pleasure,78.74281627874646,18.5802077339413,79,71.35907450939536,65.07159621596007,1,1,1,1,1,1,1,1,4,2,4.84793992945817,0
Pleasure,289.84584275054135,9.82624290840265,422,64.21514157950187,83.12037495897978,1,1,1,1,1,1,1,1,3,2,9.002730309498821,1
Business,415.99205174227694,4.739060849246939,474,62.94179913052038,197.33573696247535,1,1,1,1,1,1,1,1,0,0,7.218393983828693,0
Business,470.34379978863177,17.481355503412132,460,84.25354402888388,129.59178134297156,1,1,1,1,1,1,1,1,1,0,1.0,0
Pleasure,374.77634853484506,14.173364178117144,313,114.08452465060462,40.41443283539601,1,1,1,1,1,1,1,1,0,0,5.023716649687212,0
Business,440.05236415817166,12.698929549383944,431,56.89738985206573,222.79296023070893,1,1,1,1,1,1,1,1,1,0,1.0,0
Business,68.46784835448133,16.74415913497809,121,103.05173902602388,6.8617071090799735,1,1,1,1,1,1,1,1,1,0,1.0,0
Pleasure,67.17526549328254,13.307939023685682,407,21.304365982295835,17.942774097562403,1,1,1,1,1,1,1,1,2,1,6.842026645170592,1
Business,192.24877411194294,2.582559611087325,162,93.30216690096087,79.72630506892389,1,1,1,1,1,1,1,1,6,2,8.445566679068092,1
Business,156.89736260334166,11.569196556806796,443,69.68531928988259,155.86201890740776,1,1,1,1,1,1,1,1,2,0,3.1494800528406524,0
Pleasure,239.38899811262218,1.5718705957186119,89,62.11546845194868,71.75701279126523,1,1,1,1,1,1,1,1,2,6,8.055727582285053,1
Pleasure,475.95770579211137,5.117700022329322,110,25.132571502373143,31.177766434365434,1,1,1,1,1,1,1,1,4,5,1.0,0
Business,484.1290817683773,5.740575172711841,305,77.32704733768405,62.82354138771952,1,1,1,1,1,1,1,1,5,0,6.730243992531897,0
Business,70.40336732792387,8.824424069524834,423,37.542968430603715,43.64445677766425,1,1,1,1,1,1,1,1,1,0,3.640530602967007,0
Pleasure,173.80953679956065,1.5549890436612923,140,19.871448850524235,11.419778130037889,1,1,1,1,1,1,1,1,5,4,7.425201569828202,0
Pleasure,424.3043074265088,17.235286962180123,500,97.68347840627126,183.31543073705623,0,0,0,0,1,0,1,1,0,0,3.423161178766462,0
Pleasure,429.8039901223861,9.87921101806339,425,44.3445254755043,41.449880321381094,1,1,1,1,1,1,1,1,1,5,4.245185490915108,1
Pleasure,379.3792513571503,14.60946478057333,238,45.92807575689783,124.0994181760522,0,1,1,0,0,1,1,1,0,0,3.2980037836101386,0
Business,362.06527448397594,19.71428477299956,98,89.28601146477864,230.0006986237017,1,0,1,1,0,0,0,0,0,0,1.0,0
Pleasure,263.3731062606636,4.053547365947487,302,90.35040463812959,230.2040661396015,1,1,1,1,1,1,1,1,3,6,9.796448091357949,1
Pleasure,415.6475583815685,13.953040733657705,142,111.79595527502386,220.8915807592664,1,1,1,1,1,1,1,1,1,4,3.6651930371342334,0
Business,363.01057306625734,6.183289175735085,370,81.10843383359827,63.14806243747628,1,1,1,1,1,1,1,1,5,0,5.637917397688995,1
Business,341.648281019979,5.545599397257326,195,112.41545039026045,193.03558663536066,1,1,1,1,1,1,1,1,6,3,7.952558302845121,1
Pleasure,405.43037059088005,15.81187710400198,447,23.932261657188633,112.28466696283584,1,1,1,1,1,1,1,1,3,3,4.77948453626312,1
Pleasure,226.1953138157359,14.849399445510754,167,90.01659148517281,90.04553442901613,1,1,1,1,1,1,1,1,2,1,7.181133421931287,0
Pleasure,135.27827486165893,10.132964983182482,82,97.67304109131952,182.55667574571558,1,1,1,1,1,1,1,1,3,2,7.1747875536664845,0
Pleasure,92.80205044642126,17.41955892771908,82,22.431472894019688,239.26206509259086,0,0,0,0,1,1,0,1,0,0,3.5683735347847945,0
Business,361.4418500467265,16.981022950930075,344,49.40063401247657,177.22811276503592,1,1,0,1,1,1,1,1,0,0,1.0,0
Business,77.27071165968134,8.052223951043274,305,39.0034303832416,86.82138076379987,1,1,1,1,0,1,0,1,0,0,4.35079712052607,0
Business,227.2347331702785,14.465906635096093,220,88.7482046749887,149.87951507593334,1,1,1,1,1,1,1,1,1,0,1.0,0
Pleasure,104.74093649025596,3.342539059476699,406,61.730750300012424,190.65937606206606,1,1,1,1,1,1,1,1,1,6,9.016103082713261,1
Business,67.57364790515832,4.17432846381534,207,89.40931713329836,214.78716776199315,1,1,1,1,1,1,1,1,5,2,6.954605155717594,1
Pleasure,190.67445875298847,1.9093436355309357,433,88.19536890413248,162.69085318544984,1,1,1,1,1,1,1,1,4,0,9.46555720773418,1
Business,258.9961162977291,8.86190937085888,237,69.48124710266627,76.80344568881581,1,1,1,1,1,1,1,1,1,2,5.448749002449542,1
Pleasure,129.0858535290713,18.026040131438187,435,30.819753437347135,118.04974136149046,1,1,1,1,1,1,1,1,4,1,6.508297406812685,0
Pleasure,363.4708370823396,10.87430964688413,473,28.162594030595166,170.86903159222126,1,1,1,1,1,1,1,1,0,0,6.240093084805388,0
Business,421.41283043067244,5.49699458258692,270,20.44090903969477,178.01065958700332,1,1,1,1,1,1,1,1,1,0,2.9653858630388585,0
Pleasure,458.59231748382183,3.393124708663513,212,94.15843722789957,177.66368655274513,1,1,1,1,0,1,1,0,0,0,2.421738853964239,0
Pleasure,404.49766034304474,12.342714373236044,356,59.956936256700175,69.5117625419316,1,1,1,1,1,1,1,1,0,1,4.151475537397956,0
Business,479.47702670545544,15.48174055881246,407,64.91163879627203,124.38241798216922,1,1,1,1,1,1,1,1,0,1,1.0,0
Pleasure,93.40784596986339,17.84103083263212,326,102.05860911938359,150.76355103395102,1,1,1,1,1,1,1,1,0,0,5.845161045577653,1
Business,434.82812735904474,17.47844439228299,296,78.65409881315361,100.54318516810334,1,1,1,1,1,1,1,1,4,2,1.0,0
Pleasure,207.2535745877497,11.268219731110023,273,95.57157896405455,159.80718057390757,1,1,1,1,1,1,1,1,2,0,6.982216729811848,1
Business,311.046954047959,2.6125208976838654,131,96.05291374314594,97.75658086017414,1,1,1,1,1,1,1,1,7,0,7.70432989857362,0
Business,179.83119637533,11.129481509748423,414,62.56770786929304,148.73465351463122,1,1,1,1,1,1,0,1,0,0,1.7413409501470318,0
Business,443.71957099023876,18.910029693126575,288,88.59701713530004,39.73054851492126,1,1,1,1,1,0,0,1,0,0,1.0,0
Pleasure,334.1646225723455,8.63849477626263,398,84.7292533415162,164.11689694178392,1,1,0,1,1,1,1,1,0,0,7.079193578521573,1
Business,459.5271163864926,15.575735825198278,317,86.13449990461147,77.0103906785503,0,0,1,1,0,0,0,1,0,0,1.0,0
Business,353.95812953915276,0.6422609507309307,40,39.18630924018306,101.9901994561334,1,1,1,1,1,1,1,1,6,2,8.408856493694042,1
Pleasure,342.49315555290616,2.4193011522120234,393,110.22178467107496,107.01052207838902,0,1,1,1,1,1,1,1,0,0,9.370893136703398,1
Business,361.3899823597886,7.339936023443803,298,36.520274335867555,149.99659006663714,1,1,1,1,1,1,1,1,6,0,4.4471570912876315,0
Business,391.9087098338269,4.714222369004193,79,91.26532973813993,199.57262354495668,1,1,1,1,1,1,0,1,0,0,6.254780436724609,0
Pleasure,250.33859722873248,6.785957974775842,136,37.44453129455048,206.80624090405954,1,1,1,1,1,1,1,1,3,4,7.0299816384917095,0
Business,267.46630069165155,14.336927996040549,163,113.23570881063127,123.96978492308527,1,1,1,1,1,1,1,1,7,0,4.136538036097198,0
Pleasure,378.19580782218407,11.90366274581776,450,30.77630696684186,189.61839687042777,1,1,1,1,1,1,0,0,0,0,6.03914240339537,1
Pleasure,115.87112881599496,16.794705703971868,472,116.10941910370995,92.20031302987267,1,1,1,1,1,1,1,1,2,3,9.646084177022596,1
Pleasure,284.80957174618027,7.010786328506908,142,35.83298617769223,175.4465277088995,1,1,1,1,0,1,1,1,0,0,4.841994140050963,0
Business,306.346400596786,10.012894960922171,113,31.867111807420763,195.47682879877257,1,1,1,1,1,1,1,1,7,0,3.5226356862841213,0
Business,441.82668569519046,13.629723230529189,108,26.609071692488914,46.56489740230223,1,1,1,1,1,1,1,1,3,0,1.0,0
Pleasure,278.22545411981054,11.147145378331345,201,82.61301928112199,176.19067784851745,1,1,1,1,1,1,1,1,7,1,6.5143680620028155,1
Business,87.9682393270372,13.528240541066737,234,44.45765459534163,91.68834936330589,1,1,1,1,1,1,1,1,1,1,1.0,0
Pleasure,290.4273144517358,1.2332690207018615,96,17.733804940193995,154.91363666635155,1,1,1,1,1,1,1,1,2,2,6.299243453108051,1
Business,64.1403944730153,3.179112713963912,208,76.23474065293458,157.75790845061903,1,1,1,1,1,1,1,1,0,0,6.569417446268493,0
Business,379.77075747350005,1.2787896373648744,406,32.634024242836475,201.86569040301947,1,1,1,1,1,1,1,1,5,3,9.208294281561608,1
Pleasure,157.61684895181634,0.7255142788114277,391,90.4119326680509,133.57932166145133,1,1,1,1,1,1,0,1,0,0,9.698325744429795,1
Business,136.16504186594383,14.061959123162593,142,90.2781764919693,113.44246992091239,1,1,1,1,1,1,1,1,0,2,1.3656802957632785,0
Pleasure,466.40094153274356,14.000605545230203,47,50.69165010408256,117.36039882882886,1,1,1,1,1,1,1,1,1,0,1.0,0
Pleasure,418.73284303404847,15.391490870028385,385,85.5116104186528,206.68229130520484,1,1,1,1,1,1,1,1,2,2,2.880775319655698,0
Pleasure,334.69379084636836,16.04972033593739,459,79.60473090357638,182.76911606246364,1,1,1,1,1,1,1,1,0,0,7.075174720884069,1
Pleasure,364.64534609621467,14.864771630417174,286,79.29496363012264,102.1302035557855,1,0,0,1,1,1,1,0,0,0,4.786212013886368,0
Business,141.46795443834708,1.7451449176275458,134,71.14322933550113,182.65348971383187,1,1,1,1,1,1,1,1,0,3,7.972231978484199,1
Pleasure,113.07477482357149,0.23264286242417276,210,72.9102824040417,218.70959749066535,1,1,1,1,1,1,1,1,0,2,8.163445166323266,1
Pleasure,268.02258959110566,10.338761273278203,402,92.67028207448416,121.38081927358864,1,1,1,1,1,1,1,1,0,4,10.0,1
Business,97.98834554417697,4.19239246931312,104,115.96432186949356,174.23751549763463,1,1,1,1,1,1,1,1,4,0,7.234498898715643,1
Pleasure,225.10199036150203,5.6998793193340935,411,68.96350015909856,71.69774862783213,1,1,1,1,1,1,1,1,1,6,9.038758687847398,1
Business,185.3638703608669,19.652281789671843,458,109.7883008673175,197.14859251241327,1,1,1,0,1,0,0,0,0,0,1.0,0
Business,427.0392578828656,8.880133239261031,387,84.18612571896087,56.10947593957449,1,1,1,1,1,1,1,1,2,1,5.274135742353044,0
Pleasure,220.48170348332172,4.88377350525967,366,32.17035098439712,131.21265397314468,1,1,1,1,1,1,1,1,6,2,7.5849871084123395,1
Pleasure,166.44238087193634,16.27684632293739,451,90.6072874038078,138.77750165644937,1,1,1,1,1,1,1,1,0,0,9.324160951595076,1
Business,289.2310621374546,5.573814494741165,403,72.54148210087772,110.76460513658189,1,1,1,1,1,1,1,1,6,2,7.990727854327256,1
Business,475.5969905640797,7.6867791880869785,144,105.03122669264286,126.309136625703,1,1,1,1,1,1,1,1,6,2,6.734179146722895,1
Business,282.65855932650976,4.418514927051033,10,81.06185522007218,239.94567457682345,1,1,1,1,1,1,1,1,6,2,7.723919712236505,1
Pleasure,291.98980506074656,12.820881017988102,35,59.23909458177459,192.58799705056214,1,1,1,1,1,1,1,1,3,2,4.301593677547537,0
Pleasure,382.42372792871026,1.637259565158713,370,38.14608945598109,192.33516822637733,1,1,1,1,1,1,1,1,5,4,6.126192860614889,0
Business,91.08695676355492,14.239376576471814,106,91.95871718379559,14.4975947247118,1,1,1,1,1,1,1,1,0,0,1.8243771355206144,0
Business,307.07249060119494,12.686021413232634,90,79.2822620913646,7.110848114166146,1,1,1,1,0,1,0,1,0,0,1.6905662520982465,0
Business,483.04444725362436,14.774652141040022,457,98.90950798616076,195.46509181124568,1,1,1,1,1,1,1,1,7,0,2.547496991709214,1
Pleasure,153.7886831440846,0.8421453138270696,256,49.52975720573682,8.872195634187413,1,1,1,1,1,1,1,1,3,6,9.896411133195423,1
Pleasure,196.2019342685884,5.077565989099108,307,113.59613859095624,233.29427759447944,1,1,1,1,1,1,1,1,1,1,9.273977595621032,1
Business,308.774951246167,2.455970334609394,322,48.58931965516,56.36650488138265,1,1,1,1,1,0,1,1,0,0,6.996062491092301,0
Pleasure,339.3537874829371,8.448687288305408,443,72.13448188700079,69.83673288497482,1,1,1,1,1,1,1,1,0,0,9.213682840802518,1
Pleasure,254.8865385169018,8.33618259315589,218,15.598211310205285,157.91990219780013,1,1,1,0,0,0,1,0,0,0,7.600295310754055,1
Business,425.8257128772395,5.964327766467445,8,18.875359999552703,72.69120812710459,1,1,1,1,1,1,1,1,2,5,7.762903605529041,1
Pleasure,179.05955571395833,14.834482004017788,465,95.26104278753807,195.85219212030776,1,0,1,1,1,0,0,1,0,0,9.494511845442581,1
Business,363.0084646939868,15.168855785315113,391,63.252321898630534,121.10883041898767,1,1,1,1,1,1,1,1,5,1,1.9522284899381352,0
Business,336.18013027566445,10.842568879293854,4,104.33612170788304,65.63403366917572,1,1,1,1,1,1,1,1,3,0,4.010070996813773,0
Business,354.63982087724884,6.425079084274195,32,74.61011887320717,232.18565402603548,1,1,1,1,1,1,1,1,4,3,6.061895546200996,0
Business,107.74966981964684,6.943419977036753,486,82.89186343035414,195.8481882300261,1,1,1,1,1,1,1,1,2,1,5.211535205647603,0
Business,131.34073978369636,10.764225314293315,408,69.6939991197248,41.54843706019061,1,1,1,1,1,1,1,1,0,0,3.365997509749959,0
Business,119.85226568370766,1.3176324709571996,383,27.84931314293984,230.4194890808195,1,1,1,1,1,1,1,1,2,0,6.935580205296436,0
Pleasure,230.92511667513142,2.9106258322498246,399,64.88407733574208,174.20317841054904,1,1,1,1,1,1,1,1,1,2,10.0,1
Pleasure,159.32004752085413,6.340465610059837,73,119.28464712500711,191.4500535890085,1,1,1,1,1,1,1,1,3,5,7.995122162507606,1
Pleasure,174.65362660571756,12.917765577504198,175,48.35062323761611,48.8927251009302,1,1,1,1,1,1,1,1,2,3,5.854567921945337,0
Business,276.3164696435256,12.956119844282643,252,54.44157480553549,231.2257057991418,1,1,1,1,1,1,1,1,3,0,1.337404846302229,0
Business,142.25318856412196,2.266488892887235,454,93.84915252776284,80.512473850736,1,1,1,1,1,1,1,1,0,0,6.854110198153094,1
Pleasure,203.30041570062767,15.783152978976904,498,93.50030166788315,184.0885210821464,1,0,1,1,1,1,0,0,0,0,9.08158702760781,1
Business,204.06982151161753,17.574535791156976,494,60.55700286569478,92.50032901072245,1,1,1,1,1,1,1,1,2,4,1.0,0
Business,311.4621544147505,14.2476586662987,336,46.652149243099515,179.88584415657684,1,1,1,1,1,1,1,1,2,0,1.0,0
Pleasure,211.13665687949648,5.855364129562826,233,92.79795943674225,136.13034881226037,1,1,1,1,1,1,1,1,2,1,7.877683497029706,1
Pleasure,490.3800352355196,2.0008526948422123,147,63.052935184916244,102.4350214843631,1,1,1,1,1,1,1,1,1,1,1.0,0
Business,470.8887553621829,4.352393384277617,496,84.936503812382,233.64294768680162,1,1,1,0,1,0,1,1,0,0,6.840982417854887,1
Business,251.128358623647,15.844501106748039,253,64.86379030467401,58.15462083560953,1,1,1,1,1,1,1,1,4,2,2.8114873920949393,0
Pleasure,195.29702798381783,7.2064983762400825,489,99.10645172013682,102.30432550077825,1,1,1,1,1,1,1,1,1,5,10.0,1
Business,281.4271925295363,7.881187034981922,65,62.38191057494282,63.73225566344706,1,1,1,1,1,1,1,1,4,0,4.5723944196188455,1
Business,416.59454263038356,6.006064241190094,475,25.163404707666135,184.03954251723414,1,1,1,1,1,1,1,1,3,2,4.625684777855426,0
Business,401.0181797457584,15.668915675924659,217,105.75476005178417,94.9078762914011,1,1,1,1,1,1,1,1,2,4,1.5095941695860333,0
Business,293.6985556798158,1.438218721252047,88,32.21229127059459,25.904656739051507,1,1,1,1,1,1,1,1,5,2,8.135717795445139,1
Business,391.1882718760275,12.574851094551885,352,87.19082087326511,63.325432568622375,1,1,1,1,1,1,1,1,2,2,2.452183705993808,0
Business,368.4851059909851,6.19031357405018,1,61.79547771103169,118.24588642817302,1,1,1,1,1,1,1,1,3,1,5.958105980026293,1
Pleasure,297.14447894668143,0.3259443943492957,115,117.26928693086764,77.48308750155536,1,1,1,1,1,1,1,1,2,4,7.308678829529085,1
Pleasure,326.23360380894303,9.091834409147001,229,113.30496684949256,69.54828849725882,0,1,0,1,1,1,1,1,0,0,5.572514469446803,0
Pleasure,434.11206481733797,15.676109047316897,223,91.15303701442204,107.33208620141515,1,1,1,1,1,1,1,1,3,3,2.8025884755372026,0
Pleasure,194.768833970481,15.685490597214597,196,89.77966887262357,196.7548703990252,1,1,1,1,1,1,1,1,2,4,6.330101943788069,0
Business,290.5297481894299,13.530822583915052,78,97.01272741186618,238.14020504032388,1,1,1,1,1,1,1,1,3,4,1.7494468667027006,0
Pleasure,170.6935465182086,16.31858539767536,328,48.508073657424276,27.321519553243363,1,1,1,1,1,1,1,1,4,2,6.34251788795309,0
Pleasure,112.30241065847561,0.7009995866657381,467,60.52371220163408,54.51695888730609,1,1,1,1,1,1,1,1,2,3,8.960743934010726,1
Business,455.4795372443131,2.8998824856461614,116,109.31916760577768,90.1045438699836,1,1,1,1,1,1,1,1,1,0,6.768818217931667,1
Business,206.55511436142186,11.443926282217976,256,76.09056209484227,38.57580650993332,1,1,1,1,1,1,1,1,1,0,1.396275211888096,0
Business,271.12434350154064,0.43442650717418596,117,35.621164962112985,56.279179168294604,1,1,1,1,1,1,1,1,5,0,7.876849443170281,1
Pleasure,359.4640774106397,14.692419916794009,64,116.35445288706929,232.72541261614055,1,1,1,1,1,1,1,1,2,3,3.086567025609768,0
Pleasure,369.9607134635414,18.210860053643273,278,32.368940999642405,65.57168237264816,1,1,1,1,1,1,1,1,2,2,4.339863433256336,0
Business,446.24664209427334,5.3320425876447946,40,78.31844470537841,174.2994719681895,1,1,1,1,1,1,1,1,6,2,5.814706371311596,1
Business,491.1707357902218,4.531171928611705,490,46.54063688924145,68.98581479622487,1,1,1,1,1,1,1,1,5,3,8.06600377408927,1
Pleasure,127.3430192985224,15.813426789424959,158,44.81787568920994,227.26662745068816,1,1,1,1,1,1,1,1,1,3,6.207033519211397,1
Pleasure,96.40152572392711,11.487645420923622,85,28.987687106224644,25.083582139967433,1,1,1,0,1,1,1,1,0,0,4.700840720210489,0
Business,482.97864913308524,0.012989808463277353,33,96.74075046803313,201.06060673571474,1,1,1,1,1,1,1,1,1,2,8.434857644431826,1
Pleasure,215.04297461579262,0.6244719977241187,456,86.9845593955901,60.40008371212656,1,1,1,1,1,1,1,1,2,1,10.0,1
Business,292.2060230899344,1.5126297953779444,204,84.6689034057525,105.19835648956925,1,1,1,1,1,1,1,1,1,2,8.47545759955783,1
Business,195.31276075341827,19.824314536844835,240,15.1720020602564,94.01135223140496,0,1,0,1,0,0,0,1,0,0,1.0,0
Business,443.9676496573143,8.286827039241428,153,75.12317944152576,112.29037239581946,1,1,1,1,1,1,1,1,6,2,4.998248863019428,0
Business,426.3240554968059,9.442917334841933,182,25.34213712979431,36.03591985453586,1,1,1,1,1,1,0,1,0,0,3.3488536248041627,0
Pleasure,436.1794999848923,1.545957096946311,305,113.82020857974227,190.67226796186867,1,1,1,1,1,1,0,0,0,0,4.940009935136781,0
Business,139.63675893861165,11.651552506749121,169,107.89902627655006,195.4815161801947,0,1,1,0,1,1,0,0,0,0,1.0,0
Pleasure,357.9729818997108,11.117910384530383,410,83.43450403150418,57.2623158306586,1,1,1,1,1,1,1,1,4,1,6.346813407371051,1
Business,391.0043737693811,15.111562699704555,109,38.47617534419519,122.45055079039656,1,1,1,1,1,1,1,1,0,0,1.0,0
Business,276.80844155419356,12.21121138492764,372,82.94330262466318,105.94896340418451,1,1,1,1,1,1,1,1,7,0,4.001928215965476,0
Business,494.0414023388845,7.083069616839013,250,33.37602434236857,51.44405395491747,1,1,1,1,1,1,1,1,1,1,4.364330923215569,0
Pleasure,459.2040442389761,4.437618205491425,86,68.6912221693472,92.75424928308539,1,1,1,1,1,1,1,1,1,1,1.0,0
Pleasure,119.39158615628929,14.083761929050254,195,105.0287738465684,37.79767298136056,1,1,1,1,1,1,1,1,3,3,8.368122913775137,1
Business,406.5437996791334,8.763477727102638,345,90.9909604302066,235.93352926621304,1,1,1,1,1,1,1,1,4,1,4.186551249959086,0
Pleasure,419.3206779120575,15.212082192799343,266,48.59549434659331,25.15435606496933,1,1,1,1,1,1,1,1,2,4,3.0956515338476933,0
Business,443.3612619661806,17.869296316824776,490,72.35537926274347,104.24103925766394,1,1,1,1,1,0,0,1,0,0,1.0,0
Pleasure,93.89241195107824,2.147584383079859,12,60.32823237007269,56.986816354742864,1,1,1,1,1,1,1,1,3,6,4.708829507348105,1
Business,298.2011957547579,14.781408421718062,316,96.91797575347876,9.046007074382045,1,1,1,1,1,1,1,1,4,1,2.0813613879831294,0
Pleasure,307.8169990133705,19.8650209804601,22,67.43399879973583,116.82319959386783,1,1,1,1,1,1,1,1,2,4,5.14102450006029,0
Business,328.76982798600267,0.29999021637745926,475,63.30699265411327,135.46588306572312,1,1,1,1,1,1,1,1,0,0,7.472840849173865,1
Business,144.15591668391505,0.45296842894963385,209,25.90166295371887,94.99869436227358,1,1,1,1,1,1,1,1,4,2,8.925146165591556,1
Business,148.4626351586836,8.140529520647275,183,66.31591312632976,48.72921034566667,1,1,1,1,1,1,1,1,2,0,7.051638724914512,1
Business,70.9280328251269,18.635408427358428,200,20.616883203144543,124.52860167844544,1,1,1,1,1,1,1,1,1,1,1.0,0
Business,479.7959500517282,5.363314527913261,143,98.6954898048919,126.65251138737794,1,1,1,1,1,1,1,1,2,0,6.477368017752025,0
Business,310.6644845187465,18.331467552438383,234,103.18978151312356,67.36491986792379,1,1,1,1,1,1,1,1,4,1,1.0,0
Business,228.23333723300922,8.486753922704304,146,22.779388742666367,196.32235479034867,1,1,1,1,1,1,1,1,8,0,4.274314541172946,1
Pleasure,373.16310476442015,7.186644456386158,475,76.39136406782713,193.2974705626041,1,1,1,1,1,1,1,1,3,3,8.578760309965858,1
Business,186.851041506149,3.0068088735402454,446,47.2692602202895,69.1920790418524,1,1,1,0,0,1,0,1,0,0,6.523861893210794,1
Pleasure,424.6324816747173,4.591591831520434,420,71.38949255113306,29.11191981257743,1,0,1,0,1,1,1,1,0,0,4.357521729495324,0
Business,210.92009527027034,1.6132478258396143,62,24.322399973571514,229.83044063700692,1,0,1,1,1,0,0,1,0,0,5.860053384267591,1
Business,132.59041356958576,15.793242644993438,22,77.31958047469911,156.88849916346808,1,1,1,1,1,1,1,1,4,2,1.400994668321987,0
Pleasure,63.43204010662197,8.573930109284241,169,17.414258174135842,156.175621295986,1,1,1,1,1,1,1,1,1,4,4.554754187213751,0
Business,88.30596287365523,5.549408271843312,135,71.65671291177966,149.28411671236395,1,1,1,1,1,1,1,1,1,0,5.97965118665799,0
Business,343.8081144561644,11.55645510378271,349,49.32862990890826,209.09347307400898,1,0,1,1,0,0,1,0,0,0,2.1987217926039113,0
Business,274.599758295899,16.911446365129073,226,36.65448975715603,158.34589898150764,1,1,1,1,1,1,1,1,1,1,1.0,0
Pleasure,345.32792769637376,19.303234631956443,409,31.50064539404523,239.5027711057935,1,1,1,1,1,1,1,1,4,2,5.4344841533420105,0
Pleasure,321.8280519931128,10.291615939846395,176,23.118877942314633,165.52878303723438,1,0,1,0,1,1,1,0,0,0,4.95395262192724,0
Pleasure,423.99249669135673,1.8871836699010247,146,60.817650900496574,230.6521040906079,1,1,1,1,1,1,1,1,7,1,3.588994352877853,0
Pleasure,399.21214308638145,17.77987477270077,45,92.82178809412328,13.51499812862951,1,1,1,1,1,1,1,1,1,2,2.9558923454478983,0
Pleasure,279.8185995405277,2.175861210666563,83,36.2605975598835,144.36839099484752,1,1,1,1,1,1,1,1,2,7,7.085620235174981,1
Pleasure,490.37406215127044,7.543544865552565,213,77.37735037798375,141.57107588046767,1,1,1,0,0,1,1,1,0,0,1.0,0
Business,424.3529186107503,4.288142688396997,169,107.03724069788778,106.90622989693803,1,1,1,1,1,1,1,1,1,4,5.758322430462595,0
Business,129.0014796860134,16.746467943713082,257,92.03903656175439,179.92602858474143,1,1,1,1,1,1,1,1,1,3,1.0,0
Pleasure,310.57915197480435,19.03267709006758,301,63.01319558868583,189.28295545428693,1,0,0,0,0,1,0,1,0,0,5.789728538642434,1
Business,366.1539740998274,5.379796585827212,116,97.30738057281533,231.6570919645288,1,1,1,1,1,1,1,1,2,1,4.484373404629819,0
Pleasure,157.19798896329328,18.989582685147656,427,73.64142989998571,137.36248679492184,1,1,1,1,0,1,0,1,0,0,7.797465654849704,0
Business,106.68827190037335,12.29928409444295,469,66.47418319624889,230.78131748828378,1,1,1,1,1,1,1,1,3,0,2.4225915227974557,0
Pleasure,235.37854290640325,5.3792678445747955,478,60.521367122417224,108.83772727228705,1,1,1,0,1,0,0,1,0,0,8.488018639296836,1
Business,320.7822381254828,11.895875030051577,431,72.05914459165588,69.2289844124284,1,1,1,1,1,1,0,1,0,0,4.285334167686832,0
Business,397.0748681371191,18.235740288136938,182,79.25102069507982,191.35955991395238,1,1,0,0,1,1,0,1,0,0,1.0,0
Pleasure,320.7771828385795,3.5430823301616576,453,55.341612035984866,131.0829250342899,1,1,1,1,1,1,1,1,2,4,7.566103499010721,1
Business,126.62297573735094,2.376424571125919,368,93.1040195520268,98.87202408390151,1,1,1,1,1,1,1,1,5,1,8.547892211158,1
Business,83.5416623410026,17.71745859948946,389,62.76725208764122,120.0805248625077,1,1,1,1,1,1,1,1,5,1,2.1783670135869766,0
Pleasure,250.75812417105266,12.335310381980435,497,42.056945993416136,148.97668761724458,0,0,0,1,0,1,1,1,0,0,7.679621962958186,1
Business,493.76045994683193,2.5294397494104492,412,88.17195125317924,47.82913232679811,1,1,1,1,1,1,0,1,0,0,7.926452322383241,1
Pleasure,78.78629797547073,10.344852770995468,33,110.08314133485514,128.01769378512333,1,1,1,1,1,1,1,1,3,4,7.937920042036964,1
Business,467.735057168114,18.1668329173312,354,22.935947299713284,78.9561476932594,1,1,1,1,1,1,1,1,1,2,1.0,0
Pleasure,98.01931414555438,17.12282146553045,499,104.46997709707045,137.92922995944352,1,1,1,1,1,1,1,1,4,3,8.389922060379027,1
Business,103.48563277007692,2.2587322947231026,396,109.26365558281543,157.71474176682338,1,1,1,1,1,1,1,1,6,2,9.628827690393084,0
Business,355.0379790926992,17.977732472972196,434,80.70999452900067,17.79981724164032,1,1,1,1,1,1,1,1,2,0,1.0,0
Pleasure,84.56774592262474,8.763978555728013,394,44.61227842999961,65.30515131568754,1,1,1,1,1,1,1,1,1,3,7.41780135821817,1
Pleasure,489.3202610266934,14.58175349326668,171,17.29442028412505,196.47953663532545,1,1,1,1,1,1,1,1,3,4,1.0,0
Business,462.0807758986783,8.622807326983345,114,44.01650581917072,191.1764417092126,1,1,1,1,1,1,1,1,0,2,3.253099105138376,0
Business,78.10078341851725,1.6842289290438606,455,26.359459587208796,48.40058851578676,1,1,1,1,1,1,1,1,2,1,8.599316690012799,1
Pleasure,84.13162901731077,8.890736665271676,463,79.41955678284118,61.32601421394079,1,1,1,1,1,1,1,1,5,3,8.953423246517886,1
Business,315.01054794198836,6.991208708966809,418,73.77000198641854,10.703806433743916,1,1,1,1,1,1,1,1,2,2,7.091983403222968,1
Pleasure,299.6818449611978,16.558934299904653,306,85.87905470379148,190.492163046441,0,1,1,1,0,1,1,1,0,0,5.93452937354395,1
Business,291.83087157289594,11.700551614011708,237,75.62308483707328,210.70435161708969,1,1,1,1,1,1,1,1,6,0,1.85819739522861,0
Business,402.82585008294524,19.974496880038824,104,113.03188599373547,126.171345676912,1,1,1,0,0,1,1,1,0,0,1.0,0
Pleasure,159.754589675057,14.708205729667515,310,98.32914206110428,84.72115284744073,1,1,1,1,1,1,1,1,2,3,7.859550786257751,1
Pleasure,189.69077431830056,0.7613254789039736,411,61.69165918513535,126.59636319487475,1,1,1,1,1,1,1,1,1,2,10.0,1
Pleasure,445.1850546085425,16.874920929344523,289,108.52674284399203,28.249426341751544,1,1,1,1,1,1,1,1,3,3,4.794288500095515,1
Pleasure,486.7794113665909,17.085706235470017,25,83.15061061143885,215.12186308410736,1,1,1,1,1,1,1,1,4,3,1.0,0
Business,414.11455006754863,6.046518609219409,24,74.24044429118044,84.69984245262587,1,1,1,1,1,1,1,1,1,0,5.52426054846454,1
Pleasure,66.9725698512368,4.182837315369918,463,49.27571335991027,164.62237905875483,1,1,1,1,1,1,1,1,1,2,6.989477975969648,1
Pleasure,164.0643137394937,16.12469720377226,246,46.68692488117251,28.560677429185972,0,1,1,1,0,0,1,0,0,0,4.87806719988977,0
Pleasure,420.1941645985965,15.952674570335523,203,51.69414994583663,126.29548452535047,1,1,1,1,1,1,1,1,0,0,2.5121024604017705,0
Business,474.05614233599795,19.314190329494394,14,62.00772942301556,209.18180765499008,1,0,1,0,0,0,0,1,0,0,1.0,0
Pleasure,165.543924957179,19.561681749265137,299,83.43776485705861,116.87308877792395,1,1,1,1,1,1,1,1,3,4,8.306228360566932,1
Pleasure,264.5312807993875,0.8238835876506778,306,15.398106013938516,181.23830430762993,1,1,1,1,1,1,1,1,1,2,8.906883162610335,1
Business,456.03939805731613,9.950700775357221,284,71.15815471529618,176.91548867562946,1,1,1,1,1,1,1,1,4,1,3.3586761460767756,1
Business,220.4663088290156,16.56632132747134,113,15.441978184881007,28.880359787673708,1,1,1,0,0,1,1,0,0,0,1.0,0
Pleasure,315.8037068919235,15.65481310188326,37,69.58765123557848,22.753283307071197,1,1,1,1,0,1,1,1,0,0,3.8449248047592284,0
Business,483.3215502939348,5.165662282811645,236,42.06363580748014,118.89743987798774,1,1,1,1,1,1,1,1,2,1,5.620970521097625,1
Pleasure,196.5907824693076,7.128574110566248,264,29.529339556471903,113.6822750105408,1,1,1,1,1,1,1,1,0,0,7.926922034188373,1
Pleasure,399.10239869116526,16.410071386814984,420,72.3112004535096,136.99960123730392,1,1,1,1,1,1,1,1,0,0,3.2049790273078766,0
Pleasure,99.6538748025215,3.5589279916374528,430,35.4003573657266,237.0452938011958,1,1,1,1,1,1,1,1,1,4,9.483080093718343,1
Pleasure,254.93831050822823,4.064822614261729,207,80.0948108570828,155.68437417306544,1,1,1,1,1,1,1,1,0,2,8.662218751393484,1
Pleasure,230.8838115441042,8.420057562422596,369,85.16266857129796,165.59684661899107,1,1,1,1,1,1,1,1,0,1,8.054452244619872,1
Business,465.15203049315033,9.886553588771589,296,68.99533746283542,112.92869440737516,1,1,1,1,1,1,1,1,1,1,3.6622141241493607,1
Business,336.69239059885,0.7778129429342906,291,92.95832474933951,183.13404310095692,1,1,1,0,0,1,0,1,0,0,6.850984059536464,1
Business,81.92301819840107,2.580335190252949,160,97.17584409799326,48.1377951735279,1,1,1,1,1,1,1,1,8,0,9.776257376857439,1
Business,115.32238954467331,3.669955214918419,92,50.599720704245925,202.66442567725534,1,1,1,1,1,1,0,1,0,0,5.2396387994719005,0
Business,419.24563510622096,10.079362694472987,286,52.767013783096495,36.111317650433875,1,1,1,1,1,1,1,1,3,2,3.3693951822309907,0
Business,193.2248402246581,7.805183710773431,359,104.89476273087423,60.276787837678384,1,1,1,1,1,1,1,1,5,0,6.102768731923224,1
Pleasure,443.29648345170796,12.472251672256576,250,30.573186706373452,236.66080570518363,1,1,1,1,1,1,1,1,3,4,2.6962338409912485,1
Pleasure,496.81257594735786,6.04893282245865,307,97.80936167458647,53.3687819294202,1,1,1,1,1,1,1,1,0,3,2.1302887861793787,0
Pleasure,331.3277873111544,12.010997842588406,438,109.63440435033958,190.07349044099692,1,1,0,1,0,1,1,1,0,0,7.025946124972955,0
Pleasure,264.2017959541475,1.3772946794844065,322,34.90745881278313,71.09275460637448,1,1,1,1,1,0,0,0,0,0,7.819289421769237,1
Pleasure,454.1016453599695,1.3998532454501977,2,28.937722570403253,129.25194007225645,1,0,1,0,1,1,1,0,0,0,1.3655526393868862,0
Business,369.02470093799354,13.093495953553134,9,60.990096585531724,230.31587190242732,1,1,1,1,1,1,1,1,5,0,2.7178295268240165,0
Pleasure,252.98025734553596,1.874386404107764,22,60.5073520881422,105.23211069535844,1,0,0,1,1,1,0,1,0,0,6.013214589154324,1
Pleasure,492.0931457277345,4.366616850064862,217,93.58844666597196,164.5560677553742,1,1,1,1,1,1,1,1,3,5,1.9425434930099525,0
Pleasure,168.06523339907824,6.607261920436622,321,103.42089113661213,144.06631999561478,1,1,1,1,1,1,1,1,0,0,9.265471651357565,1
Pleasure,309.87512115385925,15.824032017505976,411,101.52792727980811,215.43104851793262,1,1,1,1,1,1,1,1,1,3,8.035567004558912,1
Business,318.47197116240096,0.6476884477799194,370,47.472980682028634,10.194649638550732,1,1,1,1,1,0,0,1,0,0,8.072023458884662,1
Business,354.6617412187841,10.214743479246328,163,109.68690323024828,200.1374556616359,1,1,1,1,1,1,1,1,2,0,3.141339698905468,0
Business,452.99962977037654,16.04294607483514,493,98.06437425211716,37.77581826809069,1,1,1,1,1,1,1,1,0,0,1.0,0
Pleasure,355.42207762854326,1.2544948279401025,177,63.44321274775752,45.36479193099052,1,1,1,1,1,1,1,1,2,4,6.431688127453733,1
Business,328.0286639647981,15.553183024002111,337,51.15750913052389,210.77511000460296,1,1,1,1,1,1,1,1,3,0,1.0,0
Business,161.26458160893208,15.784110226168597,389,52.37706105028606,22.58484110575502,1,1,1,1,1,1,1,1,6,1,3.3169876008760006,0
Business,470.2570743732963,11.979501184409806,122,69.47696344514847,138.9000193981008,1,1,1,1,1,1,0,1,0,0,1.5065121435889461,0
Business,355.4992529355342,3.7369723733879368,280,19.59141076869856,83.28163856105277,1,1,1,1,1,1,1,1,1,2,6.388356568778385,1
Business,162.3399313281565,6.447285761975856,267,28.730998648255422,86.35724996374977,1,1,1,1,1,1,1,1,5,0,6.56730768463987,0
Business,265.89287374253706,1.3795881635666185,125,119.38611650028668,208.34312143605746,1,1,1,1,1,1,1,1,6,2,9.307082945521687,1
Pleasure,387.3678115614551,15.669224230587119,411,83.31782417086623,221.56743060153212,1,1,1,1,1,1,1,0,0,0,5.480494322340985,0
Business,157.8723560965259,0.12884186174764167,308,82.89394546622994,55.35373447068908,1,1,1,1,1,1,1,1,3,1,9.730436683352275,1
Pleasure,135.6045057138758,18.82636037735687,119,30.991956986504416,155.39404874586424,1,1,0,1,1,1,1,1,0,0,5.5572352917629,0
Business,402.4973618374308,12.293399667114599,224,97.21197074025137,55.46663084462716,1,1,1,1,1,1,1,1,0,0,1.0,0
Business,341.6712933141062,5.386476642504093,434,36.198985561901104,199.8054183390104,1,1,1,1,1,1,1,1,4,4,7.108010036708833,1
Business,239.08209042095814,3.953098864029112,363,25.618516134453383,141.4539647895682,1,1,1,1,1,1,1,1,5,4,7.123704757726816,1
Pleasure,476.7260972743736,8.957519188493295,494,28.141488324232963,232.67377412032803,1,1,1,1,1,1,1,1,5,3,3.034927476762188,0
Business,306.28385414652655,13.909397948902653,210,40.29554025486714,173.85176215755732,1,1,1,1,1,1,1,1,5,2,1.44107275003931,0
Business,482.9440559585163,12.955017325914968,267,75.93546775773808,117.06624463559567,1,1,1,1,1,1,0,1,0,0,1.174146572361745,0
Business,88.43713810643722,17.42559352922023,311,23.70325959467828,169.42105223076388,1,1,1,1,1,1,1,1,3,1,1.0,0
Pleasure,106.55420888175452,7.727286981166916,245,41.63156160300497,135.6316846776484,1,1,1,0,0,1,1,1,0,0,5.522245404645976,0
Pleasure,258.7955735386473,6.903561833790411,387,113.0438211362816,210.06335946523578,1,0,1,0,1,1,1,0,0,0,9.440388412748991,1
Pleasure,440.3076370127216,5.774409543020633,135,39.85965045396213,77.18698161283346,1,1,1,1,1,1,1,1,2,5,2.7148458798443253,0
Pleasure,195.32136888840208,19.954020544470296,449,52.02373037009518,96.14392809281507,0,1,1,1,0,1,1,0,0,0,7.481296406555233,1
Business,420.4649333969269,13.17628533741849,446,86.39829916921967,179.03347777731116,1,1,1,1,1,1,0,1,0,0,1.14707120871164,0
Business,214.24977983454903,17.075462384761142,145,19.18999220249197,144.14610704346197,1,1,0,1,1,0,0,0,0,0,1.0,0
Pleasure,497.04826034048114,8.220589906153489,338,24.076365174470038,113.70526320920536,1,0,1,0,1,1,1,1,0,0,1.0,0
Pleasure,384.68029287462974,19.092070624420693,16,15.249060007957493,190.0471683689964,1,1,1,1,1,1,1,1,2,0,2.2458671689821963,0
Business,136.2899322920289,10.040344980564843,280,45.1037148786271,148.48092334085905,1,1,1,1,1,1,1,1,4,3,4.083240899518812,0
Pleasure,312.01090001174236,18.50773784142309,166,90.88188866489818,19.6671697606416,1,1,1,1,1,1,1,1,2,2,5.166735315372947,0
Business,370.0634996096939,19.45992888345653,185,26.041346708458168,106.9575740261241,1,1,0,1,0,1,0,1,0,0,1.0,0
Pleasure,124.81277228094325,0.9297190532914956,43,50.29415705852895,97.89281916334178,1,1,1,1,1,1,1,1,2,3,6.004224990874479,1
Pleasure,184.95474990990832,13.64086356088512,433,23.665892640037818,131.39037893136532,1,1,1,1,1,1,1,1,1,2,8.752764292031031,1
Pleasure,78.49368150086852,6.310426081852832,108,35.31865615198347,28.39557407966149,1,1,1,0,1,1,0,1,0,0,5.558085505892641,1
Business,382.4154172257452,17.833034124149222,293,65.67556405438185,31.913767081422602,1,1,1,1,1,1,1,1,4,0,1.0,0
Business,272.0453714704494,12.906173311823236,144,26.925230730790155,58.248150496315674,1,1,1,1,1,0,1,1,0,0,1.0,0
Business,127.88892614300009,10.444137041277175,460,54.0484873351781,109.67671267052057,1,1,1,1,1,1,1,1,5,3,4.257954467279149,0
Business,372.9704316964233,0.8822199553904841,156,82.96879362911028,143.42576951371944,1,1,1,1,1,1,1,1,4,1,8.374601102679927,1
Pleasure,93.93031121164978,7.906065330937153,336,70.85038247591518,48.05850601492302,1,1,1,1,1,1,1,1,0,0,8.4711702838092,1
Business,213.502330022241,17.338680897618868,167,56.39967262008799,175.85260837840144,1,1,1,1,1,1,1,1,0,0,1.0,0
Pleasure,365.9001296407063,7.933366723956919,178,76.3940289010332,62.625517289085494,0,1,1,0,0,1,0,1,0,0,4.736607217706591,1
Pleasure,383.3144412208697,4.648459730427201,128,101.351290581718,42.880013695327705,1,1,1,1,1,1,1,0,0,0,4.874853503121465,0
Pleasure,456.97884128541784,17.024486679785692,488,34.34479670005718,91.41165371492566,1,1,1,1,1,1,1,1,1,3,2.79634008487396,0
Business,152.3213902159122,5.208332018503937,114,25.51639173678509,175.72438151815027,1,1,1,0,0,1,0,1,0,0,4.310866169410817,0
Pleasure,486.19017057360827,12.85872678860642,489,50.10236058160761,22.88547941574315,1,1,1,1,1,1,1,1,1,4,2.9499563441323424,0
Business,278.404905310404,17.49776604738565,86,119.84599441324148,195.0953325794541,1,1,1,1,1,1,1,1,1,4,1.0,0
Pleasure,349.04906048262524,9.944463250161075,367,53.39901623184027,128.79244136413422,1,1,1,1,1,1,1,1,0,1,6.745167547673603,1
Pleasure,195.78434241380418,15.753336491255897,319,57.244804267739354,82.19889649021614,1,1,1,1,1,1,1,1,2,5,8.460258562550488,1
Pleasure,129.32732820281845,16.842063020976926,212,106.65424949056641,168.6861027917576,1,1,1,1,1,1,1,1,0,3,6.222978074146377,0
Business,431.09543499635333,5.094798280490378,72,88.15326327009713,214.25913634070017,1,1,1,1,1,1,1,1,3,2,5.733483528619115,1
Pleasure,348.8490911314919,2.62538951194363,144,103.64038174900337,238.30602938287004,1,1,1,1,1,1,1,1,1,4,6.588712746783615,1
Pleasure,139.59311747880048,5.372663898405694,151,37.04826744615222,224.94700351373888,1,1,1,1,1,1,1,1,0,1,7.201139991829378,0
Business,239.06250540365113,19.904262532136507,474,92.6662701480093,87.55896298966488,1,1,1,1,1,1,1,1,2,1,1.0,0
Pleasure,292.421645937013,0.5828690957105009,260,87.68437608423493,127.65134356663098,1,1,1,1,1,1,1,1,3,4,8.667338706482518,1
Pleasure,206.13529842862621,15.018158421343275,203,41.30839727274467,156.67743698428004,1,1,1,1,1,1,1,1,0,0,6.464851840292955,1
Business,337.3681272445077,3.2265943253891605,241,107.71234373947594,24.724059001530215,1,1,1,1,1,1,1,1,8,1,7.89179696379961,1
Pleasure,350.8566775572394,10.172115019018584,78,85.15562048613845,32.32246075937987,1,1,1,1,1,1,1,1,1,2,6.385147565927086,0
Pleasure,427.8562997699511,0.02457018787566323,393,103.04420079943425,220.83095844121058,1,1,1,1,1,1,1,1,5,4,5.420454628827424,1
Business,195.85177962730492,18.777141435369096,56,19.614054964171928,139.7345373947373,1,1,1,1,1,1,1,1,3,2,1.0,0
Pleasure,327.582381774618,4.715220947005001,277,25.599986011583738,18.43517242935822,1,1,1,1,1,1,1,1,3,2,6.10211694569748,0
Pleasure,225.21185321326897,4.410264653635916,184,20.923834273840207,64.52646418835737,1,1,1,1,1,1,1,1,6,2,6.751548865190809,1
Business,129.86518766555722,16.810677678088695,8,53.924867869693436,133.58266194127293,1,0,1,0,0,0,0,1,0,0,1.0,0
Pleasure,443.8521543742817,7.43428138101097,132,42.34008762008059,40.009140400806,0,0,1,1,0,0,1,1,0,0,1.784601654001571,0
Business,277.65467983907087,8.76259082622462,99,44.3014734647727,160.7720744028229,1,1,1,1,1,1,1,1,0,0,2.013757485278009,0
Business,207.5219959561644,13.241442650904535,264,25.618189282393793,165.0709633025732,1,1,1,1,1,1,1,1,1,1,1.0,0
Business,130.14910954318344,11.176453774752646,412,33.30968524488,194.28532390595595,1,1,1,1,1,1,1,1,4,2,3.5638809302267704,0
Business,188.52934257780984,0.28367078885920716,284,83.71060994451487,92.83928157163585,1,1,1,1,1,1,1,1,6,0,10.0,1
Business,281.3066337049488,13.332614435257945,34,96.94448334230289,110.04417801869967,1,1,1,1,1,1,0,1,0,0,1.5710641264599507,0
Business,129.39025404686652,8.707335207182606,68,60.87554707263027,166.40463094670014,1,1,1,1,1,1,1,1,4,2,5.0742666097731375,1
Business,486.47556494012616,12.713572687947481,48,52.866332182396995,154.62356898659525,1,1,1,1,1,1,1,1,2,2,2.0137755580756824,0
Pleasure,82.68612885870573,18.958607913350374,247,112.53282692855024,193.6342598636973,1,0,0,0,1,0,1,1,0,0,7.169613234205131,0
Business,408.86114142152877,4.4393123329424355,322,44.92887231341324,48.540547296869505,1,1,1,1,1,1,1,1,1,0,5.6703847018186115,0
Business,274.4258493981374,4.388456949444832,87,48.52836378323849,125.27706222195353,1,1,1,1,1,1,1,1,3,0,4.98979235117558,0
Business,415.40603086136736,9.049698211546712,374,24.326258589986796,189.3118759889437,1,1,1,1,1,1,1,1,4,0,3.53241144816518,0
Business,310.89612025875454,16.232337303013406,152,90.56951424413836,128.48187366311092,1,1,1,1,1,1,1,1,4,1,1.0114185370086684,0
Pleasure,301.4171617144098,18.845375146719803,458,17.039357845396466,230.1016455006255,1,0,1,1,0,1,0,0,0,0,6.345300717674433,0
Pleasure,113.72301997568071,9.244264199230871,313,89.65627544601223,130.3977345775553,1,0,0,0,1,1,1,0,0,0,8.164827469259965,1
Pleasure,81.99010584805704,5.602568264926589,165,52.41949902965553,140.86822683958573,1,0,1,1,1,1,0,1,0,0,5.793620529266719,0
Pleasure,229.62653829651657,9.457743782439984,127,18.19256059137256,186.86014023936605,1,1,1,1,1,1,0,1,0,0,6.355643120506353,1
Business,480.3235874691611,12.546359723520304,95,98.14601135535176,225.81132111140855,1,1,1,1,0,1,1,1,0,0,1.0,0
Pleasure,285.57926011661687,0.49536604807618234,479,36.689386748741484,186.4948773447024,1,1,1,1,1,1,0,1,0,0,9.672676116368175,1
Business,89.73721624694504,6.572777251830564,312,89.72067100334503,91.90380208864879,1,1,1,1,1,1,1,1,5,1,6.245691728306769,0
Business,381.2037455085284,11.474366533006727,271,39.351651236224136,227.71297798098178,1,1,1,1,1,1,0,1,0,0,2.3230226401710703,0
Business,322.49891267328593,0.5857717239814675,25,66.37556425502824,235.11988718169906,1,1,1,1,1,1,1,1,0,0,5.939228436665941,0
Pleasure,258.3281900426154,6.209055390550089,234,28.02561191819531,73.87143693526738,1,1,1,1,1,1,1,1,2,3,6.813504435906235,1
Pleasure,482.95146973807215,1.1166879459971057,50,16.127117315889645,67.25210558637143,1,1,1,1,1,1,1,1,2,1,1.0,0
Business,183.09212814062846,15.260520745556134,313,99.00217338719585,104.51726064623307,1,1,1,1,1,1,1,1,0,0,2.306820962965716,0
Pleasure,386.5453570427867,12.024325267277543,125,58.2594437227003,143.5702087441326,1,1,1,1,1,1,1,1,5,2,3.6193747891650023,0
Business,65.16191947473214,13.042719307418476,495,90.28208180038787,70.04796978114933,1,1,1,1,1,1,1,1,1,1,2.722762219209918,0
Business,296.66707927144165,1.7090079893776577,1,78.56031632972004,39.90437266897777,1,1,1,1,1,1,1,1,4,1,8.511455606693673,1
Pleasure,476.2038486294886,2.0249281260938456,282,75.99720498269984,125.04484676633935,1,1,1,1,1,1,1,1,0,7,3.1902508808716723,0
Pleasure,116.24896333496872,18.285273062492454,408,63.196433722008024,135.15093106037645,1,1,1,1,1,1,1,1,1,0,6.830763806125237,1
Pleasure,164.0204238781105,6.410030298136715,4,34.235850674936415,194.96002805507337,1,0,1,0,1,1,1,0,0,0,4.430567637757429,0
Business,257.3683849052082,1.7959141696750258,251,33.70134808262274,192.07551205881427,1,1,1,1,1,1,1,1,8,0,9.057711175571068,1
Pleasure,442.05290642225526,8.023559727500247,80,102.2251230556229,96.8472131145791,1,1,1,1,1,1,1,1,0,0,1.2166597230329035,0
Business,305.55844922840345,17.84475355242805,402,40.73612498738962,137.6757463161969,1,1,1,1,1,1,1,1,1,3,1.3510429815138656,0
Pleasure,153.94536796114565,10.169834399522632,472,108.23300035908359,209.91560871644086,1,1,1,1,1,1,1,1,3,1,9.224536059487034,1
Pleasure,209.21908723557272,7.3712652349585035,63,77.23316264132089,224.22403673133266,1,1,1,1,1,1,1,1,1,1,6.710707663104784,1
Business,449.96484555728324,2.115993820821267,13,77.55031954455576,228.06065219441865,1,1,1,1,1,1,1,1,5,2,7.19880006335642,0
Business,209.84418083459943,5.54936026693416,154,90.46986943462824,79.46202854336491,1,1,1,1,1,1,1,1,0,0,5.47399398652333,0
Pleasure,276.5612291947215,16.71463943649095,354,108.16852607392609,18.986345224944696,1,1,1,1,1,1,1,1,3,1,7.90026618388395,1
Pleasure,116.27430578386317,2.1997260089945603,282,68.37341054649663,141.29632114652327,1,1,1,1,1,1,1,1,5,4,9.878148079065982,1
Pleasure,70.10593039115447,16.384648200738447,350,18.348887682485486,83.004067805244,0,1,1,1,0,1,1,0,0,0,5.855938636708359,0
Business,85.2142023899103,8.45486908019069,38,74.4654418021752,168.21443856719796,1,1,1,1,0,0,0,1,0,0,2.4141875767558076,0
Pleasure,134.0009161582147,8.096533819188085,105,49.28231162865553,192.43543065727914,1,1,1,1,1,1,1,1,0,1,6.670235563018152,1
Pleasure,368.01006511822635,13.5048854929099,354,72.67244935525368,197.07271530169734,1,0,1,1,1,1,1,1,0,0,6.3055788723538555,1
Pleasure,312.43036646422615,1.3811081648242651,326,24.131029650121533,128.36538639104842,1,1,1,1,1,1,1,1,6,2,8.25570395623804,1
Business,409.15099158890047,1.0357002938169235,96,69.80301170838293,178.99914681656207,1,1,1,1,1,1,1,1,5,2,9.066134470318426,1
Pleasure,152.77794035670348,6.714655034316532,119,57.21634412010615,222.6605299086015,1,1,1,1,1,1,1,1,0,2,6.724614771616512,0
Pleasure,403.37701853309574,3.0378270568164933,439,74.95146576801476,178.17591453688803,1,1,1,1,1,1,1,1,5,3,6.932462945023076,1
Pleasure,224.70682409747783,2.2127725202821336,216,24.305069776501103,142.10487541613935,1,1,1,1,1,1,1,1,4,3,6.339305942719147,1
Pleasure,418.0075148311371,13.40143482062607,115,25.25993050359499,15.921981582401498,1,1,1,1,1,1,0,1,0,0,1.1462959331382296,0
Pleasure,296.0249074962581,15.235045701543923,47,21.87266909514894,67.94216975454808,1,1,0,1,1,0,0,1,0,0,3.582316949642008,0
Business,479.23025964132074,9.456280540177115,398,105.193590354735,80.91220682321313,1,1,1,1,0,0,0,0,0,0,2.9022109922667174,0
Business,223.6026774032493,12.217901067437449,394,102.534337537254,175.52582763875662,1,1,1,1,1,1,1,1,0,0,1.9609882006886181,0
Pleasure,426.6146242512926,14.605970982754602,96,18.94848270868206,231.46124379318476,1,1,1,1,1,1,1,1,1,0,1.2213732560618327,0
Business,298.660682073341,19.401785880806504,338,55.48456241444536,95.19002801085213,1,1,1,1,1,1,1,1,2,1,1.0,0
Pleasure,136.5158202228362,13.516174834455231,352,21.60887788265384,97.03196452411466,1,1,1,1,1,1,1,1,4,0,7.0814022425906495,0
Pleasure,283.26380001354875,8.409198070615048,34,65.5432793774166,182.2779058067923,1,1,1,1,1,1,1,1,3,2,6.411698654933956,1
Business,344.44973992585983,17.59899586393333,394,21.13950745245686,100.01448851426471,1,0,1,0,1,0,0,1,0,0,1.0,0
Pleasure,319.0303895922143,17.038019527356674,201,31.210314086984752,153.8023387450858,1,1,0,1,1,1,1,1,0,0,3.8949338215589164,0
Pleasure,310.58562992780674,17.090885939953704,30,52.77237107513598,118.51475678300946,0,1,1,0,1,1,1,1,0,0,4.2719935790563,0
Pleasure,135.16233035437267,9.070659801429485,494,23.309645078482323,66.82149392050263,1,1,1,1,1,1,1,1,2,3,8.489734582496066,1
Business,70.96967677493555,3.7115549663033276,475,49.15992336473618,125.1796832092539,1,1,1,1,1,1,1,1,6,1,7.778969250726703,1
Pleasure,220.07310389833174,11.849941540064817,201,30.390224297805585,36.28517397972588,1,1,1,1,1,1,1,1,1,1,7.1512737700278155,0
Pleasure,328.4775247790812,15.96252253121244,33,88.65294234143923,195.2117532212314,1,1,1,1,1,1,1,1,2,3,6.101126398883066,1
Business,170.36062608302746,15.393078471685591,496,40.11437425150906,66.26797740020267,1,1,1,1,1,1,1,1,6,0,1.0,0
Business,117.86591909392035,16.607938986279283,158,110.43828538183243,39.85013292270584,1,1,1,1,1,1,1,1,1,2,1.3043567554140818,0
Pleasure,238.86038917648546,9.116571648614478,497,79.05777697752977,112.04527345106544,1,1,1,1,1,1,1,1,4,2,9.526768073869723,1
Business,361.5074992949609,19.787078360487182,329,15.000654750441754,54.758051487988006,1,1,1,1,1,1,1,1,2,0,1.0,0
Pleasure,332.9123970123525,13.968307262500339,486,32.10838766319327,33.8415130902629,1,1,1,1,1,1,1,1,1,3,7.221515739629971,1
Business,99.51613543384373,3.891958999299694,493,110.63187897203171,97.40402237567483,1,1,1,1,1,1,1,1,6,3,9.663938699611208,1
Business,375.32645543049057,14.194198638530723,447,42.61556797080831,224.29683965073187,1,1,1,1,1,1,1,1,0,0,1.0,0
Business,400.30719019009274,4.402533140819436,81,60.63736315649338,88.20148606626887,1,1,1,1,1,1,1,1,2,2,7.254833116507684,1
Pleasure,411.48831546987105,13.374125425874032,422,71.0332239676349,118.92421942663832,1,0,0,1,1,1,1,1,0,0,5.932553732615689,0
Business,244.39717836722895,0.5697711876369227,271,80.8136257965155,91.05459303375062,1,1,1,1,1,1,1,1,3,1,9.426031794465109,1
Pleasure,185.3100266309462,6.930784543922615,39,115.4592840328605,74.70613246946418,1,1,1,1,1,1,1,1,1,7,7.769400602060536,1
Business,146.1095597647676,18.383390386415634,74,107.08642184217548,216.95132457411205,1,1,1,1,1,1,0,1,0,0,1.0,0
Pleasure,326.3010902507141,12.878706093319828,82,109.92987761345908,190.99011076523894,1,0,1,1,0,0,1,1,0,0,3.587207814888437,0
Business,352.64573503146084,14.705887447251147,498,59.703446608660315,217.5310612711428,1,0,1,1,0,0,0,0,0,0,1.0,0
Pleasure,67.67535795682653,14.661547952561442,67,94.20440512865945,145.34938359945508,1,1,1,1,1,1,1,1,2,5,4.490360087777482,0
Pleasure,234.34199440438644,17.22745999008528,251,46.806065612202346,154.98291502901697,0,1,0,0,1,1,1,1,0,0,5.290667605194046,1
Pleasure,450.46003425105795,14.849941358099048,228,87.15714406937623,93.86549750507619,0,0,0,1,0,1,1,1,0,0,2.6861551277794202,0
Business,134.4049007197912,0.07296661596130738,27,103.78220881428919,58.779475146235995,1,1,1,1,1,1,1,1,1,0,8.135902428461453,1
Pleasure,218.79796529881116,9.700074273419556,464,79.86554912646406,68.14461274786403,1,1,0,1,1,1,0,1,0,0,8.95485869329279,1
Business,329.8559602223335,0.7393161833299766,480,22.51464060933566,40.605819287008956,1,1,1,1,1,1,1,1,2,0,8.260928054584646,1
Pleasure,202.35420816715666,1.225995041085286,476,116.15906619062515,177.6950488806888,1,1,1,1,1,1,1,1,1,0,10.0,1
Pleasure,441.5644184722423,12.043716203770437,345,53.92197165335192,195.29511158349993,1,1,1,1,1,1,1,1,3,5,2.738922475652487,0
Pleasure,171.15534824762267,2.918932932061258,216,101.4117836442458,74.49309846834818,1,1,1,1,1,1,1,1,4,5,9.098126397781805,1
Pleasure,418.9578102354741,17.734854978809924,59,62.790262255757874,58.817480527928666,1,1,1,1,1,1,1,1,4,3,2.839568653722413,0
Business,86.56007900861817,15.99390594144892,23,75.93434880041556,104.22221731161312,1,1,1,1,1,1,1,1,4,0,1.9679944547815054,0
Business,275.196033271616,17.77931766055108,406,76.39069976207469,12.730569361311437,1,1,1,1,1,1,1,1,3,1,1.0,0
Business,271.02302193245646,8.423691449135376,455,105.4746285775288,192.44000773772518,1,1,1,1,1,1,1,1,6,2,5.538712546084215,0
Business,140.52557429553158,0.8203872062506345,434,88.68047503655679,169.50937621946113,1,1,1,1,1,1,1,1,7,1,9.517948434166732,1
Business,372.731274030184,17.37300834478742,462,96.74110761888173,141.23498871885957,1,1,1,1,1,1,1,1,5,0,1.6105443237160646,0
Business,90.31794668086258,13.725332770991038,14,71.53570563877722,125.81270956078316,1,1,1,1,1,1,1,1,1,1,1.0,0
Business,177.2806153585574,17.32080859083432,485,95.67623318400943,44.86608704475411,1,0,1,0,1,0,0,0,0,0,1.0,0
Pleasure,148.7519574610959,18.344348449596293,474,44.0132683926124,131.64490276995804,1,1,1,1,1,1,1,1,3,4,6.688398204048603,1
Pleasure,292.96036793925566,7.88269167079406,214,92.99609957483328,147.3609421161388,1,1,1,1,1,1,1,1,1,4,6.085539266246376,1
Business,108.75627366983147,6.453780494763606,341,77.3383600590264,109.27507729486122,1,1,1,1,1,1,1,1,0,0,5.910538316445608,0
Pleasure,288.7681178535154,8.126505984995283,253,60.61335899666979,21.600695676987268,1,1,1,1,1,1,1,1,1,0,6.790858939476268,1
Business,297.5095306483332,15.88415839906639,218,93.54892736655917,24.777028289456073,1,1,1,1,1,1,1,1,4,2,1.4587357800859895,0
Business,79.06115485335224,13.329396034291248,148,53.61993976858449,214.09271362303392,1,1,1,1,1,1,1,1,0,0,1.0,0
Business,83.09275221733958,10.913868317667085,245,56.129668375266846,180.04025039961252,1,1,1,0,0,0,0,1,0,0,1.8549266824062878,0
Business,76.5224537841768,17.245012028489832,93,80.15968461320888,179.54217010130708,1,1,1,1,1,1,1,1,0,0,1.0,0
Pleasure,412.2842418527806,12.760767934501978,251,25.270450812532626,148.70312903548657,1,1,1,1,1,1,1,1,1,1,1.8113868647509443,0
Business,165.09963310244632,5.888336114653141,105,59.688809648992454,80.21121303846812,1,1,1,1,1,1,1,1,3,1,7.067776629856313,1
Pleasure,472.97293040592547,12.631221377374807,137,41.0670590097361,121.09428942936282,1,1,1,1,1,1,1,1,1,2,1.0,0
Pleasure,155.35297396785026,8.004541558142984,243,83.03779368525694,174.89321296711003,1,1,1,1,1,1,1,1,1,3,8.376966367956689,1
Pleasure,119.9293117956151,10.189138790970762,27,111.0992772761789,19.23782739744346,1,1,1,1,1,1,1,1,1,4,7.340497795859324,1
Pleasure,395.70038691930336,10.731222054232655,427,40.66583600800425,15.866546333056938,1,1,1,1,1,1,1,1,0,0,5.425875047774658,0
Business,211.22859131281902,13.32436093334184,280,59.69778904257028,121.56227193859388,1,0,1,1,0,0,0,1,0,0,1.0,0
Business,210.18591316921396,1.7061033946784088,25,21.769118065197574,153.59815385377595,1,1,1,1,1,1,1,1,0,0,6.170715744301493,0
Pleasure,126.8839011611419,19.257400534573883,152,89.61300132681077,59.27027607198007,1,1,1,1,1,0,1,0,0,0,3.944174974225751,0
Business,460.4686774514584,7.605040499855191,461,97.37434559380272,118.81317273290719,1,1,1,1,1,1,1,1,1,0,4.615989942967704,0
Business,241.17762030405893,2.4788500061158003,287,20.539193206964743,8.30951557609556,1,1,1,1,1,1,1,1,3,5,8.813075528934165,1
Pleasure,176.7710198619912,4.470062217410216,258,77.89891681879706,6.5987830274774755,1,1,1,1,1,1,1,1,2,0,9.55691194720223,1
Pleasure,221.76737797761623,4.872431067625738,291,106.61506744817333,105.59769451943149,1,0,1,0,0,1,1,1,0,0,7.941489488517631,1
Pleasure,443.69487849090336,13.858315652407756,118,90.23618462306706,63.11164610359685,1,1,1,1,1,1,1,1,2,2,2.203704497632369,0
Pleasure,351.76085565944925,17.667008036058466,380,18.22967106522748,109.74033431775295,1,1,1,1,1,1,1,1,2,3,6.121977516329752,0
Pleasure,499.0768585136474,4.358849088095395,438,49.31889724238221,206.91338134772099,1,1,1,1,1,1,1,1,4,1,1.5095636612223868,0
Pleasure,458.617011470168,6.180361112823163,438,112.09336028523012,85.56163761004342,1,1,1,1,1,1,1,1,1,2,5.604330574378767,0
Pleasure,464.3655801709388,7.0705779598747265,428,79.51694532733399,121.44898686268797,1,1,1,1,1,1,1,1,2,0,5.145861244229265,0
Pleasure,248.5918174319142,2.73099499387488,188,40.37173257166023,40.896287678179505,1,1,1,1,1,1,1,1,1,5,7.988106002442018,0
Business,119.15112239185464,10.888020210766916,170,21.835452020573502,103.6323597455663,1,1,1,1,1,1,1,1,1,1,2.080761130644416,0
Business,341.44542580328556,1.2960245348258548,478,100.86288427393144,157.79328123694285,1,1,1,1,1,1,1,1,3,1,9.258307632436823,1
Pleasure,432.92770279854284,7.198956258568659,365,68.77045054512519,207.17592744708045,1,1,1,1,1,1,1,1,3,1,3.6714580199021927,0
Business,146.12678467695574,14.13628722657053,426,98.23005906606225,94.6000068701317,1,1,1,1,1,1,1,1,2,0,1.6407726640684535,0
Pleasure,295.7447034204745,9.010068734085205,318,81.89981095391263,234.28741279168892,1,1,1,1,1,1,1,1,2,5,7.201408031134026,1
Pleasure,88.27216560152324,15.341553967623812,158,42.471853117967235,161.9567831564518,1,0,1,1,1,1,1,1,0,0,4.34919741385806,0
Pleasure,110.49927985311207,1.8725817784421106,377,39.32954985679522,37.9475438741186,1,1,1,1,1,1,1,1,0,0,8.354938546964494,1
Business,310.4779760027728,16.186768416260136,60,17.628249907737764,176.98660322398254,1,1,1,1,1,1,1,1,1,1,1.0,0
Pleasure,402.1595518760606,6.716701184755451,8,61.3783421919159,129.56318571941864,1,1,1,1,1,1,1,1,0,0,3.1715104266874485,0
Pleasure,416.3701508818539,17.019246869905786,109,89.4450062690821,233.955268613551,1,1,1,1,1,1,1,1,2,5,1.7415741474022544,0
Pleasure,324.21896074485034,12.947530871584593,421,75.88610338572546,20.89762719229341,1,1,1,0,1,1,0,1,0,0,8.478864872520951,1
Business,154.8492752355437,6.6691579549158515,396,50.14010266754921,127.04872432491152,1,1,1,1,1,1,1,1,3,1,7.409179242175661,1
Business,72.99396723369867,6.2570350487822335,98,99.75237825497635,70.42390559307293,1,1,1,1,1,1,1,1,4,1,6.158325980111943,1
Business,210.36855476585262,7.286879278979994,320,55.57889024227729,144.4582773316277,1,1,1,1,1,1,1,1,0,0,4.996760405874843,1
Pleasure,97.53817763735358,12.651306129868827,115,100.20268846665476,208.6878550948134,1,1,1,1,1,1,1,1,4,3,6.546828659105821,0
Business,366.9324086256616,8.818579530784824,325,71.94901307718774,199.80343347168827,1,1,1,1,1,1,1,1,1,1,3.180746658454408,1
Business,223.62535923831436,1.0330751542448047,472,96.6662494094321,231.1088048770373,1,1,1,1,1,1,1,1,7,0,10.0,1
Pleasure,357.5251187994997,10.369687989315882,407,76.86568072627304,135.77268756771647,1,1,1,1,1,1,1,1,3,4,6.8819985824065615,1
Business,241.579918520696,2.382274045206383,309,111.61809600776346,118.13996728622631,1,1,1,1,1,1,1,1,4,1,8.281087961032387,0
Pleasure,326.61277117034103,0.17799284981659724,488,53.660368428673266,189.43994408163076,1,1,1,1,1,1,1,1,2,1,8.423509589716705,0
Business,234.01801779677027,9.425030918649744,500,111.45569491071615,22.208316610956818,1,1,1,1,0,0,0,1,0,0,3.985041492032526,0
Pleasure,151.68485719197926,1.80659490599125,113,80.04495985845254,178.0081664773909,1,1,1,1,1,1,1,1,2,2,7.55495115090442,1
Pleasure,497.47642749435624,3.730295767870242,174,52.33641216490992,17.964337711165776,1,1,1,1,1,1,1,1,0,2,1.323810371457595,0
Pleasure,370.7546293316418,13.875300115975232,299,47.616157745863624,88.43096089855024,1,0,1,1,1,1,1,1,0,0,5.296507504101819,0
Pleasure,340.080822360507,10.828102350316964,328,87.66873985408928,229.93922184984697,1,0,0,1,1,0,1,0,0,0,5.2150768592707815,1
Business,305.5871554420959,19.029532809170103,428,92.19004471562428,221.6431953009386,1,1,1,1,0,0,0,1,0,0,1.0,0
Pleasure,164.89419884699646,14.11348952971549,393,118.80724074682806,15.76821970931302,1,1,0,1,0,1,0,0,0,0,7.8879260714664525,1
Business,422.19923400048845,3.8420855305730206,449,90.96337080340992,93.6101442733596,1,1,1,1,1,1,1,1,1,0,6.333383032804018,0
Pleasure,484.8575363847415,0.3547808865399138,240,68.10684593191434,140.0491049052133,1,1,1,1,1,1,1,1,0,3,1.0508479762088152,0
Pleasure,255.6727706846948,17.211372485273735,273,60.97893875304324,222.9447536488863,1,1,1,1,1,1,1,1,4,1,7.773123799788031,1
Business,108.71964256291069,3.683317511015831,187,60.54118733126776,120.41758682885789,1,1,1,1,1,1,1,1,3,0,7.355670141837235,0
Pleasure,389.49619223610273,5.181545690192242,241,65.08530429156104,46.85578353441197,1,1,1,1,1,1,1,1,0,0,6.297955121773743,0
Business,233.36326212753025,3.3539778686561927,112,63.43384235218595,79.29708210296563,1,1,1,1,1,1,1,1,1,0,6.00157159908768,1
Business,90.80851564480425,15.017069368397639,455,62.280562019561074,218.14927365923526,1,1,1,1,1,1,1,1,1,0,1.0,0
Pleasure,90.60958253019189,14.315356313649891,351,65.20531965780245,16.506492269322422,1,1,1,1,1,1,1,1,1,1,7.166906308282741,1
Business,235.8373683732382,1.9793533741714553,274,35.83677911770942,64.37788382503415,1,1,1,1,1,1,1,1,0,0,6.498599136446657,0
Business,82.56615985475726,10.924879463148311,167,34.63217260085229,229.34348364093597,1,1,1,1,0,1,0,0,0,0,1.989806898843707,0
Business,153.46773736094087,14.439466883309038,496,82.3514943662084,134.13239281259018,1,1,1,1,1,1,1,1,3,1,2.9112041134250695,0
Pleasure,403.6952525001901,2.838318958824979,225,52.005772647242914,149.28476216092858,1,1,1,1,1,1,1,1,3,4,6.465851240383578,1
Business,285.76660167446954,1.5220863412209695,264,62.56128881472468,19.23948559703818,1,1,1,1,1,1,1,1,0,0,7.748030490082444,0
Business,404.7096357078523,6.989766786903395,225,84.4031082967373,227.15667032942764,1,1,1,1,1,1,1,1,4,0,6.030219401548555,0
Pleasure,273.8106458617916,18.753834057785486,492,102.74309989393726,149.57060757955622,1,1,1,1,1,1,1,1,1,3,9.0798518695392,1
Pleasure,484.9488849436015,7.562212246656117,244,87.06164821278244,62.435247123230866,1,1,1,1,1,1,1,1,1,0,1.0,0
Pleasure,415.2436190924508,5.019557194246564,296,20.511450037881644,17.507159688086592,1,1,1,1,1,1,1,0,0,0,5.832940137337614,1
Business,135.54639989014817,13.796346372958297,456,49.620793776039484,57.37510852844045,1,1,1,1,1,0,1,1,0,0,2.6387197735598393,0
Business,392.14993357362147,2.4332662941134475,217,111.92898020496987,14.560863735753122,1,1,0,1,1,0,1,1,0,0,7.806969600247922,1
Pleasure,398.88296143310333,4.854042951233191,323,69.81216870839938,232.17929729784845,1,1,1,1,1,1,1,1,3,1,5.169518411140956,0
Pleasure,432.1155221169443,9.493236410892766,332,70.63433149451227,83.23932402893995,1,1,1,1,1,1,1,1,1,3,4.828844012101516,1
Pleasure,406.21031198392814,4.9511083908376445,312,57.48535706152736,140.64287381612684,1,1,1,1,1,1,1,1,3,3,6.29418027741635,1
Pleasure,146.80673173236173,8.475618548257986,301,83.47438401814443,77.48121807474959,1,1,1,1,1,1,1,1,2,4,8.06948393474132,1
Business,263.3610777908227,1.1512692828171933,318,110.1493462627617,207.4898426711293,1,1,1,1,1,1,1,1,3,2,8.154803180922938,1
Business,425.190893739219,4.226150326441401,125,51.514259431191256,139.96414730147583,1,1,1,1,1,1,1,1,3,3,7.092779435570781,0
Pleasure,68.03260018692197,3.963749796220959,389,114.93208721114853,150.4419051375897,1,1,1,1,1,1,1,1,6,3,8.253578947208545,1
Pleasure,162.9054384137126,19.52935119673156,155,38.986790730220285,110.06380065859808,1,1,1,1,1,1,1,1,0,2,4.954208919783225,1
Pleasure,167.168145895777,2.136573423812942,158,111.37572627582024,160.24498965832387,1,1,1,1,1,1,1,1,3,1,10.0,1
Business,464.6759168875063,7.614212036673105,105,100.36721843073899,117.49894660747891,1,1,1,0,0,1,0,1,0,0,3.331473229904703,0
Pleasure,101.05716043261756,15.335036684018352,126,73.09953111149308,77.69106755372817,0,1,0,0,1,1,1,1,0,0,3.2139799817509647,0
Pleasure,458.03126917698444,17.418048541193787,104,85.93699470714529,225.905602243638,1,1,1,1,1,1,1,1,1,0,1.0,0
Pleasure,412.15453511892093,3.3482185350186033,444,104.32424061564524,34.84908855676546,1,1,1,1,1,1,1,1,0,2,7.583557496310121,1
Business,374.8947290420795,11.141607677678591,484,38.30806062683518,120.66192922384364,1,0,1,1,1,1,0,1,0,0,3.572445430308302,0
Pleasure,259.8074053944432,8.794355080064042,138,52.542425044766325,198.75740286271954,1,1,1,1,1,1,1,1,3,3,6.491895667924854,1
Pleasure,420.28398451031376,2.0748633794367533,475,54.473371137871865,196.86489453838158,1,1,1,1,1,1,1,1,3,5,5.537858283499473,0
Pleasure,245.78236252026977,11.644020815698052,46,97.44006022039065,31.097798981420695,1,1,0,1,1,1,0,1,0,0,7.427145454709071,1
Business,471.66697869025757,2.1835673463574845,213,67.27246299754947,15.965525688531843,1,1,1,1,1,1,1,1,7,1,10.0,1
Pleasure,205.76142265226161,14.049110014118444,133,77.16112286821838,208.42391122177776,1,1,1,1,1,1,1,1,3,4,7.722883275345315,1
Business,316.51299936999953,14.022833347815084,183,61.65422090877451,56.15102541001768,1,1,1,1,1,0,0,1,0,0,1.0,1
Business,270.6056972723243,9.756548476287692,35,23.340610684214948,98.1084716277235,1,1,1,1,1,1,1,1,0,1,2.155714133507237,0
Pleasure,375.67933809528813,14.186702808108793,197,63.58893624481944,16.87901837901711,1,1,1,1,1,1,0,1,0,0,3.841391362539976,0
Pleasure,494.04307454704104,17.138590983705342,321,74.65318059604864,133.13234398342868,1,0,0,1,1,1,0,1,0,0,1.0,0
Pleasure,175.7472218571803,8.712445479440724,475,32.43165485529542,152.66169643534718,1,1,1,1,1,1,1,1,2,1,8.744330500649408,1
Pleasure,363.88606467295256,11.538594743467572,320,104.04244888299336,97.40347587587118,1,1,1,1,1,1,1,1,0,0,4.322339818075946,0
Business,125.45421546078097,6.521083073645175,70,23.861855650119292,189.64480945796623,1,1,1,1,1,1,1,1,1,0,5.076414108691171,0
Pleasure,177.83887323050735,8.759489510611203,259,97.50172765738188,113.78774796251187,1,1,1,1,1,1,1,1,3,4,9.311285061456095,1
Pleasure,273.31198513894117,9.858952129172158,350,43.966901433574186,155.70410320473246,1,0,1,1,1,1,1,1,0,0,7.446014863102679,1
Business,143.05501956425826,2.633593911795289,363,76.45967373923769,199.15229900721587,1,1,1,1,1,1,1,1,5,3,8.084378647125579,1
Pleasure,434.2699436175479,18.4678747466868,189,52.510728381364274,222.73329298634746,1,1,1,1,1,1,1,1,0,1,2.1105647864124664,0
Business,110.19254356298457,15.446420117847609,39,39.56066469739591,119.41674378406111,1,1,0,0,0,0,0,1,0,0,1.0,0
Pleasure,264.01157350013756,17.153202882915384,57,62.52689873644731,230.23554351540295,1,0,1,0,1,1,0,0,0,0,4.358144423355149,0
Business,207.0272037781801,12.144330092606628,400,51.27674754340652,232.40805320567767,1,1,1,1,1,0,0,1,0,0,1.0,0
Pleasure,292.0258071678753,14.564684730085666,476,24.288594109601284,125.13473306946823,1,1,1,1,1,1,1,1,0,1,8.078270546684843,1
Business,68.33484763561586,11.234346371714931,251,42.31063367262188,103.07657565472051,1,1,1,1,1,1,1,1,1,0,1.45553993029402,0
Pleasure,499.7683933330677,7.218088565099052,452,62.957275012495465,6.276718696612188,1,1,1,1,1,1,1,1,1,0,2.3738611844421715,0
Pleasure,109.56310575736228,10.160516085969398,386,20.86594189665339,222.82190305817696,0,0,1,1,1,1,0,0,0,0,6.627654039479113,0
Pleasure,440.08925606533705,15.906505114931292,27,33.79200481410553,233.83211449031717,0,0,1,0,1,1,1,1,0,0,1.0,0
Business,267.78820116969416,18.536143514013684,134,20.94163801032673,23.18236679542023,1,1,1,1,1,1,1,1,4,0,1.0,0
Business,225.47024182933248,5.533723749617754,420,37.12349843299846,102.39875597308685,1,1,1,1,1,1,1,1,5,4,6.790647570829024,1
Business,136.82708842904412,15.90473107702377,157,87.16075837750175,178.35070735137103,1,1,1,0,0,1,0,0,0,0,1.0,0
Business,163.72194971135153,0.11653984564737874,371,51.659710733997876,226.34342817863822,1,1,1,1,1,1,1,1,0,0,8.241951605655702,1
Business,151.31031178049702,10.054522241894094,314,37.40537360831405,24.91729148268485,1,1,1,1,1,1,1,1,7,1,5.316161825454749,0
Pleasure,431.9726382438068,1.0290563789156004,372,91.86287810329284,200.67530012077466,1,1,1,1,1,1,1,1,1,2,5.36957982282882,0
Pleasure,493.89586885708985,2.850196287961275,467,112.84637023042784,71.35507541398457,1,1,1,1,1,1,1,1,3,5,3.6085197868186825,0
Business,120.62614526810529,10.30284592001302,113,77.78534088853506,43.64366572865095,1,1,1,1,1,1,1,1,3,2,3.557867513575614,0
Pleasure,98.03514311884113,6.2857857423980334,342,20.739288588452585,118.52325180203974,1,1,1,1,1,1,1,1,4,5,7.7868334101729495,1
Business,306.86145048212353,9.938092726791174,393,109.59111360370785,82.65003672098828,1,1,1,1,0,1,0,0,0,0,2.23446323911551,0
Business,366.9398957343648,3.237564720885393,228,17.14711224888006,82.36534206864668,1,1,1,1,1,1,1,1,1,0,6.355211809358171,0
Pleasure,154.01760882831528,16.416355495370233,310,99.48811591975175,110.8365255109912,1,1,1,1,1,1,1,1,2,3,8.979682052455583,1
Pleasure,305.8102116921695,16.066153597748052,497,60.074576069817624,223.90490145347914,1,1,1,1,1,1,1,1,0,2,8.833850197665928,1
Pleasure,184.2347977764255,12.52282966826835,125,40.04961897308315,59.51292706057454,1,0,0,0,1,1,0,1,0,0,5.5631531677427315,0
Pleasure,73.74413779612252,8.371946616152703,174,115.5869491662571,156.15501117456,1,1,1,1,1,1,1,1,0,1,6.9383727712587575,1
Pleasure,254.20021050705813,7.703416003006652,137,105.8146431951757,34.04907253497856,1,1,1,1,1,1,1,1,3,2,7.96740547088736,1
Pleasure,225.40340431516955,19.732853568119594,22,114.00374166245072,106.06691390380786,1,1,1,1,1,1,1,1,0,2,6.914382046033218,1
Business,247.22423406136267,5.051473530828292,39,53.52370585576058,190.17232283023557,1,1,1,1,1,1,1,1,2,0,5.408078912159832,0
Business,458.75897863997574,3.2315705081977453,286,86.11430048730018,132.58643780013952,1,1,1,1,1,1,1,1,4,1,6.190851664665265,1
Pleasure,499.2664304508919,10.833232119549379,360,28.09457294082113,190.91623417126831,1,1,1,1,1,1,1,1,2,1,1.0,0
Pleasure,89.08824968341402,17.375460287063696,166,41.96543174604952,197.1048611258002,1,1,1,1,1,1,1,1,2,2,4.447774463870446,0
Business,221.14312697584901,18.01414944100266,260,68.8598102273775,164.38411504132114,1,1,1,1,1,1,1,1,4,1,1.0,0
Pleasure,60.39500536808585,12.517403138367806,484,20.915883677234635,173.61738955253287,1,0,1,1,0,1,1,0,0,0,5.855285861389356,1
Pleasure,191.35383853500198,4.250163181893354,368,30.547615176202555,52.25119446933967,1,1,1,1,1,1,1,1,3,2,9.145385154539639,1
Business,356.03537516731615,5.772493527024469,89,92.71145853935157,66.32729263483715,1,1,1,1,1,1,1,1,0,0,5.83987991703816,0
Pleasure,173.0259791980158,7.222524032674396,43,90.65215747123402,44.44350642785904,1,1,1,1,1,1,1,1,5,3,7.144729675966115,1
Pleasure,421.5761113338387,4.9178003703919915,115,80.06371516996826,219.39987522683566,1,1,1,1,1,1,1,1,4,3,3.9279365270908495,0
Pleasure,404.39698401281606,16.619119674449216,462,110.70061181248123,63.658216346513065,1,0,1,0,1,1,1,1,0,0,4.137286856999391,1
Pleasure,394.81440100732016,14.864073010984132,143,93.13064550740383,184.3500739937978,1,1,1,1,1,1,1,1,3,2,4.7069193234945885,0
Business,285.8733295953085,15.234923526635619,108,75.98508360543961,23.677322129844402,1,1,1,1,1,1,0,1,0,0,1.0,0
Business,78.43633629904356,5.851000265190156,305,109.64951723843865,51.100321395281796,1,1,1,1,1,0,0,1,0,0,5.555158736011983,0
Pleasure,228.7454991319263,6.0181194944310406,233,51.89424442863147,137.79065381076708,1,0,1,0,1,1,1,1,0,0,8.817110056186682,1
Business,351.8637538406696,13.317745848232969,112,66.67878218232472,160.08179687181467,1,1,1,1,1,1,1,1,7,1,3.4564474219676327,0
Pleasure,301.8601692675911,15.793595321854855,201,119.3421955244841,46.27580509218121,1,1,1,1,1,1,1,1,0,0,6.1084291770143055,1
Business,296.5155696074043,19.660691114554936,487,66.7763283721434,152.75099657398263,1,0,0,0,0,1,0,1,0,0,1.0,0
Pleasure,192.2604560855546,9.541886606979945,90,96.04117087510984,232.1701036481902,1,1,1,1,1,1,1,1,0,0,7.614146929708823,1
Pleasure,153.62484715208245,12.705418394254853,191,75.18682670228331,191.236854224328,1,1,1,1,1,1,1,1,2,3,7.483947235640013,1
Business,342.50150958654723,16.29466094902147,332,116.96875027146739,50.161798484029845,1,1,1,1,1,1,1,1,4,2,3.416630565153776,0
Pleasure,133.6994486237033,18.725958768227457,461,51.329897635037405,145.95832742746788,1,1,1,1,1,1,1,1,3,1,7.131054092857285,1
Pleasure,183.74994598002147,5.4784118725179765,229,75.21264304203912,43.183433637187846,1,1,1,1,1,1,1,1,2,0,6.679066724173879,1
Business,235.341447464179,13.6597332702131,94,86.74266940904697,124.87943786027097,1,1,1,1,1,1,1,1,4,1,2.2239082813240554,0
Business,66.04443421865801,13.21155004438321,486,58.292348658456866,29.31456625212629,1,1,1,1,1,1,1,1,2,0,3.125747233419461,0
Business,280.7985138142611,18.986094835846597,486,59.0069297123043,57.631562014871754,1,1,1,0,1,1,1,1,0,0,1.0,0
Pleasure,445.6666017938447,16.994112160009276,438,52.63810786545498,192.8117556206207,1,0,1,1,0,1,1,0,0,0,2.4173737461182307,0
Business,76.2140593180371,3.3852445989661506,183,15.701635590011692,159.8294026828404,1,1,1,1,1,1,1,1,1,0,5.309007489483125,0
Pleasure,389.57394070221636,8.779638390549938,257,38.64471546632858,143.8279032741384,1,1,0,1,1,0,1,1,0,0,3.9865623395962757,0
Pleasure,205.9904538815146,16.167575176157737,423,34.63438513289554,28.084510234419838,1,1,1,1,1,1,1,1,0,4,9.131018363477523,1
Pleasure,241.45002930837472,17.928079164452345,382,34.76680004991175,41.64544273421527,1,1,1,1,1,1,1,1,0,0,6.645911597014938,1
Pleasure,173.8904093736342,4.166217481300809,34,97.9841113995769,147.00790351931386,1,1,1,1,1,1,1,1,2,1,8.512562987428147,1
Pleasure,237.562970044462,10.582840152143083,369,64.57162313379817,138.8158841844047,1,1,1,1,1,1,1,1,1,3,9.906524684647103,1
Business,106.9865950729521,7.021463045829492,12,97.29536353898017,32.014517355421205,1,1,1,1,1,1,0,1,0,0,3.723168034871303,0
Business,400.1926905394098,18.04092621290049,243,27.095813122509373,224.25616534628423,1,1,1,1,1,1,1,1,1,0,1.0,0
Pleasure,373.8744405202161,18.323740646245277,18,57.80348683924172,220.54653578047234,1,1,1,1,1,1,1,1,2,4,2.8055209653997384,0
Pleasure,297.10690739514473,2.811809796392224,129,118.23469160624781,103.98618380100737,1,1,1,1,1,1,1,1,2,4,9.882184964070362,1
Business,441.01894252726066,6.21754782436192,135,117.78014637162347,190.9413702915263,1,1,1,0,1,1,0,0,0,0,2.857674860100219,0
Business,438.01737316524907,18.733333513493523,191,102.84355329369501,224.4018459204189,1,1,1,1,1,1,1,1,4,0,1.0,0
Business,72.97045505636855,8.52195559108921,191,47.313346805819066,138.82718135546926,1,1,1,1,1,1,1,1,0,0,3.593753153333803,0
Business,260.1851867046673,0.04845884572751036,380,18.511639588306,227.16996156484927,1,1,1,0,1,1,0,1,0,0,6.869305705636808,0
Pleasure,159.41377582183893,6.75247519313082,393,48.85197508645836,228.5306031341899,1,1,1,1,1,1,1,1,1,0,7.9907440963106975,1
Business,77.7055583079614,13.860161135289033,248,47.23533740506731,166.41065325480818,0,1,1,1,0,0,0,1,0,0,1.0,0
Pleasure,356.05341719213743,9.42243858389787,339,95.10766115090003,145.03459425313503,1,1,1,1,1,1,1,1,1,3,7.805633971290542,0
Pleasure,306.9482646047231,19.721222244814058,253,107.95746679008036,64.1175691338039,1,1,1,1,1,1,1,1,3,4,5.036373199055429,0
Business,80.07552281175995,11.27556320373821,10,26.783202907298048,66.95767530918695,0,1,1,1,1,0,0,1,0,0,2.011050620747703,0
Pleasure,100.54496516936966,0.4399804408842245,220,21.977570280441785,233.8811933041723,1,1,1,1,1,1,1,1,2,4,7.785665796805644,1
Business,263.6354815934715,9.243355675515188,416,107.59834996642222,184.9234349158238,1,1,1,1,1,1,0,1,0,0,3.35403531128149,0
Business,440.74347862961207,6.349305306971935,184,26.472166344621883,149.87954144325317,1,1,1,1,1,1,1,1,5,3,4.470689615422878,1
Pleasure,442.0702138681464,4.6932833179925515,130,24.537870958269867,79.70244797197545,1,1,1,1,1,1,1,1,0,1,2.857732851145133,0
Business,420.27220928746203,10.177423937570719,69,46.25702443663229,191.30458405962696,1,1,1,0,0,1,0,1,0,0,2.6813494870706345,0
Business,239.86459559041452,10.880842967785515,438,93.41986290641431,42.42181203227577,1,1,1,1,1,1,0,1,0,0,3.348963363338335,0
Pleasure,372.876982147578,14.059697183947716,325,36.935451654165774,166.42940158201324,1,1,1,1,1,1,1,1,2,1,5.228910501514107,0
Pleasure,285.3935887381054,0.020080139593359192,59,59.17800240539032,126.26396893937196,1,1,1,1,1,1,1,1,2,5,7.606504473309357,1
Pleasure,85.143921456646,2.8728498727734375,295,70.29802633829249,11.558367650170672,1,1,1,1,1,1,1,1,4,3,9.034943215674494,1
Business,88.16732477604624,12.823614720066036,231,68.20404154275528,237.6204355424266,1,1,1,1,1,1,1,1,1,0,1.0150195169694358,0
Business,277.79427231629944,7.543700487918357,254,55.381556412613904,91.64314118629105,1,1,1,1,1,1,1,1,0,0,4.711934740876951,0
Pleasure,483.29500697259465,0.8265110619785765,452,63.74555899440905,135.9720438882529,1,1,1,1,1,1,1,1,3,1,4.1273141749130575,0
Business,319.20857068853803,8.975033957855604,23,115.3198882068857,232.44636632723564,1,1,1,1,1,1,1,1,1,1,4.280947655437767,0
Pleasure,169.97941569200822,11.606399139898162,467,108.55600015943824,144.63599276038656,1,1,0,1,0,0,1,0,0,0,9.342329885853513,1
Pleasure,272.5241287552033,16.078839418167806,200,84.17391540183166,45.91409352125229,1,1,1,1,1,1,1,1,2,4,7.321737376219298,0
Pleasure,186.19608528946802,13.090671347383577,198,36.60037657707332,92.68847449583949,1,1,1,0,1,1,1,1,0,0,5.278178846836143,1
Pleasure,118.73306015243861,8.993272440938828,139,21.78272704696487,92.99554356246631,1,0,1,1,1,1,1,1,0,0,6.197759236513287,1
Pleasure,195.75930211840483,19.730297164319502,371,50.863493929124125,125.77678062043678,1,1,1,1,1,1,1,1,2,2,8.620406272747946,1
Business,209.0025659452342,16.080908426224866,170,39.23779698407267,162.57251900688556,1,1,1,1,1,1,1,1,5,2,1.6322359397756467,0
Business,217.5509819923037,8.240435765570599,500,35.54332150168899,10.261177098234873,1,1,1,1,1,1,1,1,7,1,8.022427398799383,1
Business,238.50955599408368,14.762429719582693,112,75.85485507651447,177.9950632686722,1,1,1,1,1,1,1,1,4,0,1.593015802548305,0
Business,159.65047160075216,2.676963983874321,456,49.40646443842671,172.08165584723804,1,1,1,1,1,1,1,1,6,0,8.298009826064215,1
Pleasure,451.0651948494256,14.492636536066083,494,116.94549580766551,201.90761481192698,1,1,1,1,1,1,1,1,1,3,3.561964127139203,0
Pleasure,494.50967069814845,5.824763419896339,289,40.87031744528231,105.27743785285129,1,1,1,1,1,1,1,1,2,2,1.1747437218123722,0
Pleasure,272.2497548784166,12.00305782826414,239,36.47276003977003,217.66465317195946,1,1,1,1,1,1,1,1,2,1,6.639434152476513,1
Business,316.3560692956084,7.47723152761729,232,103.1466280928807,185.10043798240227,1,1,1,1,1,1,1,1,1,0,5.201702607560447,0
Business,433.2464003712888,12.124753601572761,260,19.124529687209076,128.21041722706084,1,1,1,1,1,1,1,1,3,0,1.2894835493421641,0
Pleasure,345.0586668959769,16.4012115375261,349,29.437320261176023,153.6599003332795,1,1,1,1,1,1,1,1,0,0,5.1276322032709505,0
Pleasure,446.36694354919354,0.12742745708297143,323,103.3193604217202,125.19223888531279,1,1,1,1,1,1,1,1,3,6,5.9075721186543495,1
Pleasure,423.84054276211083,4.988520138462189,162,59.645880687272495,17.980591871395305,1,1,1,1,1,1,0,1,0,0,3.226609151198375,0
Pleasure,462.6925945403457,10.117520677990562,23,107.079704272456,222.70394839956865,0,0,0,1,0,1,1,1,0,0,1.0,0
Business,253.49014611601132,2.4025058330601,293,32.97592996041744,34.759165491483046,1,1,1,1,1,1,1,1,0,1,7.108506206941234,0
Business,114.04127727171624,7.569872186036943,279,33.73439029316831,134.2099477802277,1,1,1,1,1,1,1,1,0,0,5.316235696201711,1
Business,298.8519873155951,4.334678432167922,211,50.97872660430758,141.27095057014532,1,1,1,1,1,1,1,1,8,0,7.974777100327906,1
Pleasure,380.0172686343641,16.064941162720935,424,20.683208092883216,81.74189747490443,1,1,1,1,1,1,1,1,2,2,5.078860316352236,0
Pleasure,145.6693848958243,7.129236821366936,318,65.15673546776476,198.48698923716404,1,1,1,1,1,1,1,1,2,1,8.581003677955518,1
Business,348.3731324222591,11.147297791234427,57,76.37894969140746,162.13272424904193,1,1,1,1,0,0,0,1,0,0,1.477147255921149,0
Pleasure,93.08753809518092,18.53380242700524,176,42.403069632195866,61.583296187389315,1,1,1,1,1,1,1,1,1,1,5.313043895956299,0
Business,67.5604686679253,13.833815888659082,376,115.26462557517952,22.89093522275912,1,1,0,1,0,0,0,1,0,0,2.712222099546398,0
Pleasure,108.67143405784815,15.89216096920791,50,78.01892459201585,49.61271776536982,1,1,1,1,1,1,0,0,0,0,4.2523788195648695,0
Business,92.03692516851939,10.272845149387319,316,119.18316749177885,87.75759511458224,1,1,1,1,1,1,1,1,3,0,4.798290726263591,0
Pleasure,218.04886829098842,16.312735054961376,175,83.79745162977078,46.92257065502644,1,1,0,1,1,1,1,0,0,0,7.910337585421955,1
Pleasure,410.7462528492641,0.7834805308508019,302,93.49690171198819,46.68425376841951,1,0,0,1,1,0,1,1,0,0,5.950785301356564,1
Business,71.0176194777352,4.922041243005708,339,119.38265822496528,190.14267124399422,1,1,1,1,1,1,1,1,3,1,5.784438477519209,0
Pleasure,429.82481237453914,9.483379748969751,413,110.92800517307448,170.29534540980876,1,1,1,1,1,1,1,1,0,1,5.508872850364016,1
Business,202.64868028994667,6.738034385469389,98,52.05839042736602,65.8568644368177,1,1,1,0,0,1,0,0,0,0,4.866916572399877,1
Business,349.31173766027314,3.456779713332785,395,61.43666686761941,175.2048315949399,1,1,1,1,1,1,1,1,3,1,6.482440339961753,1
Business,486.0641226687507,13.04708457639556,73,96.46295383701418,137.4851237285748,1,1,1,1,1,1,1,1,0,0,2.549717939212533,0
Business,108.99432302398718,14.098091068758823,171,24.663860882599803,58.055095391630815,1,1,1,1,1,1,1,1,1,1,1.4806710332904667,0
Pleasure,306.87438769428667,0.752279556497415,285,117.50911742923407,25.53220396065315,1,1,1,1,1,1,1,1,0,2,9.605991781094158,0
Business,386.5785257476081,12.624180355543412,401,31.992135069846558,20.620092715974096,1,1,1,1,1,1,1,1,3,4,4.096862238677843,0
Pleasure,227.00394791069314,9.83638227381331,379,30.048947640317678,226.74118748850796,1,1,1,1,1,1,1,1,0,0,9.02957442581166,1
Pleasure,431.60435408081787,13.936879280185881,187,102.6236398231805,44.67547553800834,1,1,1,1,1,1,1,1,2,3,2.3255811354295735,0
Business,468.4585255184286,19.14034789317614,455,27.702443191818254,133.5778314015782,1,1,1,1,1,1,1,1,4,1,1.0,0
Pleasure,442.9607635106443,9.014676302830216,426,68.40413192180603,30.3178787633006,1,1,1,0,1,1,1,1,0,0,4.97178957608021,1
Pleasure,338.8110166556857,10.664312153734075,492,53.266823766412884,208.27095737747834,1,0,1,1,1,1,0,1,0,0,7.806887572796397,0
Pleasure,189.92800593112676,9.125103291844887,486,85.94007151109773,230.0993337640706,1,1,1,0,1,1,0,1,0,0,8.008312383086329,1
Pleasure,98.29286257113334,7.9233780926629604,232,20.09912159950954,63.19493770526151,1,1,1,1,0,1,1,1,0,0,5.480958074504572,1
Pleasure,129.33381350200088,16.54812822551338,8,72.00561567131638,16.119194458201406,1,0,0,0,0,1,0,1,0,0,4.908806872963917,1
Business,175.27241445916752,12.883969484398248,3,41.24773200866621,76.49315825656633,1,1,1,0,0,0,0,1,0,0,1.0,0
Pleasure,352.3500453843464,0.33204594491569983,344,26.27437953564605,154.46226685067006,1,1,1,1,1,1,1,1,3,4,7.500492370869265,0
Pleasure,369.9615906806692,19.775785477894786,200,48.17372781390842,235.48820533186338,1,0,0,0,0,1,1,0,0,0,3.2826576304715793,0
Business,482.2501308629308,0.15339026849793713,354,104.39154511919094,112.3664259454672,1,1,1,1,1,1,1,1,6,2,10.0,0
Business,419.54283493452016,17.397994561071428,325,55.863923481782145,214.89940867177137,1,1,1,1,1,1,1,1,2,3,1.0,0
Pleasure,333.6954019502834,11.550198272347032,116,46.52161817842541,155.6587646459165,1,1,1,1,1,1,1,1,2,2,7.819389818560239,0
Pleasure,89.55828572203826,9.434633444635976,473,99.51606229874652,68.09683757858076,1,1,1,1,1,1,1,1,2,4,8.615061737355301,1
Business,391.83604817274494,10.983180000654881,240,103.1549174900356,169.76718425629863,1,1,1,1,1,1,1,1,5,0,3.6529889067320225,1
Pleasure,136.51786494056077,3.0767624755313028,463,109.30235251485585,35.26690972139328,1,1,0,0,0,1,1,1,0,0,10.0,1
Pleasure,150.0379150883143,5.174722607705389,473,51.16971516016336,165.79198346835938,1,1,1,1,1,1,1,1,0,2,8.418612315543745,1
Business,389.6106090154831,3.3304315346386093,289,82.98647293509036,53.408067193546394,1,1,1,1,1,1,1,1,2,1,6.412003996420383,1
Pleasure,482.6422663589801,18.523352069262106,206,87.0223734911944,13.047663518445328,1,0,1,1,0,1,0,1,0,0,1.7328077100959736,0
Pleasure,240.1967115623421,5.723310153336123,104,93.96616379625026,222.11105401100778,1,1,1,1,0,1,1,1,0,0,7.67940546711756,0
Pleasure,130.911118603914,12.439543806185478,155,31.950307995965343,144.42328069355452,1,1,1,0,1,1,0,1,0,0,6.607048905945604,0
Pleasure,444.19034551447305,12.319313068170004,217,103.93689647203811,190.13291926857062,1,1,1,1,1,1,1,1,1,6,3.629658501780763,0
Pleasure,161.25983656003422,12.919664729689107,44,50.65831669234538,101.0635243764584,1,1,1,1,0,1,0,0,0,0,6.4638360857286195,1
Business,313.7722120664108,4.729569078419235,63,48.07457094250474,46.74923633015762,1,1,1,1,1,0,0,1,0,0,4.732678961679003,0
Business,109.86225460515804,1.9117120286595823,19,67.19745539812315,216.19570708114537,1,1,1,1,1,1,1,1,5,1,8.004559426190687,1
Pleasure,290.5489923561538,3.215162415163948,116,65.20551616964309,40.87163030066359,1,1,1,1,1,1,1,1,3,5,6.260337915614606,0
Business,488.49641991415683,15.051368469736776,327,110.95668212762769,179.6148864971559,0,1,1,1,0,0,0,1,0,0,1.0,0
Pleasure,213.06407389114156,17.22375743552448,271,116.18972022557826,97.78708042986611,1,1,1,1,1,1,1,1,1,0,7.480375741990268,1
Business,183.00912674859634,3.047117511241566,197,41.99379459172754,173.67868515958645,1,1,1,0,0,1,0,1,0,0,7.029508873012145,0
Pleasure,281.1072446169144,3.341079528272428,120,86.46550839051507,56.828955944763976,0,0,1,0,1,1,1,1,0,0,6.997367515773646,1
Business,116.8312979067541,9.309676790771285,130,61.478243934173875,125.0348839441071,1,1,1,1,1,1,1,1,7,0,7.158754664680289,0
Pleasure,347.32457319831224,10.354331349575563,272,97.03568426746475,69.18679028753468,1,1,0,1,1,1,1,0,0,0,8.312873959481603,1
Business,147.3366920618872,3.7328341115109342,63,54.4068497223143,87.63046684052719,1,1,1,1,1,1,1,1,3,1,7.654373809282856,1
Pleasure,423.0977597760264,7.485818514858935,69,84.00421983309946,43.70299231664449,1,1,1,1,0,0,0,0,0,0,2.8669528852050825,0
Business,400.7417717309808,2.4115969795176184,381,79.05083008887323,214.0396008191656,1,1,1,1,1,1,1,1,3,0,8.386637363750625,1
Business,289.0179264413437,4.919987927396305,295,41.90592727425065,104.14609132425439,1,1,1,1,1,1,1,1,2,2,7.375572431091017,1
Business,241.1450472144445,5.881175271680313,485,35.38015459032915,223.31170241069162,1,1,1,1,1,1,1,1,1,0,4.696557849980667,0
Pleasure,240.40996657464254,16.97789496265083,282,54.71918516258486,199.3449180042852,0,1,0,1,1,1,1,1,0,0,6.5150927553133755,1
Business,160.59521224905578,19.390203742228888,448,31.657699801971773,109.82132515938403,1,1,1,1,1,1,1,1,4,1,1.0,0
Pleasure,266.7947072436758,15.345578596587213,79,20.972214021902882,187.61453886253776,1,1,1,1,0,1,0,1,0,0,5.54058004287506,0
Pleasure,80.9915210685765,18.470630464950652,251,82.07085596905804,99.21795057807662,1,0,0,1,0,0,1,0,0,0,6.6826123424813195,1
Business,191.61590421117788,10.645323971691646,449,114.37839381442865,236.06827523927586,1,1,1,1,1,1,1,1,6,2,4.891220833654281,0
Pleasure,360.33798894248724,7.403941588937122,137,68.02517285132168,113.67309257376041,1,1,1,1,1,1,1,1,1,0,4.717810637140568,0
Business,374.0986746046747,18.47993702783675,20,85.148246577087,216.22665054528272,1,1,1,1,1,1,1,1,0,1,1.0,0
Business,380.25966140706043,11.2957035947578,288,77.2503058551979,31.130522600974324,1,1,0,1,1,0,0,0,0,0,2.1623486777689007,0
Business,375.5727630017307,2.341028825259832,283,48.73826190040159,225.38473132223447,1,1,1,1,1,0,1,1,0,0,5.715006461420588,0
Business,255.15701947280627,11.620535666264004,487,114.8083219804888,28.184811617428053,1,1,1,1,1,1,1,1,7,1,4.838871501750716,0
Pleasure,68.03891128843988,0.6906621654603406,493,110.41153767453969,123.45638263764215,1,1,1,1,1,1,1,1,1,4,9.901936811833725,1
Pleasure,494.98024383474325,12.726009972469521,425,30.524811021900938,85.62588922921664,1,1,1,1,1,1,1,1,4,1,1.0,0
Business,211.4907414566456,16.194366743318085,211,16.00186983280844,216.57217521739904,1,1,1,1,1,1,1,1,2,0,1.0,0
Business,428.6812696098133,19.962951180174898,385,118.83063830913186,8.656068816385053,1,1,1,1,1,1,1,1,3,0,1.0,0
Pleasure,133.7018605026431,16.002866994164627,162,98.73213120571944,130.77119468572928,1,1,1,1,1,1,1,1,3,1,7.319481937852001,1
Business,123.46770683213713,2.7691755282615937,135,98.70965591160771,110.62926059204494,1,1,1,1,1,1,1,1,4,2,8.844330264214932,1
Business,312.39152255592325,10.754986502276436,200,27.248568343408,109.55624252205213,1,1,1,1,1,1,1,1,3,0,2.2827041782271422,0
Business,184.81721640522397,5.845811964197248,410,94.3620685108215,41.240008108839966,1,1,0,1,1,1,0,0,0,0,6.466475837107941,0
Pleasure,286.4378785280193,7.533446630820779,138,112.28656893906945,108.0417274732784,1,1,1,1,1,1,1,1,0,0,6.688050389624005,1
Business,277.81635079314776,12.925892734989368,462,56.59723982313461,173.05752059660728,1,1,1,1,1,1,1,1,2,1,2.7232376580768087,0
Pleasure,305.685919820948,5.448113844559677,77,58.149173747499425,104.75213751252325,1,1,1,1,1,1,1,1,2,1,6.826898885112657,1
Business,99.12280116431826,13.639136503827892,204,106.81137543573487,223.7130226708128,1,1,1,1,1,1,0,1,0,0,1.0,0
Business,154.9760894456717,11.92218344682992,333,67.7868403228848,115.52033233134533,1,1,1,1,1,1,0,1,0,0,2.2882874137643734,0
Business,283.39478355740295,9.610366540931434,334,39.79538373698263,173.1450573148153,1,1,1,1,1,1,1,1,1,0,3.070490656310866,0
Business,225.79319716867772,7.72846632268034,350,104.98128622386402,21.453538624067434,1,1,1,1,0,0,0,1,0,0,4.762620702726317,0
Pleasure,345.19017858283246,18.181259016828232,355,95.64480773397534,52.01662454386374,1,1,1,1,1,1,1,1,1,0,6.538100607361015,0
Pleasure,391.8746088587368,13.588676599475471,16,74.89063498824059,165.4789451591198,0,0,0,1,1,0,0,1,0,0,2.3667263473868956,0
Business,399.5263928725505,12.68958391210761,164,107.04606163786781,50.90266047906138,1,1,1,0,1,1,0,1,0,0,1.3321388244560826,0
Pleasure,122.107660527931,8.302087938726295,381,50.15256033745996,30.385586091053618,1,1,1,1,1,1,1,1,4,3,8.3001172772947,1
Pleasure,438.7953686773851,10.301946795025852,55,86.5129596323378,79.84041282876554,1,1,1,1,1,1,1,1,1,2,1.23838474833804,0
Business,290.9256969228301,6.586125528254875,413,59.205120052438666,75.9637189553877,1,1,1,1,1,1,1,1,6,2,7.161391489102467,0
Pleasure,210.73703108333248,6.213599309857867,460,74.67198082561929,20.058066186867126,1,1,1,1,1,1,1,1,2,4,8.185716901331649,1
Business,449.8920731218536,16.418404995852644,412,97.58915272710512,234.59960293622834,1,1,0,1,0,0,0,1,0,0,1.0,0
Pleasure,448.5236687043513,3.5372030591909187,155,37.01933612682766,231.37481991049287,1,1,1,1,1,1,1,1,3,2,2.720605061565017,0
Pleasure,199.3213061775699,7.451148985134555,71,65.22407480518956,138.91295900638028,1,1,1,1,1,1,1,1,1,2,6.431663746991758,0
Business,348.5202556681864,0.6313150016854241,157,104.93792128519355,216.58605389875288,1,1,1,1,1,1,1,1,3,0,7.974494410678554,1
Business,453.7030822706839,10.854721058797649,487,52.2164078513463,13.670438291125642,1,1,1,1,1,1,1,1,6,1,3.374416271755443,0
Business,265.1992566034271,16.79773101105517,95,61.26133527528605,226.25911282837575,1,1,1,1,1,1,1,1,4,0,1.0,0
Pleasure,358.7544288885927,2.133199938662831,58,104.94279798423733,49.22100790073698,1,1,1,1,1,1,1,1,3,5,5.2382531838859645,0
Pleasure,71.15799397432545,9.828613012134678,375,109.6199250089498,133.8868359892234,1,1,1,1,1,1,1,1,1,4,8.690602097760284,1
Pleasure,178.66919198822652,5.910959736759751,234,101.44149347028383,186.09404878533837,1,0,1,1,1,0,1,1,0,0,7.9485103844441705,1
Business,252.3097442197655,16.604050051036005,449,57.10934891077476,176.2049990906689,1,1,1,1,1,1,1,1,2,2,1.0,0
Pleasure,243.63069733885467,4.980169725774035,489,96.23441114318761,183.3182084265045,1,1,1,1,1,1,1,1,3,4,9.490164884540825,1
Pleasure,488.7396254068804,16.422740566144313,449,29.203945172423698,211.73801615842112,0,1,0,1,1,1,0,1,0,0,2.114275849986317,0
Pleasure,304.3087256006345,3.7478205043017865,52,17.32748672422549,76.76997597829754,1,1,1,1,1,1,1,1,1,2,6.659037751742329,0
Business,153.51947687780103,16.303854956298107,250,15.813236200533773,225.68575943847205,1,1,1,1,1,1,1,1,2,3,1.0,0
Business,107.62936469472125,3.788052986284849,234,45.844888521908075,217.96986093817245,1,1,1,1,1,1,1,1,6,2,7.648546325261253,1
Pleasure,75.27631208868208,10.805145123870258,186,45.1826445043697,224.32318471611035,0,1,1,0,0,1,0,1,0,0,5.538740040746603,1
Pleasure,431.1331149817995,10.028234378009099,241,99.01765673371311,167.8599819235307,0,0,0,0,1,1,1,1,0,0,2.0825540060018293,0
Pleasure,386.6408482483129,4.892322345521438,400,61.78794652602607,213.520206448069,1,1,1,1,1,1,1,1,2,4,6.132447815473288,0
Business,412.541901765737,18.059195822764163,441,58.821541244199786,13.35860327948414,1,0,1,0,0,0,0,1,0,0,1.0,0
Business,192.4214194192747,18.39264249453855,151,86.81135914857907,74.14052851941815,1,1,1,1,1,1,1,1,6,0,1.0,0
Business,346.11487653807933,10.517529319598328,486,110.17613621592358,227.703448426533,1,1,1,1,1,1,0,1,0,0,2.5748732024929173,0
Pleasure,250.67293815423162,15.636557283628287,121,40.08146380991631,130.55409514965154,1,0,1,1,1,1,1,0,0,0,5.22823288592547,0
Business,318.8891430973697,16.910639426438557,241,72.37642500290305,95.9001569340594,1,1,1,1,1,1,1,1,6,0,1.2252821594907912,0
Pleasure,215.02952335824335,1.100451108189322,16,43.57414072984009,205.38514973898378,0,1,1,0,0,1,1,1,0,0,7.537994934145359,1
Pleasure,403.5423072116008,10.96205060982805,262,117.95427999099857,209.32045975222434,1,1,1,1,1,1,1,1,2,2,5.625242018439069,1
Business,79.28935761928273,7.870307154691563,145,50.69221257417098,199.6350604401382,1,1,1,1,1,1,0,1,0,0,3.5546034252021093,0
Business,433.80993328468026,15.055123681626705,296,61.31385364411969,104.13279210824538,1,1,1,1,1,1,1,1,1,0,1.5386034105552222,0
Business,368.4955324643106,6.91645263601071,316,35.160734273746726,24.829434825726374,1,1,1,1,1,1,0,1,0,0,4.816730017386182,0
Pleasure,116.85076122492654,0.3237377979819378,105,70.69841920431458,220.1613816619535,1,0,1,1,1,1,1,1,0,0,6.44871503614776,0
Business,424.13032003095776,10.351173799444574,499,50.95226679896974,12.580094145549038,1,1,1,1,1,0,0,1,0,0,2.5012203944133784,0
Business,139.02816275574057,15.541892783234566,94,17.308037551369544,181.39198550596967,1,1,1,1,1,1,1,1,2,1,1.0,0
Pleasure,385.3241126391944,11.985727258680818,397,69.61021672389911,112.78308643376518,1,1,1,1,1,1,1,1,0,1,5.7072708192595325,1
Pleasure,384.7951262804817,14.927855310445143,293,111.95044373180573,138.51528979779295,1,1,1,1,1,1,1,1,3,4,5.66395183310947,1
Pleasure,269.1825107720321,13.133217164765732,278,82.08886476197438,38.588451597566895,1,1,1,1,1,1,1,1,1,3,8.031528543916249,1
Pleasure,150.47028210230607,16.68409304183612,432,84.70159893471937,167.21747990339003,1,0,0,1,1,1,1,0,0,0,6.343047990677942,0
Pleasure,478.2357649106193,7.975493489306107,46,99.06953283518813,213.70813166969813,1,1,1,1,1,1,1,1,4,3,1.0,0
Business,414.0711206325315,7.252380398512397,456,53.25095172962348,151.73135482453264,0,1,1,1,0,0,0,1,0,0,1.805411960035769,0
Pleasure,316.97682977896994,9.35083384459617,306,105.68765693995742,15.93836915983644,1,1,1,1,1,1,1,1,0,0,8.453707382913295,1
Pleasure,84.71992676110254,5.143309842689114,305,19.566305351352792,212.1203873381797,1,1,1,1,1,1,1,1,2,3,8.545554496366327,1
Pleasure,471.57480188229545,18.990295960272498,47,68.76559163234498,116.16134579828605,1,1,1,1,1,1,1,1,1,1,1.0,0
Pleasure,153.76576276535195,2.2369669215445986,102,102.01899245919246,196.6524571801264,1,1,1,1,1,1,1,1,3,3,7.594903568656574,0
Business,488.6940712483515,5.671285304271809,147,45.30808583293216,193.02432770285824,1,1,1,1,1,0,0,1,0,0,3.1181189857830103,0
Pleasure,201.4469698664053,7.55383737062086,340,101.11776568879364,216.09333224345914,1,0,1,0,0,1,1,1,0,0,9.269245174981082,1
Business,425.01314057970944,10.278599270161239,482,45.00388175032106,210.00603533581025,1,1,1,1,1,1,1,1,6,1,4.992079046738949,0
Pleasure,258.0465709758821,6.530031042213375,284,91.46309875333556,161.86467032469616,1,0,1,1,1,1,1,1,0,0,8.27169984834118,0
Pleasure,192.0908576457594,18.547914274669232,71,101.68731317076445,39.61070711472503,1,1,0,1,0,1,0,0,0,0,4.856186469535268,1
Pleasure,353.93137934014203,15.123964773812252,218,20.14585244920528,23.84288643668005,0,0,0,1,0,1,1,1,0,0,4.469804258151267,0
Pleasure,301.5015991468925,17.36444294877598,214,39.00538458434533,84.75478001764509,1,1,1,1,1,1,1,1,4,2,6.2947505964169395,0
Business,435.6467328263178,6.559234449367892,288,20.321755763822505,223.0967352471862,1,1,1,1,1,1,1,1,2,1,4.017183426463565,0
Pleasure,364.92829068212916,1.4925568083062912,472,44.114194037448,204.76097515050466,1,1,1,1,1,1,1,1,3,3,6.520524006428661,0
Pleasure,464.101849918572,6.4603482505395675,480,37.35433270556948,236.22999540469024,1,1,1,1,0,1,1,0,0,0,2.762361025192892,0
Business,77.55991104651886,5.260689454197869,435,45.942929007077375,204.92782633892602,1,1,1,1,1,1,1,1,5,0,6.191567786654057,0
Pleasure,72.47974979199117,2.595632603660316,248,105.02882501126187,225.98740711352124,1,0,0,1,0,1,1,1,0,0,7.431622776698686,1
Pleasure,327.46860316437466,5.454074710035619,302,109.78307380515605,166.62955411838067,1,1,1,1,1,1,1,1,3,1,8.561107600385803,1
Pleasure,468.1417191033236,3.3616985976678038,119,17.22512143357252,188.77164937460944,1,1,1,1,1,1,1,1,2,7,1.1547722341996987,0
Business,225.75611605955754,15.8004783768592,76,64.37120144769241,70.11911725973722,1,0,1,1,1,0,0,1,0,0,1.0,0
Pleasure,337.3197348074023,1.7514294356586957,250,115.81503844534801,81.14239523853901,1,1,1,1,1,1,1,1,6,2,10.0,1
Business,137.7914195875468,14.030504033888185,483,84.71253589368867,74.50772184071965,1,0,1,1,0,1,0,1,0,0,1.0,0
Business,324.9519175177128,8.178512100821575,216,26.23772729940412,49.855134116608625,1,1,1,1,1,1,1,1,4,1,5.468894741337199,1
Business,444.98980573411893,1.60096710034354,36,30.348980987896184,207.49717917633248,1,1,1,1,1,1,1,1,2,3,6.027641476878207,0
Business,342.5962883097531,3.7338140595530667,452,36.301013848892744,75.41408579180616,1,1,1,1,1,1,1,1,3,1,6.095941321403918,1
Business,280.712928107119,19.995393625998815,169,87.65604425991785,84.8194689697885,1,1,1,1,1,0,0,1,0,0,1.0,0
Pleasure,403.6901033472183,8.328208484213153,231,21.857481743030487,128.6561747804386,1,1,1,1,1,1,1,1,1,1,3.80688023487038,1
Pleasure,418.85517788408464,14.818478313852603,289,75.7966170021006,63.891162856628526,1,1,1,1,1,1,1,1,1,0,2.056324136546774,0
Business,269.8625503851596,6.435786663752072,446,30.103557134778008,194.11353305031642,1,1,1,1,0,0,0,1,0,0,4.234841451940766,0
Business,285.9910046252633,0.0028344044777894872,159,118.85359765029017,150.17431487815557,1,1,1,1,1,0,1,1,0,0,7.809231730361162,1
Pleasure,205.58395023994262,6.265299376886442,232,65.08078120961336,34.667909243471065,1,1,1,1,1,1,1,1,4,4,9.082268133264652,1
Business,414.75278010359085,0.42795980385443855,46,22.03727454778364,220.46327220499072,1,1,1,1,1,1,1,1,5,2,8.756113205347507,0
Pleasure,372.109040479503,15.20769407947649,418,57.612700986796455,88.92786073157703,1,1,1,1,1,1,1,1,1,3,7.211067093918205,1
Business,265.23788403426875,3.651452649110689,204,20.31069717967878,29.171817590375106,1,1,1,1,1,1,1,1,3,1,5.9163979628417165,1
Business,169.44284554391888,7.985254742170536,374,76.30195175961032,23.674466952338644,1,1,1,1,1,1,1,1,5,2,6.576287341761259,0
Pleasure,297.58536254028786,1.4213688307543548,253,93.09458707842248,178.0550380522107,1,1,1,1,1,1,1,1,4,5,8.714909130700118,1
Business,164.51767744313236,9.799426151876302,96,47.31278041320798,199.28477854471214,1,1,1,1,1,1,1,1,6,1,3.798844462429764,0
Pleasure,234.76139482775565,9.452685000012114,374,114.53744546470746,131.69927415907648,1,1,1,1,1,1,1,1,0,0,8.43773542595676,1
Pleasure,380.08547442454096,17.001892296586284,41,93.8836354852802,73.6044797473959,1,1,1,1,1,1,1,1,0,0,4.825456978902192,0
Business,423.2048176614679,13.37815680167364,436,54.587492658370266,117.81003566145836,1,1,1,1,1,1,1,1,4,0,1.814046554109277,0
Pleasure,368.3272973703099,12.450475316854261,388,19.21015975691214,163.1226896787314,1,1,1,1,1,1,1,1,3,4,5.5388947521209255,0
Pleasure,96.41839074732783,10.536121866084827,16,108.3683473637398,55.157596459733924,1,1,1,1,1,1,1,1,1,6,5.933878074501762,0
Pleasure,393.8212315129631,4.552427245287762,245,50.46563990630171,22.65414690894716,1,1,1,1,1,1,1,1,0,4,5.48189715265196,0
Business,434.446271213053,13.561600770693714,206,23.113457003408765,81.74893055392857,1,1,1,1,1,1,1,1,2,0,2.3939089002045124,0
Business,477.47538889640094,14.288321584299492,74,92.86243476641867,54.8577598147575,0,1,1,1,0,1,0,0,0,0,1.0,0
Business,481.30364600047454,13.373951900537707,443,27.34878431438023,48.82287314673065,1,1,1,1,1,1,1,1,3,2,3.1629935992038107,0
Pleasure,307.2152692169566,10.065702080237369,101,24.504744640063777,62.176834838661556,1,1,1,1,1,1,1,1,0,0,5.06710991303686,0
Pleasure,354.18449427398014,1.3672547906514665,277,95.21719658844225,76.01327430668255,1,1,1,0,0,1,1,1,0,0,6.708311088201235,0
Business,348.0746886195086,8.075943913420645,94,88.56211875515437,193.13425136801504,1,1,1,1,1,1,1,1,4,3,4.324450893010827,0
Pleasure,487.0647353895826,16.774353852890943,16,33.670289649036796,130.00583817092766,0,1,1,1,1,1,0,1,0,0,1.0,0
Business,309.4609349814319,19.9839237376108,403,52.264885647918696,110.19118363237929,1,1,1,1,0,0,0,1,0,0,1.0,0
Pleasure,232.1226742322411,14.82474141267264,277,105.54207030111336,144.8587706557515,1,0,1,1,0,1,1,0,0,0,7.480855638777068,1
Pleasure,133.05140588304883,3.6279626688082445,78,73.09142370809143,26.857045762940423,1,1,1,1,1,1,1,1,1,2,6.286053753211112,1
Business,375.256667642175,5.24808429873592,439,89.4895952534057,145.94125798984692,1,1,1,1,1,1,1,1,4,2,6.947712599259754,1
Business,183.257950430055,14.92022494432324,67,46.33992784931411,173.94079929484008,1,1,1,1,1,1,1,1,0,1,1.42294330937564,0
Pleasure,119.55984249104637,10.085940231637913,46,24.491618049796873,34.05322824868873,1,1,0,0,0,1,1,1,0,0,5.520368692125917,0
Business,354.97724438921716,7.1735812118867965,2,32.52834240368417,122.54019844378811,1,0,1,1,1,0,1,1,0,0,3.8420721489612646,0
Pleasure,207.7974371415233,4.615002879263532,141,40.89731409679713,179.09705844109405,1,1,1,1,1,1,1,1,7,2,7.902666557095198,1
Pleasure,365.67288187738745,19.525806365599262,355,97.3597377635425,186.84537516703102,1,1,1,0,0,1,0,1,0,0,5.141420566003767,0
Business,88.42728842732376,13.00552342503373,405,26.741726999674608,57.36143472654111,1,1,1,1,1,1,1,1,8,0,3.7294277256759476,0
Business,168.82293036765802,18.769524476499363,18,54.854441758003915,37.70693420574265,1,1,1,1,1,1,1,1,1,0,1.0,0
Business,414.80348787061484,15.867844015312953,243,116.70139570679702,103.79445334088419,1,1,1,1,1,1,1,1,5,2,1.1307810536796554,0
Business,152.07563214703734,5.573538352883189,168,18.520993537297223,155.62499788879018,1,1,1,1,1,1,1,1,6,2,6.932905825840733,0
Business,287.65768663004104,12.361384418218528,124,65.71065341232499,94.4058267222879,1,1,1,1,0,1,0,1,0,0,1.1516936398921913,0
Pleasure,269.90322567135337,13.055483485750965,298,117.98415596153541,222.2561916549774,1,1,1,1,1,1,1,1,1,0,8.628860758097876,0
Pleasure,153.94990515198185,0.7106334054798324,3,64.78497654806657,53.85459201386753,1,1,1,1,1,1,1,1,4,0,6.275589005016989,0
Pleasure,160.91758203767873,9.224952283298736,339,24.993322174945625,217.78742944601692,1,1,1,1,1,1,1,1,3,2,8.263506577370553,1
Pleasure,220.96313919327386,9.132950544893035,388,73.01183079047782,99.78892794855149,1,1,1,1,1,1,1,1,2,2,9.876817734656498,1
Business,116.5073438744758,0.19941599806315047,431,66.66662086942269,239.4839448923482,1,1,1,1,1,1,1,1,4,1,8.184480918194495,1
Business,117.46236090632098,2.1209229287173947,121,68.95062318155217,219.4190267543021,1,1,1,1,1,1,0,1,0,0,5.7194349662679045,0
Business,471.0861618347795,9.972589776026044,349,66.27515158097356,165.1978949776705,1,1,1,1,1,1,1,1,0,0,3.382930273633653,0
Pleasure,261.2018465130219,2.059071753287285,488,66.37578982966944,222.31323193562707,1,1,1,1,1,1,1,1,1,0,9.14645157933692,1
Pleasure,95.02309334215744,3.5488752038833016,219,117.5321642849173,85.28726891518028,1,0,1,1,1,1,1,1,0,0,7.905526972689918,1
Business,201.35132894234127,11.698228284658185,449,62.66690901143637,100.931116583003,1,1,1,1,1,1,0,1,0,0,3.5484514179445257,0
Pleasure,309.47882722006284,3.4229167921131642,157,85.52210768668482,230.42598794303407,1,1,1,1,1,1,1,1,2,3,7.099193460931466,1
Pleasure,87.51530497429879,1.2954568087609153,59,96.91652047296158,118.29498508353032,1,1,1,1,1,1,1,1,6,3,7.437805169731953,1
Business,205.34624378139057,17.87472000523958,189,66.52023628991788,114.87742133522389,1,1,1,1,1,1,1,1,2,0,1.0,0
Business,130.51436237758685,8.073024207352656,236,54.22181726577313,71.76791554805227,0,1,1,1,0,1,0,1,0,0,4.135319808590588,0
Pleasure,437.379990084419,12.591480728752863,12,103.79852086010244,40.79931739544588,1,1,1,1,1,1,1,1,1,2,2.2817409884256636,0
Business,369.0447284406851,5.076344544095088,360,61.41517006358876,88.44858761651423,1,1,1,1,1,1,1,1,4,2,7.903096929331234,1
Pleasure,459.5161034008718,6.469475673492926,424,54.75475714296705,33.985453927840375,1,1,1,1,1,1,1,1,1,0,2.294971256437149,0
Business,498.8511189346566,3.763735979397842,40,43.205811263845646,142.94484426373342,1,1,1,1,1,1,0,1,0,0,6.589376106348305,1
Pleasure,202.70195535138413,0.2848940683552592,102,43.24339331823907,37.067064185264066,1,1,1,1,1,1,1,1,1,0,7.659765427118758,1
Business,62.64541655687508,17.40013529976675,4,18.751568499063332,86.46900562156556,1,1,1,1,1,1,0,1,0,0,1.0,0
Business,353.9224327162326,13.63004043465531,13,113.71169831660849,96.46431511330918,1,0,1,1,1,0,0,1,0,0,1.0,0
Pleasure,325.81426110655735,12.014929940950548,272,54.20031826850078,45.88142864715351,1,1,1,1,1,1,1,1,0,3,6.689652220286287,0
Pleasure,479.5814941682966,18.713577117634447,44,91.98152242700372,30.078310637149464,0,1,0,0,0,0,1,1,0,0,1.0,0
Business,96.17713809980053,12.976479725445815,201,30.59015941246921,205.4275684490489,1,1,1,1,1,1,0,1,0,0,1.0,0
Pleasure,289.286461571288,16.91826454967796,95,92.66290080203525,200.80295498019922,1,1,1,1,1,1,1,1,1,3,5.039242796183555,0
Business,350.7710383667217,0.2824371870847253,242,96.400139547305,64.47198364246027,1,1,1,1,1,1,1,1,2,2,8.77767837559589,1
Business,164.73968246146663,8.833463558993857,286,53.0525464142672,92.16108552455742,1,1,1,1,1,1,1,1,2,3,3.7660375573646343,0
Business,493.74497349182246,17.044869549486737,450,20.845557488368975,146.88153701725162,1,0,1,1,0,0,0,0,0,0,1.0,0
Business,308.31989800513054,10.981119331626012,383,71.7439106644424,216.91015148896847,1,0,1,1,1,0,0,0,0,0,3.1934388004992833,0
Pleasure,377.77276412307054,13.956362692415249,184,44.775998908579666,55.82917493431535,1,1,0,0,1,0,0,1,0,0,2.791413425358891,0
Business,65.75194609969549,12.558677906868487,149,74.21151853105393,85.79040740237207,1,1,1,1,1,1,1,1,1,0,1.9552941518346323,0
Business,227.92754977759515,8.603873030514848,217,102.58043453061163,140.173035336106,1,1,1,1,1,1,1,1,2,2,4.59875897969286,1
Pleasure,311.15844381097577,0.784408201129434,75,15.891342076842491,55.88014801444895,1,1,1,1,1,1,1,1,0,0,6.074189273107803,1
Pleasure,323.80858681843534,18.460351587738476,209,104.39100545241374,110.16660869014672,1,1,1,1,1,1,1,1,1,2,6.029938677888207,0
Pleasure,251.30299576700529,17.112493305996175,253,36.57873411566028,72.95364370659051,1,0,1,1,1,1,1,1,0,0,7.810051714848878,1
Business,338.59033150756414,15.793244732791166,429,60.65545935115928,62.435399273881295,1,1,1,1,0,1,1,1,0,0,1.0,0
Pleasure,303.08190333559963,18.38494524692622,114,73.0117597444965,62.17168225098842,1,1,1,1,1,1,1,1,0,1,5.278679936890119,0
Pleasure,117.22379418910644,2.708447425695688,180,28.028367226049465,229.51552964916007,1,1,1,1,1,1,1,1,6,2,6.307125157262343,1
Business,134.90978315462604,10.494407402924894,41,57.77742588077738,99.81882531586841,0,1,1,1,0,0,0,1,0,0,2.3821850776785114,0
Pleasure,137.23729072273272,13.164388964130405,468,54.42649652521182,177.07552463946618,1,1,1,1,1,1,1,1,2,1,8.131918317276003,1
Pleasure,190.11594414631094,9.001988553326639,481,77.40867999518652,211.4801629428668,1,1,1,1,1,1,1,1,0,0,9.317431528272854,1
Business,274.482876622107,6.770611927281536,210,118.2763501167619,88.49305898807059,1,1,1,1,1,0,0,0,0,0,5.595253160581206,0
Business,214.08150980969194,14.960145591939773,487,32.62971772950945,212.67205541895527,1,1,1,1,1,1,1,1,5,0,1.1961104722373794,0
Pleasure,262.23056262495203,16.967285424370427,289,89.97067689990814,181.51779553428443,1,1,1,1,1,1,1,1,0,0,7.199554328443082,0
Business,123.4481736766067,10.146550578873883,153,78.81626785314266,163.8543690076175,1,1,1,1,1,1,1,1,3,1,3.536675289196846,0
Pleasure,142.27556045800665,12.06999467762811,223,31.02643354911726,51.36871118510154,1,1,1,1,1,1,1,1,1,2,7.969442106006429,1
Pleasure,432.7788648106803,6.680058382202052,90,40.37781079808383,236.56531112298927,1,1,1,1,1,1,1,1,1,3,1.4093056324831266,0
Pleasure,264.7434468071278,17.240672290577855,316,45.01732209589559,20.712599883977294,1,1,0,1,0,1,1,1,0,0,6.2454585773335065,1
Pleasure,174.28130370939024,11.339245664302652,176,63.879177758448996,53.92800810855621,1,0,1,0,1,0,1,0,0,0,6.21575835090642,1
Pleasure,486.92221129797645,4.713048172026218,104,58.76792391804238,163.28529386413726,1,1,1,1,1,1,1,1,2,5,1.0,0
Pleasure,442.8953735390357,18.557943158368932,142,115.07764520154414,24.959349931544843,1,1,1,1,1,1,1,1,1,2,1.157960985894605,0
Business,476.9988401084255,14.235525939798361,316,25.429939212593407,102.85597531910206,1,1,1,0,0,1,0,1,0,0,1.0,0
Business,387.5297180639296,8.302219141848699,361,16.52676941809949,20.76443742457163,1,1,1,1,0,1,0,1,0,0,3.2389752357068216,0
Business,421.7420737647397,19.83495898614546,452,36.662449165751106,213.30079272372902,0,1,1,0,1,1,0,0,0,0,1.0,0
Business,244.90949581912108,18.682178336291766,354,61.58636147846401,119.03947564773519,1,1,1,1,1,1,0,1,0,0,1.0,0
Pleasure,74.44165671457739,7.701974893105921,361,24.690587046127224,150.1790083352044,1,0,1,0,0,1,1,1,0,0,6.182815373251247,0
Business,129.66929014599614,9.551342093220665,61,47.21896961405464,169.83528212138026,1,1,1,1,1,1,1,1,7,1,4.830285168094486,0
Business,132.6246569780943,19.273650181137757,271,18.63381212472928,76.1801379946866,1,1,1,1,1,1,1,1,2,2,1.0,0
Business,261.44513172630286,6.403591339395693,254,68.99227642367693,57.34676469135987,1,1,1,1,0,0,0,1,0,0,4.628366433695298,0
Business,305.1863573747879,18.280489466952034,406,118.17003533534019,103.62033956634657,1,1,1,1,1,1,1,1,2,0,1.0,0
Pleasure,168.52516843911033,11.815809031879196,393,70.93580322182099,200.73551559270115,1,0,1,1,0,1,1,1,0,0,8.08908925384806,1
Business,69.53494034663125,0.05946754879628813,394,118.83772261975595,217.65347378890948,1,1,1,1,1,1,1,1,8,1,10.0,1
Pleasure,266.9385784110697,0.9185565860910372,134,17.801070730559967,218.63279078493957,1,1,1,1,1,1,1,1,2,5,7.326511371931991,1
Pleasure,442.68043367456227,0.47184233007255605,389,15.528481406585266,114.97599819226127,1,1,1,1,1,1,1,1,1,6,3.70227229899152,0
Pleasure,237.71317609584997,0.5844313710248494,254,118.2071800947716,74.40621611962798,1,1,1,1,1,1,1,1,4,4,9.448325222935582,1
Pleasure,94.83756330360693,8.180299454558732,414,113.13885557719719,190.24622663885305,1,0,1,1,1,1,1,1,0,0,7.766633276620182,1
Business,385.1727862462714,7.727274356034055,239,56.942666897644095,105.35843906696826,1,1,1,1,1,1,1,1,2,0,4.171615879997415,0
Business,161.14663127759053,11.194354840978388,234,88.91197113492191,224.3794712651534,1,1,1,1,1,1,1,1,1,0,3.7631622337895303,1
Business,281.3903691598698,17.205721471242704,476,79.0192623383142,226.987539884256,1,1,1,1,1,1,1,1,3,0,1.0,0
Pleasure,263.62228646434534,5.254784505609451,201,48.317106859523435,146.54584822189275,1,1,1,1,1,1,1,1,1,0,6.405189100135191,1
Business,104.09372511749865,19.391380286620812,405,49.0733272452811,112.75954957174281,1,1,1,1,1,1,1,1,3,2,1.0,0
Pleasure,269.5137853066619,2.0969717482495787,75,76.1110828192316,10.997820205916506,1,1,1,1,1,1,1,1,2,0,7.84991641032772,1
Business,161.18077670704338,4.980784062547929,494,92.10883253004081,51.00598422438359,1,1,1,1,1,1,1,1,3,1,6.275207438167075,0
Pleasure,224.44871937112796,18.525630305100353,195,32.06006777997953,123.59863102058624,1,0,0,0,0,1,1,0,0,0,5.736060745456483,1
Business,369.9362082503579,17.674598901289254,9,54.97356651244094,8.366723697925528,1,1,1,1,1,1,1,1,4,1,1.0,0
Business,423.14866445831194,4.0949954003155415,485,29.099552589596403,148.96867308642203,1,1,1,1,1,1,1,1,3,3,8.372803442200139,1
Pleasure,320.20864352708645,17.819986229405963,308,19.3727291376903,39.9329434001189,1,0,0,1,0,1,1,0,0,0,4.988721875173016,1
Business,418.7003509455205,10.3970947950953,1,82.02462463368539,6.23573709614384,1,1,1,0,1,0,0,1,0,0,3.9408602068002416,0
Business,382.01867199658466,8.144639523335028,134,73.02098488265861,210.7631543906392,1,1,1,1,0,1,0,1,0,0,3.6789739215159303,0
Business,63.7948274835657,10.6386199788295,322,96.6271366891452,6.842676304602514,1,1,1,1,1,1,0,1,0,0,4.025319978981235,0
Pleasure,346.727976842145,15.059302819967197,338,110.56177140780724,11.210892624237962,1,0,1,1,1,1,1,0,0,0,6.276850662398231,1
Pleasure,91.7932549710022,9.524767251664887,149,103.1435239006641,154.22864321112115,1,1,1,1,1,1,1,1,0,2,6.445104430250029,0
Pleasure,266.0445374456425,10.356031611634727,147,51.86557327028867,12.543538306140134,1,1,1,1,1,1,1,1,2,2,6.4881063661766065,1
Pleasure,431.0232198266634,11.356177463369143,347,19.348222054298844,65.48189190687928,1,1,1,1,1,1,1,1,2,1,3.4735283320803587,0
Business,499.90602520713037,17.203972344977455,358,17.546793464083642,91.1258050676958,1,1,1,1,1,1,1,1,2,0,1.0,0
Business,468.87450944045247,15.803160790432994,462,75.53030921057913,133.42987362358642,1,1,1,1,1,1,1,1,6,0,1.3496261600563169,0
Business,201.65021874733205,17.917900600179937,39,88.75172108906592,196.64269882202694,1,1,1,1,1,1,0,1,0,0,1.0,0
Business,331.9062736951567,18.29072314135685,232,77.65281329339359,199.8511990204154,1,1,1,1,1,1,1,1,7,0,1.0,0
Business,119.41673983535429,12.958154241462108,274,99.5359858481063,221.24755297143048,1,1,1,1,0,1,0,1,0,0,1.7350048280910362,0
Pleasure,490.61905070716153,11.712030493292787,216,21.033873286224235,213.9147622351607,1,1,1,1,1,1,1,1,2,4,1.0398444801742168,0
Business,408.5422639630795,8.236710928002061,73,115.63449591853343,215.66238588119583,1,1,1,1,1,1,1,1,3,0,4.201165734181525,1
Business,62.68973417005327,2.4981096647266865,85,42.82398121009598,197.4544052638378,1,1,1,1,1,1,1,1,1,0,7.077191779214594,0
Business,319.38526597075116,13.026181310692051,305,45.537445443961104,191.58586742204207,1,1,1,1,1,1,1,1,0,0,2.311774249822266,0
Business,84.02559804028665,13.420011118865627,407,108.23871092243674,70.24523433090025,1,1,1,1,1,1,1,1,4,0,4.604958855069197,0
Business,279.2007558794463,2.250344248007028,114,59.54626066333285,158.02625773566547,1,1,1,1,1,1,1,1,3,3,7.683699106239203,1
Business,470.08529780985805,19.096548670144657,491,83.54561613265206,72.0741198703525,1,1,1,1,0,1,1,1,0,0,1.0,0
Business,88.64572138534496,5.69131189500226,265,103.14334159741342,30.039008819535102,1,1,1,1,1,1,1,1,5,2,7.0037567466276975,0
Business,320.0354222899351,7.673514132744009,232,20.576739400664927,227.61585626826684,1,1,1,1,1,1,1,1,6,1,5.172442609289922,1
Pleasure,159.48990345857987,0.18236584803357436,26,92.8340584935123,81.2006076370801,1,1,1,1,1,1,1,1,1,3,7.091591918318412,1
Pleasure,82.31113781217562,13.016465249538445,439,93.74495968373006,172.46955894781385,1,1,1,1,1,1,1,1,3,3,8.747017152921174,1
Pleasure,115.11995241953272,1.8847547565185918,96,54.057340774466724,184.43756143804413,1,1,1,1,0,1,1,0,0,0,6.121903934139439,1
Business,143.5549598701289,14.55531121100355,23,87.80459108167611,233.81203855204862,1,1,1,1,1,1,1,1,0,1,1.0,0
Business,349.21849382595417,16.572894673203567,76,64.33540769719073,171.38623789001403,1,1,1,1,1,1,1,1,2,2,1.0,0
Business,189.05571525778865,5.08171318513174,141,62.01201011293882,57.4813041087824,1,1,1,1,1,1,1,1,7,2,9.162383363433761,0
Business,327.4431635205104,6.190245807541832,286,88.96738179670503,203.6952356268716,1,1,1,1,1,1,1,1,3,3,4.640811442231535,1
Pleasure,292.01603103530704,2.4371857762176763,59,53.145958016664544,20.894365925457237,1,1,1,1,1,1,1,1,2,4,7.540167626246878,1
Pleasure,469.52817475670685,11.195747246940398,344,38.69224808408789,147.54263197290211,1,1,1,1,1,1,1,1,0,1,1.796127445790843,0
Business,459.28637151345094,17.851402605641507,417,21.482225896907945,136.08478858546522,1,1,1,1,1,1,1,1,0,0,1.0,0
Business,272.8294000910753,16.005009330408512,432,96.29792641040744,173.91541488478285,1,1,1,1,0,0,0,1,0,0,1.0,0
Business,259.9109535223077,2.345280295436434,233,44.122709259185044,10.353320113955673,1,1,1,1,1,1,1,1,5,0,9.16144063888941,1
Business,305.2879658731324,8.865293303896337,449,76.44150397693879,72.9250857583175,1,1,1,1,1,1,1,1,0,1,4.279590912181999,0
Pleasure,215.99612224752354,5.55470717527025,184,56.359511560883774,237.84754556197623,1,1,1,1,1,1,1,1,6,3,8.587452532713277,1
Business,333.4050124919462,5.351884113699219,430,65.84801998308755,47.367947412225035,1,1,1,0,0,1,0,1,0,0,3.9324132810657764,1
Business,283.32880799513697,13.025252735909664,387,116.03094444253004,62.191886739514906,1,1,1,1,1,1,1,1,5,3,4.223311315888776,0
Business,255.47326069997692,8.623970100776075,429,40.49428419638983,119.7058328708638,1,1,1,1,1,1,1,1,0,1,4.25438368522863,0
Business,407.7537119352336,0.5970069843185999,353,114.96074680941778,160.45329924377054,1,1,1,1,1,1,0,1,0,0,8.311810505793447,1
Business,189.54858939678238,14.784979948372074,324,94.79514439069236,8.515243311717525,1,1,1,1,1,1,1,1,3,1,2.1373841701800855,0
Pleasure,495.80699414979506,16.462280806998947,241,65.40096021087874,201.51844443343822,1,1,1,0,0,1,1,1,0,0,1.0,0
Business,257.00169564602373,16.956285771222642,275,43.33947089326855,226.47447816962708,1,1,1,1,1,1,1,1,1,0,1.0,0
Pleasure,438.15016224969054,6.690367427541708,351,83.46772484942801,99.13242353449657,1,1,1,1,1,1,1,1,0,1,3.628046270120371,0
Business,210.4966054569321,14.259592889927543,371,95.83666004831653,162.871841753517,1,1,1,1,1,1,1,1,0,0,1.0,0
Pleasure,268.7085395939918,15.837134614395884,491,119.85983977897055,192.9720306434707,1,1,1,0,0,1,1,1,0,0,10.0,1
Business,370.55977624547813,18.156466668383125,392,26.719789526904336,184.87554286597063,0,1,1,1,0,1,0,1,0,0,1.0,0
Pleasure,413.3632303566052,11.787342021236157,292,113.31253147758808,199.20622085320878,1,0,0,1,0,1,1,0,0,0,3.9834155063661223,0
Business,236.17934765091894,9.361559799044786,86,28.01528277209778,121.15924123228336,1,1,1,1,1,1,1,1,4,2,4.607532127451237,0
Business,330.2344647909859,0.9562717648964725,59,90.51899954292665,186.99325881032624,1,1,1,1,1,1,1,1,4,1,8.331368182359924,1
Business,461.54246694820785,4.0552664680955814,51,98.18294742300208,76.16133851606995,1,1,1,1,1,1,1,1,3,2,7.770356008067294,1
Business,425.14098010563544,10.09953323512233,251,58.192374589499366,228.90251298468786,1,1,1,1,1,1,1,1,6,0,3.803775404728134,0
Business,418.24560961894605,8.677194755839546,450,32.764844847955764,33.45156977505516,1,1,1,1,1,1,1,1,7,1,5.449313610039549,0
Pleasure,125.47824348608926,10.45560921472769,157,37.994233724402655,67.17078808811888,1,1,0,1,1,1,1,1,0,0,6.09386897129143,0
Pleasure,243.08658140689604,1.3453713360553166,343,39.315644856660946,43.43506123532338,1,1,1,1,1,1,1,1,4,5,9.60050447140379,1
Business,132.76790234634987,17.291663037816242,311,116.29073520911926,41.05040917582237,1,1,1,1,1,1,1,1,6,1,1.4987843817332227,0
Business,304.82004718895143,9.67006824171975,365,30.342086100263064,127.75239497814665,1,1,1,1,0,0,0,0,0,0,3.3281426641714216,1
Business,490.8975328767089,5.431354022214602,68,23.68710308918487,168.86609985886136,1,1,1,1,1,1,1,1,6,1,5.8213518175427,0
Pleasure,237.5513840547404,10.424962886792109,135,76.57533263017687,113.65559816100063,1,0,1,1,1,1,1,1,0,0,7.437352645241519,0
Business,358.5608338289235,6.783417925094719,365,117.27637198258041,127.50844744386643,1,1,1,1,1,1,1,1,0,0,6.0041872691392655,0
Business,484.8723936776015,5.526547027241675,79,86.67367282022953,42.51931838972426,1,1,1,1,1,1,1,1,7,2,8.342555702294007,1
Business,284.4854293831658,12.031034588447955,319,40.626607522144994,23.157889277251638,1,1,1,1,1,1,1,1,2,0,2.708465130304833,0
Business,206.22376649781538,13.149414230767904,493,19.023769235168704,158.2390598062589,1,1,1,1,1,1,1,1,0,0,3.2379895301815855,0
Business,120.56645890423327,13.877861377014497,224,67.47527911026397,80.88038227554843,1,1,1,1,1,1,1,1,2,3,2.700776183910301,0
Pleasure,479.7862414632636,1.5156758766317213,468,22.159998881594685,13.968725077975757,1,0,1,1,1,1,1,0,0,0,3.1628521510424448,0
Pleasure,455.163860911978,5.362921796924689,64,61.87175357974788,117.66838927253055,1,1,1,1,1,1,1,1,1,0,1.0,0
Business,294.73577179515615,14.165517953168646,360,71.57462041037225,54.98558159665465,1,1,1,1,0,0,0,1,0,0,1.0859519846876724,0
Business,331.40027897580563,9.841600063982078,115,40.13555981636087,61.689274636737494,1,1,1,1,1,1,1,1,2,0,3.551249469780016,0
Business,286.24960289807706,5.3702324636716,212,68.73446163887742,20.409278688458194,1,1,1,1,1,1,1,1,8,0,7.366374905102522,1
Pleasure,72.33090928926953,1.0191211016476975,283,58.88202462537926,9.868144660937054,1,0,1,1,1,1,1,1,0,0,7.9422373365161985,1
Business,169.14662946484333,18.212668976388827,370,68.45236518150874,229.5524210030874,1,1,1,1,1,1,1,1,5,2,1.308823346736245,0
Pleasure,87.78151588423982,2.421118004122005,417,105.15527288671515,168.2702083897498,1,0,0,1,1,1,1,1,0,0,10.0,1
Business,413.52668257861404,16.75853897595354,61,67.75699248630426,165.53974355154824,1,1,1,0,0,0,1,0,0,0,1.0,0
Business,91.51986408241626,17.439767298674823,395,62.24811885528071,108.24355105130228,1,1,1,1,1,1,1,1,5,2,2.0897931170001343,0
Business,286.4487339985977,11.171778328056101,437,66.56534413846592,207.11600271335388,1,1,1,1,0,0,1,1,0,0,2.0516653473975954,0
Business,334.58517354740985,18.67401465672859,64,105.05773478304839,192.48905991653766,1,1,1,1,1,1,1,1,3,1,1.0,0
Pleasure,285.82336090981477,15.703031789492101,131,105.10045386401293,59.40281327026297,1,1,1,1,1,1,1,1,2,5,5.982785606666287,0
Pleasure,75.12391989897758,17.28839267977365,418,108.35270062132331,41.09533193454456,0,0,1,0,1,1,0,1,0,0,6.911843436099246,1
Business,202.58607481067557,1.20037210300173,267,35.68222552369075,63.256815944199694,1,1,1,1,1,0,0,1,0,0,6.638622158517448,0
Business,140.1531996022654,5.054556481427728,59,41.002963522564805,111.45337360845879,1,1,1,1,1,1,1,1,5,2,6.269003229638548,0
Pleasure,111.68160930479925,6.044866172072254,5,41.48033582077168,206.9398687221721,1,0,1,1,1,1,1,1,0,0,5.31976518121322,0
Pleasure,189.21028152697218,2.238268055331789,392,100.3752462397441,84.37760100541524,1,1,1,1,1,1,1,1,1,0,8.759967629830175,1
Pleasure,82.60030882620329,5.813506130030706,111,85.37941158602887,88.24155474387601,1,0,0,1,1,1,1,1,0,0,6.598810163079604,1
Business,272.0574810963621,5.2058131121426365,55,68.52980205888517,214.02071598940566,1,1,1,1,0,1,0,1,0,0,4.5462526004330694,0
Business,396.05703611023534,5.6219002057698875,267,48.855686655313754,93.41522048073419,1,1,1,1,1,1,1,1,2,0,5.397922338924497,0
Pleasure,152.05712011477252,12.594137543225505,353,75.41836067303102,153.42361728507913,1,1,1,1,1,1,1,1,3,4,8.39331115105411,1
Pleasure,453.1806146130577,18.41029919192688,462,93.33129853487335,72.19303010457386,1,1,1,1,1,1,1,1,1,2,2.0809619185633386,0
Business,92.9964854712467,10.805574728510695,49,84.28073350447029,132.55398369142256,1,1,1,1,1,1,0,1,0,0,1.3980161501100314,0
Business,312.14959603540717,1.6047963825989142,359,70.92578882084949,54.86101456725728,1,1,1,1,1,1,1,1,2,0,8.303675311450382,1
Business,465.328804216223,4.53700745008256,343,95.18892099524521,33.52103424213423,1,1,1,1,1,1,1,1,0,0,5.28739805868197,1
Business,388.8272086176248,12.765720783265904,0,22.803025649661762,159.13010368629546,1,1,1,1,1,1,1,1,5,1,3.420543040075706,0
Pleasure,212.81342256058946,7.303670045029014,140,85.10510456948661,95.93972607757647,1,1,1,1,1,1,0,1,0,0,7.6174550993433225,1
Pleasure,473.1513684407267,9.384028589565684,376,36.601575297081226,112.75439340104661,1,1,1,1,1,1,1,1,0,3,1.0,0
Pleasure,387.3992648756703,18.819652279106226,271,101.21453576363427,144.95523901289087,1,1,1,1,1,1,1,1,1,2,3.7923812849503107,0
Business,462.5456491829433,4.547790086845334,68,60.126377049563104,124.10579929159925,1,1,1,1,1,1,1,1,3,1,7.7354388596736,1
Pleasure,382.08589338109937,3.2941776480764418,277,54.98099798986319,18.648198695067748,1,1,1,1,1,1,1,1,2,2,5.826423438461972,0
Business,407.7652567565729,10.505961425644374,156,77.68551585821199,69.67078687750156,1,1,1,1,1,1,1,1,3,3,4.5277385896725715,0
Business,387.66895462436497,18.806894794478804,22,107.06445671420092,223.79588228278993,1,1,1,1,1,1,1,1,2,0,1.0,0
Pleasure,265.42526724033854,0.7256496953243863,113,25.789914320706824,135.44056913321583,1,1,1,1,1,1,0,1,0,0,7.531780216525112,1
Pleasure,474.93160994088413,2.302463649706934,342,84.71831288621331,155.556798686675,1,1,1,1,1,1,1,1,2,4,3.246253767645947,0
Business,340.32766697107706,9.553540370721914,241,45.57317155579552,94.70154136826021,1,1,1,1,1,1,1,1,6,2,3.8844512377921148,0
Business,144.43687510838808,2.2773095037998337,243,48.50585908887262,171.37196799311425,1,1,1,1,1,1,1,1,6,3,8.526080865938596,0
Business,173.08449568433895,7.325379278715323,391,59.486742089223,135.4307957290192,1,1,1,1,1,1,1,1,3,0,5.559676004504774,1
Business,299.252779368468,5.196839868108595,417,24.385787951666412,232.1650689971542,1,1,1,1,1,1,1,1,8,0,6.872481376784425,0
Business,248.4916870242468,2.0163619110590325,239,70.03901674841285,232.47130823536864,1,1,1,1,1,1,1,1,3,0,7.636737791640606,1
Pleasure,442.61989158233064,11.490111770809253,162,90.55862725485844,27.994380776128622,1,1,0,1,1,1,0,1,0,0,2.5672473476526485,0
Business,189.8148479335291,16.837284256849596,348,57.27575443270886,75.58019071803386,1,1,1,1,0,0,0,0,0,0,1.0,0
Pleasure,259.6608205437222,8.257916436239539,269,29.8322040856716,57.61200409413885,1,1,1,1,1,1,1,1,3,4,8.2946358894004,1
Pleasure,471.04414284661505,10.227913893307363,227,79.49988683575046,42.71540021816264,1,1,1,1,1,1,1,1,3,1,2.316748654186812,0
Pleasure,120.44949870583373,17.541917839845496,13,38.244709499344495,226.7575191182808,1,1,1,1,1,1,1,1,3,4,3.6924139168657044,0
Business,251.52217155761082,17.37229935204637,47,107.12477791944316,195.72711935226593,1,1,1,1,1,1,1,1,2,0,1.0,0
Pleasure,173.87055054871212,19.728960740712576,459,56.691126379029484,15.47135643594323,1,1,1,1,1,1,1,1,3,4,7.2115796823889715,1
Business,427.90395040571195,16.716806241963624,269,80.01985149915475,159.34585030715553,1,1,1,1,0,0,0,0,0,0,1.0,1
Business,434.9040260798751,15.418650361134475,323,114.07061608206065,137.57105845573378,1,1,0,1,0,0,0,1,0,0,1.0,0
Business,492.02741764997916,0.4251189970443847,340,18.242317628791977,211.0515146312492,1,1,1,1,1,1,1,1,7,2,10.0,1
Pleasure,62.553549177456375,8.862496224961259,172,72.2550387141203,118.16125357510397,1,1,1,1,1,1,1,1,3,4,5.429783166899725,1
Business,353.3154316187881,15.287093186615511,293,110.04302514606961,36.89213173466664,1,1,1,1,1,1,1,1,7,0,2.6522531637692532,0
Pleasure,450.5929745763867,8.681610462285043,426,52.77735893529673,220.7686954113858,1,1,1,1,1,1,1,1,1,2,2.5422586644732825,0
Pleasure,298.7283655412265,4.444320815477343,77,27.458529054891713,81.75806183235251,1,1,1,1,1,1,1,1,0,0,5.45085543114426,1
Pleasure,413.7233651487762,6.9533993660568445,20,82.05987366209514,219.72448958324858,1,1,1,1,1,1,1,1,3,3,2.8397311940381305,0
Business,482.5123737113456,7.240992844280829,107,86.4160247623641,13.340936255061305,1,1,1,1,1,1,1,1,2,1,5.2270762985899335,0
Business,195.53787711062355,11.134453872967045,481,56.59836785571002,141.66500501385286,1,1,1,1,1,1,1,1,5,1,4.312264940454247,0
Business,377.767833473633,11.037497085677913,132,27.30709765018676,224.02099434198817,1,1,0,1,0,1,0,1,0,0,1.8449530583279539,0
Business,194.29710716238506,10.369449571132632,412,25.087548094470176,112.42620889722795,1,1,1,1,1,1,1,1,7,1,4.5778872679499605,1
Business,137.46484505035144,11.477608764131563,463,118.14181169761865,161.47570980339628,1,1,1,0,1,0,0,0,0,0,1.0,0
Business,440.9089006887791,3.4268722453672584,299,69.03531730504297,61.63397889918595,1,1,1,1,1,1,1,1,5,2,7.910231090869322,1
Pleasure,75.02143295860046,8.99754015255356,196,34.81562227601235,214.59320037857762,1,1,1,1,1,1,1,1,0,1,5.325468254549071,0
Pleasure,233.85517445262525,0.17326840884263506,351,80.36085625271673,194.10935888828908,1,1,1,1,1,1,1,1,2,7,9.95869594061571,1
Pleasure,357.3996561111211,0.13221992786319303,301,67.08688238830034,72.56600880003151,1,1,1,1,1,1,1,1,2,0,7.341153420681796,1
Pleasure,202.19725690020158,11.443300679015426,115,19.294738117609846,89.76717111264269,1,0,1,0,0,0,1,1,0,0,5.177756724396653,0
Business,72.64468974833349,9.17581843385741,44,61.98127654541442,79.3093929569398,1,1,1,1,1,1,1,1,8,0,7.298057197270127,1
Pleasure,136.40924826732498,13.631820073586168,462,38.19281786199805,178.29144461287996,1,1,1,1,1,1,1,1,3,1,9.602042072743684,1
Pleasure,68.3683583324066,17.729654052416965,341,71.01079840365917,35.0652545010264,1,1,1,1,1,1,1,1,2,5,6.470915503084689,1
Pleasure,462.96030739967534,0.6657574230595786,135,84.23063891631593,58.89600619338406,1,1,1,1,1,1,1,1,2,5,2.5281851108970996,0
Business,471.1929906670461,11.621772331264538,290,109.82101530780672,65.61669951732316,1,1,1,1,1,1,0,1,0,0,2.202783694352779,0
Business,140.42871594520668,14.186627972055096,74,96.49019717987011,208.91685042818162,1,1,1,1,1,1,1,1,5,1,2.630535426239568,0
Pleasure,352.650026884714,10.88855972284136,412,46.858121473403955,178.7913993317581,1,1,1,1,0,1,0,1,0,0,5.217347738531262,0
Business,370.39495961040046,9.41500988817202,482,112.54625648371864,99.04193426556418,1,1,1,1,1,1,1,1,2,1,5.6342678553664705,0
Pleasure,463.2987076510099,17.637025078234014,330,82.2462597782728,18.94272074092065,1,1,1,1,1,1,1,1,0,1,1.9721127074430553,0
Pleasure,403.917286829721,9.583188033414963,381,47.1275704755121,115.31389486434117,1,1,1,1,1,1,1,1,1,3,3.452002292984088,0
Business,241.38316723133033,0.8174895552114947,164,91.0777718006669,234.28361001450946,1,1,1,1,1,1,1,1,1,0,7.601856615279158,1
Business,468.6779214632986,11.850401634675727,5,36.20853005290906,187.9309841279006,1,1,1,1,1,1,1,1,0,0,1.08555053907746,0
Business,268.5936871655315,13.992432935694927,217,113.2085775148027,46.81014778879723,1,0,1,0,1,1,0,1,0,0,1.604625070784977,0
Business,270.9934468273451,9.69420030032136,375,42.07456629359396,22.311729244051214,1,1,1,1,1,1,1,1,2,1,4.289925980676962,0
Pleasure,353.75735674016363,0.7434137849624722,329,112.38762289405547,51.76959597285507,1,1,1,1,1,1,1,1,1,0,8.857223799497476,1
Business,400.6013074549196,9.167736977599368,256,108.08349316412958,126.53279650185132,1,1,1,1,1,1,1,1,7,1,5.00916601739492,0
Pleasure,290.0266230167244,18.322943478238148,202,15.981479434107225,36.64198723615735,1,1,1,1,1,1,1,1,2,1,4.5884995992619935,0
Pleasure,183.03762955147877,18.278460454669336,338,107.98221380256028,187.31368467936147,1,1,1,1,1,1,1,1,0,0,9.066969626651465,1
Business,204.04050216451304,9.310412733528393,399,106.7641012487339,169.93530560598768,1,1,1,1,1,1,1,1,3,1,4.842054852595019,0
Pleasure,446.8267710296632,14.094802967339016,450,37.20247706475498,142.11525660643895,1,1,0,1,1,0,0,0,0,0,2.8683217692998006,0
Pleasure,210.89210626993145,14.416984458307333,229,96.53489132998907,77.04170041224798,1,1,1,1,1,1,1,1,1,3,6.4888889226386395,0
Pleasure,114.78938184438704,18.007921780405894,137,103.80726532736247,199.56312741348927,1,1,1,1,1,1,1,1,0,1,5.214030540094768,0
Business,260.97554195303394,8.861844647888189,314,67.2348837241396,149.10946196079928,1,1,1,1,1,1,1,1,4,0,4.423325928182088,1
Pleasure,409.02254000044337,14.085346671706878,86,88.79906315700552,143.12048180242604,1,0,1,1,1,1,1,1,0,0,3.3257611495721053,0
Pleasure,305.60836988063306,13.78450672132459,469,109.42358117325438,236.8575256030033,1,1,0,0,0,0,0,1,0,0,6.4522691417146945,1
Business,61.801660411675755,7.886998368614895,404,76.55624503169734,118.44834435065225,1,1,1,1,1,1,1,1,7,1,6.88576407934597,1
Business,155.914946873506,7.366153808629601,168,28.311793107874497,180.52498628838038,1,1,1,1,1,1,1,1,1,1,3.976511453161806,0
Pleasure,432.70341082391496,11.35328359535633,208,42.23273798344801,158.6133030782967,1,1,1,1,1,1,1,1,0,2,2.0990301910902716,0
Pleasure,204.33182693410748,17.49661058491492,290,69.77677347094682,234.39597209837618,0,1,1,1,1,1,0,1,0,0,5.196541823098433,0
Business,318.23557746292056,3.055263286325305,404,40.041753675808245,134.19319456315682,1,1,1,1,0,1,0,1,0,0,6.700553725015118,1
Business,164.27378400464207,14.915683840267636,25,57.33978461872412,135.90527250290253,1,1,1,1,1,1,1,1,5,1,1.5985117049856419,0
Pleasure,114.70300234131805,6.642005841627478,147,24.22919935722537,130.0629407785258,1,1,1,1,1,1,1,1,2,1,6.940091361175197,1
Business,374.4008554440663,12.463499835220466,112,21.54262277896276,203.84631394839738,0,1,1,1,1,1,1,1,0,0,1.6485210369922862,0
Business,499.0843322048252,14.563950269713873,487,26.5473131459279,139.72343443029683,1,1,1,1,1,1,1,1,2,1,1.0,0
Business,133.54511771962976,8.065324402582771,30,116.9712212081669,30.863160447586132,1,1,1,1,0,1,0,1,0,0,3.610852429736345,0
Business,132.68432111968474,18.804635184210902,1,87.28855630246066,147.3348231469078,1,1,1,1,1,1,1,1,2,0,1.0,0
Pleasure,498.28395254887005,14.268449347450211,425,79.4962390793094,90.14449169371206,1,1,1,1,1,1,1,1,4,1,1.9727704085789337,0
Pleasure,305.932843743144,9.784286270311679,256,45.3873633204671,133.32690123146295,1,1,1,1,1,1,1,1,0,0,7.496499331307631,0
Pleasure,161.3988400453315,15.520091946211679,103,97.6489042351348,54.743218730672844,1,1,1,1,1,1,1,1,4,0,5.829592761626006,0
Business,287.9689673218271,4.758508535876169,295,118.00663411337108,214.00856336290835,1,1,1,1,1,1,1,1,7,1,8.662453607199472,1
Business,65.09482663682408,1.0143705389153768,219,76.33513584291372,172.4678650525505,1,1,1,1,1,1,1,1,4,4,8.986590697152534,1
Business,187.19261015529736,9.109035537113066,111,78.83578096963124,192.10455373456608,1,1,1,1,1,1,1,1,2,1,3.7479921277801225,0
Business,163.63215293588104,17.803354246285664,338,79.92484677942544,136.1994084042201,1,1,1,1,1,1,1,1,4,1,1.2581617923951027,0
Business,353.516516331819,10.295452710061621,28,110.02772284781108,78.73857249820861,1,1,1,1,1,1,1,1,2,0,3.4993287423258685,0
Pleasure,487.9882741686731,9.969660721951835,148,71.65020538797717,42.846927293244825,1,1,1,1,1,1,1,1,1,3,1.0,0
Business,174.53220583442072,6.782531898403061,146,33.71676484788935,32.05931025820694,1,1,1,1,1,1,1,1,1,0,4.505180621543658,1
Business,245.7090441591078,2.7207505646786823,267,84.5542292304259,192.2731543078232,1,1,1,1,1,1,1,1,6,1,8.141842931345908,1
Pleasure,241.783224654422,14.485034866183664,287,64.21709401610485,71.38999562210168,1,0,1,1,0,1,0,0,0,0,7.361246367650477,1
Business,175.10377235124267,16.166170669110148,227,17.300026067843717,232.20613859934576,1,1,1,1,1,1,1,1,1,0,1.0,0
Pleasure,200.55209241269043,11.630071331934815,7,35.07098362367621,210.5298635509717,1,1,1,1,1,1,1,1,0,0,6.93274333113044,0
Pleasure,228.29838068855952,14.714716646813491,343,93.27472470864998,183.39812899080155,1,0,0,0,0,1,1,0,0,0,8.802743381870757,1
Business,450.54150496701334,10.221975590481016,453,58.105531873653426,215.43261544743518,1,1,1,1,1,1,0,1,0,0,4.025710108039398,0
Business,167.1390695041763,1.3220146113245201,439,52.57369003968534,190.81370131829198,1,1,1,1,1,1,1,1,4,1,9.057107259054538,1
Pleasure,276.5113785148287,12.71038285282906,10,119.51174635253683,125.66437417010121,1,1,1,1,1,1,1,1,2,3,6.301927705891712,1
Business,224.4810376391986,8.06331939928693,382,117.3445472076051,38.6573606732271,1,1,1,1,0,1,0,1,0,0,5.0886787751339,0
Business,76.65139273084026,2.4320464198354497,268,15.659150154553991,74.82425635702769,1,1,1,1,1,1,1,1,5,1,7.856547648657835,1
Business,220.33561969566148,0.5157555650247603,475,78.25332906311684,64.79987372940504,1,1,1,1,1,1,1,1,0,0,7.684316857501964,1
Business,321.10761331953273,14.922140679628203,57,69.6917321695042,220.19095749354085,1,1,1,1,1,1,1,1,4,2,1.0,0
Business,252.7091508364627,15.695828282198542,11,112.60075970054498,217.8835925590928,0,1,1,1,0,1,0,1,0,0,1.0,0
Business,210.5014596799359,10.720840034826365,361,40.392493183347064,23.094475729847304,1,1,1,1,1,0,0,1,0,0,4.50944992920201,0
Business,198.98571576445468,9.904233862316223,304,16.476773340861026,33.75461468118219,1,1,1,1,1,0,0,1,0,0,3.2704676567374986,0
Business,173.85616417641506,17.809367377545076,241,47.05312467697658,204.5944907073628,1,1,1,1,1,1,1,1,5,2,1.0,0
Business,288.6965795267923,7.668210851628872,385,29.38752378356457,71.02265262572465,1,1,1,1,1,1,1,1,2,0,5.986059489806462,1
Pleasure,277.04139632766265,5.501386824541119,307,64.79354824387923,204.5681854745737,1,1,1,1,1,1,1,1,1,1,8.111835044634226,1
Business,295.9812123217733,17.61705161984679,112,77.34959077816065,19.347265302489262,1,1,1,1,1,1,0,0,0,0,1.177280261162474,0
Pleasure,472.4250504878012,17.11336020181728,482,113.95278124971271,225.45488458523252,1,1,0,0,0,1,1,1,0,0,2.9765111574373884,1
Business,148.01622803143465,14.317531566007728,197,56.42579376393904,148.68978970552251,1,1,1,1,1,1,1,1,3,1,1.0,0
Pleasure,475.8451132254614,13.907071097323412,452,78.33940957976304,149.13440496845453,1,1,1,1,1,1,1,1,1,1,1.2107029902503097,0
Business,324.8971361397739,7.491139288927915,349,103.87584345355917,107.8625800564816,1,1,1,1,1,0,0,1,0,0,4.556635106190149,0
Business,493.0408087497147,5.935739879137046,357,66.60810300882373,95.9251231976221,1,1,1,1,1,1,1,1,5,2,6.074217964876908,1
Business,236.50392772368448,13.137915267593625,33,71.69105169524187,153.91691064099476,1,1,1,1,1,1,1,1,4,1,3.4093110966529623,0
Pleasure,167.09427839496445,1.3610658104154227,166,105.41891504817572,134.80423861257623,1,1,1,1,1,1,1,1,0,0,8.434527352941943,1
Pleasure,268.63607335696787,4.783550234592974,187,109.69943792405834,142.66967597739387,1,1,1,1,1,1,1,1,1,3,7.733835750571293,1
Pleasure,272.8838802328933,17.841367498138947,32,57.49350869162818,95.98171914155682,1,1,1,1,1,1,1,1,2,3,3.877084967666841,1
Business,276.1645999060997,5.330608365439959,107,60.84807482064346,194.58405668849358,1,1,1,1,1,1,1,1,4,3,6.681738527810037,0
Pleasure,138.05001505698223,13.25046097657431,313,25.674805497342756,110.87757065605739,1,1,0,1,1,1,1,0,0,0,7.1699097288678395,1
Business,136.23827810415662,8.42198790822577,475,25.29232969918861,93.29406965833849,1,1,1,1,1,0,1,1,0,0,4.4440158120810445,0
Business,107.63310084827678,3.414070981462418,251,112.86506733170629,215.2674707132221,1,1,1,1,1,1,1,1,3,2,8.058688245771375,1
Business,178.78068908746414,12.057439723713202,51,72.47518515158416,85.09326460006237,1,1,1,1,1,1,1,1,2,1,2.103639915257875,0
Business,486.0919418907095,1.0456408002459239,172,114.08553665526216,127.1358542371365,1,1,1,1,1,1,1,1,5,0,8.037424881495228,1
Pleasure,362.82358513759425,18.732127737322,437,71.73035424929492,26.87285170639966,1,1,1,1,1,1,1,1,3,4,5.489750915623077,1
Business,192.47183543653318,9.557269389707239,85,83.91657583229224,165.68234649236857,1,1,1,1,1,1,1,1,5,2,4.608681846463764,0
Pleasure,151.92928894793954,19.4816564308542,426,87.2511653251231,92.50551643452901,1,1,1,1,1,1,1,1,4,2,8.745222910703273,1
Pleasure,308.8523733787742,1.2680289118040933,27,35.60881781230919,32.55280321745109,1,1,1,1,1,1,1,1,5,2,7.327057289348568,0
Business,388.65047940526404,14.589633742795309,345,35.28185653783603,232.5022121474087,1,1,1,1,1,1,1,1,2,0,1.0,0
Business,267.88352331700077,7.843476795430117,318,16.28985741457712,10.92767023047616,1,1,1,1,1,1,1,1,3,1,5.0012296578222974,1
Pleasure,241.68106410251966,13.225019525429305,209,114.7699446747661,70.07917562981551,1,1,1,1,1,1,1,1,0,2,7.474886749715631,1
Business,248.7547727815052,16.152758653950137,383,19.961154024896953,6.393528811811006,1,1,1,1,1,1,1,1,3,0,1.0,0
Business,382.66944767772,11.624831544116788,52,76.52104744406012,143.47968382799465,0,1,1,1,0,0,0,1,0,0,1.0,0
Pleasure,228.35009288653427,12.386253243563296,205,99.46069993522687,39.11971436423778,1,1,1,1,1,1,1,1,0,0,7.081716344263682,1
Pleasure,279.2933585777178,0.030323725564911364,130,38.50144253218849,63.85178749762296,1,1,1,1,1,1,1,1,1,2,7.055091644999651,1
Business,66.40021011792226,9.065797931258865,473,28.446465885093758,92.81652201449404,1,1,1,1,1,1,1,1,0,0,3.364029133136235,0
Pleasure,390.76013402089086,18.251374171013804,452,54.977525634015,106.61444033587928,1,1,1,0,1,1,1,1,0,0,4.656398501212349,0
Pleasure,186.1543814544289,12.43893430805432,434,115.66936706420097,207.47304519014236,1,1,1,1,1,1,1,1,1,1,10.0,1
Business,205.40024410411462,6.7617973734899595,436,101.98220491507898,128.7094409065627,1,1,1,1,1,1,1,1,3,0,4.568153187249396,0
Pleasure,134.25651653833813,14.915277930791785,104,99.3118621136175,138.51287901872936,1,1,1,1,0,1,1,1,0,0,5.209079959317654,0
Business,91.49969434578985,19.86409642896795,206,39.07972652062973,150.014651343103,1,1,1,1,1,1,1,1,0,0,1.0,0
Business,404.28247112238506,12.679794508036316,225,15.836336090561009,114.09358188191288,1,1,1,1,1,1,1,1,1,0,1.5005239277543505,0
Pleasure,219.03752117906112,14.547181426316936,258,89.32341656243197,84.21263794282407,1,1,1,1,1,1,1,1,1,3,8.637250204450837,1
Business,184.58232413444918,7.089280696748603,15,97.09468820759541,28.113627229504434,1,1,1,1,1,1,1,1,3,3,7.320486862201457,0
Business,142.56620936986658,14.975068721791946,292,33.55187008193792,189.10863659201897,1,1,1,1,1,1,1,1,0,0,1.0,0
Pleasure,358.3205027882014,6.442037125864253,340,99.98846448675768,203.516021605689,1,1,1,1,1,1,1,1,3,5,6.916922373237725,1
Pleasure,117.64145761215848,8.419999658172282,27,107.27959535734392,64.80630563047559,1,0,1,0,0,1,1,1,0,0,5.005983985199878,0
Business,212.7474039161803,19.584731561374607,21,33.17115378336984,68.07199700002252,1,1,1,1,1,1,1,1,3,3,1.0,0
Business,363.74323496240777,19.17437091434624,445,43.19216377401363,145.59536816291666,1,1,1,1,1,1,1,1,5,1,1.0,0
Business,369.4407866757274,11.816465180277282,480,63.32575542931951,16.784616733449727,1,1,1,1,1,1,1,1,5,2,4.946313444361463,0
Business,149.38450935041206,18.573041319985112,285,34.89329576565369,152.64193492167885,1,1,1,1,1,1,1,1,0,1,1.0,0
Pleasure,393.2651976325582,7.348910080116921,170,62.858302920247944,26.20871926318588,1,1,0,1,0,1,0,0,0,0,2.7069421175912036,0
Business,299.4704662237683,4.896581235339507,341,51.908852717627816,110.84957177622944,1,1,1,1,1,1,1,1,7,2,6.688704891293556,1
Pleasure,145.89653363422076,13.401400476343177,267,46.67754583326576,147.68926677059648,1,1,1,1,1,1,1,1,0,1,7.075747539844508,1
Pleasure,414.9429409430263,14.652139868894112,160,104.96229011501757,125.70729383679297,1,1,1,1,1,1,1,1,0,2,3.496996839877256,0
Pleasure,470.5942726880529,7.232755861164097,106,118.36726948521772,25.252082659209158,0,1,1,0,1,1,1,1,0,0,2.9551178990449345,0
Pleasure,229.98376378753736,12.389835063736887,106,60.16827672802711,36.60883073242556,1,1,1,1,1,1,1,1,2,3,4.724390811748188,0
Business,461.0886603499218,3.2547217963417285,290,106.38373601014762,37.716499467831575,1,1,1,1,1,1,1,1,3,0,7.798980191877794,1
Business,62.27119002657023,2.676918438501501,312,104.23205706841688,10.525848918918909,1,1,1,1,1,1,1,1,4,0,9.8543421530342,0
Business,133.3100583240277,0.9423288573617694,485,70.9590625760162,171.53459668363286,1,1,1,1,1,0,1,1,0,0,8.441129086814597,1
Business,234.02052259683705,8.18721923646178,173,86.29905367494024,226.0203930241542,0,1,1,0,0,1,0,1,0,0,2.0869609156530586,0
Business,437.85066662583796,0.34228851969855034,231,59.30179952487973,229.90744469554406,1,1,1,1,1,1,1,1,2,2,7.596598066391436,1
Pleasure,176.40644682324117,14.825529290099624,246,115.49418798411428,143.49212616649262,1,1,1,1,1,1,1,1,1,1,7.976376998557352,1
Pleasure,100.78774532136765,10.890191876774523,429,114.156794307323,175.86278478529186,1,1,1,0,1,1,1,1,0,0,8.503222075462768,1
Pleasure,279.5703837143547,0.9660113674124027,381,15.806365520051628,93.4481731155602,1,1,1,1,1,1,1,1,4,5,8.284113600878744,1
Pleasure,273.3746850990056,3.686221847208613,481,66.49720406419867,20.86086176357519,1,1,1,1,1,1,1,1,4,1,8.841615077816112,1
Business,465.02635556506596,1.6862145401968198,2,61.82043926510648,84.2736685296244,1,1,1,1,1,1,1,1,9,0,8.886829610472802,1
Pleasure,450.3771833700752,5.562064822050228,46,27.263284141480767,87.16966602226859,1,1,1,1,1,1,1,1,5,3,1.0,0
Pleasure,443.80014056204965,6.91235400385885,402,99.63781881524858,217.7165149191166,1,1,1,1,1,1,1,1,4,3,5.408551708958008,0
Pleasure,367.1450601815478,0.3833074639742251,458,119.6716624364964,30.265897341138512,1,1,1,1,1,1,1,1,0,1,8.010216107321401,1
Business,324.0251462089276,1.1346174945941634,223,61.592028942752,28.179424162118792,1,1,0,1,0,1,0,1,0,0,6.072699341936603,0
Business,471.65133678983455,17.96477359314412,329,48.571461081278436,55.383562369534786,1,1,1,1,1,1,1,1,1,1,1.0,0
Business,458.1079608822943,6.905579647917608,87,33.88077947822872,236.39352958348493,1,1,1,1,1,1,1,1,6,0,5.902092845469345,1
Business,485.8069182362669,4.4049589985933,293,113.14028581888807,137.6368855110369,1,1,1,1,1,1,0,1,0,0,5.24950567932585,1
Pleasure,493.1713445313033,3.4169789737557488,270,101.88723697511841,221.0916156406587,0,0,1,1,1,1,0,1,0,0,2.436675424494877,0
Business,382.3738688467152,0.8955842735655306,456,31.693257879162104,210.04084148154772,1,1,1,1,1,0,1,0,0,0,8.284138782947432,1
Business,300.57796162565563,1.2304567550139889,322,37.62356265081096,176.5729362922073,1,1,1,1,1,1,1,1,2,3,8.45653595974491,1
Business,136.3960120826774,4.138455730483564,128,63.866558097724,19.71455331978004,1,1,1,1,1,1,1,1,6,1,9.053046381849388,1
Pleasure,285.96440060752144,10.048164913985907,199,36.0381660051833,187.02994164267304,1,1,1,1,1,1,1,1,3,2,6.473652700134244,1
Business,244.8055059661492,9.866068865819564,258,62.99787477372123,238.5779074475466,1,1,1,1,1,1,1,1,2,1,3.984093036534963,0
Business,442.17282301939383,6.229976054538728,463,80.97080809187484,37.903268441336024,1,1,1,1,1,1,1,1,5,2,5.776548566791329,1
Pleasure,214.13771195670992,9.221579470844201,464,29.457532996886744,89.41397622366524,1,1,1,1,1,1,1,1,2,0,10.0,1
Pleasure,498.85617643909836,7.812467811131061,35,87.42273096869884,161.26309137642505,0,1,1,1,1,0,1,0,0,0,1.0,0
Business,158.5929632347658,1.264484827697474,189,82.11488617901848,184.5502926487836,1,1,1,1,1,1,1,1,3,3,8.31701256042327,0
Pleasure,355.95031108563626,6.764488807132172,410,75.31001497729748,65.06167394469716,1,0,1,1,0,1,0,0,0,0,7.26076108850449,1
Pleasure,228.27058532018754,16.663037391447656,89,83.00259171540567,197.4781233368515,1,1,1,1,0,1,1,1,0,0,6.135500952516164,0
Pleasure,111.30610811093446,5.1433677015464285,15,40.48407379353948,124.91271840031295,1,1,1,1,1,1,1,1,1,1,6.133866268261023,0
Pleasure,296.008257673397,2.9272768837427776,33,73.28014258355076,142.0516843748682,1,0,1,1,1,1,1,1,0,0,6.354302374453941,0
Pleasure,341.0327579762374,10.33548310251096,139,17.62514685960038,131.19426513170154,1,1,1,1,1,1,1,1,4,4,3.529243221858285,0
Pleasure,74.41524676631596,3.854778768785989,448,53.796865800251275,61.311126463295146,1,1,1,1,1,1,1,1,2,3,8.166563563695172,1
Business,307.67039394300895,0.3776817047237113,275,66.54116238504497,177.8824719128189,1,1,1,1,1,0,0,1,0,0,7.279036794925937,1
Business,497.38722800750963,5.023495605035,64,56.98781370604446,15.013080565602547,1,1,1,1,1,1,1,1,6,3,7.546591126289617,1
Business,396.4029900382456,0.1018594462678668,2,118.62199120050201,103.96737049129001,1,1,1,1,1,1,1,1,0,0,7.924323951616638,1
Business,207.55575477045676,14.323624372914622,370,46.77249148511175,81.79406969529265,1,1,1,1,1,1,1,1,4,0,2.008037657743886,0
Business,376.57842420199404,0.2397617316379197,265,81.23403031219296,46.63654601037628,1,1,1,1,1,1,1,1,2,0,7.779202781304193,1
Business,449.2252846720436,19.75332625801427,465,78.74804001593817,75.30690715598934,1,1,0,0,0,0,0,1,0,0,1.0,1
Business,95.25001552500203,17.19782570001378,65,102.81179700832091,67.96976899776007,1,1,1,1,0,0,0,1,0,0,1.0,0
Pleasure,348.0651428779156,9.147103072897844,172,99.16305789941268,231.4977086123244,1,1,1,1,1,1,1,1,3,3,5.6164137625497315,0
Pleasure,169.32169273488083,12.886392706523859,1,108.24010367011074,111.3422443234304,1,1,1,1,1,1,1,1,6,2,7.623508079982026,1
Pleasure,126.04977355764291,14.101276919192918,62,88.85462739393766,58.55461337768309,1,1,1,1,1,1,1,1,0,1,6.12549281509571,1
Business,232.1903374378304,12.20874938308025,309,51.85521758840952,67.49087174897461,1,1,1,1,1,0,1,1,0,0,1.0,0
Business,396.6369030558332,3.241892479067867,192,80.5492344778234,185.15405991813904,1,1,1,1,1,1,1,1,3,1,7.335932498722922,1
Pleasure,477.3111448512859,4.801609955744053,443,20.127118715837334,12.047545783068756,1,1,1,1,1,1,1,1,5,3,1.0808881329817392,0
Pleasure,182.6579445794696,18.129445518312526,303,35.84579526817378,72.56167355487298,1,1,1,1,1,1,1,1,2,0,6.585338658206919,0
Pleasure,87.8807209351848,4.552348244625863,463,55.45292395940078,37.83683348465208,1,1,1,1,1,1,1,1,3,2,8.427942139214638,1
Pleasure,75.79994905389498,13.273948669290034,221,106.60093612151476,62.140729683795584,1,1,1,1,1,1,1,1,0,1,6.609210646944296,1
Business,216.24557561130263,9.032278731565917,49,81.70198267695508,222.31408240650114,1,1,1,1,1,1,1,1,6,0,5.2838958354187255,1
Pleasure,309.94753877997226,11.922948793923489,197,28.52527572422086,170.4198298320844,1,1,1,1,1,1,1,1,0,1,5.58820564886545,0
Pleasure,222.14961012449493,14.509830280697908,18,46.0044580820473,165.2985249951898,1,1,1,1,1,1,1,1,1,6,6.658478257114086,1
Pleasure,228.84176606119354,4.631973345403959,327,50.91041428773037,209.15046578176276,1,0,1,1,0,1,1,0,0,0,7.3541910868621265,0
Business,261.91252215060257,6.257619129472342,56,95.81487035213308,144.29927186612224,1,1,1,1,1,0,0,1,0,0,4.8226745793916015,1
Business,189.8126038495067,19.613236476134848,475,48.01547027395536,176.4748852356148,1,0,1,0,0,1,0,0,0,0,1.0,0
Pleasure,455.1584328129753,12.194683204794144,466,102.5518665229256,71.78760116353263,1,1,1,1,1,1,1,1,0,3,3.0421661531145046,1
Pleasure,93.046114154884,7.134046309474941,191,46.023295252706745,217.35803892034738,1,1,1,1,1,1,1,1,3,3,6.599446377780056,0
Business,372.10892168239025,15.74159334878349,72,15.410005706255578,147.0740449140694,1,1,1,1,1,1,1,1,6,1,2.0544445085411027,0
Pleasure,139.04514612166057,13.520964318901548,251,67.31625312966538,107.06028285436929,1,1,1,1,0,1,1,1,0,0,6.168107083269015,0
Pleasure,496.1667929065701,14.571522888518043,76,55.384350213127085,8.425310319886176,1,1,1,1,1,1,1,1,0,6,1.0,0
Pleasure,219.92564363870696,16.506883921703455,338,30.09465382700537,193.67734602697448,1,1,1,1,1,1,1,1,1,0,6.732995969827965,1
Pleasure,356.66152883276163,4.970770823736594,454,72.46456383161303,110.19703285534285,1,1,1,1,1,1,1,1,5,2,8.471971042762258,1
Pleasure,322.16232266013094,12.790477056773963,223,46.27581779493958,209.75005694803215,0,1,0,0,1,0,1,1,0,0,4.503474192734492,0
Pleasure,278.3180523547814,14.367998486932699,263,93.3427816469277,45.42926691904289,1,1,0,0,0,1,0,1,0,0,7.013619809619721,0
Business,249.30069845580834,19.611738006094342,88,70.83230517478023,165.73610639242372,1,1,1,1,1,1,1,1,0,1,1.0,0
Business,68.60801292078273,8.23734239026785,2,20.58628614620067,56.353107287542,1,1,1,1,1,1,1,1,1,0,4.4249035724453,0
Pleasure,153.68594284577983,19.763062915783994,184,52.49040244423145,130.3059476590187,1,1,1,1,1,1,0,1,0,0,5.664377708606386,0
Business,87.26093224187555,8.191488231756779,137,34.488321404511765,174.67262554177313,1,1,1,1,1,1,1,1,1,1,4.143272424716578,0
Pleasure,401.62834260163305,4.043963900836993,224,95.32090172137246,108.87451946355158,1,0,1,0,1,0,1,1,0,0,4.302560410348758,0
Pleasure,202.21656931243774,4.967984583719862,34,79.94787756820693,87.63810284135238,1,1,1,1,1,1,1,1,4,1,7.228133271369008,1
Pleasure,199.44830443576717,11.668343019911047,319,26.569098611878523,201.70890232919783,1,1,1,1,1,1,1,1,2,1,8.521588619210117,1
Pleasure,491.7689650673336,18.064450681212026,248,103.30184271058639,83.09203665598943,0,0,1,0,1,1,0,1,0,0,1.0,0
Pleasure,165.1577423311599,13.044108527911503,321,107.21331096312623,175.97206076923402,1,1,1,1,1,1,1,1,2,2,9.249058171750761,1
Pleasure,69.8407233586418,14.63773295637489,475,26.738505987943107,141.99034789239502,0,1,1,0,1,1,0,0,0,0,6.377597540266972,0
Pleasure,460.6993365150498,0.8961698313923128,265,40.003847875820014,150.5697063230177,1,1,1,1,1,1,1,1,2,4,2.759261167558028,0
Business,278.2728026858134,8.700786756411157,436,101.34545061583604,79.18439654154413,1,1,1,1,0,1,1,1,0,0,4.369100854545165,0
Business,381.0035670566582,0.11045829184553435,36,113.02143708628287,118.46540807965063,1,1,1,1,0,1,1,1,0,0,8.09595901268422,1
Business,275.58767702592525,7.453794473408881,266,78.57540635758106,46.88766876502067,1,1,1,1,1,1,1,1,3,0,6.501669874605818,1
Business,203.47744621388966,16.566435606783635,490,45.3738598815205,80.29075115478602,1,1,1,1,0,1,0,1,0,0,1.0,0
Pleasure,446.5168430037775,14.3671513053966,310,77.08008035501827,17.860648347079202,0,0,0,0,1,1,0,1,0,0,2.3019014929358512,0
Pleasure,256.4935163177261,13.401097065701386,386,20.7453283221701,50.947415395132886,1,1,1,1,1,1,1,1,0,2,7.704413604412647,0
Pleasure,150.5522976559358,18.019502485029108,452,65.08394320472748,99.11354887240904,1,1,1,1,1,1,1,1,0,0,6.919825328764492,1
Pleasure,172.10767377700947,7.638155383417738,418,22.58809566554543,234.77176869906728,1,1,1,1,1,1,1,1,0,3,7.153507436142477,0
Business,137.8448456548094,5.487672846680565,204,60.081740550393846,46.91009319148015,1,1,1,0,1,0,1,0,0,0,5.18096674143083,0
Business,231.5523050510496,5.067465284034767,207,41.24245949990042,145.65486948583157,1,1,1,1,1,1,1,1,8,1,5.608704432599451,0
Business,94.72737457220094,6.663152687372563,195,111.29331259251207,124.27916957617765,1,1,1,1,1,1,1,1,7,0,6.638981756327913,1
Business,108.34067057972399,4.972949848468962,20,102.10670152326759,231.44578218947015,1,1,1,1,1,1,0,1,0,0,6.306189866714805,1
Business,293.39909638959796,15.500988394113758,434,41.38912883314835,33.423740051011386,1,1,1,1,1,1,1,1,0,1,1.0,0
Business,258.25265877935806,18.379483095155056,56,52.163929470580726,232.7161049455167,1,1,1,1,1,1,1,1,0,0,1.0,0
Pleasure,72.79812269148358,18.720024494398743,66,80.83093601483166,119.61300228364172,1,0,0,0,0,1,1,0,0,0,4.1936966794457184,0
Pleasure,339.97330081856416,9.896338959020541,312,91.62520723940439,76.26834342606467,1,1,0,0,1,1,1,1,0,0,7.6403964636634765,1
Business,414.00390021560764,10.912531513948593,440,79.3700344734405,54.09032137125949,1,1,1,1,1,1,1,1,2,0,3.6704465136767617,0
Business,148.0812448711383,2.0150694190015717,2,31.957653858675947,203.25429547643898,1,1,1,1,1,1,1,1,5,2,6.6833310527727425,0
Pleasure,331.140834708562,9.888644216257196,104,41.48355779854561,6.937500973403845,1,1,1,1,1,1,1,1,4,3,6.8501710070919355,0
Pleasure,394.65690704106703,19.048917242468878,148,112.56420500757403,152.41792678862504,1,1,1,1,1,1,0,1,0,0,3.3411648270977907,0
Business,124.09674977479823,5.199622320335797,495,110.38999304438228,149.2696050430404,1,1,1,0,0,1,1,1,0,0,4.688991149050568,0
Pleasure,436.7033505091643,16.400730651616186,235,57.10192979960344,108.33942702687636,1,1,1,1,1,1,1,1,0,2,2.735759064634125,0
Pleasure,149.58387309780713,7.853881612725915,470,53.743048735266434,101.44511950207679,1,1,1,1,1,1,1,1,1,7,9.308686706882423,1
Business,307.63709218976993,7.673150138181988,107,20.38719630592532,202.58611240745196,1,1,1,1,1,1,1,1,1,1,3.00639821680548,0
Business,317.65194515090474,15.041081907893615,357,18.13302232277125,87.09314824379115,1,1,1,1,1,1,1,1,3,2,1.052989834043491,0
Pleasure,218.18472644510447,5.52621252387784,463,87.24380050879876,33.52208307194728,1,1,1,1,1,1,1,1,1,0,8.334562740935446,1
Pleasure,140.59252195069794,1.381835071511377,13,53.891436884512764,12.061718822803057,1,1,1,1,1,1,1,1,0,1,5.9099372744890575,0
Pleasure,338.95410831680346,6.502772584018361,144,36.797170509988646,53.57007906647977,1,1,1,1,1,1,1,1,0,0,4.809734373649769,1
Business,291.8231451329861,0.5813450833476241,275,22.553455722436734,155.99144727514928,1,1,1,1,1,1,1,1,0,0,7.675276798933607,1
Pleasure,60.81677353926564,8.393569463143084,325,74.57020557678904,185.68860285124052,1,1,1,1,1,1,1,1,4,4,5.976465488907973,1
Business,190.92815535933894,4.395064408696873,437,48.13185323154209,65.66522290696955,1,1,1,1,1,1,1,1,1,0,6.479052857432301,0
Pleasure,126.4351800034561,18.812923220675295,233,65.1958926992267,205.37690348921646,1,1,1,1,1,1,1,1,1,0,6.232853717248037,0
Pleasure,247.41786381691117,14.659605441555374,175,21.40997700013168,70.30471703560289,1,0,1,0,0,1,1,1,0,0,4.5261012879047025,0
Pleasure,379.0845035103207,2.9594374187287875,214,45.295898930256136,13.740705656782106,1,1,1,1,1,1,1,1,3,1,4.707453804980416,0
Business,241.5099002161689,9.669588602168758,246,98.80105309894509,62.74961764638893,1,1,1,1,0,0,0,1,0,0,4.233094969879859,0
Pleasure,436.20761071911903,16.687536947243714,357,112.62862669627336,78.70737561279263,0,0,0,0,0,1,1,1,0,0,3.712697269471609,0
Pleasure,344.372174995039,13.969300497065921,295,41.43367764650508,207.7888799315443,1,1,1,1,1,1,1,1,0,0,4.60565450222422,0
Business,276.3115656398013,6.19217906311512,398,26.899449523930684,52.79184076096339,1,1,1,1,1,1,1,1,6,0,6.097573491882002,1
Business,65.29059611359614,11.771624852337222,233,28.168408349535788,95.86663812530843,1,1,1,1,1,1,0,1,0,0,2.664809900583725,0
Pleasure,223.1980487803223,9.426543165822656,84,46.87341054386954,218.742273212887,1,1,1,1,0,0,1,0,0,0,5.499212219191208,1
Pleasure,205.66677774609838,14.158521978892246,297,88.27954068574121,148.81899898749782,1,1,1,1,1,1,1,1,2,5,7.536533005166607,1
Business,317.64028253997895,6.301494501055618,297,42.14499996075716,229.4489307424034,1,1,1,1,1,1,1,1,4,0,5.125853936741021,0
Business,174.3114421579167,16.57592078114266,400,63.346598219271364,47.047026716319465,1,1,1,1,0,0,0,1,0,0,1.0,0
Business,376.0658268087057,0.5327219697567998,406,100.74221706848726,74.94747170181917,1,1,1,1,1,1,1,1,4,1,8.879647862606157,1
Pleasure,361.96359607393407,2.9809445958463088,429,51.45498269212929,86.8056758387923,1,1,1,1,1,1,1,1,4,2,9.09385400197463,1
Pleasure,296.7107675706919,14.872940686739813,450,44.94168886423617,93.25585182324588,1,1,1,0,1,1,1,1,0,0,7.608851462380535,1
Pleasure,81.53524499842975,3.500951856622907,398,50.68513206205675,237.83627819644013,1,1,1,1,1,1,1,1,0,2,6.7051685177849905,1
Business,313.32307416470746,16.96428848168249,179,109.7725550141287,212.25010587858932,1,1,1,1,1,1,1,1,2,0,1.0,0
Pleasure,422.24463697089436,4.4940145443429325,270,20.650102518111684,22.135830962440128,1,1,1,1,1,1,1,1,1,3,3.9272743433157524,0
Business,263.52713243171723,6.591394043982781,105,65.21950496016257,122.16049691541431,1,1,1,1,1,0,0,1,0,0,4.870464347721113,1
Business,73.39684653854653,18.453377914051504,235,23.618395926000215,148.8974070399066,1,1,1,0,0,0,0,0,0,0,1.0,0
Pleasure,353.39965140221517,10.423622692322052,481,100.33275150973803,92.39924762469754,1,1,1,0,1,1,0,1,0,0,7.68950461608826,1
Business,472.22801013081784,1.2092733824596702,264,77.67618536756677,225.85236444699518,1,1,1,1,1,1,1,1,1,0,6.967410930149669,1
Business,138.31367843517134,4.534511524930447,449,35.961857650957036,183.9744173858257,1,1,1,1,1,1,1,1,4,1,6.533385219010921,1
Pleasure,88.6015627768556,5.708349232471712,458,56.91928336812387,204.7960638282705,1,1,1,1,1,1,1,1,4,2,8.043639804915527,1
Business,291.305238336923,7.598677612444254,130,25.44104597816288,56.81576613866616,1,1,1,1,1,1,1,1,3,1,4.25469258447187,1
Pleasure,382.7527166738271,19.39424930747365,183,24.300499488944062,156.8109867777036,1,1,1,1,1,1,1,1,1,5,4.619915146374002,0
Business,407.4821794748291,16.704874352118946,186,57.8919842380375,91.62338081290395,1,1,1,1,1,1,1,1,3,1,1.0,0
Pleasure,476.8250622569468,5.0622529514404775,276,60.09974047612583,196.46466287928646,1,1,1,1,1,1,1,1,0,6,2.3147362722949922,0
Business,112.75209079458368,11.235210808730493,192,16.087745173179858,47.609613705952235,1,1,1,1,1,1,1,1,0,0,2.5991055434120103,0
Business,207.30007704386097,4.91324584218569,248,32.251706883404815,163.54531245057993,1,1,1,1,0,1,0,1,0,0,4.748527466418152,0
Business,155.34622126936156,5.698017287602513,54,51.44497648101416,54.23638121565577,1,1,1,1,1,1,1,1,2,2,6.093319562583131,1
Business,494.073447329158,8.418838907595807,430,89.52113254540743,100.85670881294642,1,1,1,1,1,1,1,1,4,2,6.0995508150190965,0
Pleasure,321.5116514038703,7.61745622542203,460,63.56662699801745,237.26608758461512,1,1,1,1,1,1,1,1,4,3,7.888010738354533,1
Business,153.8242791114736,5.459326975258283,359,35.694530461057276,93.28697698132598,1,1,1,0,1,0,1,0,0,0,5.636401912481911,1
Pleasure,397.037655713444,12.591089448914378,434,94.89437284583559,134.93583328697179,1,1,1,1,1,1,0,0,0,0,6.02403808281745,0
Business,163.51446853903656,18.57612446665424,139,96.87268566955761,102.20388816702531,1,1,1,1,1,1,1,1,4,0,1.0,0
Pleasure,473.80531352182203,18.377739065338513,132,18.806966220600643,135.25432169617181,1,1,1,1,1,1,1,1,0,2,1.0,0
Business,66.23991953904749,5.428040018369575,439,115.31582784548311,36.53867290560772,1,1,1,1,1,1,1,1,5,2,8.036527335973895,0
Pleasure,359.658947346719,0.08340312930104288,469,85.9191298937471,174.702794947138,1,0,1,1,1,0,1,0,0,0,8.585765307229998,1
Business,449.8109236699586,4.785011798282952,175,28.112573431568467,175.4869132969848,1,1,1,1,1,1,1,1,7,1,6.446688987560184,1
Business,470.02767022451326,7.985269562234871,467,55.773403364536875,171.2780750987215,1,1,1,1,1,1,1,1,0,1,3.696855383893612,0
Business,218.71585223076104,15.338463726838656,258,63.921771346745025,188.13721050539715,1,1,1,1,1,1,1,1,0,0,1.1630107858426926,0
Business,105.58147114477441,3.376496385887835,114,33.75758512146502,168.87400444403335,1,1,1,1,1,1,1,1,8,1,7.558147184040436,0
Business,185.31278513722086,1.0855991972028467,154,35.91487476332317,114.88930629733544,1,1,1,1,1,1,1,1,2,1,7.027570336781059,1
Pleasure,413.4572839446196,0.3906363154818604,172,78.27265896236946,28.59740620207382,1,1,0,1,0,1,1,1,0,0,5.686722356718039,0
Pleasure,155.77994730388903,15.74926985812736,52,22.33896036581025,116.76021561133211,1,0,0,0,0,1,0,1,0,0,3.1065570617397893,0
Pleasure,358.8366404832348,1.2718714650465146,373,94.48170803322927,119.74878796697307,1,1,1,0,1,1,0,0,0,0,7.588763067799496,1
Pleasure,472.6418112421968,14.64927201859589,165,56.911142494656374,187.09234920941162,1,1,1,1,1,1,1,1,1,0,1.0,0
Business,336.5428113358047,18.619501136555815,457,98.62881826456801,171.62138600887673,1,1,1,1,0,0,0,1,0,0,1.0,0
Business,398.8674322065195,13.249032481891454,74,35.51425038133549,49.54347322320459,1,1,1,1,1,1,1,1,0,0,2.5480435917715676,0
Business,135.68428413764423,17.99983824567999,29,93.75722138816843,106.52898077902387,1,1,1,1,1,1,1,1,1,1,1.0,0
Business,402.058818346984,17.243544513883474,374,51.765292965601496,208.69126650877473,1,1,1,1,1,1,1,1,1,0,1.0,0
Business,318.45995146138125,12.562240531308364,253,88.18198280566716,116.15502661067926,1,1,1,1,1,1,1,1,6,2,2.766988093222183,0
Pleasure,340.50621016055413,10.707940467635437,230,62.60849930552542,31.270096522296758,1,1,1,1,1,1,1,1,0,1,6.841866410191034,1
Pleasure,300.77382909728215,9.052379225528806,3,39.45649437825943,134.69748758401505,1,1,1,1,1,1,1,1,2,0,5.381013083117984,0
Pleasure,294.4628593865326,11.397382918554914,338,82.52282275836758,112.82502709446044,1,1,1,1,1,1,1,1,0,0,7.52653344576718,1
Pleasure,373.8670470283697,1.4518768499353318,10,103.13961909092741,116.0284057259319,1,1,1,1,1,1,1,1,1,4,4.772018934503885,1
Business,229.1629483476387,9.543607643856491,70,23.976589305752658,153.3428555111886,1,1,1,1,0,0,0,1,0,0,2.130193934008764,0
Pleasure,112.0570772126985,9.983920210176983,491,99.8738658676812,207.470296095048,1,0,1,0,1,1,1,1,0,0,7.720365145381915,0
Pleasure,275.5697183077685,0.03901030744522638,214,52.07731479073461,221.39852604847485,1,1,1,1,1,1,1,1,0,4,8.165866030018954,1
Business,289.1102187142461,1.5984562460570806,209,113.37086864074557,225.3864097389502,1,1,1,1,1,1,1,1,4,3,9.15935916633818,1
Business,463.58332235151914,17.47727696900445,408,44.86014888148423,130.20861930294294,1,1,1,1,1,1,1,1,2,1,1.0,0
Business,288.40194729337577,15.829293388940428,83,94.62580398305147,100.54209812185866,1,1,1,1,1,1,1,1,4,2,2.287242524895803,0
Business,378.02421878585403,11.631059092355105,477,31.724237825918376,39.66362277986618,1,1,1,1,1,1,1,1,1,2,1.603227902561336,0
Business,348.76921988336215,1.440108924304384,76,109.24126603254132,214.13226731345705,1,1,1,1,1,1,1,1,5,3,8.012666554357844,1
Pleasure,333.04462833831104,10.675821577658695,481,50.066057963909635,72.00483259758455,1,1,1,1,1,1,1,1,2,4,6.770502154757381,0
Business,273.1020499816656,4.9240632487264,200,102.73328202300155,106.56289525290651,1,1,1,1,1,1,1,1,2,2,7.7323098222694036,1
Business,290.13158041599166,15.673040585104076,106,38.888353751248026,95.96714365540261,1,0,1,1,0,0,0,0,0,0,1.0,0
Pleasure,189.31053989650394,17.998210562171273,38,108.18314613953984,199.86395997133843,1,1,1,1,1,1,1,1,2,2,6.6317956209308395,1
Pleasure,169.9524420716449,10.150771459503243,344,114.7296454049665,154.18459837484343,1,0,0,1,1,1,1,1,0,0,9.200492951248851,1
Pleasure,161.61502863068685,14.797463550384954,282,47.29925285200745,114.06916606155,0,0,0,0,1,1,1,1,0,0,7.633045816933534,0
Business,263.81140599007955,13.719178040059546,224,118.97250242239875,126.24635839918423,1,1,1,1,1,1,1,1,4,0,3.269189847201949,0
Pleasure,293.1688247579022,11.769027223190644,367,82.89184850405647,62.47078881262416,1,1,1,1,1,1,1,1,3,2,7.2509943094281795,0
Pleasure,409.2830904285722,4.2052151161229645,363,74.96253243210911,100.22613319117619,1,0,1,1,0,1,1,1,0,0,4.926424119454306,0
Business,112.34170473102847,19.022006102925943,498,29.880150995487792,94.04027288430687,1,1,1,1,1,1,1,1,4,0,1.0,0
Pleasure,274.378734142285,14.187884556974184,177,21.6387721041883,223.60927741194726,1,1,1,1,1,1,1,1,3,1,5.843457741861948,1
Pleasure,207.72551177937515,18.92044650049651,475,91.0789166782497,167.50919848807004,1,1,1,1,1,1,1,1,0,0,9.218932607121157,1
Pleasure,365.0885170668472,6.0220537974272474,73,55.28361422928303,35.74064788019679,1,1,1,1,1,1,1,1,0,1,4.33455277144927,0
Pleasure,423.9875342055831,14.717727533859026,229,90.08565246933023,198.984755713835,1,1,1,1,1,1,1,1,1,1,2.3745194123758853,0
Business,422.5040319594,7.224246269086915,203,24.811381963572572,38.01123919348516,1,1,1,1,1,0,0,1,0,0,4.907526452833761,0
Business,89.73976793550186,10.86912175405639,42,75.19896451059294,63.095244148839164,1,1,1,1,1,1,1,1,6,1,4.201081536219229,0
Pleasure,114.21174581075475,7.45012659296383,126,58.577858893373715,65.47750100838395,1,1,1,1,0,1,1,1,0,0,6.846928746644821,1
Business,332.71795664102854,18.404933520089447,182,66.92118046602094,20.077233148823517,1,1,1,1,1,1,1,1,0,2,1.0,0
Business,99.30742616127918,3.9200785765264623,377,86.53526698651238,203.76182627312852,1,0,1,1,0,1,0,1,0,0,5.156677788830567,0
Pleasure,460.44895608491004,0.05379037405896625,467,45.025528539139074,35.45061971013481,1,0,0,1,1,0,1,1,0,0,3.446801117864879,0
Business,390.9589077737666,13.554108541907064,427,56.134515871262515,11.278606882686187,1,1,1,1,1,1,1,1,2,2,2.924443301301715,0
Business,113.81599240134173,6.3528311045727826,417,57.15630802914447,44.77959638465792,1,1,1,1,1,1,1,1,0,0,6.280947808958852,0
Pleasure,365.04733267135805,14.22720272185976,425,21.06107111590736,212.2508080517408,1,1,1,1,0,1,1,1,0,0,5.51115243973663,1
Business,223.72856359692008,0.7844450325084784,84,69.5241217581398,120.49828486635957,1,1,1,1,0,1,1,1,0,0,7.79102861140907,1
Pleasure,435.55014690368563,15.516341519879806,63,67.20121469087655,115.50485170273451,1,1,1,1,0,1,0,1,0,0,1.0,0
Business,481.7330481588921,7.534767551202579,476,41.07635131319044,174.36142046669283,1,1,1,1,1,1,1,1,3,4,4.513361026176801,1
Business,463.07269083772064,17.26606820764493,131,52.81965504248836,80.04275068515837,1,1,0,1,0,0,0,1,0,0,1.0,0
Business,142.41725153629687,12.507133107787842,493,91.85481491903805,95.0275793009381,1,1,1,1,1,1,1,1,0,0,3.904194317529865,1
Business,489.72871092337914,10.66761249185096,161,15.06301163305473,148.47964665681883,1,1,1,1,1,1,1,1,0,1,2.0936048456523313,0
Pleasure,132.97572778010058,19.34495097584522,167,29.498793909118326,38.99022617892466,1,1,0,1,0,1,1,1,0,0,4.458779192468383,1
Pleasure,432.3260996071895,6.501045850082187,366,27.486086042419824,140.0471743853376,1,1,1,1,1,1,1,1,0,1,4.955565029225918,0
Business,192.43664298704365,11.909524221284236,244,104.59769945872537,191.64241132024372,0,1,1,0,1,1,0,1,0,0,2.4215171746113393,0
Pleasure,344.54871227757843,15.811002844045888,16,38.58202612531859,13.425024442867244,1,1,1,0,0,1,1,1,0,0,4.546974577380886,1
Pleasure,114.65003785166009,12.083524415333343,407,64.57249661375685,76.59371711799062,1,1,1,1,1,1,1,1,3,5,7.977801239345983,1
Pleasure,101.55362092682807,3.2389311313371794,420,82.81136082487288,88.81321196975271,1,1,1,1,1,1,1,1,2,4,9.4029415809641,1
Pleasure,349.3887479740267,17.554927925720463,208,82.189937782561,29.24433844286871,1,1,1,1,1,1,1,1,1,0,5.691239207126814,1
Pleasure,139.07020815069737,8.332842335732453,120,39.05827615581606,220.3293689510397,1,0,0,0,1,1,1,1,0,0,7.791627411692045,1
Business,275.7723354580025,0.6820600645683372,375,79.27558235135757,177.99834672326932,1,1,1,1,1,1,1,1,5,2,9.76222430118859,1
Business,279.3021621498597,16.32332841300628,131,99.16328062283807,233.50616341412353,0,1,1,1,0,0,0,0,0,0,1.0,0
Pleasure,465.44696367701073,17.55619053238529,105,17.71477396078372,225.06703801252152,1,0,0,1,1,1,0,0,0,0,1.0,0
Pleasure,150.49079310136113,18.746154138744725,21,47.88510357639399,230.59320139852792,1,1,1,1,1,1,1,1,1,3,5.732340217681121,1
Pleasure,154.48726257184262,15.31780649648665,228,105.40754496249865,153.00643538046157,1,1,1,1,1,1,1,1,2,1,7.0711136749571715,1
Business,92.13501224864079,14.285625531062001,272,100.80768160216458,61.11692078179062,1,1,1,1,1,1,1,1,0,0,1.7111270268190775,0
Business,155.53108997550123,18.27815967454962,465,52.51340999995655,84.6341350211421,1,1,1,1,0,0,0,1,0,0,1.0,0
Pleasure,212.1778306122289,16.12841184434155,352,109.69193638043325,156.40186726989464,1,1,1,1,1,1,1,1,0,0,8.643094012796922,1
Pleasure,268.79212855621415,16.113990687917564,93,104.32854168435395,59.26592269286173,1,1,1,1,1,1,1,1,5,2,5.452213277423943,1
Business,248.76696618815268,2.974712153237742,253,89.28119736168485,180.37435050084804,1,1,1,1,1,1,1,1,5,3,7.255741894692576,1
Pleasure,328.08976845008743,17.801987992360864,403,79.57094953345936,32.14754242683929,1,1,1,1,1,1,1,1,0,3,8.372281793872796,1
Business,67.85014899665016,16.224223700211194,387,28.95892496671313,123.53917594235799,1,1,1,1,1,1,1,1,2,3,1.3190560758554213,0
Pleasure,120.70937847507145,16.002852133657605,280,50.37796108965486,157.32136539308726,0,1,0,1,1,1,0,1,0,0,7.029236847582651,1
Pleasure,75.8848013038284,9.418652920010492,11,28.32827555567117,130.9815586682928,1,1,1,1,1,1,1,1,0,2,4.7686082624697965,0
Pleasure,428.35880478137466,10.543302030322803,124,32.35242448077157,82.89133290954138,1,1,1,1,1,1,1,1,0,0,2.661840775047004,0
Pleasure,107.89605660647749,16.320423348491676,320,49.64808046663882,219.92438018752705,1,1,1,1,1,1,0,1,0,0,7.798470453650478,1
Pleasure,328.96519417292194,12.486318908236203,296,26.79859175329623,158.2853635729434,1,0,1,1,0,1,1,0,0,0,6.083656498043627,0
Business,475.6405501095406,15.353430526585289,119,69.71475711036683,199.42310205895535,0,1,1,1,1,0,0,1,0,0,1.0,0
Pleasure,343.61469134112394,8.491926743508298,430,45.95986694711141,211.44721921778947,1,1,1,1,1,1,1,1,0,0,7.0942557164171705,1
Pleasure,480.561181354567,13.887030480482512,203,116.88431853142787,227.37444897425027,1,1,1,1,1,1,1,1,0,2,1.0,0
Pleasure,237.08207186193835,10.283739738726908,285,27.245148247598156,237.46349084668972,1,1,1,1,1,1,1,1,0,2,6.622502203039926,1
Pleasure,261.1747466017082,11.366024959692593,482,34.30063350028821,41.91170485896217,1,1,1,0,0,1,1,0,0,0,6.705528942397519,0
Pleasure,246.4732974636149,14.316140987344708,393,93.8333972743907,167.07931487900586,1,1,1,1,1,1,1,1,0,0,8.250366347279254,0
Business,396.8272176846588,9.321515768406776,3,47.022694305640165,37.073964008314015,1,1,1,1,1,1,1,1,1,0,4.063048505282659,1
Business,301.5873906076183,10.769386999202055,63,26.91222040361705,12.127317728279769,1,1,1,1,1,1,1,1,0,1,3.220709043920477,0
Business,236.2282412538775,9.218511648982124,212,69.3295490213886,6.424951146908386,1,1,1,1,1,1,1,1,4,3,6.583642879727199,1
Business,308.82010301966824,11.432801846648333,328,93.18481999508818,70.16309921448303,1,1,1,1,1,1,1,1,4,1,3.7274744506619197,0
Pleasure,64.96049548455096,9.12352197209177,249,112.75908254023177,130.9644347544662,1,1,1,1,1,1,1,1,3,3,9.27136229424965,0
Business,482.2594022662384,9.363784915944125,222,115.23649302368968,213.29749976004797,1,1,1,1,1,1,1,1,2,0,3.7323427575183277,0
Business,318.540646225567,10.255575415819095,331,34.732467141009195,170.26458706628708,1,1,1,1,1,1,0,1,0,0,2.227824544015542,0
Pleasure,400.01905713176654,0.0025942841037762676,368,21.18761519392993,94.71290646264235,1,1,1,1,1,1,1,1,0,0,5.272059966687677,0
Business,482.7740935537468,6.062199575697793,408,57.59022101009786,88.52787377015561,1,1,1,1,1,1,1,1,0,1,5.32305057360296,0
Pleasure,294.13761706888,13.322235271807795,493,27.345732430179105,11.30160092611632,1,1,1,1,1,1,1,1,3,4,8.195380578700044,1
Business,411.9852028006247,16.868703545730554,380,32.400363806643234,72.17746483259884,1,1,1,1,1,1,0,1,0,0,1.0,0
Business,433.501104296761,2.318734853065494,381,59.136774970087764,39.422962006340626,1,1,1,1,1,1,1,1,7,2,8.826882865687152,1
Pleasure,298.36594606080473,13.892512457004234,257,69.01612352081203,174.9472439937127,1,0,1,0,0,1,1,0,0,0,6.796946599408654,1
Pleasure,123.91201035841213,1.1919730608511858,16,73.2052174971817,178.52851911551122,1,1,1,1,1,1,1,1,2,0,7.019343476807252,1
Business,435.4598243297491,19.800613501171096,396,71.09371042161618,94.26633904107872,1,1,1,0,1,0,0,0,0,0,1.0,0
Pleasure,179.58346980409212,4.459886505643837,415,105.23052609754593,131.737316441666,1,1,1,1,1,1,1,1,0,0,9.513720401302438,1
Pleasure,322.27056660579143,8.727965294528934,120,35.11773559981198,226.54184196264126,1,0,0,0,1,1,1,0,0,0,4.7924722786447935,0
Business,336.3716888524263,10.178985261063726,400,78.92234680973797,160.7752814541626,1,1,1,1,0,0,0,0,0,0,3.109961251926083,0
Pleasure,387.75752434202747,6.325896095634573,116,57.15184275924057,134.05656513475816,1,1,1,1,0,1,1,1,0,0,2.5148320330316882,0
Pleasure,420.19418856888365,19.10720655847936,29,86.40936952222141,206.0699356341117,1,1,1,1,1,1,1,1,5,2,1.2625871825155808,0
Business,255.86196755460986,0.08922795974913189,402,111.26085603804246,103.67000339147008,1,1,1,1,1,1,1,1,2,2,8.80791523746581,1
Pleasure,100.4116850992433,12.636059559642007,14,117.18759503516947,86.51362169120287,1,1,1,1,1,1,1,1,2,5,5.2966403465335326,0
Business,432.6266495289481,0.14859281420323223,59,112.75589991139005,97.50708892466788,1,1,1,1,1,1,1,1,1,0,8.310757702601071,1
Pleasure,267.5664981408427,3.0658529790446143,27,32.24647705174349,71.71422512425421,1,1,1,1,1,1,1,1,1,3,5.61104383306145,0
Business,453.12547563183404,8.998358682912333,131,21.896140770223692,71.06726668531047,1,1,1,1,1,1,1,1,0,0,1.2898096644875894,0
Business,431.30434245229907,19.314486864923417,75,82.46603041964391,125.28132558789424,1,0,1,0,0,0,0,1,0,0,1.0,0
Pleasure,213.58827109068363,12.459019154966136,337,92.56839835900249,100.01478325305997,1,1,1,1,1,1,1,1,2,2,8.70284037941519,1
Business,477.2979617989794,18.278344901713627,499,28.097999279669914,225.9233327065828,1,1,1,1,0,0,0,0,0,0,1.0,0
Business,194.19282580992962,19.105762595097136,262,73.508619758744,82.3145962659417,1,1,1,1,1,1,1,1,0,0,1.0,0
Business,476.2352298529653,5.271925695171895,329,69.65359975520795,145.92802671593097,1,1,1,1,1,1,1,1,4,0,7.012478897213331,1
Business,107.1396694589441,10.9625275938491,96,37.53595904715238,230.65219316862851,1,1,1,1,1,1,1,1,5,0,2.7600290202175852,0
Business,164.64994080739564,7.2548553067157195,15,75.31629786539915,121.75822147384535,1,1,1,1,1,1,1,1,6,1,5.716160086347977,1
Business,168.07162096895686,6.541938254153184,27,113.61720102037602,236.29335791447448,1,1,1,1,1,1,1,1,6,3,7.97194059176684,1
Pleasure,449.5250461887156,19.81324813821331,107,34.38636172733939,223.79551725095013,1,1,1,1,1,1,1,1,1,2,1.0,0
Business,168.99731935055965,11.740787628782972,421,94.6872791855495,144.46335030441404,1,1,1,1,1,1,1,1,4,3,4.34231384326419,0
Pleasure,187.3993396328821,3.4047877094290113,101,86.66790311632866,97.49399974405141,1,0,0,1,1,1,1,1,0,0,8.680955233109021,1
Business,371.3361433326574,16.44553334023254,485,93.14000383628985,197.77019134159764,0,1,1,0,0,1,0,1,0,0,1.0,0
Business,271.0531349832482,6.160873382436158,340,93.64436428018016,168.15377946303357,1,1,1,1,1,1,1,1,1,1,5.87248152420158,1
Business,225.74435340349325,12.478671895328258,496,76.19313115207822,201.61312591025614,1,1,1,1,0,1,0,1,0,0,1.1230083962503037,0
Pleasure,81.19277516081317,16.95103542040213,91,97.08764712340486,143.74002013951457,1,1,1,1,1,1,1,1,1,3,5.5438864351528965,0
Pleasure,453.1632624545944,8.265322548337494,72,43.549084548639826,203.2128211783005,1,1,1,1,1,1,1,1,3,4,1.0,0
Pleasure,102.92961548778644,5.81715803978682,195,53.345422840381204,208.42543046674948,1,1,1,1,1,1,1,1,4,2,7.3499886379652395,1
Pleasure,305.60459658430443,19.11517171370799,409,102.43502821503701,46.320123113272174,1,0,1,0,0,1,1,1,0,0,7.044376918139344,1
Pleasure,429.7802585088602,2.6717735703026313,140,75.74628283075852,217.14907653487904,1,1,1,1,1,1,1,1,0,0,2.374084258903241,0
Business,305.5415388965145,1.4363898160663324,185,90.94062440699794,168.7071792570304,1,1,1,1,1,0,0,0,0,0,8.445412343061191,1
Pleasure,133.24351437780504,10.454194048160053,332,92.10888146770014,85.96884133279849,1,1,1,1,1,1,1,1,0,0,7.861071588526781,1
Pleasure,451.1902245062251,13.456936982040546,180,56.02854010426887,202.93334308534477,1,1,1,0,0,1,1,1,0,0,1.0,0
Business,375.50316031887235,6.039487888567667,35,37.32426418035268,101.09816239901215,1,1,1,1,1,1,1,1,4,0,5.706137837776712,1
Pleasure,392.0461099206569,2.620528099936843,72,68.34545266570561,33.314001112619245,1,1,1,1,1,1,1,1,2,4,3.3159888847395402,0
Business,108.69836051542046,19.08513137107511,162,48.679305566013994,145.84894772417115,1,1,1,1,1,0,0,1,0,0,1.0,0
Pleasure,434.96004463756293,0.6837008837631964,220,19.94764448776172,23.789173493826134,1,1,1,1,1,1,1,1,0,3,3.7248808072206456,0
Business,201.7542530674781,13.585932358202744,280,95.24394938290416,47.355681687500145,1,1,1,0,0,1,0,1,0,0,1.0,0
Business,165.5702148203788,19.25929722535885,62,99.11407592002607,137.22993562658266,0,1,1,1,0,0,0,0,0,0,1.0,0
Business,127.04132354203956,11.31225182431037,79,67.365171488165,111.31495008408255,1,1,1,1,1,1,1,1,1,1,2.5027263237357884,0
Business,437.83919242364226,9.638879563758145,278,39.66397141514197,184.69194847305477,1,1,1,1,1,1,1,1,1,1,2.6547591319658883,0
Pleasure,246.84870650194034,4.565100585501815,164,45.76175904950199,81.1855718368518,1,1,1,1,1,1,1,1,1,0,6.502998351583914,0
Business,110.52425244094657,1.3345703628921957,430,71.83568864652453,131.62849782011347,1,1,1,1,1,1,1,1,5,2,9.916281467321507,1
Pleasure,249.83501298099176,17.23793816589193,488,105.0581551706072,194.57494104698472,1,0,1,0,1,1,0,1,0,0,7.285712221730452,1
Pleasure,172.17445727730595,11.55865120524648,103,70.70440725177508,136.40224409882023,1,1,1,1,1,1,1,1,0,0,5.603240186041231,0
Business,479.61069965628445,1.0704645128306756,143,29.277988492239402,49.40904922270214,1,1,1,1,1,1,1,1,1,2,8.27840205743341,1
Pleasure,394.1156063479176,19.82357639002703,349,68.64547505700403,38.294162979569165,1,1,1,1,1,1,1,1,0,0,3.9440488606687913,0
Pleasure,324.55443216172364,11.500697632310883,493,72.84613560219056,121.99017510415612,1,1,1,1,1,1,1,1,2,5,9.012105216690522,1
Business,321.3350440249001,9.167762473449542,22,104.1579919574901,112.64689220007561,1,1,1,1,1,1,1,1,3,1,4.4936380208347515,1
Pleasure,353.77602343956414,5.251785609974517,99,17.005054322042508,92.92947369464403,1,1,1,1,1,1,1,1,1,5,5.906781104800516,0
Pleasure,113.96946232669258,18.208591932546764,250,32.90665904479441,70.61396664861276,1,1,1,1,1,1,1,1,1,0,4.241810525744113,0
Business,378.51945505781833,7.623713324470609,134,63.33550862799362,39.406472572123306,1,1,1,1,1,1,1,1,0,0,6.436183902150014,1
Pleasure,322.19757566195443,19.93689979197812,22,54.6775936017016,50.12551731969542,1,1,1,1,1,1,1,1,0,3,4.423651222163729,0
Pleasure,142.5663361136211,6.268264786705022,395,34.347966091295994,169.58840504495583,1,1,1,1,1,1,1,1,4,5,8.229064348093749,1
Business,457.28200027662325,5.157204847155006,179,108.26321101029643,20.688169775717387,1,1,1,1,1,1,1,1,4,1,8.457294979362679,0
Business,414.48743387230013,7.626879704936973,212,103.1843534289892,15.058436758653515,1,1,1,1,0,0,1,1,0,0,3.971117732712717,0
Business,492.62910223519725,8.557314245897523,284,22.639908360487762,177.01793362524387,1,1,0,1,1,1,0,1,0,0,2.7491113676971914,0
Business,105.46318894239253,1.9397954590113486,427,34.02203781160109,138.26646236332664,1,1,1,1,1,1,1,1,3,2,8.542735982017316,1
Business,411.4923156980246,5.183602304353774,31,108.51653579948558,169.4494414004279,1,1,1,1,1,1,1,1,1,0,4.889391510834874,1
Pleasure,153.05868229399067,7.538879235916012,252,86.84834781242103,62.80801067382246,1,1,1,1,0,1,1,1,0,0,7.188372696993962,1
Pleasure,460.60658208498353,19.661760041517006,239,94.85776895239675,104.10727448934841,1,1,1,1,1,1,1,1,1,0,1.9553742707325692,0
Business,69.5680662741911,17.185480276163847,178,38.40142202477883,72.90011592949334,1,1,1,1,1,1,1,1,0,1,1.0,0
Pleasure,101.67913809241679,13.091392366583808,56,70.63665477556947,153.8780157887456,1,1,1,1,1,1,1,1,1,1,4.518273488931013,0
Pleasure,362.21147557019265,18.97759917861863,443,50.89473552820971,77.65404226898899,1,1,1,1,1,1,1,1,3,3,5.958185944907678,1
Business,187.64892701412597,2.2418226007290265,387,59.12522149755014,188.5300178551916,1,1,1,1,1,1,1,1,5,1,8.412573410022425,1
Pleasure,280.9559653253004,13.567162454736659,261,113.94070698915468,187.51779576394256,1,1,1,1,1,1,1,1,2,3,8.634651649204681,1
Pleasure,361.64381687455204,12.722717856975201,259,111.56727551307615,191.30121728520936,1,1,0,1,1,1,0,0,0,0,5.476126432897797,1
Pleasure,494.5530997404915,0.7595497562572429,408,48.040978102321894,44.54571513964863,1,1,1,1,1,1,1,1,3,3,3.142283467702227,0
Business,478.12679065734824,7.075072162496559,496,98.00390714899052,213.92382430792762,0,1,1,0,1,0,0,1,0,0,4.103472916576041,0
Business,90.9066174342462,14.137665474903683,55,87.78820469630008,17.75544057493032,1,0,0,1,0,0,0,1,0,0,1.0,0
Business,152.984326464956,14.258399407400265,389,104.2598583504034,49.93409524605208,0,1,1,0,1,0,0,0,0,0,1.0,0
Pleasure,405.00893174535895,2.1365186688128124,191,22.22035166606489,147.15988780389026,1,1,1,1,1,1,1,0,0,0,3.449471502925507,0
Business,181.85831041800458,6.279716207823274,457,76.04837020062979,87.21350033954793,1,1,1,1,1,1,1,1,2,0,5.205525916745681,0
Pleasure,412.03542405664155,10.86473534530661,199,27.594432314663518,211.50928416962753,1,1,1,1,1,1,1,1,1,5,2.012115358764806,0
Pleasure,173.95924627576915,18.666195432320826,495,115.05847909120754,142.17535597472835,1,1,1,1,1,1,1,1,2,0,9.080651884067029,1
Business,183.6998136193979,19.043611332574805,412,96.07630091038833,166.17390762460153,1,1,1,1,1,1,1,1,3,1,1.0,0
Business,257.28434438131944,16.245965626286967,325,44.694692616397006,107.76219497417269,1,1,0,1,1,1,0,1,0,0,1.0,0
Pleasure,393.21594042605886,2.0068027485353412,179,75.43176544581561,93.75668504377313,1,1,1,1,1,1,1,1,2,1,5.451741645997972,1
Pleasure,289.5365501022409,14.210632774099203,267,59.84610037933666,69.3735955275789,1,1,1,1,1,1,1,1,1,1,7.745412576168517,1
Business,293.3131343680809,6.899799890647622,379,39.23572851097545,167.39591729325838,1,1,1,1,1,1,0,1,0,0,4.564232497338544,0
Pleasure,363.1286367985437,5.083980594640192,124,95.55224677170008,21.337589492199484,1,1,1,1,1,1,1,1,4,2,6.4097054633719655,1
Pleasure,256.7907368158044,4.121490827682939,460,32.977446436931025,94.54309523911687,1,1,1,1,1,1,1,0,0,0,9.471911628190359,1
Business,333.968434784476,12.941593841735742,375,106.65427115387538,189.62844605451184,1,1,1,1,1,1,0,1,0,0,1.6112820530134013,0
Business,244.50727447987575,17.37204727337366,406,87.25048173558449,33.871173864076084,1,1,1,1,1,1,1,1,6,0,2.2305876673692984,0
Pleasure,347.331208413557,10.954232624366725,289,65.76372529323565,157.5279213459444,1,1,1,1,1,1,1,1,2,3,5.365195853465451,0
Business,420.0922784332852,3.837332665754627,280,112.49734198808733,201.83565168220338,1,1,1,1,1,1,1,1,1,0,7.199410705410314,1
Pleasure,190.02367810884508,15.000919071663501,406,85.21482591882322,29.69534848625733,1,1,1,1,1,1,1,0,0,0,7.805473955027682,1
Pleasure,183.20660037412847,4.811171745935976,5,16.859847558299073,203.36365744222132,1,1,1,0,0,1,1,1,0,0,4.652844338913948,0
Business,65.75642336631391,8.710774994949036,310,49.63855168742091,15.558736051367337,1,1,1,1,1,1,1,1,3,0,5.377068965587834,1
Pleasure,79.78514581598922,12.602755291317642,443,40.21476528879098,192.75251886636582,1,1,1,1,1,1,1,1,0,1,7.720837699719082,1
Pleasure,147.12881755575762,18.71123079166779,308,62.0188366267923,130.01718803284078,1,1,1,1,1,1,1,1,1,1,8.126855665255134,1
Pleasure,349.8518318505765,12.482895066828107,180,52.89174146675554,172.1870303985365,1,1,1,1,1,1,1,1,3,3,5.445447544199086,0
Pleasure,268.7124411648565,17.822420897858187,118,112.66739507405019,95.99606733925327,1,0,1,0,0,1,1,1,0,0,6.203453062084455,1
Pleasure,299.4973618055671,16.972353968856073,125,116.92091607240701,41.168689609915326,1,1,1,1,0,1,1,1,0,0,7.791494335967925,0
Business,465.5687938769409,15.09570908727277,4,91.81567097718667,139.5399406675515,1,1,1,1,1,1,1,1,0,1,1.3758427487335787,0
Business,188.79213833178673,10.55845536005969,494,54.587290235564225,102.6560204017895,1,1,1,1,0,0,0,1,0,0,2.8596177013876733,0
Business,117.24662972937723,17.951857717836795,337,22.898422776535707,219.35770164984666,1,1,1,1,1,1,1,1,2,2,1.0,0
Business,223.3672319367159,5.569058871343449,50,38.87407752083872,227.1256417753815,1,1,1,1,1,1,1,1,5,4,7.123851997810864,1
Pleasure,417.3593921501579,3.566261975095908,115,21.785137416094155,166.2154985729922,1,1,1,1,1,1,1,1,3,4,3.1223449999242296,0
Pleasure,194.9218551314447,11.271151504540327,147,33.76742098382736,144.0183134733758,1,1,1,1,1,1,1,1,4,2,4.59880536091878,0
Business,357.9403946083647,17.939576912910404,87,25.95798049962172,198.5812382554085,1,1,1,1,1,1,1,1,2,2,1.0,0
Business,146.24695151620492,3.924441962077061,150,39.934438528134535,171.76188775038972,1,1,1,1,1,0,0,0,0,0,5.392512345174664,1
Business,167.88409270200867,15.323673635045568,11,26.554598330425094,52.13132684074215,1,1,1,1,1,1,1,1,6,1,1.6332588715239849,0
Pleasure,318.00295537755596,13.810271845383703,451,22.374168354369285,57.82999759065539,1,1,1,1,1,1,1,1,2,3,6.821114408607406,1
Pleasure,358.4376004105232,4.106371267479425,357,29.859596929244958,200.32401578408405,1,1,1,1,1,1,1,1,4,5,7.445130462237555,1
Pleasure,466.025035468185,14.095750447220112,139,113.07452542233419,89.21225238410561,1,1,1,1,1,1,1,1,2,0,1.0,0
Business,134.4871435367211,0.3915723636157775,109,95.20802467005133,141.23137978481205,1,1,1,1,1,1,1,1,1,0,7.9168051416920795,1
Business,446.44717842215516,6.277602733563938,341,113.58074565164225,73.21350032285228,1,1,1,1,1,1,1,1,2,1,4.188844128155934,0
Business,460.09813765163113,4.412883578754516,138,42.151060504359826,167.56639089856546,1,1,1,1,0,0,0,1,0,0,2.9253877511660686,0
Business,125.52295811499158,8.577967920380695,253,61.038063060609055,176.60065655917717,1,1,1,1,1,0,0,1,0,0,4.096780746626513,1
Pleasure,159.6872810292433,0.48710942535109103,19,33.25273853888036,99.78098497215728,1,1,1,1,1,1,1,1,5,3,7.921351941551286,1
Pleasure,307.6448573543495,12.337542222979678,190,91.2472939142435,235.56939512820725,1,1,1,1,1,1,1,1,4,4,6.759885836612748,1
Business,99.06598628349262,8.168240506132904,430,86.19773540155087,176.7715507510703,1,1,1,1,1,1,0,1,0,0,4.253491619575199,0
Business,72.73423610738621,9.799547738223245,338,34.7174741963384,44.006565110677,1,1,1,1,1,1,1,1,3,2,2.629727868992382,0
Business,283.59588239517,5.65827709204264,473,52.70010408086715,151.42340385741093,1,1,1,1,1,1,1,1,0,0,4.5748940716236834,0
Business,452.25592537283086,18.329435914797877,401,51.03944509839479,156.04745352498972,1,1,1,1,1,1,1,1,3,2,1.0,0
Pleasure,410.3873606531777,15.754922105597643,207,107.59491019951015,231.58502225559454,0,1,1,1,1,0,0,0,0,0,3.7381057844861076,0
Business,114.76174505603387,5.26458621028066,165,31.916121475318924,153.66551638872514,1,1,1,1,1,1,1,1,2,3,7.489242613520257,1
Business,478.3034778586666,18.39913985691316,15,49.122061677631606,62.0707800697963,1,1,1,1,1,1,1,1,0,0,1.0,0
Business,145.39174211124586,2.3462432102580455,365,34.46582886790565,30.146191813437223,1,1,0,1,1,0,0,1,0,0,7.539475438561875,0
Business,247.40590978313253,14.799361181868893,276,23.495927064062425,18.17706023563056,1,1,1,0,0,0,0,0,0,0,1.0,0
Pleasure,86.37891992681796,7.960579589097085,451,42.522494214266544,158.70586464507406,1,1,0,0,0,1,0,1,0,0,8.69236490105169,1
Business,253.8127563762394,6.716552654077585,305,73.84169066447537,28.861439656904132,1,1,1,1,1,1,1,1,2,4,7.133722885540758,1
Pleasure,394.21345411447385,19.732862573446308,385,52.63354869693062,185.05071612224725,0,1,1,0,0,1,1,1,0,0,3.007144426935055,0
Business,151.06997906301208,14.591330527649527,325,37.69091232683093,150.95160335721087,1,1,0,1,0,1,0,1,0,0,1.0,0
Pleasure,167.85714843302048,3.016152192017081,178,58.57293466699455,63.0376450939774,1,1,1,1,1,1,1,1,3,4,9.067429259563156,1
Pleasure,346.38347256071813,0.09862053754664535,77,27.590423158119524,26.598614774016617,1,1,1,1,1,1,1,1,2,1,5.4026770584457235,1
Pleasure,365.6042549263876,11.738268263016916,375,72.07902613088879,111.73420976052583,1,1,1,1,1,1,1,1,0,2,5.399468302054283,0
Business,250.7993229660912,3.604765123770446,178,106.56633285217936,39.853739875401274,1,1,1,1,0,1,0,0,0,0,7.8574925485414,1
Pleasure,433.87573351521235,13.672405231619544,440,96.19751499307995,88.62439538659073,1,1,1,1,1,1,1,1,0,0,4.1321760370772775,0
Business,278.63528088844265,11.969436111405269,123,61.28909744267104,216.7658953495456,1,1,1,1,1,1,1,1,4,2,4.031396268489303,1
Business,70.1084153245266,13.542466758128464,138,36.480456416495194,140.27667009010966,1,1,1,1,1,1,1,1,5,1,1.9874427051637826,0
Business,96.13859515495514,0.4729245046751429,153,99.38873150072357,225.80957483407167,1,1,1,1,1,1,1,1,4,0,7.487493142932868,1
Business,258.39969105088113,2.240159531830983,38,42.61392360413589,60.04315381567957,1,1,1,1,1,1,1,1,0,0,6.768391549312044,1
Business,325.68354292898204,4.7371044860272615,91,69.59207380779073,143.77204965313823,1,1,1,1,1,1,1,1,5,0,6.914120874898385,0
Business,389.17284261402625,17.318165442126702,184,22.557660750445354,140.10010103223578,1,1,1,1,0,0,0,1,0,0,1.0,0
Business,224.86720419274042,6.178442885307371,88,27.164510438698322,105.31489395610467,1,1,1,1,1,1,1,1,1,1,4.365444875425602,0
Business,354.8529156111735,8.962692401677618,442,56.654021768518696,85.09403427315895,1,1,1,1,1,0,0,0,0,0,3.2993033159828853,0
Pleasure,383.53421432043433,18.455013328113637,214,31.080513339377145,185.22027072486898,1,1,1,1,1,1,1,1,1,2,3.0773367464548014,0
Business,369.85622779167875,12.348515912904464,427,26.51951826650339,216.4541692602695,1,1,1,1,0,1,0,1,0,0,1.5055860372849401,0
Pleasure,493.5001424705734,2.36604436318683,349,17.370784994865122,92.00016790906487,1,1,1,1,1,1,1,1,3,3,1.028602876972188,0
Business,199.16975934984697,13.824955036583834,488,42.059832117376644,222.6549459222646,1,1,1,0,0,0,0,0,0,0,1.0,0
Pleasure,149.20214836443648,13.313809068365156,138,35.78846195987042,28.05191365503549,1,1,1,1,1,1,1,1,2,1,5.9169561235714925,1
Business,204.91165893631108,19.65460091586344,161,111.39404389028307,125.03154655006486,1,1,1,1,1,1,1,1,4,2,1.0,0
Business,356.56268676608266,18.632499387499188,132,44.373215913906435,9.16698483890779,1,1,1,1,1,0,0,0,0,0,1.0,0
Business,144.51053546603484,17.19493715517881,292,65.95115260530946,173.88274083643404,1,1,1,1,1,1,1,1,4,0,1.2108179333003428,0
Business,345.0098937606406,9.528990734012696,314,40.33820776881758,36.254489146751624,0,1,1,1,0,0,0,1,0,0,1.0,0
Pleasure,302.44510629637557,0.5460509921431966,454,94.22325256529226,31.81593846083183,1,1,1,1,1,1,1,1,0,1,9.832299924369314,1
Pleasure,126.48584022284666,14.6049563787221,215,109.41146387119971,218.12062242065542,1,1,1,1,1,1,1,1,1,1,6.875348596391534,1
Business,117.45109339144113,10.761797245795101,137,24.08475091975941,94.20772312956265,1,1,1,1,1,1,1,1,4,1,3.729377928987022,0
Pleasure,368.0193646318104,13.470440022714996,56,77.719653100243,218.91962772957697,1,1,0,1,0,1,0,1,0,0,3.231012750424938,1
Business,120.21963153417906,12.490108404882692,457,75.99830007798606,216.73438208738176,1,1,1,1,1,1,1,1,7,1,5.060364202715301,1
Business,479.11135022116406,2.189012544698714,251,61.20601684517166,51.07828205723247,1,1,1,1,1,1,1,1,6,2,9.035814168654401,1
Business,119.86042465512006,19.37916923265991,349,17.687797350623345,218.03294699300753,1,1,1,1,1,1,1,1,1,1,1.0,0
Pleasure,482.3765576640834,15.89883292304597,3,41.6534441050383,206.44623940644482,1,1,1,1,1,1,1,1,2,1,1.0,0
Pleasure,451.2680779564162,1.0574216501417366,3,100.90363850036536,11.278718509973022,1,1,1,1,1,1,1,1,0,2,3.579302924933897,0
Pleasure,91.19002596314009,19.927913101894546,449,22.624711558538095,42.03260283417325,1,1,1,1,1,1,1,1,0,5,6.243091195328726,0
Business,248.58831446734033,1.5032144910041034,219,101.86346582093262,123.26518138066749,1,1,1,1,1,1,0,1,0,0,6.980232579199955,1
Pleasure,261.69536351513887,15.27548387181376,290,52.00734193351365,47.11841810495512,1,1,1,1,1,1,1,1,3,2,7.232332056828082,1
Pleasure,139.2868237123809,6.193831647513488,230,43.19793372333693,151.1087611458008,1,1,1,1,1,1,1,1,4,4,6.7292660828975635,1
Business,494.46777075650164,8.891084844884416,474,21.819651347037667,43.47852194876264,1,1,1,1,1,1,0,1,0,0,2.8311643289572936,0
Business,292.89084345265036,1.8579538451047717,44,115.61998948524484,40.65368332497091,1,1,1,1,1,1,1,1,6,3,9.77945473695307,1
Pleasure,499.322337525271,16.263067144888314,372,46.823378438519825,10.609415711702978,1,1,1,1,1,1,1,1,5,0,1.0,0
Pleasure,381.2929626097444,19.073096884170763,152,65.73371661269996,118.608137751668,1,1,1,1,1,1,1,1,0,1,3.535806755629558,0
Pleasure,85.06018458454815,9.024083212866147,225,26.84883747909577,103.74223052308346,1,1,1,1,1,1,1,1,1,1,6.555973309508462,1
Pleasure,95.28714609062074,5.605106999061502,9,57.63361462407786,128.09491624607915,1,1,1,1,1,1,1,1,2,0,5.103657754338164,0
Business,122.36130553116544,2.61047961260761,226,116.91664949867656,65.29192076680228,1,1,1,1,1,1,1,1,1,0,7.58319320124929,1
Business,76.15716753342453,7.011640270740731,448,90.71621322393541,107.74189712038613,1,1,1,1,1,1,1,1,3,2,6.052493061419715,0
Business,216.08765117916715,19.837929729291748,283,89.80671506679586,115.56096568740078,0,1,0,1,0,1,0,1,0,0,1.0,0
Pleasure,453.54707127242216,17.209512774620727,448,40.973698181218815,53.844460995638855,1,0,0,0,0,1,0,1,0,0,1.6034134959297772,0
Business,410.053002554783,4.523755420092479,362,40.042923895703915,75.867874511787,1,1,1,1,1,1,1,1,7,0,7.59946983754177,1
Pleasure,366.7279902321494,7.00813260959956,180,68.03788045352262,222.4047304581283,1,1,1,0,1,1,1,1,0,0,5.472898307118945,0
Pleasure,230.69231648722854,16.572377025276467,23,92.55544470905897,138.94635880518305,1,1,1,1,1,1,1,1,0,4,5.3431401822961195,0
Pleasure,377.3272445788882,18.118731061658487,466,73.0826476665484,205.041821094563,0,0,1,0,1,1,0,1,0,0,5.621667843519221,0
Business,484.06468462647643,11.98274434854678,339,100.14971069130551,128.5641405495798,1,1,1,1,1,1,1,1,2,1,1.3447139548318399,0
Pleasure,391.0814870750196,10.213275929255193,214,84.30523992914672,11.482734456966861,1,1,1,1,1,1,1,1,4,3,6.034602396367146,0
Business,296.223150716426,6.956847626059853,243,55.263442767181864,85.14323151494847,1,1,1,1,0,0,0,1,0,0,2.3393603451986245,0
Business,492.03462101300346,11.727510105824397,444,67.22467234981981,220.9481674914643,1,1,1,1,1,1,1,1,5,0,2.6823122551058196,0
Pleasure,235.70329354624397,15.121258883699904,151,102.23664808978579,50.38900895223706,1,0,1,1,1,1,0,0,0,0,6.1440554845507,0
Business,93.06100992118553,3.5956630523514166,344,103.98284472982962,119.05765801866603,1,1,1,1,1,1,1,1,2,0,7.449057180710597,1
Business,323.1149627713126,13.702914829499171,230,106.15865535584953,84.51609941306405,1,1,1,1,0,0,0,1,0,0,1.0,0
Business,159.79530134841943,10.287386119284921,6,119.59618009317703,16.116066318973463,1,1,1,1,1,0,0,0,0,0,3.9255693911347036,0
Pleasure,385.4283713714001,0.0971740123839071,234,19.806439744036567,183.74022708397055,1,1,1,1,1,1,1,1,4,5,4.801596080487377,0
Pleasure,447.49161043224325,19.193268079301824,394,96.18617913319127,12.693129246528905,1,0,0,1,0,1,0,1,0,0,2.070915171767081,0
Business,345.3335458803712,2.3203276731419575,322,37.52201514532074,192.87237182700983,1,1,1,1,1,1,1,1,0,0,5.95285990962529,0
Business,387.11891093497877,7.715133433919512,56,85.04868204163353,35.90376595231104,0,1,1,1,0,0,0,1,0,0,2.8309179637130795,0
Business,493.839724465132,10.579793574695248,93,87.03503428613334,196.04907815379667,1,1,1,1,1,1,1,1,1,0,2.641218771049268,0
Pleasure,266.66380121522764,4.010401839936842,233,86.06177260152288,165.04004846331986,1,1,1,1,1,1,1,1,3,2,8.616157752219353,1
Business,406.3035312846362,4.030687352938063,446,30.993906112259705,228.07492909375446,1,1,1,1,0,1,0,1,0,0,5.885320341831732,1
Business,97.21785335906148,7.976455508886364,228,64.63843238470446,92.64798088570878,1,1,1,0,0,1,0,1,0,0,3.5767576703528556,0
Business,375.4729971792685,9.112830701000581,24,115.4019358611134,91.55237114262509,1,1,1,1,0,0,0,1,0,0,2.5016259725640957,0
Pleasure,164.51080815637857,16.553308480326912,103,48.738996386613564,226.20401164232945,1,1,1,1,1,1,1,1,2,1,5.26665252261632,0
Business,349.7225638666906,19.51839729057275,148,55.03225334491376,50.13904518757388,1,1,1,1,1,1,1,1,2,0,1.0,0
Business,367.7919742967916,17.635686355842445,453,118.17456658011831,182.23836229896816,1,1,1,1,1,1,0,1,0,0,1.0,0
Business,477.3763481937405,11.029241806131452,361,41.471088564107944,46.77388132834287,1,1,1,1,1,1,1,1,5,2,4.652078417556492,1
Business,161.91888305564015,9.671034755189826,87,109.99218677233141,163.3738098914614,1,1,1,1,1,1,0,1,0,0,4.272818608451586,0
Pleasure,325.7245123711041,6.808436467883201,139,54.688180115155966,129.8833155780823,1,1,1,1,1,1,1,1,2,3,6.802369699318933,1
Pleasure,62.850437947754145,14.278767753854734,452,112.51957918264348,22.28465071065437,1,1,1,1,1,1,1,1,2,3,8.213605065155692,1
Business,382.122091385296,7.62927304556742,308,34.93769646746271,125.80673576790747,1,1,1,1,1,1,1,1,1,1,4.852964457102001,1
Business,201.9309871580371,14.62033345772178,253,58.2343232298638,61.312180258235216,0,0,1,1,1,0,0,0,0,0,1.3474944219028628,0
Pleasure,221.14279065570543,13.6059969777408,84,22.391786222457295,88.02117737594364,1,1,1,1,1,1,1,1,0,1,5.664090074935282,1
Business,327.42379126934105,0.9733911684702479,18,119.62981813226756,200.05766749358676,1,1,1,1,1,1,1,1,5,0,8.546369713059823,1
Business,402.12319098427844,17.743908392640417,179,98.49864746113329,59.19956769319928,1,1,1,1,1,0,1,1,0,0,1.0,0
Business,107.30435059748669,7.440481716177767,366,93.61859732830479,9.426846292855819,1,1,1,1,0,0,0,1,0,0,4.033061031908742,0
Business,349.35594009854975,11.931390762384188,424,104.58805915261047,18.968257254847288,1,1,1,1,1,1,1,1,4,3,5.165480511348196,0
Pleasure,237.71264688187276,17.880338713978738,367,100.2530731709065,156.15994317703544,1,0,1,1,1,0,1,1,0,0,8.855766946920708,1
Pleasure,136.18898240888612,5.9007198313372555,359,66.38167081738155,173.5664255093875,1,0,1,1,1,1,1,1,0,0,8.256974067801341,1
Pleasure,388.4210862092095,19.903813612310092,37,34.28831532633952,29.42140321835341,1,1,1,1,1,1,1,1,3,4,2.163876594200289,0
Business,107.51768852311844,5.436538016187047,212,111.29245259200188,105.71676120538363,1,1,1,1,1,1,1,1,3,0,6.747658057260784,1
Pleasure,61.46249840329514,10.653810380327444,297,98.48344077222033,71.18718565787918,1,1,1,1,1,1,1,1,2,1,5.8725338208747795,0
Pleasure,386.67026459502296,6.90366545026002,156,119.37253408519341,64.37343723995157,1,1,1,1,1,1,0,1,0,0,3.8624086662097206,0
Pleasure,393.8861639724677,10.91765775690921,303,77.21031411068768,163.23904863214415,0,0,1,1,0,1,1,1,0,0,4.156945930723882,0
Pleasure,332.94714880818236,16.1670233582127,21,104.22292175231577,57.923058912442066,1,0,0,1,0,1,0,0,0,0,3.7586048411632054,1
Pleasure,486.2114047417206,12.232215982733141,282,72.1624938380912,231.82476602122972,1,1,1,1,1,1,1,1,1,6,1.146097305112381,0
Pleasure,67.63780723733804,7.4098677081015385,193,77.26830450173411,101.85774668059365,1,0,0,1,0,1,1,1,0,0,6.611272794367279,0
Pleasure,422.58266349069083,2.1379319693216314,449,107.7232682461727,82.82124924755325,1,1,1,1,1,1,1,1,4,4,7.764819004454669,1
Pleasure,159.587624482463,0.5819195871552374,252,55.64673634384325,49.228436234201595,1,1,1,1,1,1,1,1,5,4,8.355217089478009,1
Business,223.74688039675462,9.10350854856244,318,109.27313306565702,10.86518289126797,0,1,1,1,1,1,0,1,0,0,4.830755003394363,0
Business,192.16301351681807,6.747632782441208,337,63.87676070296793,52.062773341288626,1,1,1,1,1,1,1,1,2,4,6.208333672058707,0
Business,451.89594860515024,16.2918096121517,392,55.03751508890926,99.713773132735,1,1,1,1,1,1,1,1,2,1,1.0703419346160747,0
Pleasure,149.10878978994708,12.362699022798731,442,58.09539254283439,169.2219492955122,1,1,1,1,1,1,1,1,3,5,10.0,1
Pleasure,435.4804911175077,4.172037672610573,212,40.40309820554593,168.02531135556998,1,1,1,1,1,1,1,1,5,1,3.525439293838981,0
Business,169.32637311331618,0.25898376889724295,113,49.75666735240817,178.2403602376445,1,1,1,1,1,1,1,1,5,2,9.356054308127534,1
Pleasure,128.82638230121805,7.653122406894582,494,59.22616249894341,14.01405237595822,1,1,1,1,1,1,1,1,3,4,8.746651867196157,1
Pleasure,205.93559189784187,18.577073667961812,36,92.48158880269834,172.9033716000338,1,0,1,0,0,1,1,0,0,0,5.324946016097122,0
Pleasure,416.19840386764105,17.921050260189137,441,77.22473738282626,191.23498537838884,1,1,1,1,1,1,1,1,2,5,4.808218300405437,0
Pleasure,260.2493687713177,12.286770415998525,482,89.91935705733816,83.17527904661434,1,1,1,1,1,1,1,1,1,1,8.936092773755373,1
Pleasure,168.55384073263744,9.37049149044247,435,85.73513696644635,230.0042420462303,1,1,1,1,1,1,1,1,1,0,9.278179956750312,1
Pleasure,230.82678513126518,3.5979978385586286,74,56.676608256921575,205.7549703158956,1,0,1,1,1,1,1,1,0,0,7.6920328853503515,1
Pleasure,178.32772874988265,13.913864580620892,191,107.39563958316128,36.64590891117051,1,1,1,1,1,1,1,1,0,0,7.482523274857851,1
Business,431.581161479103,8.390289334517075,192,16.788241128888078,228.65163190768362,1,1,1,1,1,1,0,1,0,0,2.3846027829481717,0
Pleasure,99.13080937979389,5.06406453450333,430,24.2935247923107,58.743431453551715,1,1,1,1,1,1,1,1,0,1,8.413283981473636,1
Business,122.84902908832757,6.526086753384062,376,105.19329255363945,220.76471750662722,1,1,1,1,0,1,0,1,0,0,5.436823935728052,0
Business,413.57824679652526,11.035894910052955,63,58.53257862208053,183.12239743682187,1,1,1,1,1,1,1,1,7,1,4.489298330050716,0
Business,189.73587349442735,8.649385870658373,242,68.24699897146682,84.43947082847733,1,1,1,1,1,1,1,1,1,2,5.378700664070088,0
Pleasure,230.37439147414483,16.134352590251535,243,99.06466423596672,70.86056600042357,1,1,1,1,1,1,1,1,2,0,6.314722611637691,0
Business,262.2679583347294,15.191421221753842,261,81.15988430414593,120.51808963014757,1,1,1,1,1,1,1,1,6,1,1.8940513229953875,0
Business,206.63292627226053,14.16373953860713,444,22.400785243695918,221.52812873259518,1,1,1,1,1,1,1,1,1,0,1.0,0
Business,206.68318417261105,8.172967283824155,44,99.42532750254733,211.01312564392563,1,1,1,1,1,1,1,1,1,1,4.471530205536641,0
Business,467.86684234074386,14.446378717731392,440,87.14711204083703,137.0083425127338,1,1,1,1,1,1,1,1,1,0,1.0,0
Business,451.71150725582396,1.9243026299669497,448,91.70161040411485,52.78542727560141,1,1,1,1,1,1,1,1,7,0,8.032640416906036,0
Business,423.0887508786321,12.934516476129925,472,101.0276398140898,144.59968514053162,1,1,1,1,1,1,1,1,2,3,3.165324056116492,0
Business,264.4195995794556,11.058024914226024,9,117.95956675706307,191.123358992246,1,1,1,1,1,1,1,1,4,1,3.713409459181243,1
Business,398.1948854917363,1.103472030532484,57,105.91645974718894,214.1504508211064,1,1,1,1,1,1,1,1,6,2,8.700817680258945,1
Business,349.26456912506694,6.353045625163394,49,106.67072218326933,228.83025353476708,1,1,1,1,1,1,1,1,3,3,7.152129649891498,0
Business,182.95638345767472,2.8047474679697193,356,49.39623040327843,99.27122076304866,1,1,1,1,1,1,1,1,4,0,6.620918742394777,1
Pleasure,455.2840654295844,3.8914666325358382,87,16.779338146028184,91.40467313908773,1,0,1,1,1,1,0,1,0,0,2.241586498952979,0
Business,235.0365912613109,17.83952860980927,299,65.93135207786516,142.6111162539353,1,1,1,0,1,0,0,1,0,0,1.0,0
Pleasure,404.0589859280594,13.482434199049234,227,56.30873569855143,134.59271694040774,1,0,0,0,0,1,1,0,0,0,3.8587778410624067,0
Business,60.25248818243438,12.793436693818572,419,52.36529003519842,145.58592303681345,1,1,1,1,1,1,1,1,2,0,3.5847985395319686,0
Pleasure,203.94662414804574,17.552731513344103,200,76.69306179263019,49.83575498218207,1,1,1,1,1,1,1,1,0,5,6.398936834873188,1
Business,110.29217513175318,17.02559237500456,155,118.59419205136311,47.444686450738544,1,1,1,1,1,1,0,1,0,0,1.0,0
Pleasure,277.4027831309687,0.9550379638420603,181,70.71168233215369,127.96885139900058,1,1,1,1,1,1,1,1,4,5,9.750354785147726,1
Pleasure,76.24330522938193,14.472086965524134,59,102.94825971127754,151.2926639378979,1,1,1,1,1,1,1,1,1,1,5.282483398473004,0
Pleasure,331.28391610739146,0.6319410109885681,75,104.46901656787534,111.97809305925728,1,1,1,1,1,1,1,1,3,4,7.449918160707731,1
Business,62.06330967526344,4.520221917635157,455,25.5125225166749,121.81644681901379,1,1,1,1,1,1,0,1,0,0,5.469521385705653,0
Business,234.88107781890662,9.651920831397188,26,96.68154673419697,12.994479293926725,1,1,1,1,1,1,1,1,0,0,3.1275021161345977,1
Business,457.2934747749081,14.41439072490094,477,28.719909811723653,57.966038129438765,1,0,1,0,0,0,0,1,0,0,1.0,0
Pleasure,190.0365238385726,15.236293943268137,440,40.94411570253874,194.35462024120395,1,1,1,1,1,1,1,1,4,2,9.041773698975833,1
Pleasure,109.52563528967308,13.777335320895972,355,75.9052808269206,207.0562000926883,1,1,1,1,1,1,1,1,3,2,8.908115067136226,1
Business,77.95298189145501,15.019788766391526,165,73.31718950542887,34.99135856438235,1,1,1,1,1,0,1,1,0,0,1.0,0
Business,141.595356203039,19.504078601920035,414,111.92714210478654,195.8907477939146,1,1,1,1,1,1,1,1,6,1,1.0,0
Pleasure,331.9519968466861,4.890506160980815,328,117.75075326538114,226.72434752620427,1,1,1,1,1,1,1,1,2,6,9.4158947381966,1
Business,84.80500066167818,8.47195487777662,95,16.764836366817697,23.15355457790403,1,1,1,1,1,1,0,1,0,0,2.6080291999938243,0
Business,258.7542982925986,10.082535041536627,19,23.36142381470601,164.1214672292632,1,1,1,1,1,1,1,1,3,0,1.425975512421482,0
Pleasure,336.6974345141353,7.62862835380266,120,78.23567973108463,208.3987739940688,1,1,1,1,1,1,1,1,3,2,7.13704264897876,1
Pleasure,217.8133255292596,1.2610914893925118,144,23.326538512661756,111.57258366692747,1,1,1,1,1,1,1,1,1,2,6.4959706253763585,1
Business,403.69084898324405,17.76684360626515,403,17.531566388473276,84.32843302469647,1,1,0,0,1,0,0,0,0,0,1.0,0
Business,146.96725494358014,4.871026979588184,136,93.47184934318504,44.8848305469025,1,1,1,1,1,1,1,1,2,2,6.610385129896631,1
Business,410.5266222663841,15.560213686905982,146,112.79470149472971,26.1293130902025,1,1,1,1,1,1,1,1,1,1,1.9697072535162263,0
Pleasure,265.8790129029169,10.15122700456486,230,87.98862628715266,11.410989046267064,1,0,0,1,0,1,1,0,0,0,7.838744485617216,1
Pleasure,475.6323984900585,1.1812760098491326,358,62.83544276782684,129.0538420028891,1,1,1,1,1,1,1,1,2,1,4.6699430657261365,0
Business,96.53061445487077,14.607101701795447,424,78.50993367322918,116.03579249190246,1,1,1,1,1,1,1,1,4,2,2.0281457955712514,0
Business,427.05357011292904,0.3042963525193221,93,65.50197805425258,228.99470444691477,1,1,1,1,1,1,1,1,0,0,6.9214011050983775,1
Business,378.7804527437813,8.445988429671498,22,46.67714271182125,131.06842403608206,1,1,1,1,1,1,1,1,2,0,3.9761312220604625,1
Pleasure,248.41437736285454,19.273866228688213,228,15.183904932353906,223.86383074726652,1,1,1,1,1,1,1,1,2,4,6.532746342334442,1
Business,168.24135637246675,16.555284985378364,354,94.8092139651782,136.1363875341477,1,1,1,1,1,1,1,1,2,0,1.0,0
Business,98.34766354362603,5.422797930872925,176,118.28339536024701,137.78840813837851,1,1,1,1,1,1,1,1,5,4,7.165031645401045,1
Pleasure,138.0098878981689,3.109164411278156,322,50.56872238399441,163.23183776446862,1,1,1,1,1,1,1,1,0,3,10.0,1
Pleasure,159.21214601098342,3.6779800157507125,147,49.54457669886062,179.08948962474588,1,1,1,1,1,0,1,1,0,0,7.2540919607979335,1
Business,489.74640376595875,10.884623930616439,358,50.885654481555314,194.44693050705126,1,1,1,1,0,1,0,0,0,0,1.8004445641455555,0
Pleasure,497.61302702170406,6.393635239724194,444,31.261181341030746,47.06816830951714,1,1,1,1,1,1,1,1,2,6,1.5562505389308683,0
Pleasure,306.2939645616784,2.2315371677671236,252,42.58409580987277,124.29450505115683,1,1,1,1,1,1,1,1,0,0,8.967984282716195,1
Pleasure,334.60946934088355,15.214190772098009,336,114.85354232460443,202.73599108083326,1,1,1,1,0,1,1,1,0,0,6.202584567954722,0
Business,323.7531619760208,1.1178704252025295,66,109.26703343566541,114.34426547150699,1,1,1,1,1,1,1,1,3,5,10.0,1
Business,108.16511800491188,18.08882436842345,241,106.12695899607795,146.29470346207697,1,1,1,1,0,1,1,1,0,0,1.0,0
Pleasure,281.777816103919,19.35781606900766,310,94.62119421649383,219.88556731815657,1,1,1,1,1,1,1,1,1,1,7.454053059037494,1
Pleasure,267.9749947953698,19.667780302356963,280,22.666935998580836,9.014038880916033,1,1,1,1,1,1,1,1,0,1,5.682191702355395,1
Business,214.82455602656955,6.65361504046051,145,84.65640514330067,98.0364659753549,1,1,1,1,1,0,0,1,0,0,4.416288595899443,0
Pleasure,224.20383265475706,18.06419424201441,133,53.968709747485356,112.48240161455278,1,1,1,1,1,1,1,1,2,1,5.660028208169895,1
Pleasure,62.84961481662165,18.92855030386035,179,114.1106951659873,64.52212209112706,1,1,1,1,1,1,1,1,1,3,6.093276550900875,1
Pleasure,95.19709668597012,2.030482880147304,453,75.02040965792325,121.44805116550424,1,1,1,1,1,1,1,1,0,0,8.19002797910225,1
Pleasure,318.67362913693324,2.6580408247787135,200,21.837843950734275,49.54109602181277,1,1,1,1,1,1,1,1,1,1,6.952781576093532,0
Business,159.14942754510903,7.907101373942929,307,37.44626206355711,236.80490362903902,1,1,1,1,0,0,0,0,0,0,3.959006147093678,0
Pleasure,357.71882936054675,2.3104982898676085,155,102.69319768941092,173.5178255674043,1,1,1,1,1,1,1,1,3,4,7.708886074003127,1
Business,165.87189720460012,17.21684836163734,133,88.32953117057211,37.011598672467606,1,1,1,1,1,1,1,1,3,1,1.0,0
Business,113.5626257613238,16.219539164882683,337,20.392266224297067,65.92799616782855,1,1,1,1,0,0,0,1,0,0,1.0,0
Pleasure,179.7868262432188,4.86875017952447,337,117.39872551896933,202.14303055010518,1,1,1,1,1,1,1,1,5,4,7.844967002796162,1
Business,148.45591150170128,1.4028837853331755,218,17.925662734885943,95.40403472902709,1,1,1,1,1,1,1,1,2,4,7.932477583977086,1
Pleasure,436.52075280008546,10.932747529177178,160,80.59865644643989,192.91651274948887,1,1,1,1,0,1,1,0,0,0,3.997231112134707,0
Pleasure,212.36018064355176,7.569098981614355,266,84.27747714305133,108.00949610615376,1,1,1,1,1,1,1,1,3,2,8.624759038569811,1
Business,222.11770867495397,18.52497549240564,375,108.2815801056438,196.28104981004404,1,1,1,1,1,1,1,1,2,4,1.650710269221216,0
Business,95.90380585504508,19.674308464771002,414,69.35815535984875,7.114356972364886,1,1,1,0,0,1,1,0,0,0,1.0,0
Pleasure,185.32919689775514,16.0924264437907,403,45.72218628151996,22.30855809132246,1,0,1,0,0,1,1,1,0,0,7.38399206765558,0
Business,356.30423294649165,8.110721608131557,479,106.23007031025281,178.652050865481,1,1,1,1,1,1,1,1,5,1,5.021692639281797,0
Business,207.31526040556602,8.551576936950966,247,72.78750311424837,34.134813193425565,1,1,1,1,1,1,0,1,0,0,3.9529377032595376,0
Business,336.2235532639057,1.2397031163121053,213,41.92147870619711,174.8122558562432,1,1,1,1,1,1,1,1,6,1,7.631166079012026,1
Pleasure,268.59577784311494,16.456912986691307,142,108.45600714592587,161.12706527356008,1,0,0,0,0,1,1,0,0,0,6.382723097822929,1
Business,239.79547513881815,9.91821297432632,485,117.06988673042133,144.04053855273438,1,1,1,1,1,1,1,1,2,0,5.211718952056085,1
Business,277.57455541435206,4.906739317570297,438,24.270792943949708,10.125961209376836,1,1,1,1,1,1,1,1,6,1,7.085966552248163,1
Pleasure,390.7745870432018,5.886421073874488,114,30.977181823020306,101.8981592460588,1,1,1,1,1,1,1,1,5,4,4.847187999781379,1
Pleasure,241.55582329670278,9.022980973047314,127,60.3731026183274,27.163596385571097,1,1,1,1,1,1,1,1,3,3,6.839567707836885,1
Pleasure,432.99068602260957,8.640538926011367,103,54.94763348619729,146.42011885910466,1,1,1,1,1,1,1,1,4,4,2.8198844730923587,0
Pleasure,149.05560960949828,12.86277396928143,1,65.54180952388208,104.78111689919234,1,1,1,1,1,1,1,1,1,1,4.125152285706312,1
Pleasure,427.10448521650903,18.52033567358159,198,64.36371437707903,179.40948505231134,1,0,1,0,1,1,0,1,0,0,1.0256574917609826,0
Business,471.5747144669256,1.312338810749487,68,30.705792548485242,214.1212809398278,1,1,1,1,1,1,1,1,1,3,5.4249641555472,1
Pleasure,127.16065375770208,18.904312438546466,297,116.9186033093516,229.79724075142852,0,0,0,0,1,1,0,1,0,0,5.968472103841013,1
Business,196.36638967946283,6.485631198293158,98,98.9126574159424,54.5568084754475,1,1,1,1,1,1,1,1,1,2,6.406822157169879,1
Business,495.7665144778928,10.836150665295161,295,30.096753712680584,137.8567443768,0,1,0,1,1,0,0,1,0,0,2.1044626136979763,0
Business,493.5428959627012,3.3318434659343144,290,112.54162993151411,64.14748076909537,1,1,1,1,1,1,1,1,3,0,7.939400196165137,1
Business,490.95732326435706,2.56196207420611,396,105.99508952740716,202.82047997825885,1,1,1,1,1,1,1,1,4,0,8.036941020891376,1
Business,141.21637754104296,7.165044003732195,21,108.1091709955486,238.3223839051769,0,1,1,1,1,1,0,0,0,0,4.139927417057212,0
Pleasure,131.47892949914421,13.273938797313976,118,119.66707799862333,76.11804664212974,1,1,1,1,1,1,1,1,1,4,7.407158867423193,1
Pleasure,440.5832875869602,16.95100277044396,62,38.74070523675503,224.82761583201,1,1,1,1,1,1,1,1,0,0,1.0,0
Pleasure,254.2518814686333,12.03580776825245,41,31.158285269825754,192.3002467974045,1,1,1,1,1,1,1,1,4,2,4.888163529586463,0
Business,421.5167684596835,19.041375869712184,412,73.24269569397742,35.91494676593114,1,1,1,1,1,1,1,1,1,1,1.0,0
Business,495.02363439036844,9.193904736223843,465,55.235934524673404,194.1208687773549,1,1,1,1,1,1,1,1,5,0,4.153682296925994,0
Business,283.5896433207397,5.801365531686276,310,49.06327084904418,56.04241721139982,1,1,1,1,1,1,1,1,0,0,4.018820732009521,0
Business,172.9445127019837,2.8758261417797737,59,31.909380878053707,27.53169163715762,1,1,1,1,1,1,1,1,1,4,8.054424578220212,1
Pleasure,169.03526718599016,11.704799470494988,44,86.12499640103977,71.66970510950387,1,1,1,1,1,1,1,1,1,0,5.899954940552574,0
Pleasure,67.48182583632513,13.092251386405207,429,116.86432149009832,40.65940672966158,1,1,1,1,1,1,1,1,1,1,8.878811694162746,1
Business,231.80487461967326,9.819460652605336,98,51.283561112277006,64.74748090638853,1,1,1,1,1,1,0,1,0,0,3.292372484447325,0
Pleasure,152.95117372143127,5.669967212529901,295,113.56120179549413,150.85114172939387,1,1,1,1,1,1,1,1,2,0,10.0,1
Pleasure,289.436343610186,13.400718606385595,44,33.23950532756753,13.76331843139697,0,0,1,0,1,1,0,1,0,0,4.755178690119814,0
Pleasure,454.7326760212003,3.4174832272374256,460,91.44698296977288,106.18158966389375,1,1,1,1,1,1,1,1,1,0,4.157184603107977,0
Pleasure,205.23459696549924,1.111716450666822,250,74.35202170441251,197.87676496599337,1,1,1,1,1,1,1,1,2,4,8.92248906951023,1
Pleasure,253.62144725874194,5.58656726488776,415,32.82106469605126,118.48542536653741,1,0,1,0,1,1,1,0,0,0,7.936272061231417,0
Business,296.00457341214786,8.899899506893643,119,94.033822521396,9.045685417489022,1,1,1,1,1,1,1,1,4,0,5.278112003396967,1
Pleasure,212.11381841390175,0.48627607774202275,292,48.57160541851312,37.89349836575456,1,1,1,1,1,1,1,1,2,3,8.49336649587833,1
Pleasure,296.2152430189723,14.623719264915731,175,38.80435314033573,149.9770641217874,1,1,1,1,1,1,1,1,1,0,5.772324494868489,1
Business,113.18629692452345,3.8470512648881505,144,115.17920990490359,59.97131788750733,1,1,1,1,1,1,1,1,5,2,6.690954520990071,1
Business,157.26469897140692,16.345558654733402,143,67.10985647676024,129.606776699734,1,1,1,1,1,1,1,1,4,2,1.0,0
Pleasure,319.7536408074921,7.63101706908669,156,117.77163074154883,64.93050477547436,1,1,1,1,1,1,1,1,0,1,6.106683959473321,1
Business,304.59282989601553,10.930055988768926,274,40.28629204850706,232.86561476907778,1,1,1,1,1,1,1,1,5,2,1.9401435689542583,0
Pleasure,318.4851954345338,5.624082914573501,127,42.42625904910505,118.65701144111708,1,1,1,1,1,1,1,1,2,6,7.053745435802518,0
Pleasure,132.97240821364187,10.954673312945431,171,43.849020043888,138.4168926304578,1,1,1,1,1,1,1,1,1,0,6.126236079886526,1
Pleasure,238.43843863162522,10.923105612259054,205,77.32018585846377,63.52026043467747,1,1,1,1,1,1,1,1,0,0,8.590775160984869,1
Pleasure,167.83439643551966,17.022951821871217,41,71.86746592431017,228.52748506576873,1,1,1,1,1,1,1,1,0,0,4.687635868722075,0
Business,140.698592811139,14.007048904681982,268,73.98250651429815,202.57818396741527,1,1,1,1,1,1,1,1,1,0,1.0,0
Business,143.90634072421312,5.499933842920068,335,48.47339650983662,183.2616302499381,1,1,1,1,1,1,1,1,0,0,4.955661313920603,0
Business,295.0712281230295,9.446742391762697,355,20.091216564745878,164.20939415170793,1,1,1,1,1,1,1,1,3,1,3.3980910644222595,0
Pleasure,486.4866277533651,13.166517888807807,123,62.45431613248209,199.50310393065521,1,1,1,1,1,1,1,1,0,1,1.0,0
Pleasure,418.0539902620697,12.587604972187897,219,112.8920957904093,130.05488462432612,1,1,1,1,1,1,1,1,2,2,3.862434769881153,0
Pleasure,299.31220185429396,17.001362307890943,478,52.401051541169934,36.02807747169756,1,1,1,1,1,1,1,1,5,1,7.754131603721776,1
Business,65.22321642869376,9.974113652288295,103,118.79616272566363,86.04486093374065,1,1,1,1,0,0,0,1,0,0,2.082629031490068,0
Business,129.53665110117043,5.053246027657899,304,111.56492484344291,162.73614462393988,1,1,1,1,1,1,0,1,0,0,5.959835250153609,0
Pleasure,418.5115877549501,16.06134161367661,43,28.890785424403724,205.47115038981664,1,1,1,1,1,1,1,1,0,4,2.9679401351320416,0
Pleasure,275.4394202739381,9.228518288451845,84,16.355496924048527,39.97061400498171,1,1,1,1,1,1,1,1,1,2,6.041460826037298,1
Pleasure,100.68024972570096,4.798703556941248,72,70.21772467981978,46.918699403081796,1,1,1,1,1,1,1,1,0,2,6.7020438886603575,1
Business,349.42608508435563,16.182609149401813,240,101.84830466211427,160.9045189952728,1,1,1,1,1,1,1,1,4,2,1.0,0
Pleasure,242.60553507191875,12.38547495919368,463,62.56703613406233,83.59193303442915,1,1,1,1,1,1,1,1,7,1,9.218108933182206,1
Pleasure,366.2259671076038,3.2242620669455246,66,113.93067519658578,35.16952025380659,1,1,1,1,0,1,1,1,0,0,6.033763570471777,1
Pleasure,424.61075800425454,19.506044570441894,432,26.685788420040904,42.809328561814226,1,1,0,0,1,1,1,1,0,0,2.9579604951393152,0
Pleasure,165.25778373305027,0.8971823439092419,342,27.36975125610636,13.37636549590711,1,1,1,1,1,1,1,1,0,0,8.736326027486868,1
Business,355.4395789745804,4.417713269975428,485,41.20127944596149,177.99515736343747,1,1,1,1,1,1,1,1,3,0,5.784770659455454,1
Business,269.8916259469838,15.639060554495837,299,67.83338488634871,38.3395642691904,1,1,1,1,1,1,1,1,3,1,1.5249257812255164,0
Business,356.928071793746,5.807395797116097,396,76.23117990967923,197.15491170523902,1,1,1,1,1,1,1,1,4,1,6.469492136336874,1
Pleasure,143.13027307467902,2.7793699880296385,69,52.673654068274864,119.44625173454821,1,1,1,1,1,1,1,1,2,0,6.824867915315765,1
Pleasure,445.4826324026096,3.0921828244731397,370,30.349059077202757,172.28885047041626,1,1,1,1,1,1,1,1,2,1,4.6203565086022,0
Business,202.90023826660362,15.194871814698747,158,107.91025705352216,229.75137703369953,1,1,1,1,1,1,1,1,4,1,1.0,0
Business,88.79704760605743,14.70243386342785,258,75.18343391544605,63.32633172833059,1,1,1,1,1,1,1,1,2,1,1.7114080074771927,0
Pleasure,135.32155464462613,0.990019149881538,229,53.5323076384444,35.71025863843442,1,1,1,1,1,1,1,1,4,4,10.0,1
Business,84.65377626582439,9.886873236544796,52,58.09087709394229,177.86342623765654,1,1,1,1,1,1,1,1,0,0,2.956048237906424,0
Pleasure,167.36357052359233,10.189828361416101,476,76.43166823691331,66.82203976466215,1,0,1,0,1,1,0,0,0,0,9.412040685663623,1
Pleasure,375.0053140652642,0.6263239587625602,376,83.81754492569502,153.11884745538674,1,1,1,1,1,1,1,1,2,4,5.912246721860625,0
Business,476.6409191551242,2.2706731055638163,371,81.48271549648213,204.40456968426557,1,1,1,1,1,1,1,1,1,0,6.613869292090655,1
Business,80.20922115042391,14.161330466979427,315,115.95087363024741,75.00502386842847,1,1,1,1,1,1,1,1,3,0,2.730238064862835,0
Business,76.29266957794869,3.3546681177492776,488,47.16702319094915,43.25495313627203,1,1,1,1,1,1,1,1,1,1,7.625249479780038,1
Pleasure,466.68339096068945,12.745934188412317,477,112.92367476127832,168.59743683434405,1,1,1,1,1,1,1,1,2,0,4.629338341644156,0
Business,411.3334740777645,3.1412226133434595,327,16.871706047068628,180.83040236088996,1,1,1,1,1,1,1,1,4,4,7.0625757929437105,0
Business,283.44012991516684,6.665168066631402,126,41.48384767206653,224.08234465440626,1,1,1,1,1,1,1,1,4,1,5.162693513721925,0
Pleasure,480.10048813322044,9.079799000808057,152,114.35716967592525,217.83836446466384,1,1,1,1,1,1,1,1,1,3,1.0,0
Business,105.51786825172952,16.00111626143131,276,97.32548713182211,48.90313245561824,1,1,1,1,1,1,1,1,0,0,1.0,0
Pleasure,338.54655636701506,12.784847443977444,421,76.93479425724911,129.04320055476228,1,1,1,1,1,1,1,1,2,5,8.382944641421036,1
Business,485.5088071590898,5.180961735888037,117,24.72117856553814,125.69684290235048,1,1,1,1,0,0,0,1,0,0,3.9987215224899604,0
Pleasure,281.11772111267663,3.679977031963484,189,21.906300992625198,58.9003531084214,1,1,1,1,1,1,1,1,4,3,7.025008621245115,1
Business,85.3605828122945,13.130202095413345,118,53.068788428025165,182.30853356826285,1,1,1,1,1,1,1,1,4,1,2.3621578065219735,0
Business,75.02156172877883,19.760559747272453,477,31.867832374455762,15.625475337418418,1,1,1,0,0,0,0,0,0,0,1.0,1
Pleasure,246.53562577638422,7.258408520255739,207,99.5846866178565,216.11654794958312,1,1,1,1,1,1,1,1,1,0,9.258865396087876,1
Pleasure,370.5702914885837,11.84663990610785,111,100.20377688143216,39.49111878036399,1,1,1,1,0,1,0,1,0,0,5.553583826591779,0
Business,327.14924998401034,15.809581205004843,3,37.36815201609286,223.17295439501868,1,1,1,1,1,0,0,1,0,0,1.0,0
Business,419.0051459992946,14.058169105886186,63,65.37253111850603,79.12506768662882,1,1,1,0,1,1,0,1,0,0,1.0,0
Pleasure,414.92501097013314,11.001629743110598,103,102.61739959572776,115.55271293831285,1,1,1,1,1,1,1,1,0,3,3.2030278499460985,0
Pleasure,196.73736630135613,7.641107771846829,283,35.548088915206414,211.8381284818245,1,0,0,1,0,1,1,1,0,0,7.504138072906346,1
Pleasure,243.7427458322376,9.874918312585898,61,92.40855031895444,185.08296706522705,1,1,1,1,1,1,1,1,0,1,8.000522347985438,1
Business,199.8728718196288,14.385391178233718,125,103.15853835106336,130.73528219813136,0,0,0,1,1,0,0,1,0,0,1.0,0
Pleasure,111.81529877499375,6.552912608948125,92,119.2494600712853,21.65931146919244,1,1,1,1,1,1,1,1,4,4,6.849364011178911,0
Pleasure,129.39550345860667,6.199223239742889,75,65.41065959278177,151.18931327560676,1,1,1,1,1,1,1,1,2,0,5.532396936793068,1
Business,369.1752738839697,12.445402040891656,121,119.13201970164393,177.04155027357,1,1,1,1,1,1,1,1,2,1,2.613863732986555,0
Pleasure,194.21517101056375,18.862733301597373,446,66.5253928756079,151.61429776284123,1,1,1,1,1,1,1,1,0,0,7.709760609975249,1
Pleasure,499.0721344446562,16.007351008474988,105,51.275701593611096,199.12711511179117,1,1,1,1,1,1,1,1,2,2,1.0,0
Business,487.1147025582506,14.33592981405484,12,105.57326169939418,85.17445370972985,1,1,1,1,1,1,1,1,0,0,1.0,0
Business,160.0172014110256,10.956088078979693,76,28.722931292084198,219.65193951514095,1,1,1,1,1,1,1,1,2,0,2.5841331809000025,0
Business,265.94149996034326,8.363194175133753,90,115.63331900582358,177.85786465867815,1,1,1,1,1,1,1,1,1,0,3.834564584634207,0
Pleasure,423.4764358602912,10.508293446693527,88,63.47086653691137,196.15394078764288,1,1,1,1,1,1,1,1,3,3,2.980397434651041,0
Pleasure,443.70533607965234,12.506246178609324,294,62.910108917411584,100.25589719873554,1,1,1,1,1,1,1,1,0,2,3.6378905779113984,0
Pleasure,394.0512829476561,16.40086225804838,27,52.301000994988904,20.48170542901858,1,1,1,1,1,1,1,1,1,2,3.8040949882322277,0
Business,341.0797247567085,8.48584772449154,117,16.9934824781389,40.16976904345068,1,1,1,1,1,1,1,1,1,1,5.1901887568131935,1
Business,142.18442653020895,8.618571439166177,65,74.33670862929515,131.7451764542195,1,1,1,1,1,1,1,1,0,0,2.8935410711970277,0
Pleasure,353.3082964181271,15.436472250683984,56,106.19798463157376,186.0848359130113,1,1,1,1,1,1,1,1,3,3,6.273067820612565,0
Business,224.58554424533312,14.304144493710414,170,95.15816146127666,234.71303622328196,1,1,1,1,1,1,1,1,6,1,2.5075881373034035,0
Pleasure,262.19693560898276,4.038266731108681,35,24.899527106296276,117.62668508895392,1,1,1,1,1,1,1,1,1,0,5.721600858301157,1
Pleasure,455.66651168897766,0.20967317523839402,425,80.62764353167539,208.12897314530625,1,1,1,1,1,1,1,1,1,2,4.601813270005408,0
Business,322.5851793564599,17.34711485639814,374,16.692474799795797,107.80642627440074,1,1,1,1,1,1,1,1,2,0,1.0,0
Business,312.8951575229977,17.275708601861254,442,74.75710292230819,219.59352207661163,1,1,1,1,1,1,1,1,4,1,1.708385175271902,0
Business,77.75748646029325,3.1903616329151707,171,39.88962789523387,111.38215586808734,1,1,1,1,1,1,1,1,0,0,6.722480854959709,1
Pleasure,457.2266597121987,17.273222353061865,302,114.7471910156073,26.983787232159585,1,1,1,1,1,1,0,1,0,0,3.6175517372078994,0
Business,315.7208923642234,11.503630699853604,95,110.42296469580022,82.17786893635005,1,1,1,0,1,1,0,1,0,0,3.2052620129203895,0
Business,175.09252954801596,16.404979783475262,399,65.085511654353,165.92479327968084,1,1,1,1,1,1,1,1,1,0,1.0,0
Pleasure,447.03990743027686,6.332894196360204,484,60.65877958026181,133.28364902935485,1,1,1,1,1,1,1,1,5,4,6.875881111714099,0
Pleasure,364.2405857417487,10.533145310803736,465,36.692590939517494,152.19593529010328,1,1,1,1,1,1,1,1,4,2,5.13146373959325,0
Business,317.1016139478349,10.275081622869845,126,45.964199537682696,66.48856305027888,1,1,1,1,1,1,1,1,3,1,4.187310660638256,0
Business,206.63142632705194,17.519100653140352,19,18.06334292498223,74.87290284162276,0,1,0,1,1,0,0,1,0,0,1.0,0
Pleasure,362.0520797345691,10.137366593737765,25,83.15112255942354,109.27965959245638,1,1,1,0,0,1,1,1,0,0,4.437508935194082,0
Business,140.01924509988373,19.968399610105806,175,23.64387385304733,114.4355056667192,1,1,1,1,1,1,0,1,0,0,1.0,0
Business,305.50207806538043,1.4544264473466484,296,34.89301373869716,217.81392544055927,1,1,1,1,1,1,1,1,4,0,6.843429487814034,0
Pleasure,248.53319352433374,11.855853747143673,248,114.8797559069394,215.22053646222955,1,1,1,1,1,1,1,1,1,3,7.371833140246787,1
Pleasure,364.6387642613059,17.918522463021365,434,57.67375220932825,111.36700728605395,1,1,1,1,1,1,1,1,4,2,4.836253223621927,0
Business,382.49382427875463,15.410442528759798,460,66.9201951594777,235.61352715902675,1,0,1,0,0,0,0,1,0,0,1.0,0
Pleasure,389.31696041788666,4.449240329726725,300,97.25840467534316,215.68696507038257,1,1,1,1,1,1,1,1,6,2,6.480458583767674,1
Business,240.5288872307471,17.016029314131544,500,26.448835229895636,66.46711925748018,1,1,1,1,1,1,1,1,1,1,1.0,0
Pleasure,308.5841669810152,15.034437495105596,382,18.194554362216348,67.84829245550895,1,1,1,1,1,1,1,1,0,0,6.430281711366969,1
Business,314.99317746462555,6.224610407090177,490,20.660433321512045,46.179083189512845,1,1,1,1,1,1,1,1,3,1,4.957252431677876,0
Business,283.44568623930746,11.347968512724172,457,87.83518567597703,136.26228836930804,1,1,1,1,1,1,1,1,0,0,2.662849231225132,0
Pleasure,108.00453636486037,17.59675209033751,200,66.09552820857574,200.7410940159256,1,0,0,1,1,1,1,1,0,0,4.868172656096453,0
Business,296.08409766092234,16.143127196347475,182,87.3407251056682,139.9145267798739,1,1,1,1,1,1,1,1,3,1,1.0,0
Business,221.34297740449097,10.675270172593866,175,57.95301019810114,175.3069219079223,1,1,1,1,1,1,1,1,5,0,4.619725822510308,1
Pleasure,70.71118765242784,3.3860532721262926,48,108.7115161753646,231.72586045718424,1,1,1,1,1,1,1,1,0,2,6.593174887552359,1
Pleasure,147.1425111814889,6.8045324954865745,19,32.40337805960081,204.3824111180457,1,1,1,1,1,1,1,1,3,5,5.1156097905203755,0
Business,166.9062720248121,13.292182564035382,21,17.83139270534109,10.026585249471742,1,1,1,1,1,1,1,1,4,4,3.0622044777464836,0
Pleasure,379.4622950861598,4.142322931636553,500,41.18302023404251,52.83226231031436,1,1,1,1,1,1,1,1,4,0,6.437629141509351,1
Pleasure,176.05088260911145,2.8626557452199863,283,65.065596410757,77.57782360630311,1,1,0,0,1,1,1,1,0,0,9.12185183885648,1
Pleasure,472.62757015785087,11.892849837149718,268,77.69435172473028,64.02274124281054,1,1,1,1,0,1,1,0,0,0,1.0439968441860552,0
Business,412.00846092907267,8.046256701706959,244,90.32241640273223,123.4128364890936,1,0,1,1,1,1,0,1,0,0,3.7508038547662736,0
Business,198.25821619543703,15.944595711313806,475,80.20034630240546,5.27234025641833,1,1,1,1,1,1,1,1,3,1,1.3629503827574858,0
Pleasure,252.3452156590641,2.628929964797231,14,15.599775126955734,218.36828198078953,1,1,1,0,1,1,0,1,0,0,5.364629159524069,1
Business,243.63187964448127,8.628902673640761,42,48.06545369154141,221.6826397187619,1,1,1,1,1,1,1,1,0,0,3.3016886824443388,0
Pleasure,65.25244558206258,13.238335150339026,97,108.14307888261851,149.77796856095114,1,1,1,1,1,1,1,1,0,1,4.59055706323714,0
Pleasure,362.7285403574954,1.950413384623919,399,46.64609777506191,30.1111951671026,1,1,1,1,1,1,1,1,0,1,7.803508716659056,1
Pleasure,373.86460795800724,4.309719847848392,282,38.54569907785566,15.877674928844693,1,1,1,1,1,1,1,1,5,4,5.294375133255775,1
Pleasure,86.37179771948863,14.537017873467125,158,48.14025032159424,91.7739590243614,1,1,1,0,0,1,0,1,0,0,4.942655032899371,1
Pleasure,97.54560820019553,9.310639581744582,292,75.41803276106897,9.211915134687883,1,1,1,1,1,1,1,1,0,0,7.609634447416814,1
Business,167.90699399008443,10.99008007797652,244,106.46191819345275,204.20053026920803,1,1,1,1,1,0,0,1,0,0,2.9126798565750294,0
Pleasure,165.15548562870075,2.7957945494291647,136,82.03110543451218,14.632405593426137,1,1,0,0,1,1,1,1,0,0,8.109035976178687,1
Business,489.95157385246534,0.26443597415362063,307,98.02982371765263,82.49606421893417,1,1,1,1,1,1,1,1,3,1,9.034902624461292,0
Business,220.2689559303007,1.137178679703379,236,52.75199674390182,51.30017434264516,1,1,1,1,1,1,1,1,0,0,7.387034354513439,1
Pleasure,279.80525556436965,3.156667883742821,238,104.7342225020854,36.48691943934345,1,1,1,1,1,1,1,1,1,1,9.243394856142297,1
Pleasure,202.34188872314206,4.549138097292051,263,92.40381819524114,209.10078494419997,1,1,1,1,1,1,1,1,4,2,8.809958424247549,1
Pleasure,291.13161632022235,5.509059357400686,427,102.50080686153692,44.61658715273335,1,1,1,1,1,1,1,1,2,1,10.0,1
Business,396.5453446869643,17.23460156883796,112,34.142908072361244,221.95349227065276,1,1,1,1,1,1,1,1,5,1,1.0,0
Pleasure,63.83718688438113,18.286803470966767,380,16.680596086257886,86.26701181952792,0,0,0,0,0,1,1,1,0,0,5.051092976433317,1
Pleasure,308.75765124203053,19.352274819141275,47,96.17080153132241,194.77176521716154,1,1,1,1,1,1,1,1,3,3,5.651304975760758,0
Business,306.3619569119952,1.128052241992814,479,88.24807272431569,172.9542630609362,1,1,1,1,1,1,1,1,5,0,9.02586524147583,1
Business,106.05691995068257,0.9739631993065978,393,106.22978711242806,176.3938901537834,1,1,1,1,1,1,1,1,6,1,8.720902845900051,1
Pleasure,124.06401504214199,9.626142290075435,34,62.174082897660455,75.68615038491683,1,0,1,0,1,1,1,0,0,0,6.025647053672039,0
Pleasure,341.5193961892865,15.547105832615806,434,113.78738389323436,220.93182918040029,1,1,1,1,1,1,0,1,0,0,7.3939573800052205,0
Pleasure,129.16224374582143,17.268478578913818,249,75.51935148709654,8.580779619463497,1,1,1,1,1,1,1,1,0,0,7.251077741116934,1
Business,148.99475695552297,2.5897580920080676,223,96.98011363057975,152.73180644629363,1,1,1,1,1,1,1,1,2,1,6.160589765355095,1
Business,114.57542587544215,15.988348919715936,308,85.92252199976332,133.50164958698383,1,1,1,1,1,1,1,1,2,1,2.199162134475013,0
Pleasure,272.4353832810441,2.674946721800766,229,42.27996581335147,229.72850056724909,0,0,1,1,0,1,1,1,0,0,6.636472928690859,1
Business,176.0102354546891,17.33671448580249,157,46.986279620093164,198.15756300189113,1,1,1,1,1,0,1,1,0,0,1.0,0
Business,323.00661755243874,1.5956208113577763,145,37.98799381042185,21.453474027648515,1,1,1,1,1,1,1,1,3,5,9.49338365573435,1
Pleasure,392.0507373273908,15.574136733441135,200,100.43855599435814,76.55866822847358,1,1,1,1,1,1,1,1,0,0,4.398182008044535,1
Pleasure,337.8410973978161,2.881395022718276,100,47.54769307651694,191.26635878682484,1,0,1,1,0,1,0,1,0,0,6.067704120521237,0
Business,456.63395560708267,15.895153189706102,31,35.738299280686824,194.66614132458017,1,1,1,1,1,1,1,1,1,2,1.77311668416151,0
Business,473.5026699443384,3.8770529847230306,171,44.82971840916514,194.220255169598,1,1,1,1,1,1,1,1,6,1,5.439467245078452,0
Business,148.91511403109337,11.401649831860102,40,85.89682149515187,89.01258779776526,1,1,1,1,1,1,1,1,2,0,3.3200213370350253,0
Business,307.56910790524057,11.17234787993435,203,81.66676245983925,112.69247926499774,1,1,1,1,1,1,0,1,0,0,2.1758612858322204,0
Business,60.75989541156169,15.584888614659334,34,69.77121164872919,141.06744653088714,1,1,1,1,0,1,0,1,0,0,1.0,0
Business,451.8309563883221,15.227815852479269,475,105.05798463444583,239.60818180146128,1,1,1,0,0,1,1,1,0,0,1.0,0
Business,450.8787118843901,11.484371951534037,450,37.386084221207426,196.28816747643017,1,0,1,1,1,1,0,1,0,0,2.4755402990679967,0
Business,284.7276417157898,5.88824749401782,190,25.096104715052572,18.78858191701992,1,1,1,1,0,0,1,1,0,0,5.716800520825544,0
Pleasure,364.8119360836422,18.980439013014145,497,38.50663751251749,220.25661166548335,1,0,1,1,1,0,1,1,0,0,5.194484183746307,0
Pleasure,383.8801259815123,18.58464194630083,159,114.8169999235842,33.187543695196005,0,0,0,1,0,0,1,1,0,0,2.9038758244203855,0
Pleasure,331.5270914607805,12.155757938359555,52,116.58172369646114,36.53689022982618,1,1,1,1,1,1,1,1,4,1,6.316253597480769,0
Business,407.8756475068989,12.224937168015888,460,41.8678207717257,81.72519440177314,1,1,1,1,1,1,1,1,2,0,1.8066910145173969,0
Pleasure,307.66352890120095,11.3711254464156,380,70.94245063007436,74.03085708090472,1,1,1,1,1,1,1,1,0,0,8.351587420746393,1
Pleasure,433.5457568603095,3.669342144679746,98,79.81437595493274,83.07991377567916,1,1,1,1,1,1,1,1,1,4,3.017727711821053,0
Pleasure,450.60077216142474,7.783547198906793,152,105.80857658042787,232.8849558171993,1,1,1,1,1,1,1,1,2,5,2.735718647370229,0
Pleasure,327.6030260023336,2.8691888569435497,298,32.888006234096494,93.18977426833601,1,1,1,1,1,1,1,1,1,3,6.863781658666563,1
Business,222.70977305832216,12.375534262590929,187,58.95775851515442,222.77856422372662,1,1,1,1,1,1,1,1,5,1,2.7723629020486014,0
Pleasure,180.54559527443513,13.00969054825259,22,75.79779437495048,163.6462174310911,1,0,1,1,1,1,0,1,0,0,5.551551911721665,0
Business,274.1251191146328,15.207524215048023,356,51.65215985014849,32.45298690637512,1,1,1,1,1,1,1,1,2,1,1.2533356119675396,0
Pleasure,168.53695873069537,16.570995831768414,187,28.627086230248302,92.91490806317056,1,1,1,1,1,1,1,1,1,0,6.3803399571301025,0
Pleasure,237.16879764059232,9.325504497221077,368,68.79714815759338,191.41985940236296,1,1,1,1,1,1,1,1,4,3,7.48640481147042,1
Pleasure,99.96508513359971,6.922741945975364,101,70.06030238181802,178.3102166184513,0,0,1,1,0,1,1,0,0,0,5.8271242169407484,0
Business,197.56214063895325,12.3051449468873,43,83.95220577024556,32.744034481609056,1,0,1,0,0,1,0,1,0,0,1.0,0
Pleasure,418.2026559544799,5.797932916037276,330,106.41665291975555,98.09057707512297,1,1,1,1,1,1,1,0,0,0,5.900824196900438,0
Pleasure,447.2678106038646,3.60234073349907,123,63.23187132089673,90.33581367680146,1,1,1,1,1,1,1,1,3,3,3.7064988419305624,0
Business,470.97407111784895,19.645536872818145,320,81.11088519097275,52.44791262263928,1,1,1,1,1,1,1,1,2,1,1.0,0
Pleasure,405.64884980529075,11.966874239575962,279,107.50412269110313,105.07069247704379,0,0,1,1,1,1,0,1,0,0,4.868205548443737,0
Pleasure,302.21697934856616,5.987365149578434,255,111.76256368645143,229.34187043598752,1,1,1,1,1,1,1,1,0,0,6.069644927481107,0
Business,206.4987830612259,19.708346339021418,40,21.478661538741548,108.55342065195492,1,1,1,1,1,1,1,1,1,1,1.0,0
Pleasure,217.9782526820559,12.602601909126774,324,92.80799366165057,177.21033375026417,1,1,1,1,1,1,1,1,3,5,8.292608794656124,1
Pleasure,476.557330152281,2.018844398826345,469,59.0206756165478,79.64427281334545,1,1,1,1,1,1,0,0,0,0,2.9391668314306805,0
Pleasure,212.57633479279863,17.11537868586112,57,104.06804042416508,128.81011644362016,1,0,1,1,0,1,0,1,0,0,6.32457020527458,1
Business,360.09170822014914,0.9184722799099942,487,25.42159030636344,116.8082253991798,1,1,1,1,1,0,0,1,0,0,5.927481469601625,1
Business,318.92300403633914,7.2292044353770635,129,110.86942153422869,68.45271955716882,1,1,1,1,1,1,1,1,7,0,7.18444062562973,1
Pleasure,209.621458450728,17.5420944515024,228,75.55128829424655,200.58984912970436,1,1,1,1,0,1,1,1,0,0,5.980055985529578,0
Pleasure,136.87523732337343,12.824541244178597,44,43.46785482543141,15.279739247073518,1,1,1,1,0,1,1,1,0,0,4.991626576227617,0
Business,297.69379956018213,13.649380518040676,124,100.38160388337938,105.31573022750756,1,1,1,1,1,1,1,1,5,2,3.498609361535842,0
Business,430.86426849885316,11.13357975260205,275,49.700136999112225,174.147998311417,1,1,1,1,1,1,1,1,7,1,2.7236866891663443,0
Pleasure,79.81195850951134,8.952058632363967,440,31.3651058846565,64.56305516126282,1,1,1,1,1,1,1,1,4,4,6.038895164794167,0
Business,266.4991498170791,1.7518001846970166,153,85.78019863826081,121.12346479486442,1,1,1,1,1,1,1,1,4,4,8.114533849110881,1
Pleasure,105.30082229763073,6.34559236600543,168,44.02481585589134,145.26882292287164,1,1,1,1,1,1,0,1,0,0,5.142767745086241,0
Business,408.1495611816398,7.701978680259886,396,22.92155175523797,177.52932431548197,1,1,1,1,1,1,1,1,4,1,5.252013715182856,0
Business,388.16328528420286,9.025889687287478,380,67.73734420825946,69.62566357274048,1,1,1,1,1,1,1,1,0,0,3.63647356729119,0
Pleasure,231.98050769310933,6.974758400658891,185,106.16255805602779,117.02467862251227,1,0,0,1,1,1,1,1,0,0,7.862677388261478,0
Business,161.94338839555436,15.661042533660483,19,78.13389953771049,189.07144551288658,1,1,1,1,1,1,1,1,5,0,1.0,0
Business,233.53409916987448,7.310574331871342,460,98.89393697666596,193.2547475553263,1,1,1,1,0,0,1,1,0,0,3.9236109206039234,0
Pleasure,404.0225456120241,0.7004845509557711,182,75.96336841644232,24.16615656039482,1,1,1,1,1,1,1,1,2,1,5.5624807704890005,0
Pleasure,84.92508845938922,19.549493423379516,452,76.9106547187421,137.90142828908714,1,0,1,1,1,1,0,1,0,0,7.186580394440162,0
Pleasure,313.8475316942488,13.247177886427101,267,67.95740971914603,178.00243355551288,1,1,1,0,1,1,1,1,0,0,6.220462685643115,0
Pleasure,371.29862860305684,19.150936078223626,149,29.054015424859234,154.18754919537824,1,1,0,1,1,0,0,1,0,0,1.7323720592924206,0
Business,265.0701310854838,12.65501120166817,148,71.71295289185471,91.05138169667865,1,0,1,1,1,1,1,1,0,0,2.5926745701322673,0
Pleasure,126.9240560117431,16.784971771075192,426,118.22899033918073,197.79507022315133,1,1,1,1,1,1,1,1,0,2,6.654678126982079,1
Business,248.81403601241058,16.41460093752423,169,52.94336272143363,79.2726087399513,1,1,1,1,0,1,0,1,0,0,1.0,0
Pleasure,331.5045893072779,16.57401726493184,463,96.57198061223728,39.17523457469521,1,1,1,1,1,1,1,1,0,1,7.917387866086308,1
Business,90.6259508169217,4.809335984134004,434,67.66284727849089,161.195078923866,1,1,1,1,1,1,1,1,7,2,8.002475315994774,1
Business,273.11733913315004,5.966924562725129,203,100.1735796535153,49.094334607376666,1,1,1,1,1,1,1,1,3,3,6.55066396075892,1
Pleasure,474.81773600778496,6.932446919925617,55,96.05736265831969,130.88886769214324,1,1,1,0,0,1,1,1,0,0,1.0,0
Pleasure,205.39386409971775,16.49324754246479,36,88.9873220909873,71.65458672789819,1,1,1,1,1,1,1,1,0,0,6.22258311154356,1
Business,387.996808482586,12.167405287719927,165,58.45200330012767,178.02860840919365,1,1,1,1,0,0,0,0,0,0,1.0,0
Pleasure,349.55531783147114,6.686281421320183,332,118.8936873041827,155.77087944494596,1,1,1,1,1,1,1,1,1,4,8.377425161504112,1
Pleasure,253.78976363429123,6.398252904055943,48,51.72435082717073,196.86405543910067,1,1,1,1,1,1,1,1,4,3,7.2343525923035426,1
Pleasure,146.39435548127224,2.501222310896112,245,100.3636708558638,80.96800287273294,1,1,1,1,1,1,1,1,3,4,9.137665307344093,1
Business,290.45105339035734,9.089925377960348,451,43.74018737722642,81.7645858800308,1,0,1,1,0,0,0,1,0,0,4.279343276907374,0
Pleasure,121.97893659980747,5.425636332033063,112,26.96423811032029,94.35962282030141,1,1,1,1,1,1,1,1,2,2,8.596412848381675,1
Business,157.4317846876867,10.944730040347519,33,107.5337597807808,33.249539734020026,1,1,1,1,1,1,1,1,0,0,1.8320061512089876,0
Business,309.27733894508776,1.9041802682595432,197,45.528482681357204,110.82227612329582,1,1,1,1,1,1,1,1,3,1,8.425882877899664,1
Pleasure,324.4627476149185,10.941668922465695,232,62.85912051448622,130.89365196053473,1,1,1,1,1,1,1,1,1,3,6.621842314882314,1
Pleasure,207.17870067695262,1.365561073666175,214,52.93233619337067,146.3215447957693,1,1,1,1,1,1,1,1,1,3,9.072324157165529,1
Business,457.73239626431575,8.846894720524434,422,87.73057339367135,62.62929277318527,1,1,1,1,1,1,0,1,0,0,4.011970856145685,0
Business,441.770137975846,16.115787029558597,142,28.351792443289956,151.27857149562863,1,1,0,1,1,1,0,1,0,0,1.0,0
Pleasure,199.4279451575474,11.984100525491495,7,96.25967511998007,43.01866055976469,1,1,1,1,1,1,1,1,0,0,6.205304326926282,1
Business,166.8781773369974,7.6379550151273135,382,77.2399098440026,115.59199473954659,1,1,1,1,1,1,1,1,3,1,4.630061433451718,0
Business,485.85515839755885,17.02349930411939,88,55.60086301539719,58.57353164084564,1,1,1,1,1,1,1,1,4,1,1.0,0
Business,246.88863952303473,10.856967567366357,307,98.6679000129217,57.299891415344426,1,1,1,1,1,1,1,1,0,1,3.0239196448192365,0
Business,211.81777586629926,16.115186069250097,381,82.96433523593898,55.54596112677716,1,1,1,1,0,1,0,0,0,0,1.0,0
Business,394.6402379470448,10.93879945941707,460,65.52974207228078,237.0697447946898,1,1,1,1,1,1,1,1,4,4,4.81161513865504,0
Pleasure,421.5603879535891,19.50567011976567,410,96.00770761230709,7.896218745030226,1,0,1,1,0,0,1,0,0,0,4.797497777556566,1
Business,271.7130698036096,1.8153044643525695,393,91.67909514898206,41.474945576402405,1,1,1,1,1,1,1,1,1,0,8.57243202408988,1
Business,421.70780015641674,15.757228339303705,357,116.64091956326877,88.43113287292977,1,1,1,1,1,1,1,1,1,0,1.5866321131765087,0
Pleasure,405.747520537405,12.02363031716428,409,42.71479006958404,6.781069282224378,1,1,1,1,1,1,1,1,0,3,5.910251935988594,0
Pleasure,100.36005659183938,15.303337108719896,138,26.2313944689675,174.02411014363034,1,1,1,1,1,1,1,1,2,2,4.659813297692297,0
Pleasure,333.5312791279662,1.2435203230834913,363,96.97846278815246,238.3253947272527,1,1,1,1,1,1,1,1,1,1,9.364125109108517,1
Business,200.1759156956696,16.37762935410288,438,93.07902285504142,57.679755060825066,1,1,0,0,0,1,0,0,0,0,1.0,0
Business,177.75529554301824,9.967892585198273,100,16.360836771800052,36.593109261069124,1,1,1,1,1,1,1,1,2,0,3.0357512566814537,0
Pleasure,255.0081193708573,1.149160506201925,327,116.26554481950505,200.26581284522524,1,1,1,1,1,1,1,1,1,0,10.0,1
Business,426.8072221085367,18.618943616143795,219,91.21081115508954,61.61979722403159,1,1,1,1,1,1,1,1,5,2,1.0,0
Pleasure,88.2941158215844,17.488757943780847,94,90.99577050769425,130.01876588279666,1,1,1,1,1,1,1,1,2,1,5.619504025936872,0
Business,346.3600512383748,18.696188914688882,434,119.4918938064556,35.01242613759594,1,0,1,0,0,1,0,0,0,0,1.0,0
Pleasure,330.0050560929813,19.14783382202231,229,103.98063182686364,110.66495793698677,1,1,1,1,1,1,1,1,2,4,6.72298659600589,1
Business,325.167185338595,18.227790117882748,181,51.398517051237,223.7758327656721,1,1,1,1,1,1,1,1,2,0,1.0,0
Business,192.60196650679865,10.877447306027946,67,84.89117684187885,198.07531818832402,1,1,1,1,1,1,1,1,0,0,2.869738782204993,0
Pleasure,67.6274564579769,15.183887026673556,21,65.50125864266398,112.71634284056424,1,1,1,1,1,1,1,1,1,3,4.506189478616286,0
Business,242.01852191453065,9.599751906846723,412,50.33250594963782,169.07004773812196,1,1,1,1,1,1,1,1,6,0,3.8909450328664503,1
Business,445.3548037510965,10.259670492256399,97,17.10567211766677,91.86728360755028,1,1,1,1,1,1,1,1,0,1,2.16591603170969,0
Pleasure,135.04920854011436,4.50647986050928,420,19.86115463596145,128.68835889138762,1,1,1,1,1,1,1,0,0,0,7.646229594596464,1
Pleasure,81.88881936133092,12.737530191658752,449,102.09380643738064,19.163376932396936,1,1,1,1,1,1,1,1,0,3,7.83780903964499,1
Pleasure,228.75315619453914,2.2352638621917387,344,61.37976730533154,44.47269434981417,1,1,1,1,1,1,1,1,3,4,8.413754411418402,1
Business,161.2523807469261,10.660784533702907,250,37.34215053404836,181.04812983173375,1,1,1,1,0,1,0,1,0,0,2.49804638187236,0
Business,76.58385078346267,16.685952117077942,112,64.83473503852557,162.40166619348113,1,1,1,1,1,1,1,1,6,1,1.2937883233422878,0
Business,336.8107644106445,13.367117641516373,73,39.9408484701421,237.9313984143735,1,1,0,1,0,0,0,1,0,0,1.0,0
Business,491.1515191565012,5.077006250113132,186,40.732140898510465,128.65088539648852,1,1,1,1,1,1,1,1,1,0,5.052118038502513,0
Pleasure,281.7174873587592,0.6790370249952415,242,16.938004601549665,173.38294355488287,1,0,1,1,0,1,1,0,0,0,6.060153507774504,0
Business,424.9793432794966,8.843729409827116,7,21.68928588964537,75.71272160521048,1,1,0,1,1,1,0,1,0,0,1.9021043226436753,0
Business,60.90548663015021,12.251755502682702,132,92.15706889171102,10.827445324571954,1,1,1,1,1,0,0,1,0,0,3.132465460072326,0
Pleasure,341.00060802164853,16.166080692051416,136,33.9166752912596,20.786436866561363,1,1,1,1,1,1,1,1,1,5,3.7833616406203765,0
Pleasure,225.16018391955498,3.4193203573167708,248,16.1405780329053,30.16692612284931,1,1,1,1,1,1,1,1,1,1,8.625261817390292,1
Pleasure,226.00886866370755,9.63786933777306,182,37.70939573848397,24.136563854916684,1,1,1,1,1,1,1,1,2,2,7.1729974547954205,1
Business,389.8679375160521,2.8186204149879224,421,44.265304256504606,112.19412424915636,1,1,1,1,1,1,1,1,4,2,8.0212351761048,1
Business,270.66374390290855,2.542471939894868,141,22.565305204365327,212.52738825296723,1,1,1,1,1,1,1,1,4,1,7.21874991721275,1
Pleasure,189.18812099004157,16.986849941780285,288,29.388036636260267,180.6461812623857,1,1,1,1,1,1,1,1,1,1,6.3543906952594735,0
Business,457.2875007954972,6.455212648351949,134,90.29643691397587,100.6746603118873,1,1,1,1,1,1,0,1,0,0,4.7199995281919955,0
Pleasure,439.9760110649529,5.669010555003036,189,84.3398566803889,195.10970019324637,1,1,1,1,1,1,1,1,3,3,2.8417884635656563,0
Pleasure,370.0950967636122,9.095178820115766,340,51.02829673462651,76.9785306775035,1,1,1,1,0,1,1,1,0,0,6.0860461579800855,1
Pleasure,314.15391152886264,16.08818757097044,310,70.14392447888899,140.97768670351192,1,1,1,1,1,1,1,1,1,6,6.6672573146568945,0
Business,294.88142476294945,0.15076766482592818,54,118.72549521170355,150.84455921537094,1,1,1,1,1,1,1,1,5,0,9.050157632710345,1
Business,332.92993882196606,15.185637742291245,26,22.064447244692523,198.3482278779387,1,1,0,1,0,0,0,1,0,0,1.0,0
Pleasure,119.32362266661167,15.714401121674147,373,111.32094369995467,118.36648673310036,1,1,0,1,0,1,0,1,0,0,7.397545297905813,0
Business,131.07232514433758,17.058111922683835,101,42.685075928650555,144.85177904737262,1,1,1,1,1,0,0,1,0,0,1.0,0
Business,447.7103563389254,17.817142570766652,125,75.69463323487139,112.40083072218863,1,1,1,1,1,1,1,1,1,2,1.0,1
Pleasure,277.4318817608484,16.351962927493588,282,79.42434034911912,39.20396851909786,1,1,1,1,1,1,1,1,0,3,7.721604220328844,1
Business,84.36602031333,17.808410205635195,345,79.63052554942581,131.08515772969133,1,1,1,1,1,1,1,1,5,0,1.0,0
Pleasure,63.94242493392178,3.4488597269429255,371,73.72584466078723,187.80726088892115,1,1,1,1,1,1,1,1,1,3,7.837034971086231,1
Pleasure,491.263589167522,6.258031063933236,253,47.28189858203731,233.74003262557807,1,1,1,1,1,1,1,1,5,4,1.6562956730686351,0
Business,286.7081915116014,13.76495261440278,396,115.47389861697937,47.77923049523758,0,1,0,1,0,1,0,0,0,0,1.461199818485472,0
Pleasure,89.65250952385311,10.198115957781294,118,20.172130171098225,129.03467419026344,1,0,0,1,1,1,1,1,0,0,5.027341193081884,0
Business,427.30944473451467,9.746183141342293,226,56.59606807110251,193.7411639263979,0,1,1,1,0,1,0,1,0,0,1.0,0
Business,224.69503675832482,0.39852858044562733,79,117.73656397019364,176.82861257624486,1,1,1,1,1,1,1,1,4,2,9.09767078043371,1
Business,83.35898729955248,11.226638456869155,17,31.110194319846013,190.55684137693592,1,1,1,1,1,1,1,1,1,0,1.681258155096051,0
Business,219.11010307647612,5.709020387765342,307,88.86357459629544,229.8889113030839,1,1,1,1,1,1,1,1,6,1,7.130095372303276,1
Pleasure,174.57271614262268,5.475218465457927,295,73.90566465643522,161.47198534755952,1,1,1,1,1,1,1,1,4,1,8.519701501582613,1
Business,105.3956220539333,2.613582932705072,389,88.68634250648117,178.51452648891407,1,1,1,1,1,1,1,1,4,3,7.265182994391015,1
Business,263.16971501892,0.8985130158912891,267,74.26075462132992,152.65718314948444,1,1,1,0,1,1,0,0,0,0,7.8323325304871805,1
Business,96.30491027110499,3.3936261157970615,428,48.32266923908985,135.14184270629886,1,1,1,1,1,1,1,1,2,1,6.870069091184178,1
Business,336.8596216291725,17.951314009996953,447,75.3608414218603,77.66332634621628,1,1,0,1,1,0,0,0,0,0,1.0,0
Business,350.2087036180893,12.34866970447689,343,31.083980200699827,23.203165278258588,1,1,1,1,1,1,1,1,1,0,1.95405051169616,0
Business,308.2005795836051,13.863305508320066,157,65.06286027924558,88.19218087768763,1,1,1,1,1,1,1,1,2,0,1.0,0
Business,454.5345187302884,15.083197454394895,2,76.10362069298812,68.31425836442855,1,1,1,1,1,1,1,1,3,0,1.0,0
Pleasure,139.49377622213837,2.226736789810544,401,91.34445344606499,135.94720295868942,1,1,1,1,1,1,1,1,0,0,9.764557559919078,1
Pleasure,458.1215465648704,17.85186318713925,102,18.262286122361942,18.28666184538246,1,1,1,1,1,1,1,1,4,2,1.0,0
Pleasure,416.40411036724777,13.392116656036857,329,116.78748661771677,136.0121870117763,1,0,1,1,0,1,0,1,0,0,4.248630020548053,0
Business,113.5005448600605,9.442918969211519,295,97.9800978334683,234.51095338149622,1,1,1,1,1,1,1,1,2,2,4.182052665114455,0
Pleasure,488.92684656209536,10.660608490900092,364,21.558818042805285,138.6617269801696,1,1,1,1,1,1,1,1,2,4,1.0,0
Business,272.41605759475254,2.1193366458407104,464,56.32878636990994,102.85926177513451,1,1,1,1,1,1,1,1,3,1,7.706488273385291,1
Pleasure,178.76755310959848,14.565133291318503,301,36.26175114228775,128.5586656242358,1,0,0,0,1,0,1,1,0,0,7.479625720376728,1
Business,486.18811787624327,9.28120186781813,283,112.55333436862908,159.52083295556713,1,1,1,1,1,1,1,1,0,0,3.3435659994620073,0
Pleasure,377.1187174145693,0.2894429590787273,99,70.10702764651442,90.14284430626624,1,1,1,1,1,1,1,1,1,6,4.361142130061508,0
Business,422.8221451761349,16.27159678458058,400,86.5996212079003,190.56814520373757,1,1,1,1,1,1,1,1,0,0,1.0,0
Pleasure,493.1210798624147,11.421216381039127,436,66.06291906711174,40.63115903900437,1,1,1,1,1,1,1,1,0,0,2.954898815306199,0
Pleasure,137.83108623196017,5.2061460331456715,395,29.36284634462987,189.08801367129885,1,1,1,1,1,1,1,1,3,0,8.431736010803832,1
Business,255.44474717115511,9.399547684638165,129,68.50367613804691,181.78927555399224,1,1,0,1,1,0,0,1,0,0,2.0681012817042337,0
Business,350.1243863817877,19.543871428299266,331,32.460319913507284,199.74753136170847,1,1,1,1,1,1,1,1,5,1,1.0,0
Business,231.23154907429927,12.382319063679494,23,96.57716245094282,126.53882745894019,1,1,1,1,1,1,1,1,3,0,3.3006689123898187,0
Pleasure,186.80451254854933,10.004444959752366,494,43.90345684000166,203.69018329347128,0,0,1,0,0,1,1,1,0,0,8.566853132628614,1
Pleasure,350.22541182185864,6.287902279367417,96,59.927122639207845,79.84133197600312,1,1,1,0,0,1,1,1,0,0,3.4524325581853397,0
Pleasure,138.43196611973838,2.8069620374319038,6,80.25934033689977,230.16505063919354,1,1,1,1,1,1,1,1,0,1,5.739831090082945,0
Pleasure,438.24706351722637,14.662498507864017,352,39.335400097262514,196.6135806644669,1,1,1,1,1,1,1,1,1,0,2.214949981310499,0
Business,142.2687724326206,5.397151604577739,231,86.3668906787167,37.53148634581508,1,1,1,1,1,1,1,1,1,0,5.485891106629595,1
Pleasure,221.87265620401817,9.180614973255302,51,112.26761006348511,173.8012557079424,1,1,1,1,1,1,1,1,2,3,7.6550004196818415,0
Business,129.38429760473804,15.398978258976193,456,65.6395891560801,198.37139211473448,1,1,1,1,1,0,0,1,0,0,1.6734090246346127,0
Business,75.32319067459005,8.437411044156914,248,101.60715194422282,82.43401293063374,1,1,1,1,1,1,1,1,3,2,5.655058496017061,1
Pleasure,262.2480760894701,10.988007201487546,488,42.96400390255155,155.27580210720214,1,1,1,1,1,1,0,1,0,0,8.389330246413406,1
Business,296.65155676704967,1.7300545807638446,388,93.85114983059661,209.915580332544,1,1,1,1,1,1,1,1,3,2,8.698987005588862,1
Business,325.17487164702004,9.052366914761507,76,32.21048886823867,63.11158808521794,1,1,1,1,0,1,1,1,0,0,3.092514823230059,0
Business,238.93485679913206,0.5257400794423694,64,108.09869746293906,223.78374301303424,1,1,1,1,1,1,1,1,6,3,9.50861575873606,1
Business,240.9341162152211,14.406452015959045,260,102.95943045981069,106.47607125078962,1,1,1,1,1,1,1,1,1,0,2.0070600740832845,0
Business,452.01243281722316,1.6069959699940095,58,40.73280696934889,67.95585861473813,1,1,1,1,1,1,1,1,6,2,8.762242360359975,1
Pleasure,459.8597430198515,2.07307051005726,120,98.9595523758619,183.933788013918,1,1,1,1,1,1,1,1,2,6,3.292073631999025,0
Pleasure,126.04513116952155,13.421399497385977,114,17.101426554900925,179.8940036435247,1,1,1,1,1,1,1,1,3,3,5.860644566633705,1
Pleasure,94.82562212173538,10.995109066548697,11,99.69844533888836,57.356443618067274,1,1,1,1,1,1,1,1,2,2,6.578198378701741,0
Pleasure,496.1881624884635,9.076436474330452,255,66.2880769699737,46.422038865246364,1,1,1,1,1,1,1,1,1,5,1.4448085244537034,0
Business,437.8767895995287,13.620570597745363,360,75.23016513299244,223.42776172677242,1,1,1,1,1,1,1,1,3,0,1.0,0
Pleasure,210.93218289838177,10.345082295506913,44,70.65354461188618,110.68529716048289,1,1,1,1,1,1,1,1,4,2,6.994889194533015,1
Pleasure,392.6927431296618,13.435290918210757,59,37.65502503812816,125.16702879136996,1,1,1,1,1,1,1,1,4,2,2.9490344660485706,0
Business,118.08076434750167,5.2502503454314,358,44.355208247251426,173.56769100250628,1,1,1,1,1,1,1,1,4,1,7.245578839723236,1
Business,151.65746458422444,13.208073996151377,7,61.437680268531444,115.37954157196889,1,1,1,1,1,1,1,1,2,0,1.4116256329024386,0
Business,238.7006294079972,1.317149970472269,197,70.8552449634447,154.67182992322873,1,1,1,1,1,1,1,1,2,2,8.618163409574743,1
Business,321.14909028205363,7.070909113660666,478,62.22536713465171,122.2260404962907,1,1,1,1,1,1,1,1,1,0,6.663575579072899,1
Business,143.7036912652213,2.7986858887754518,384,81.85185808140281,165.5036332588758,1,1,1,1,0,1,0,1,0,0,6.128802901552749,1
Pleasure,254.43089722527415,4.333202766373045,237,51.18556716671999,123.47423153395327,1,1,1,1,1,1,1,1,3,3,8.19824532134275,1
Business,483.557083860185,1.3571118672232996,224,67.65256460764057,113.83116031878167,1,1,1,1,1,1,1,1,2,1,7.105270354806985,0
Pleasure,195.5406051193677,5.257739194060589,220,70.28277772260525,143.88275337960883,1,1,1,1,1,1,1,1,2,1,9.234351200954787,1
Business,366.5938236252377,14.76680099156858,417,24.846737837612974,63.59349662402184,1,1,1,1,0,0,0,1,0,0,1.0,0
Pleasure,447.94543273156216,11.985353578722929,191,43.143829941303665,217.32123979122923,1,0,0,1,1,1,1,1,0,0,1.6768142265141626,0
Pleasure,138.6455205960173,16.379348675763325,349,46.09531733610551,9.580549270591511,1,0,1,1,1,1,1,1,0,0,8.558654840690817,1
Pleasure,382.38118672924537,6.1279866500041935,406,98.32620175944571,91.47696097687385,1,1,1,1,1,1,1,1,0,2,7.271132251611015,1
Pleasure,134.19000863090392,19.654017942299184,314,89.3998251474647,174.6406881665561,1,1,1,1,1,1,1,1,1,5,8.645273632922295,0
Business,88.21318887450528,2.6658982376289586,269,42.33961697928429,146.9368471269919,1,1,1,0,0,1,0,1,0,0,7.5697936627359965,1
Business,193.19150634767018,19.461542816155323,86,51.17340146302698,34.13788958569384,1,1,1,1,1,1,1,1,4,0,1.0,0
Pleasure,213.07107277869684,2.0259253580105296,482,112.2898089852689,67.26885402266316,1,1,1,1,1,1,1,1,3,2,10.0,1
Business,471.12952755252456,15.78422730112386,245,64.25623841562108,157.63605015295414,1,1,1,1,1,1,1,1,2,1,1.0,0
Business,247.42632319273255,9.146157423993433,468,109.51908037753984,30.709896348954313,1,1,1,1,1,1,1,1,1,0,5.065040894350609,0
Pleasure,373.78745265487396,16.470413429771725,188,97.50813061302564,147.53330407313675,0,1,0,1,1,0,0,0,0,0,4.180695914611752,0
Pleasure,293.83659084470537,15.238445664161848,56,44.46586371618494,29.77715362263886,1,1,1,1,1,1,1,1,0,2,5.5910633846989874,1
Pleasure,130.92349319602508,12.56881443868571,364,85.56231131092785,8.789545441743215,1,1,1,1,1,1,1,1,1,1,7.8799262462598625,1
Business,367.16599120449985,14.175006716844123,417,108.10052327865056,7.928958308101316,1,1,1,1,1,1,1,1,2,3,5.054294667926717,0
Business,467.6078988436633,8.333832277994592,365,27.908720830162082,32.37492792878297,1,1,1,1,1,1,1,1,5,0,5.845975136906324,1
Business,272.4148354870469,13.963668029926946,270,94.4837211435117,99.3509705817835,1,1,1,1,1,1,1,1,3,1,3.561072655975412,0
Business,144.42722578714842,7.800438058455494,72,34.91232368748367,77.24029243868156,1,1,1,0,1,1,0,1,0,0,3.312498684704036,0
Business,81.29896975756134,17.705767283514884,142,88.9747575086222,191.1180851774211,1,1,1,1,1,1,1,1,6,1,1.4117117114982531,0
Pleasure,233.80784864109617,9.436907322023206,57,88.71040553700107,234.69062357606367,1,1,1,1,1,1,1,1,1,1,4.775834272293653,0
Pleasure,423.8967516462875,19.69859282663596,433,82.49669578170543,48.57538441462439,0,0,1,1,0,1,1,1,0,0,4.609335893247281,1
Business,204.3904811818613,9.5250298958806,382,82.00681127503242,89.9173981838257,1,1,1,1,1,1,1,1,6,2,5.727933333047802,1
Business,295.13176530461885,16.14753855785182,317,30.90913698101295,186.80713907095546,1,1,1,1,1,1,1,1,2,0,1.0,0
Pleasure,174.04516943866952,11.663053337506257,500,115.73037747204398,47.298925875224754,1,1,1,1,1,1,1,1,0,4,10.0,1
Business,124.32158126947019,19.176786745739555,133,99.86039676830609,213.96112380930717,1,1,1,1,1,1,1,1,1,1,1.0,0
Business,229.50520989602356,10.413280634049777,463,71.98424687820815,60.438675511186595,1,1,1,1,1,1,1,1,4,0,3.923612235042018,0
Business,305.1419989755151,3.104770636538321,432,86.4048892400144,67.33073084712196,1,1,1,1,1,1,1,1,1,0,7.847224020103822,1
Business,389.1092358348539,3.577928615298467,259,101.38400065326971,132.15312274151802,1,1,1,1,1,1,1,1,9,0,6.952755483876851,0
Business,362.88660669685504,16.505689740628053,483,90.05634918224563,151.17505440530303,0,1,1,1,0,0,0,0,0,0,1.0,0
Business,153.13904481229895,6.416456713338555,286,71.64855122352675,173.93599807014644,1,1,1,1,1,1,1,1,1,2,5.8339837792065605,1
Pleasure,419.40944334905663,7.751618456243783,6,99.48318035865972,205.12498204373256,1,0,1,1,1,1,0,1,0,0,1.270242770051121,0
Pleasure,251.52706901382496,0.4170256262491634,190,17.286759480856833,195.834299077448,1,1,1,1,1,1,1,1,2,0,6.785060274762959,1
Pleasure,463.4660401008947,8.654511318952917,193,37.68839781965543,21.630039378890764,1,1,1,1,1,1,1,1,1,4,2.7701697609610685,0
Pleasure,409.0466975838524,3.5938489782393224,388,39.05972454686826,46.56522352544357,1,1,1,1,1,1,1,1,0,0,4.240369363480804,0
Business,192.3773597827794,0.27872463114626767,15,62.263271064884066,92.98448321831724,1,1,1,1,1,1,1,1,4,0,9.714505519821977,1
Business,222.65654805524608,10.052709178531643,488,48.24717318207695,9.009699953239412,1,1,1,1,1,1,0,1,0,0,2.77393458883787,0
Business,135.16964587824197,9.40899817114655,139,69.82711855524965,156.9727967036911,1,1,1,1,1,1,0,1,0,0,1.685665158713648,0
Business,488.59066584960544,12.439487453890994,84,44.31421696751734,170.77160355281686,1,1,1,1,1,1,1,1,3,1,3.0161974277196104,0
Business,276.7419416607723,10.510566369019699,36,19.290686575607534,37.78062555138834,1,1,1,1,0,1,0,1,0,0,2.8334516562947174,0
Pleasure,282.78594304060965,6.94714748230594,252,104.0662861565961,207.35920433578724,1,1,1,1,1,1,1,1,3,5,8.937403123274878,1
Pleasure,242.8902334864465,15.48513996587084,437,36.90586268458687,55.049110182775266,1,0,0,1,1,0,1,1,0,0,8.102251362378803,1
Business,387.7950823398944,5.506658370500029,350,39.51322587565838,21.9070874234379,1,1,1,1,1,1,1,1,5,0,5.606841625064676,0
Pleasure,159.87450266594456,18.86709794968374,50,100.2345435342362,133.18993164644831,0,0,0,0,0,1,1,1,0,0,6.278739908349436,1
Pleasure,338.0073580628406,4.73441561938174,160,25.619323347234594,143.44309132389466,1,1,1,1,1,1,1,1,0,3,5.944414652195872,1
Pleasure,321.4651486998177,10.961859614350294,394,113.91868398103117,50.136967073684666,1,0,1,1,1,1,1,1,0,0,6.4056815721814315,1
Pleasure,455.4386310925505,11.682484276564356,316,52.25735142906998,12.397920986441164,1,1,1,1,1,1,1,1,0,2,2.569046183591009,0
Business,90.1166969057848,6.1785977480298655,475,54.59704113017045,109.8400066257113,1,1,1,1,1,1,1,1,1,1,6.694910501429159,1
Pleasure,103.59089287415189,1.140515206505457,455,118.8270230175961,59.386852865559106,1,1,1,1,1,1,1,1,2,3,10.0,1
Pleasure,203.4832259871265,9.548757243166579,462,112.01626511199713,51.31595081751285,1,1,1,1,1,1,1,1,2,1,10.0,1
Business,159.60955941403603,2.293421641907334,10,23.196634079675658,38.518839698422106,1,1,1,1,1,0,0,1,0,0,6.05260017692364,1
Business,401.89139924645025,12.238413791765057,461,68.82059855780864,113.7784675324786,1,1,1,1,1,1,1,1,1,1,2.0963301583847236,1
Pleasure,311.81626970812374,8.838255534087867,210,79.38603540462583,193.43736982530064,1,1,0,1,1,0,1,1,0,0,6.742176227607004,0
Pleasure,120.40679704503367,18.008553084758198,164,56.39197836294362,81.17203998921102,1,0,1,1,0,1,1,1,0,0,5.212089938504994,0
Pleasure,466.9486797924334,14.28227387046904,459,72.67372553535893,164.5710527350514,1,1,1,1,1,1,1,1,2,3,2.8892052821561083,0
Business,228.41944316207955,3.2564519299438244,122,85.86692634851448,63.84789485701065,1,1,1,1,1,1,1,1,3,1,7.214200645746697,0
Business,124.05786363321853,1.5596873826815272,122,106.40044924400743,193.05793867344465,1,1,1,1,0,0,0,1,0,0,6.995250051508792,0
Pleasure,183.8244310840328,7.25192038603566,148,79.93948686846406,66.06790159433483,1,1,1,1,1,1,1,1,3,1,7.448598129783613,1
Pleasure,227.99022288298693,15.60903446702283,449,89.42778658918964,123.08899878514012,1,1,1,1,1,1,1,1,0,2,8.994894080465716,1
Pleasure,60.28549192598995,14.279987383561268,491,70.27825095431614,160.4352628555134,1,1,1,1,1,1,1,1,0,1,6.529514713681991,1
Business,405.202617794667,7.922052177798376,118,79.5132988360494,176.83730781338656,1,1,1,1,0,0,1,1,0,0,5.046139885798707,1
Business,436.02879566271105,14.769987545601538,458,42.19058694200935,151.30481359198777,1,1,1,1,0,0,0,0,0,0,1.0,0
Business,497.096538746065,12.975845761892248,274,72.72554995157844,237.84673860055227,1,1,1,0,0,1,0,1,0,0,1.0,0
Pleasure,60.82617245938492,13.103625357503592,306,65.40631222116878,24.766918652153112,1,0,1,1,1,0,1,1,0,0,5.803831535718203,0
Pleasure,117.92506474016973,4.372212721484452,274,92.28579452657098,45.5519713775056,1,1,1,1,1,0,1,1,0,0,8.535878028781525,1
Pleasure,178.77399068861274,19.34435077128359,183,78.83251121152566,162.69514389739012,1,1,1,1,1,1,1,1,1,3,6.629873709870468,1
Pleasure,181.92038763438433,12.075372153933532,200,63.51518587463849,132.59150230230426,1,1,1,1,1,1,1,1,3,5,8.025168460703327,1
Pleasure,269.65812701950756,6.287762878729719,142,37.93368073186887,215.77233749502415,1,1,1,1,1,1,1,1,4,1,6.349717958851843,0
Pleasure,199.57536373241226,15.021359775695913,212,74.69239957855743,235.67512079232418,1,1,1,1,1,1,1,1,2,1,7.189063017427493,1
Business,356.09257092534284,5.715077640693975,299,21.339582448732564,205.17533893715262,1,1,1,1,1,1,1,1,5,3,5.362124004988445,0
Pleasure,165.62683160429756,14.083001401320914,417,66.62298086399011,101.14090268424432,1,1,1,1,1,1,1,1,3,4,8.65713648929472,1
Pleasure,299.0222821178472,6.108784880449063,390,89.9410566894202,97.1097919523892,1,1,1,1,1,1,1,1,4,4,9.008922781735045,1
Business,275.6025764639455,7.66894693744629,447,39.30605667891527,158.98384820872536,1,1,1,1,1,0,0,1,0,0,3.7901687328265594,0
Business,332.8317556498507,0.8860991233486071,431,35.86541491082921,39.03474167744118,1,1,1,1,1,1,0,1,0,0,7.581366876229214,0
Pleasure,434.1627574997699,12.99761197102933,102,87.8522944557077,65.68871755773965,1,1,1,1,1,1,1,1,2,5,2.541301176144916,0
Business,151.6276649354345,3.3755731712603665,196,102.31433091094384,118.91970607362622,1,1,1,1,1,1,1,1,6,3,9.717912681860243,1
Business,430.7167747429581,1.0099221139754966,458,50.65978409310522,134.63292037890375,1,1,1,1,0,1,0,1,0,0,8.461490182631467,1
Pleasure,172.43853825534728,16.704330039550808,195,36.02453690228649,122.29463677217167,1,1,1,1,1,1,1,1,2,3,6.39653684184805,1
Business,156.22059947398213,4.158083322335293,168,31.819697574209542,30.16630386693868,1,1,1,1,1,1,1,1,4,2,7.843397585624633,1
Pleasure,436.30642303380336,6.0938136653835535,320,39.27062059285575,209.64346107535482,1,1,1,1,1,1,1,1,0,1,4.548688606306443,0
Business,299.8218364767942,18.214942852579963,400,102.60006124303456,169.73661221018722,1,1,1,1,1,1,1,1,1,0,1.0,0
Business,80.41241743405902,18.83763323644726,242,41.64131761293203,139.70270494053054,1,1,1,1,1,1,1,1,5,1,1.0,0
Business,475.3886567153579,1.089231966678863,465,82.30442112461948,15.685277542303373,1,1,1,1,1,1,1,1,1,0,7.905699103001596,0
Business,205.4820856856435,13.440324926288362,195,88.8217539718524,62.06671077582958,1,1,1,1,1,1,1,1,3,2,2.3738544952303555,0
Pleasure,317.32349096488485,14.785707282679073,337,84.53500286303763,74.74045129497978,1,1,1,1,1,1,1,1,0,0,6.5691212042051905,1
Business,83.40016117549136,13.685812250073859,23,47.50565251316356,149.75351676798306,1,1,1,1,1,1,1,1,1,1,1.0,0
Pleasure,254.65421007665873,2.9467978271742434,356,35.06030785194243,88.80339239033493,1,1,1,1,1,1,1,1,1,0,6.965933259106957,1
Business,196.58018222267657,4.405291132759219,213,18.049135058073258,68.90532214336137,1,1,1,1,1,1,1,1,7,2,7.7427613797689325,1
Pleasure,225.82517004218684,1.5568369962289519,58,83.72529767660967,74.58173899085445,1,1,1,1,1,1,1,1,3,1,8.368743246840179,0
Business,247.0873942253382,15.616689069494534,29,82.8003438809032,77.73437062802492,1,1,1,1,1,1,1,1,1,1,1.9088058812270463,0
Pleasure,256.66578473510003,13.970609531534784,338,34.227097746103354,165.0864876099376,1,1,1,1,1,1,1,1,3,2,7.333054370880591,0
Business,151.1542417797004,11.161758262350672,334,84.13489600764031,14.34455581723488,1,1,1,1,1,1,1,1,4,2,5.334444145520955,0
Business,332.9656093024326,18.436756764132262,122,17.32433427694489,231.6523191134327,1,1,1,1,1,1,1,1,3,1,1.0,0
Pleasure,155.58511400915367,2.844338401852644,172,77.5448236446847,137.48745576135263,1,1,1,1,1,1,1,1,2,6,7.655519041689133,1
Business,326.8459738745665,3.3299840485305854,371,83.87692411660379,186.43479165497422,1,0,1,1,0,1,0,1,0,0,5.5796964858535505,0
Business,497.74328014808924,16.791703051385554,301,119.58993481962499,233.73391906704194,1,1,1,1,1,1,1,1,3,1,1.0,0
Business,87.68877368312683,15.683820217122515,76,47.99401666582683,81.63369223761906,1,1,1,1,1,1,1,1,0,0,1.0,0
Business,220.62181357227624,4.708828523819011,274,28.55070412672882,155.13366988817765,1,1,1,1,1,1,1,1,0,0,6.246665329811913,1
Business,87.03787419865334,14.70936628004782,21,66.57771945092148,150.9993377481721,1,1,1,1,1,1,1,1,0,0,1.0,0
Business,146.8085304734853,4.792095547994933,154,76.13752658648765,167.4547067235649,1,1,1,1,1,1,1,1,3,0,7.311158216279943,1
Business,414.41001700413227,17.71908503374043,387,111.04487258436528,47.93071381141459,1,1,1,1,1,1,1,1,7,0,2.4900022163473463,0
Business,86.92662762817355,17.24478479311304,216,90.98944977908963,142.21828738264995,1,1,0,1,1,1,0,1,0,0,1.0,0
Pleasure,62.220925138557945,17.518967029806817,343,84.59901063613285,27.75344466440661,1,1,1,1,1,1,1,1,3,3,6.431930472462885,0
Business,406.7747059370997,2.868653505135632,162,62.742764328150066,117.89699327358852,1,1,1,1,1,1,1,1,1,0,6.218973676676057,1
Pleasure,466.4970677735722,5.749262176806167,484,82.369008920932,203.9609302061314,0,1,1,0,1,1,1,1,0,0,3.338268193480665,0
Pleasure,286.342175910739,19.227788716371595,328,100.45579285013781,158.69744251126383,1,0,1,1,1,1,1,1,0,0,6.494712369675157,1
Business,159.29084971620642,4.0725329793809495,214,82.63672497669528,14.808905430672592,1,1,1,1,1,1,1,1,3,1,7.397257456601023,1
Business,251.75328535647307,19.396516507726606,166,28.864833793461198,95.29407492463153,1,1,1,1,1,1,1,1,0,0,1.0,0
Business,107.63554709500096,9.733678667377516,327,101.38104611783199,49.96762661799063,1,1,1,1,1,1,1,1,4,1,4.2514863037807995,1
Business,434.28387702906986,15.614199936301327,360,79.15172261718773,108.46308266435547,1,1,1,1,1,1,1,1,4,2,2.0181014606439582,1
Business,225.28326693078444,5.836214250868952,384,48.137996994211186,126.15807113128088,1,1,1,1,1,1,1,1,5,3,5.4843414956259995,1
Business,297.63242409366757,16.564464811373657,79,33.7907626091,14.626395510497982,1,1,1,1,1,1,1,1,0,0,1.0,0
Pleasure,138.02916218385383,10.831508269061587,124,48.03661744348105,215.0456668543557,1,1,1,1,1,1,1,1,2,2,8.631305580450858,1
Business,309.9406914539634,17.635117376010857,272,55.02477140841537,235.39109584675785,1,1,1,1,1,1,1,1,2,1,1.0,0
Pleasure,455.82641707166925,19.900617773822585,26,70.80575814010079,201.68175136032744,1,1,1,1,1,1,1,1,3,4,1.0,0
Business,276.1925564220782,15.60049391416131,412,17.08891179872431,51.75338014149465,1,1,1,1,1,1,1,1,4,0,1.0,0
Pleasure,300.78818941242696,6.07149669437637,247,70.33874953294705,102.38907560366407,1,1,1,1,1,1,1,1,1,1,7.059826862061055,1
Business,422.8011844298342,12.454934179669166,67,68.87489197795183,182.86596289384136,0,1,1,0,0,1,0,1,0,0,1.013862829994771,0
Business,230.9231486256562,18.90829809515685,254,113.15436461471232,143.6404347937633,1,1,1,1,1,1,1,1,5,2,1.6950563228037279,0
Pleasure,262.99401444651585,16.38568190455622,413,25.28702999890457,237.3843488911599,1,1,1,1,1,1,1,1,0,0,7.067913937702682,1
Pleasure,333.0654786061035,1.393521217798992,401,111.66864285432769,230.46359446834543,1,1,1,1,1,1,1,1,0,5,8.61779219931582,1
Business,252.8351949540662,10.01204314958834,289,115.0415872313809,85.90597230551923,1,1,1,1,1,1,1,1,5,0,6.149066322188489,1
Business,198.25986085602358,15.434911907414818,25,19.914571163778703,131.03931634522021,1,1,1,1,1,1,1,1,2,5,1.0,0
Business,349.54239253405103,16.156558737371746,471,59.29620493956874,138.3663301023513,1,1,1,1,1,1,1,1,0,0,1.0,0
Pleasure,81.23810931360119,8.822589829684064,440,56.08773102543885,80.5735966881786,1,1,1,1,1,1,1,1,0,2,7.01663423140756,1
Business,66.49855278105854,9.541057799693924,228,113.88402963948901,204.9928152046308,1,1,1,1,1,1,1,1,4,2,3.999237555247191,0
Pleasure,63.04680358494573,8.764887153603386,360,15.803537114990345,134.8888606654118,0,0,1,1,0,1,1,0,0,0,5.8135163718875225,1
Pleasure,474.2610334719226,15.801361364579968,375,40.31402272762236,54.044969642498955,1,0,1,0,1,1,1,0,0,0,1.0992091383992528,0
Business,113.35641502696369,3.9495214403166368,360,73.87824247133727,34.280782292566265,1,1,1,1,1,1,1,1,7,1,8.727446206582776,1
Pleasure,435.24128872173645,13.359575713668194,483,23.601624386363216,183.94927310004903,0,0,1,0,1,1,0,0,0,0,1.4593989192338261,0
Pleasure,197.9141783021658,11.095772611977555,172,52.6162377361611,52.95959038310194,1,1,1,1,1,1,1,1,1,3,6.816991156116442,1
Business,128.69138897220327,5.559405145549723,343,100.10756671070153,14.275907193699915,1,1,1,1,0,1,1,1,0,0,4.285587132176614,0
Business,175.12080769645294,19.79828422549978,378,22.969646190784918,71.87755368742401,1,1,1,1,1,0,1,1,0,0,1.0,0
Pleasure,387.85335846021223,8.714482141575225,301,30.91475599947683,175.55735449285393,1,1,0,0,0,0,1,1,0,0,4.094343459150889,0
Business,382.7043511921286,13.490223922154705,52,53.33050725439242,236.08536635404707,1,1,1,1,1,1,1,1,0,0,1.0,0
Business,469.4397987884351,15.072893363203592,490,39.719404963489694,85.82894205290516,1,0,1,0,0,0,1,1,0,0,1.0,1
Pleasure,316.5961998364461,11.689705560537378,397,107.68323912303774,229.69820435372955,0,1,0,1,0,1,0,1,0,0,8.53703405702034,1
Business,456.69673278641164,18.522061740516698,334,71.16374363758344,15.76951487522841,1,1,1,1,1,1,1,1,1,3,1.0,0
Business,284.7296034467468,2.7056716005201387,489,93.62127890943971,118.59841793974802,1,1,1,1,1,1,1,1,1,0,7.743512955967704,1
Business,254.28920817724716,16.007351938560014,222,36.518712497168764,56.64494374788619,0,1,0,1,0,0,0,1,0,0,1.0,0
Business,190.67732616555833,4.936489837178895,5,74.35225746017069,17.759144435257944,1,1,1,1,0,0,0,1,0,0,4.738970362847195,0
Pleasure,262.1668224314831,6.148090597611473,300,113.7070678678828,55.618411305685434,1,1,1,1,1,1,1,1,4,3,10.0,1
Business,436.87477784090925,13.848119519854878,370,89.17436890136268,192.84275095000962,1,1,1,1,1,1,1,1,4,0,2.3605592216604685,0
Business,120.31999634938384,11.587695600298904,313,22.003825448638548,83.63516749296875,1,1,1,1,1,1,1,1,0,0,3.0199893638540285,1
Pleasure,401.23191182235644,4.273778159099875,355,117.33241146137321,129.51874786428655,1,1,1,1,1,1,1,1,6,2,6.043799978944125,1
Pleasure,151.16747376379865,9.58083096655763,25,100.26274153773468,117.76543525106936,1,0,1,1,1,1,1,1,0,0,6.715288106196303,0
Pleasure,275.06093704696076,12.564889965016583,392,62.60949360555626,62.34316427560618,1,1,1,1,1,1,1,1,3,3,10.0,1
Pleasure,366.7881379232625,6.8321444119371755,249,50.343151745539245,75.4502960976202,1,1,1,1,1,1,1,1,4,4,5.266851750243769,0
Pleasure,170.66143200378372,13.216597137215423,293,70.06107247226795,222.18062621288468,1,1,1,1,1,1,1,1,3,3,7.653091514506905,1
Pleasure,355.2394427260614,16.31265186614187,19,38.36717851548747,59.338445173351545,1,1,1,1,1,1,1,1,1,0,3.388404213627632,0
Pleasure,266.42047242599034,14.358775204191105,331,15.941356445950637,32.69962298479449,0,0,0,0,1,1,0,1,0,0,5.25256320597667,0
Business,323.7675741310852,13.210906199720574,356,90.16731749289595,48.1144344723817,1,1,1,1,1,1,1,1,2,0,3.9147549067891227,1
Pleasure,484.21828502569724,1.1942605157901154,62,32.97689629174236,33.41835094464819,1,1,1,1,1,1,1,1,1,4,1.0,0
Business,407.7486789412864,0.9244519521933126,113,42.27903095168571,219.10568611911862,1,1,1,1,1,1,1,1,4,4,9.164175333407965,1
Business,206.91624066271578,10.115996050618968,447,40.74528137077377,194.43511195650768,1,1,0,0,1,0,0,1,0,0,1.4630073001618147,0
Pleasure,399.06756619703185,10.374869986528942,302,117.41055691407992,174.3149659524019,1,1,1,1,1,1,1,1,0,0,5.806886576117875,0
Business,440.60759772692666,6.488324827596781,443,50.2231700565743,168.88241194864662,1,1,1,1,0,1,0,1,0,0,3.9348811148226837,0
Pleasure,482.34249134882134,14.035065186280596,25,115.64906733891722,9.534927541577348,1,1,1,1,1,1,0,1,0,0,1.0,0
Business,325.58989264764926,9.46962618356826,346,82.96055899793691,103.62547351541207,0,1,1,1,0,0,0,1,0,0,3.0738189392014306,0
Business,399.1633678341198,11.056105230902673,354,75.67984948338902,112.62278987504965,1,1,1,0,0,0,0,1,0,0,1.186873518577786,0
Pleasure,149.91031435504533,17.483211812350746,138,75.68289946338419,153.90187275336115,1,1,0,0,1,1,1,0,0,0,6.4229980405709055,0
Pleasure,426.8020628225178,19.467987384385136,123,94.57494353210843,202.26776149297459,1,1,1,1,1,1,1,1,3,3,1.798476088783409,0
Pleasure,302.0668612247054,4.468489901702717,142,97.67033148095773,225.91368951803847,1,1,1,0,0,1,1,1,0,0,7.300142424301977,0
Pleasure,104.36274999673711,0.8673839423297425,74,63.768688044799426,167.78471624758214,0,1,1,1,1,1,1,1,0,0,7.580115782800594,0
Pleasure,119.65493732565028,4.720377342810222,241,107.77749081215654,27.169381339303147,1,1,1,1,1,1,1,1,2,3,9.366976482299691,1
Business,413.9380624674563,19.635835164708503,108,102.97730364148737,76.17208993061787,1,1,1,1,1,0,1,1,0,0,1.0,0
Pleasure,127.51222267106168,9.584418595988357,273,35.04827759327576,107.39121832323691,1,1,1,1,1,1,1,1,3,3,7.520114181853534,1
Business,246.53355083341296,14.228210203484997,111,94.82820571086751,148.1251047382607,1,1,1,1,1,1,1,1,7,0,1.9965114735844312,0
Business,358.85382282240926,14.876354416333582,240,43.331383350582826,229.33581432500026,1,1,1,1,1,1,1,1,2,2,1.4075816378185326,0
Business,314.0106507595959,18.189841819588914,316,89.1904470690896,103.4924733236478,1,1,1,1,1,1,1,1,1,0,1.0,0
Business,382.0567594770598,9.735584313235439,269,64.99197749202375,80.93532774252103,1,1,1,1,1,1,1,1,1,1,3.9532647852515046,1
Pleasure,341.5732655749935,16.80947747643581,401,31.357649126946768,30.26962616206547,1,0,0,1,1,0,1,0,0,0,3.6387633880917614,0
Business,203.35491806915041,14.806432325629086,252,54.84618696559254,26.355020785586184,1,1,1,1,1,1,1,1,2,2,2.6996155837931957,0
Pleasure,168.44089053462142,2.329650120539777,245,92.81689519874394,212.38904631575195,1,0,0,1,1,1,1,1,0,0,6.881719894546505,0
Pleasure,166.41093718551153,13.05627016819626,10,31.9070473948757,112.23816910691488,1,1,1,1,1,1,1,0,0,0,5.018132351752913,1
Pleasure,67.55307970114697,4.7400661876884165,228,28.24067362896662,141.6492359577227,1,1,1,1,1,1,1,1,3,5,5.614223149687179,0
Business,359.0459230581946,2.349150614880202,37,115.77981746074522,75.73215473801278,1,1,1,1,1,1,1,1,1,0,7.879416200214324,1
Business,432.46542677222214,4.449287821589096,211,89.88863460854697,23.796702463895123,1,1,1,1,1,1,1,1,0,1,5.753332013301295,0
Pleasure,81.71540332039415,6.202190729869354,319,86.20714306077386,176.4363634198042,1,1,1,1,1,1,1,1,1,1,8.472488914599309,1
Business,246.0248427575839,16.085998852925457,119,30.413566235416063,80.67062325826186,1,1,1,1,1,1,0,1,0,0,1.0,0
Pleasure,331.0185490168168,10.948895306929236,297,111.44990331898082,126.86964036388726,1,1,1,1,1,1,1,1,0,1,7.281959003792126,1
Pleasure,256.0380397802878,0.3824848237587575,93,57.37995168242753,85.5281625895135,1,1,1,1,1,1,1,1,1,2,7.826925791588185,1
Pleasure,160.11364569697776,19.50979678154184,263,98.85937404003627,236.64812380118363,1,1,1,1,0,1,1,1,0,0,7.3898587692666515,1
Pleasure,331.81675870827485,7.6722567370973405,367,94.0734642366267,228.19308026114382,1,0,1,1,1,0,0,1,0,0,6.934788361649394,1
Business,238.6676527278813,2.885325625594932,17,57.77122069776771,205.8571346739808,1,1,1,1,1,1,1,1,3,0,5.165755824103847,0
Pleasure,440.9075751920851,12.968552648348705,280,31.24946847758418,207.65410092581257,1,1,1,1,1,0,1,1,0,0,3.109056402641656,0
Pleasure,414.20569952156984,8.814443368246048,456,33.07074553022299,67.44467465204943,1,1,1,1,1,1,1,1,4,4,5.535629072796981,0
Business,342.72690252166524,13.871654657057809,127,25.43615285560308,29.28873616153367,1,1,1,0,1,1,0,1,0,0,1.834890690832593,0
Pleasure,315.0984904435581,2.7695082999336895,52,102.76115538020647,200.86282785194803,1,1,1,1,1,1,1,1,2,3,6.733632483974314,1
Pleasure,319.62961366548444,14.28938024175854,341,64.77214244117538,27.214743899955234,1,1,1,1,1,1,1,1,3,1,8.84268079468997,1
Pleasure,331.3819940140969,0.9594358587637686,111,117.91158390800808,193.15887406501594,1,1,0,1,1,1,0,1,0,0,7.2059970729622425,1
Business,291.24540237064144,12.520410767249373,5,37.65611527245247,66.08410024468793,1,1,1,1,1,1,1,1,2,2,4.4655534096923395,0
Pleasure,269.73281546205874,2.1109240902440485,145,27.40404915239766,102.40065168292357,1,1,1,1,1,1,1,1,5,4,7.737882512759888,1
Pleasure,277.9976784723268,18.95721424347055,369,115.65306758746155,72.85578312916913,1,0,0,0,0,1,0,1,0,0,7.48150350148043,1
Business,222.2978280633644,2.909008024460471,468,107.23148968286237,31.071446395702427,1,1,1,1,1,1,1,1,6,2,10.0,1
Business,479.8385857600479,16.109692641738814,87,53.32604367439677,141.43971895249732,1,1,1,0,0,1,1,1,0,0,1.0,0
Pleasure,176.2272455151698,17.607036687828643,294,22.546259124627838,172.5091134320734,1,1,1,1,1,1,0,0,0,0,6.422665089114739,0
Pleasure,227.5073213968271,15.719463693239375,287,41.506210320665126,186.20088634024225,1,1,1,1,1,1,1,1,1,0,7.75025958965156,1
Pleasure,341.24683479255515,13.309211203194325,384,37.243180288896035,152.74918577395516,1,1,1,1,1,1,1,1,2,2,5.314891977758923,1
Business,493.14598170968,4.1447606971791995,116,80.35634976722284,48.22827140202207,1,1,1,1,1,1,1,1,5,2,7.8418836348181955,1
Pleasure,347.25252125293844,18.243016283685215,104,101.12293444316687,213.93783134771192,1,1,1,1,1,1,1,1,3,3,4.561651845202695,0
Business,113.2799852504278,1.0154494113792145,481,35.6805809696905,224.63014143426327,1,1,1,1,1,1,1,1,3,2,8.692417923500946,1
Pleasure,162.4019600845877,19.835948802417477,500,90.03376505425034,155.41594429750967,1,1,1,1,1,1,1,1,2,1,8.351786037922299,1
Business,320.0138536881462,5.747688324597231,170,104.84632505028398,213.69553961672747,1,1,1,1,1,1,1,1,1,0,4.547070512446938,0
Pleasure,126.49143403322358,10.833295714960924,197,79.58159654326796,137.0376193040209,1,1,1,1,1,1,1,1,3,3,7.000953367812519,0
Business,160.97052032818073,0.09678913448543547,152,30.460668064969806,8.911116870944232,1,1,1,1,1,1,1,1,0,0,9.424740709748669,1
Pleasure,489.77064996297975,13.495007585557019,214,47.12410399617183,216.63540643173846,1,1,1,1,1,1,1,1,0,0,1.0,0
Pleasure,425.82037804300353,11.55413268342453,364,80.34093488666379,173.5522844320247,1,1,1,1,1,0,1,1,0,0,3.4483839731378825,0
Business,436.28199213686355,5.2722339388900625,410,31.176835088334027,128.116365601755,1,1,1,1,1,1,1,1,2,1,7.766666459369663,0
Pleasure,394.34802645173886,0.7571701682491083,13,114.41610867863005,189.27332145542636,1,1,1,1,1,1,1,1,4,5,4.406546006090321,1
Business,326.8083036753142,18.307115085088004,324,35.886694678218625,203.52581918681966,1,1,1,1,1,1,1,1,0,0,1.0,0
Business,300.1194276566687,2.476386864981437,179,34.00130265124623,80.87574320825101,1,1,1,1,1,1,1,1,6,1,7.4870482593265795,1
Business,143.42619101647685,5.876519169571585,299,81.80086014558204,180.1038181466908,1,1,1,1,1,1,1,1,6,0,6.298623150217785,1
Pleasure,107.31402226035439,2.1304749650944377,359,61.52892969773606,47.39788261326328,1,0,1,0,0,1,1,1,0,0,8.889533442587158,1
Pleasure,86.27673538307792,6.9107942270269795,407,34.7257439220227,167.19904113785606,1,1,1,1,1,1,1,1,1,4,7.292558734002071,0
Business,185.01178290122346,18.680448532829804,408,21.090170005792636,234.57651676145073,1,1,1,1,0,1,1,1,0,0,1.0,0
Pleasure,421.2906387048901,1.264643939630914,457,108.39477958619334,221.02292349109715,1,1,1,1,1,1,1,1,1,2,7.5082608395402515,1
Pleasure,445.42905422767444,8.381687555011112,393,42.9331056397958,17.693671106732207,1,1,1,1,1,1,1,1,1,6,4.8453276822793505,0
Pleasure,87.68015002030518,4.522440483858315,197,107.8089420276444,158.61851131807768,1,1,1,1,1,1,1,1,3,4,7.493638097350507,1
Pleasure,235.5737156273961,4.6189744358209905,429,114.06561073026913,226.54823647528238,1,1,1,1,1,1,1,1,2,2,10.0,1
Pleasure,418.45491592981324,9.951857496163278,300,72.93510348738616,53.00897612366675,1,1,1,1,1,1,1,1,0,4,4.919072274761215,0
Business,299.5713748395639,12.484120338987017,275,81.63488079884496,236.3634861339794,1,1,1,1,1,1,1,1,6,2,4.436730665182965,0
Pleasure,471.6973812956331,7.951917334119671,143,100.65520423488451,45.031066152317955,1,1,1,1,1,1,1,1,2,4,2.7343582656543997,0
Business,219.12633361704832,9.53451054935375,273,75.82748608764334,65.32745638680144,1,1,1,0,1,0,0,0,0,0,2.486500836845059,0
Business,102.43788517496299,6.0000751233941045,43,99.216306572577,198.36121164182123,1,1,1,1,0,0,1,1,0,0,4.794105029089869,0
Pleasure,375.08931629333335,6.943924673130741,425,63.380383012894946,105.81806966753419,1,1,1,1,1,1,1,1,2,4,6.696929114860122,1
Business,369.6213597598253,14.251842777868259,100,38.479504496505434,194.0913116785376,1,1,1,1,1,1,1,1,1,0,1.8168661699211985,0
Business,376.3067210613915,17.661531550990127,342,93.26164032820897,39.38877870991359,1,1,1,1,1,1,1,1,1,0,1.0,0
Pleasure,392.66816740447723,18.128828195873226,235,114.40995230886548,60.88507623187677,1,1,1,1,1,1,1,1,1,2,3.946836488488592,1
Pleasure,311.0007251965854,15.650055283511213,417,115.72940080278349,24.753734537803908,1,1,0,0,0,1,0,0,0,0,8.747974136024208,1
Pleasure,274.11989660035204,0.30096319577230357,334,116.94539730144251,160.19499931253029,1,1,1,1,1,1,1,1,0,5,9.585332869267408,1
Business,451.5013289239875,16.46960290960114,71,52.80332777197252,79.70025712387398,1,1,1,1,1,1,1,1,1,0,1.0,0
Pleasure,355.3664166424268,19.788167204654044,68,28.057787315957047,183.90677077261907,1,1,1,1,1,1,1,1,2,3,5.109692096047014,0
Business,265.9975118553794,12.22799177432048,201,116.11384223142454,151.66875501349236,1,1,1,1,1,1,1,1,2,0,2.619536941372979,0
Pleasure,225.09552988813903,6.718021978457611,231,20.14249721249995,137.93080823905098,1,1,1,0,0,0,1,1,0,0,6.648372034993131,1
Pleasure,406.49004256860917,5.602531383370259,382,84.71394897569142,95.95825153553285,1,1,1,0,1,1,1,1,0,0,5.894110968645106,0
Business,106.93671429533626,18.846322017079817,83,116.10394924350811,26.747197059910626,1,0,0,1,1,1,1,1,0,0,1.0,0
Pleasure,306.8687082777589,0.5307524792460816,294,65.92793190627917,117.91353343131429,1,1,1,1,1,1,1,1,3,3,9.378149685185925,1
Business,325.30346494772846,13.266112900770894,400,82.71713470706584,21.723235167020736,1,1,1,1,1,1,1,1,4,2,3.0948598247918544,0
Business,417.9752405911061,19.524941410904784,9,116.36160157271961,227.2697354880628,1,0,1,0,0,0,0,1,0,0,1.0,0
Pleasure,252.06582099515393,1.0714144213511245,428,29.72359023107403,105.47499393357965,1,1,1,1,1,1,1,1,1,2,9.747166063380835,1
Pleasure,188.0054836371687,1.1567720341636734,380,50.85163783181,138.0277797831975,1,1,1,1,1,1,1,1,1,4,10.0,0
Pleasure,453.11356710651785,13.76940159279702,107,45.47100145453079,21.055252258162966,1,1,0,1,1,1,1,1,0,0,1.0461843431525928,0
Business,447.53282297227435,19.476497985450752,251,53.79418072233104,176.5506352036121,1,1,0,1,0,0,1,0,0,0,1.0,0
Pleasure,465.60478320028847,4.932227013078103,33,51.440279701752246,67.53586782219003,1,1,1,1,1,1,1,1,1,2,1.0,0
Business,271.04885343479185,11.669014280882733,381,70.00705767332761,172.7029670124746,1,1,1,1,1,0,0,1,0,0,2.1275495611023945,0
Business,104.19359219681213,15.269246053668175,352,68.66089910274634,181.827025579827,1,1,1,1,1,1,1,1,0,0,1.0,0
Business,261.79083594558233,19.538688773069666,152,97.0508383590883,13.778695713542998,1,1,1,1,1,1,1,1,2,2,1.0,0
Business,172.8026082156044,19.549339245891776,334,98.50913361948058,163.41484550860432,1,1,1,1,1,1,1,1,3,1,1.0,0
Business,474.5219509989699,15.73961350136216,425,32.740336169285854,195.30246555649052,1,1,1,1,1,1,1,1,2,2,1.0,0
Business,467.83936073625534,0.5634270367837724,397,34.60868709403399,227.02156564717652,1,1,1,1,0,0,0,1,0,0,6.5173009161929,0
Business,136.68717332092965,3.6209180753316983,465,42.07152445028586,45.42206861779144,1,1,1,1,1,1,1,1,0,2,6.8651283556119385,1
Business,152.152742660093,1.726180732518987,40,60.19560586845475,130.19034781333173,1,1,1,1,1,1,1,1,4,3,8.950664766508712,1
Pleasure,307.65982737502196,7.521447242614139,258,69.0396288648198,176.52391671151045,1,1,1,1,1,1,1,1,0,1,5.828540467867963,0
Pleasure,256.58718396431186,14.62322869504196,487,70.09842344049086,92.79621948204846,1,1,1,1,1,1,1,1,1,0,7.957482124789985,1
Business,169.78253046433596,3.4191298664846914,377,70.57355074018486,164.24551437553342,1,1,1,1,1,1,1,1,5,0,6.816896695974818,0
Business,82.87611526111468,2.167200084239458,353,58.284833336305,211.6813825316993,1,1,1,1,1,1,1,1,2,1,8.00500257354742,1
Business,432.29371283705035,19.378720636474227,454,28.500697833262574,147.06691747994893,1,1,1,1,1,1,0,1,0,0,1.0,0
Pleasure,397.88250152795894,7.661731119024706,105,64.60059889807373,207.05609691564746,1,0,0,0,1,1,1,1,0,0,2.4941591353212305,0
Pleasure,431.438250550139,15.100318551551947,339,57.44489479393019,238.75640610308128,1,1,1,1,1,1,1,1,0,0,2.6758767343922267,0
Pleasure,475.8058969232152,7.737027066960431,475,67.22767865912776,101.91182184289133,1,1,1,1,1,1,1,1,2,5,3.929597388422181,1
Pleasure,296.79254087265616,8.88097830212028,230,16.678123898271064,199.86815400824455,1,1,1,1,1,0,1,1,0,0,3.9285477776321795,1
Business,194.20554912020745,19.286991676397275,151,87.00195877874324,61.05498847038058,1,1,1,1,1,1,1,1,5,2,1.099865747024229,0
Business,103.48185246458505,10.595522276087872,288,60.46952932851959,181.4089228138333,1,1,1,1,1,1,1,1,5,3,3.5608847644952855,0
Business,458.7673514841654,6.508997848700552,222,114.82691835061479,232.78181350345875,1,1,1,1,1,1,1,1,7,0,6.649716116078347,0
Business,119.44519612553337,2.958536164662735,72,100.86537646736647,89.59606508821706,1,1,1,1,1,1,1,1,6,3,8.888925491918185,1
Pleasure,208.42420911818724,1.5680270882531566,138,64.1087632691491,101.7964297399747,0,0,1,1,1,1,1,1,0,0,8.371187820791738,1
Business,367.4659070854772,7.884034553332482,486,32.695496604439285,149.3495815794563,1,1,1,1,1,1,1,1,3,1,4.664590524459742,0
Business,87.71605589592248,15.070368220041582,220,104.65751280800454,162.18307278156558,1,1,1,1,1,1,1,1,3,0,1.66183373308819,0
Pleasure,332.0472996862374,4.601284433557044,470,56.203232343483236,132.94926630436402,1,1,1,1,1,1,1,1,2,3,7.855309348274501,1
Pleasure,182.44100638861096,15.386920661087515,165,76.28927676454948,162.16061522913006,1,1,1,1,1,1,1,1,5,1,6.234253016344289,1
Pleasure,214.11769213059733,2.0171399178036276,377,89.80958363949146,223.67909882768376,1,1,1,1,1,1,1,1,1,3,9.604295977885252,1
Pleasure,461.12951222230896,3.193477936582043,212,97.36433395135168,213.28600394910467,1,1,0,1,0,1,1,0,0,0,1.7152464439731379,0
Pleasure,312.4331904950322,6.4385926449366675,195,37.252567222467945,224.84083156984426,1,1,1,1,1,1,1,1,5,3,7.341159240690427,1
Business,409.04636141848863,17.406745246834465,212,76.30291775321584,164.1327377384554,1,1,1,1,1,0,0,1,0,0,1.0,0
Pleasure,139.21113266428816,13.24738389125791,54,70.83826227189303,51.995728058330485,1,1,1,1,1,1,1,1,0,2,5.827006292850969,1
Business,338.3530365237466,6.896040805924604,306,29.431882321455458,71.33120739382258,1,1,1,1,1,1,1,1,2,2,4.462163732188563,0
Pleasure,439.88951214715394,13.202809504900447,201,23.779017315247955,173.97519996313702,1,1,1,1,1,1,1,1,0,0,1.0,0
Business,447.5314365848194,18.611861818783893,227,103.86887167874154,52.733535177031214,1,1,1,0,1,0,1,1,0,0,1.0,0
Pleasure,120.04887792641686,4.8044579112519585,353,93.0838250232491,48.56792628936771,1,1,1,1,1,1,1,1,6,2,9.60582100853636,1
Pleasure,168.3489432598851,10.450055241325684,231,43.85557586068577,215.68329507073224,1,1,1,1,1,1,1,1,0,3,7.071123586346437,1
Business,284.1141738369739,19.424876547984496,447,91.86214814005581,178.31953152756452,0,1,0,1,1,1,0,1,0,0,1.0,0
Pleasure,141.9735016243021,11.642952686073906,118,50.230693163305205,97.37203234810289,0,1,1,1,1,0,1,1,0,0,5.53842795844251,0
Business,346.4788682920594,6.4758466045391465,468,81.29776271384577,152.41701412175976,1,1,1,1,1,1,1,1,5,0,6.039150505958013,1
Business,322.71173449362215,9.483836568285914,119,108.49674701163173,75.19464994546844,1,1,0,1,0,0,0,1,0,0,2.589801636966153,0
Business,319.2883825935987,8.956266903167611,25,49.22575276414372,209.18128890914625,0,1,1,1,1,0,0,0,0,0,2.234133713772924,0
Pleasure,317.8235063479096,12.981100464742529,436,17.61831059663637,23.783538543322123,1,1,1,1,1,1,1,1,3,4,9.217774225329446,1
Pleasure,359.3212688481164,2.049584388878307,135,100.91555755766898,71.38622974787147,1,1,1,1,1,1,1,1,2,7,6.283651791560507,1
Pleasure,168.25865880348695,16.262215829302303,56,115.72080847545134,58.55733263289661,1,0,1,1,1,1,1,1,0,0,6.607660834137214,0
Pleasure,364.1725851535607,10.639514280745537,170,60.887434790561606,134.4277911792836,1,1,1,1,1,1,1,1,7,1,6.0462921173899495,0
Business,168.23783027919285,3.568442743497555,359,86.62840778312692,18.84194061875162,1,1,1,1,0,1,1,1,0,0,8.752280994157287,1
Pleasure,268.913645852321,5.029250167116435,465,25.70866816392061,178.08490038479428,1,1,1,1,1,1,1,1,0,1,7.263317908066347,1
Pleasure,353.205417079171,11.455834771769545,318,113.93468121837644,218.42551371998056,1,1,1,1,1,1,1,1,1,3,7.603970184017367,0
Business,240.5979460035238,9.728930658991171,397,97.99888796155021,40.35685127031041,0,1,1,1,0,1,0,1,0,0,2.973540384260565,0
Business,273.3862299615796,15.190228911419394,29,32.179267374842986,75.70956401721037,1,1,1,1,1,1,1,1,2,2,2.419575891541535,0
Business,378.71300620096684,8.998541047141702,93,82.91315741005774,151.86861062856596,1,1,1,1,0,0,0,1,0,0,3.03992597959163,0
Business,439.1826943699121,6.988697288629185,487,78.71076114865396,150.63565685230344,1,1,1,1,1,1,1,1,2,1,6.048627957541853,1
Business,149.5143411604136,17.83741818798758,84,92.71429079561315,84.53106817865903,1,1,1,1,1,1,1,1,5,2,1.0,0
Business,103.64567275942198,5.135498390572635,192,40.21079830945749,81.57272450419627,1,1,1,1,1,1,1,1,2,1,5.9579313860114285,1
Business,101.27212106346738,16.276301539173662,70,49.16300547573053,103.71589113360373,1,1,1,1,1,1,1,1,2,2,1.0,0
Pleasure,87.22959209340272,7.150695020735118,31,88.92492704770282,118.60300873136259,1,1,1,1,0,1,1,1,0,0,5.225835038521788,0
Pleasure,182.1848255075562,15.923631602634563,104,67.22505975803428,111.15296521175783,1,1,1,1,1,1,1,1,1,0,6.62181513187531,1
Business,481.9043255555212,9.390013031271513,196,54.94069758403432,218.31683724383538,1,1,1,1,1,1,1,1,1,0,3.723570090421766,0
Pleasure,129.2850523948888,18.38146495745751,366,44.319791833970484,234.0603855961292,1,0,1,0,1,1,1,1,0,0,6.256164761969178,1
Pleasure,393.83397497925534,16.720565792316613,143,108.91160933511286,32.65841858053759,1,1,1,1,1,1,1,1,0,2,3.7726241997828898,0
Business,375.83402780004326,17.511438786903593,217,102.68887199232721,78.42125384442168,1,1,1,1,1,1,1,1,0,0,1.0,0
Business,219.56052828774472,15.2972872143104,149,51.956022174240104,89.05197352435827,1,1,1,1,1,1,0,1,0,0,1.0,0
Pleasure,274.1043193759123,14.262334768087268,165,19.865717406449455,48.41803590848834,1,1,1,1,1,1,1,1,2,5,5.321798491186291,1
Pleasure,345.37177980922087,9.663773955726834,355,34.83825768644992,182.5724406303909,1,1,1,1,1,1,1,1,1,0,6.289414022949006,1
Pleasure,304.3598551442562,5.891353326708093,248,24.699208252419073,129.79033545190262,1,1,1,1,1,1,1,1,2,3,6.120848272533054,1
Pleasure,485.9962220481257,0.5901503221350368,7,50.9979616028651,142.72492272330288,1,1,1,1,1,1,1,1,0,1,1.7525174474606475,0
Pleasure,133.35027744236896,1.406771492526051,67,113.97289629476025,178.1408967562876,1,1,1,1,1,1,1,1,3,2,8.10649949453509,1
Pleasure,388.7499531772878,13.958166012902426,405,38.68135418426779,167.05013850973364,1,1,1,1,1,1,1,1,2,4,6.094509635345492,1
Pleasure,492.2988478793493,3.6081813832609844,7,43.2666755509832,215.8075075013905,1,1,1,1,1,1,1,1,1,2,1.0,0
Business,365.2017119379197,18.086565709885825,266,67.58580734516792,177.11591293214119,1,1,1,1,1,1,0,1,0,0,1.0,0
Business,149.21331723303342,8.779866796770808,163,31.40072583400243,197.44058163753124,1,1,1,1,1,1,1,1,1,0,3.1579613705863316,0
Pleasure,146.17085500018274,13.107947101470053,217,61.11900197034346,71.8945687143705,1,1,1,1,1,1,1,1,1,3,5.5216501332797545,1
Business,240.2270802350457,14.688074604788518,266,96.46772408910418,16.501162883580154,1,1,1,1,1,0,0,1,0,0,1.6015428730968204,0
Business,160.29136796485014,9.720495756164132,365,59.1371459954379,69.94866962686204,1,1,1,1,1,1,1,1,0,0,5.636810288246472,1
Pleasure,117.11428634949112,1.4053412934903564,5,43.6290228317923,117.05709047627545,1,1,1,1,1,1,1,1,4,1,6.404920581613554,1
Business,264.05273809032445,5.426167472506814,324,35.91409284000369,154.23006698224168,1,1,1,1,1,1,1,1,2,1,6.043616948580468,1
Business,276.75967712123867,15.46301473595534,255,100.66194457952405,171.056474049073,1,1,1,1,1,1,1,1,4,1,1.1884034996608066,0
Pleasure,473.78714091923496,13.146509207498235,242,60.401318902955005,119.87803524937746,1,1,1,1,1,1,1,1,1,1,1.0,0
Pleasure,354.14126263358776,1.2445684215476693,245,25.640181300356264,12.32088383923564,1,0,1,1,1,1,1,1,0,0,5.390351876006646,1
Business,464.16615107287635,4.468572749723774,57,33.55984705037396,110.63307521652011,1,1,1,1,1,1,1,1,4,1,7.188086326980777,1
Pleasure,131.0597406067516,3.9195455210961727,248,70.67989966560638,178.712856523144,1,1,1,1,1,1,1,1,1,5,8.20637141821126,1
Pleasure,168.67162031520385,4.29086650352369,405,49.42519877070887,130.76727717299997,1,1,1,1,1,1,1,1,4,4,10.0,1
Business,86.16214944118329,15.545856157964808,448,24.59258739336305,165.0724166127902,1,1,1,1,1,1,1,1,0,1,1.0,0
Pleasure,444.3683388572554,16.172368906164383,0,15.200980282383952,93.72038096932991,1,1,1,1,1,1,1,1,1,0,1.0,0
Pleasure,384.53674685957844,19.8990902576766,14,18.13974479902195,111.38528453977071,1,1,1,1,1,1,1,1,2,1,1.6441229402973387,0
Pleasure,155.7481047337376,17.65768384943184,63,114.6287609994938,190.28717664273108,1,1,1,1,1,1,1,1,0,0,5.892797265973253,0
Pleasure,328.5265350934262,14.344604999656843,83,102.47221680525371,27.527339079324687,1,1,1,0,0,0,0,0,0,0,3.7719741350962908,1
Pleasure,375.6510811387614,19.87599651213854,52,53.54521106910002,23.01182297758788,1,0,1,1,1,1,1,0,0,0,2.9736537230441233,0
Business,151.5853768475285,2.4941068488024665,480,97.3141087118212,47.371031256110136,1,1,1,1,1,1,1,1,3,0,8.30231936573336,1
Pleasure,379.5159542036789,15.473350554080035,294,34.21019758865253,48.28610976974415,1,1,1,1,1,0,1,1,0,0,5.189827576652123,0
Business,181.54128421152768,0.934432463950361,373,101.05130532508416,165.04884911610804,1,1,1,1,1,1,1,1,0,1,9.447033273669442,0
Business,170.8977095934138,6.702817518729926,172,86.09044886492453,87.43932086994435,1,1,1,1,1,1,1,1,5,0,5.533592399800776,0
Pleasure,189.98596181400936,12.292041600486929,116,106.72832812490304,36.60596371122898,1,1,1,1,0,0,1,0,0,0,6.956597569631805,0
Pleasure,415.3584552548204,5.738800531881292,83,15.184941586106785,83.02108733518803,1,1,1,1,1,1,1,1,4,4,2.276793372339395,0
Pleasure,466.7084676091311,13.983173541255011,14,94.83024276359677,5.462517773916424,1,1,1,1,1,1,0,1,0,0,1.0,0
Business,495.65523392123265,4.835635503261315,118,51.86728147540467,131.64167247156496,1,1,1,1,1,1,1,1,5,3,7.152607197008228,1
Business,66.05519659725871,19.903744545313227,20,45.14577079124144,188.82467287456694,1,1,1,1,1,1,1,1,2,0,1.0,0
Business,425.82002068612803,10.75479457323581,463,115.96861649834834,214.8810784715249,1,0,1,1,0,0,0,1,0,0,1.4468020568949855,0
Pleasure,138.92247852016908,8.710214947685165,73,37.86613204553797,12.568662253644469,1,1,1,1,1,1,1,1,1,0,7.167745485791162,1
Pleasure,335.5507905178806,19.418051455113364,143,20.0053572036381,7.695109763984068,1,1,1,1,1,1,1,1,4,3,5.486817453256093,1
Business,250.1222938808676,17.2714535774022,83,72.11539208179218,190.10741563661227,1,1,1,1,1,1,1,1,5,0,1.0,0
Business,406.5736636046445,8.874409517970783,303,76.88268682272843,76.43864214887613,1,1,1,1,1,1,1,1,2,1,4.215545192561259,0
Pleasure,434.51731444860536,14.274592154923697,127,102.40142856429348,173.74518632861682,1,1,1,1,1,1,1,1,2,4,2.6430748458392537,0
Pleasure,190.4546684619009,12.233145265446183,399,112.17885072768391,186.22957690706448,1,1,1,1,1,1,1,1,0,0,7.948868007309346,1
Business,475.81720547552976,15.573300693408589,268,66.7204606235808,78.78102273362462,1,1,1,1,1,1,1,1,0,0,1.0,0
Business,93.06253137035335,15.325653505502004,167,16.4503569472653,168.8447302180482,1,1,1,1,1,1,1,1,4,1,1.097391090598225,0
Business,126.32277107481106,6.653765396945939,16,25.01936229341572,222.6894918304351,1,1,1,1,1,0,0,1,0,0,4.103717182848059,0
Business,327.3693160758112,11.620905711890773,367,80.04277175976243,193.37895337853953,1,1,1,1,1,1,1,1,5,0,4.575294716681032,0
Business,329.440794604599,12.44676597107959,299,37.109103413604245,153.1295022456421,1,1,1,1,1,1,1,1,6,1,4.038918063813364,1
Pleasure,492.29166202916343,5.67550637383317,156,48.03317368077827,211.63089803016206,1,1,1,1,1,1,1,1,5,0,1.7884867179351542,0
Business,149.83052867675872,16.885417647455547,228,115.00333584512668,133.37529678949332,1,1,1,1,1,1,1,1,1,0,1.0,0
Pleasure,278.16624252568084,13.985046274708449,94,44.2851747630772,84.04613976184963,1,1,1,1,1,1,1,1,0,1,6.992950737596299,1
Business,387.2448455766774,7.2493317634279375,9,82.52848322597053,177.36907113445764,1,1,1,1,1,1,1,1,3,0,3.9386309158310517,0
Business,481.53774708828905,12.35381148609305,206,68.37640484302887,97.80610970660987,1,1,1,0,0,1,0,0,0,0,2.5495807416496383,0
Business,171.57283814252253,11.515334011646,246,65.0581402083397,234.26249649270383,1,1,1,1,1,1,1,1,5,2,2.5275066248169007,0
Pleasure,406.42737352828624,14.803069677971823,159,49.33415258650042,29.078429502702885,1,1,1,1,1,1,1,1,1,3,2.4962939876176504,0
Business,322.839301555898,14.769589819564077,245,84.7730847508966,7.210061394917183,1,1,1,1,1,1,1,1,2,0,2.2811999281184656,0
Pleasure,73.4244176619636,14.956611335734157,377,25.70326059189619,159.48875352084738,0,1,1,1,1,1,0,1,0,0,5.415468643403468,0
Business,385.4994831337073,3.4704427118138526,219,20.747744897884928,223.58797101025627,1,1,1,1,1,0,1,1,0,0,4.100579486659265,1
Business,497.22061192398724,11.807565779173734,28,41.07808460023498,192.74647707829922,1,1,1,1,1,1,1,1,1,0,1.0,0
Business,69.92663689183078,13.834284066610994,340,104.2285884862219,98.21726214710019,1,1,1,1,1,1,1,1,4,3,4.604648102186467,0
Pleasure,467.6333617113465,15.271482935594376,330,118.46059364716504,174.96986023825195,0,1,0,1,0,1,1,0,0,0,1.8133941870989188,0
Business,293.28957009865474,7.008354953005509,288,43.11148536698596,201.4162429966403,0,1,1,0,0,1,0,1,0,0,2.992001650767674,1
Pleasure,91.57424941547794,13.07749512547664,166,16.87711332929342,30.925610465225116,0,1,0,1,0,1,1,1,0,0,4.739338538369886,0
Pleasure,339.24369969615935,4.3844775914004135,421,22.228019829594427,69.5927340183236,1,1,1,1,1,1,1,1,0,2,7.901631478596714,1
Pleasure,156.0627535548439,13.95953857595379,140,38.60434041238065,21.013108321192018,1,1,1,1,1,1,1,1,3,2,7.376305399570953,0
Pleasure,137.24609531179638,18.891271227386717,307,92.02975924981409,118.47136406844938,1,1,1,0,0,1,0,1,0,0,7.249393572449146,1
Pleasure,281.8127358043881,7.57131420972401,451,27.093301442659794,236.65161572162083,1,1,1,1,1,1,1,1,1,2,6.9975934117135825,0
Business,167.2397975870781,4.420122286967971,53,92.20306203489677,11.654597676617078,1,1,1,1,1,1,1,1,2,0,6.886297432592123,0
Business,205.3367286298783,7.134786598084128,491,31.48455647940794,99.96726088263591,1,1,1,1,1,1,1,1,5,0,6.576693993950309,0
Business,136.37517839845793,8.30829052207134,264,106.45885284491519,28.331281308450066,1,1,1,1,1,1,1,1,4,0,5.504827239869989,1
Pleasure,69.54176582033152,16.171722926711183,181,85.9353800706479,136.44683954839138,1,1,1,1,1,1,1,1,0,1,6.690963623068855,1
Business,178.73534040339467,0.20864304029587055,337,16.310197209659314,9.468836967028388,1,1,1,1,1,1,1,1,5,0,8.59540886684664,1
Business,83.07355595330499,5.217011638777917,24,32.911112190123134,43.782149904348934,1,1,1,1,1,1,1,1,5,1,7.248714610903261,1
Business,256.2543659357021,10.61779027479961,40,57.27243822315629,137.78130669089805,1,1,1,1,0,1,0,1,0,0,1.3018757886044567,0
Pleasure,126.69855536437834,11.297454741046698,433,84.02939836395866,131.51244438785844,1,1,1,1,1,1,1,1,1,0,8.1549730514989,1
Pleasure,97.51646416555047,8.300147374922853,79,87.79765238397125,169.40697752400283,1,1,1,1,1,1,1,1,0,0,5.141667649234387,0
Pleasure,315.2594646495728,19.38501902363504,102,32.72614667949448,136.65048751273315,1,1,1,1,1,1,1,1,4,3,6.016730833792928,1
Business,143.9969790539916,9.800581056392893,310,24.586566703930977,35.06335248255217,1,1,1,0,0,0,0,1,0,0,1.3408033471338487,0
Business,141.09546978924286,0.7690260169565,370,58.80681501900749,211.60881740581326,1,1,1,1,1,1,1,1,2,0,7.729489831375673,0
Pleasure,356.54369250975725,0.16475197614823633,449,62.0229461239556,76.31070088325556,1,1,1,1,1,1,1,1,2,7,7.7257085318430345,0
Business,260.34514781319194,10.993045993357597,165,50.50675810473299,138.94387397034248,1,1,1,1,1,0,0,1,0,0,1.7428144655229683,0
Business,276.54835185956046,2.6585134936721833,486,101.89779452091983,149.24651245080906,1,1,1,1,1,1,1,1,3,0,7.681875614458477,1
Pleasure,364.7567948055499,5.239786680384089,219,115.83554640750945,119.60234173522657,1,1,1,1,1,1,1,1,1,0,5.902218364106287,1
Business,215.2096604938408,19.61815113105059,410,117.549074625536,154.44394991061688,1,1,1,1,1,1,1,1,1,0,1.0,0
Pleasure,427.2374752108997,7.563383531508874,163,25.073786426014586,158.43564888962177,1,0,1,1,1,1,1,1,0,0,3.7153143184544093,0
Pleasure,134.20099446015038,7.23605366221382,367,20.234259260361448,32.04054064634043,1,1,1,1,1,1,1,1,4,2,8.130966395940614,1
Pleasure,94.35899367543074,5.272152718797769,354,107.4939487625144,30.618168580682184,1,1,1,1,1,1,1,1,0,3,8.710359226998321,1
Business,211.65197493539964,17.158218002811992,308,84.39756209264326,13.487551930376418,0,1,0,0,0,1,0,1,0,0,1.0,0
Pleasure,230.80037331597572,4.161857516663002,2,33.76351751363521,183.37149031933637,1,1,1,1,1,1,1,1,0,0,4.907669664674044,0
Pleasure,457.6651568764571,8.492024789205272,87,94.21699359406642,20.004574333142973,1,1,1,1,1,1,1,1,1,1,2.405280397621179,0
Business,230.4220296576458,14.694902300954286,428,39.42121633485425,201.2574029225041,1,1,1,1,0,0,1,1,0,0,1.0,0
Business,117.30780986218763,2.986191207478488,176,61.60630538834366,17.39836675191586,1,1,1,1,1,1,1,1,1,0,7.57857914092714,1
Pleasure,151.39463860969553,2.4703068365741943,95,17.1377126966847,225.1021704065728,1,1,1,1,1,1,1,1,2,0,6.650174356168539,0
Business,283.37864304125856,3.739815705025642,152,61.39464856771267,20.837337904702817,1,1,1,1,1,1,1,1,2,1,6.313946456667205,1
Business,373.68896411645864,19.396913843770943,417,28.612926478767516,166.53781052025695,1,1,1,1,1,1,1,1,2,2,1.0,0
Pleasure,453.5468704146152,10.308462485977625,128,105.06905725820465,135.76557169217503,1,1,0,1,0,1,1,1,0,0,1.5505775366675436,0
Pleasure,199.42861011146766,8.334657227138702,377,81.28493331537874,97.03316174731773,1,1,1,1,1,1,1,1,0,1,8.541934124814633,1
Business,195.04379333685955,13.534707668248906,60,52.273094280662185,208.37057071201568,1,1,1,1,1,1,1,1,3,0,1.299280146705505,0
Pleasure,324.61644280353914,18.647460928151915,114,37.11325452999232,16.63357424949407,1,1,0,1,1,1,1,1,0,0,5.043013829665706,0
Business,193.07525365373053,9.854254492505499,328,81.86616796584993,21.18914911382902,1,1,1,1,1,1,0,1,0,0,3.4672425775826925,0
Business,243.1567955591133,2.748656325712624,221,92.10212942962228,119.86220552508217,1,1,1,1,1,1,1,1,1,1,7.99995289115849,0
Business,476.8442872852054,8.415169817946179,48,107.84607159279766,107.73726637843589,1,1,1,1,1,1,1,1,7,0,5.10772867144657,1
Pleasure,498.06467044986306,6.290445290096878,175,79.85321790807734,172.27080490875946,1,1,1,1,1,1,0,0,0,0,1.0,0
Business,252.14539982935673,13.627180441309495,6,63.78662958563762,152.0151569972495,1,1,1,1,1,1,1,1,1,2,1.0,0
Business,237.65643140965494,14.13638255575653,306,88.25294938698427,198.0227112454856,1,1,1,1,1,1,1,1,4,1,3.3596459551840736,0
Business,445.46311964252254,12.480085019928753,489,115.853511109489,224.82099289999024,1,1,1,1,1,1,1,1,0,0,3.4910155665210794,0
Pleasure,103.45635896361547,11.534155745690741,499,116.53175259117012,97.38143540344468,1,1,1,1,1,1,1,1,1,3,8.21854184218588,1
Business,209.19695699637708,7.886156640264927,367,33.469324895185615,205.7510607829281,1,1,1,1,1,1,1,1,2,0,4.258835140673653,0
Business,270.8097023186606,14.759983425632344,74,59.75996605824994,35.86843773923957,1,1,1,1,1,1,1,1,3,2,1.0,0
Business,285.5584440241554,5.328922210721323,86,91.1465433934964,224.77297691375904,1,1,1,1,1,1,1,1,4,0,5.706701917922917,1
Pleasure,290.1305472938243,18.176142881243514,195,80.3770681816416,6.416452888296971,0,0,1,0,1,1,1,1,0,0,4.769271588564226,0
Business,307.14962182734394,18.807867142626367,127,56.57365188562393,40.392060810388756,1,1,1,1,1,1,1,1,4,1,1.0,0
Business,156.39768381686375,6.476477999734243,5,71.1756156929428,227.9274982440749,1,1,1,1,1,1,1,1,2,1,4.327305462420329,1
Pleasure,270.4600928353361,14.975580047658998,414,109.69649562550067,55.90498096113822,1,1,1,1,1,1,1,1,2,5,8.890019351546789,1
Pleasure,105.26051720020675,4.656480992924252,200,119.67181197547609,197.55599208840724,1,1,1,1,1,1,1,1,1,6,7.615265605131094,1
Pleasure,296.68302885906934,8.141973578840263,81,83.95609495442625,217.034903110219,0,0,1,1,1,0,0,1,0,0,6.323931141921387,1
Pleasure,227.95881493498283,13.691586343344282,340,59.28792639895801,121.93113751100681,1,1,1,1,1,1,1,1,0,1,6.91359802643296,0
Business,260.9319825269491,12.627785405127243,399,45.21096696656093,92.34852053873162,1,1,1,1,1,1,1,1,0,0,2.7296662015486155,0
Business,414.1349850834439,19.74510913125292,83,88.08646411560838,135.00477224618473,1,1,1,1,1,1,0,1,0,0,1.0,0
Pleasure,65.96966386714652,9.08255232170697,77,94.03544851924714,16.548260091209176,1,1,1,1,1,1,1,1,2,1,6.774224615045026,1
Pleasure,201.1872430924495,18.959353378004206,45,36.573022965365844,172.9123812858104,1,1,1,1,1,1,1,1,0,0,4.665616581627441,0
Business,118.29706032844783,0.11664104458435798,317,16.326371077981733,90.86359816854062,1,1,1,1,1,1,1,1,6,1,9.477579613331905,1
Business,347.8963435588933,12.39283585072036,475,60.63641823874668,133.36018832078938,1,1,1,1,1,1,1,1,1,1,1.0,0
Pleasure,115.46583149205232,11.061469360159835,455,32.75854525362632,155.893552586767,1,1,1,1,1,1,1,1,4,4,9.389504291792376,0
Business,176.0309039186315,15.609974915125376,3,47.35823075325087,200.73359054539745,1,1,1,1,1,1,1,1,0,0,1.0,0
Business,307.0091877402604,1.2169035686938923,98,115.16043640299766,210.48312502804356,1,1,1,1,1,1,1,1,6,1,8.603326737566999,1
Business,452.31942657591765,17.270656633139602,122,111.5646035702465,38.84460802032736,1,1,1,1,1,1,1,1,0,1,1.0,0
Business,240.48194108427924,19.206551729031595,4,53.92514043745475,84.81568633148142,1,1,1,1,1,1,1,1,0,0,1.0,0
Pleasure,437.39226773238477,19.053187293906095,348,77.03765627658136,202.2673719994478,1,1,1,1,1,1,1,1,0,2,1.545074376713919,0
Business,89.07993075993768,18.743209204975777,219,67.9098222230065,76.67768994695746,1,1,1,1,1,1,1,1,0,1,1.0,0
Pleasure,285.63056951969406,5.339207913248778,39,18.261654264002022,112.12714026887942,1,1,1,1,1,1,1,1,3,6,5.417163272603818,0
Business,394.82889966258347,15.82263261396694,29,97.66967078576528,149.93015334955965,1,1,1,1,1,1,1,1,0,1,1.0,0
Business,298.87387679964405,6.274767169720641,452,60.50965482214675,159.40521385094726,1,1,1,1,1,1,1,1,3,6,6.212518376928552,1
Pleasure,412.46049548853307,11.859167516268057,15,75.203769265735,201.28341840054995,1,1,1,1,1,1,1,1,1,0,2.1446680751995464,0
Business,152.6188550350496,2.9227066267658097,355,63.80126400617311,208.39200770574695,1,1,1,0,1,1,1,1,0,0,6.192118879039949,1
Pleasure,365.50635841809583,15.577925499061733,421,96.8395142170841,169.70478742621992,1,1,1,1,1,1,1,1,1,1,7.36689532586804,1
Business,339.1941519248233,4.6122417103189495,363,31.22954330842168,6.589408017147982,1,1,1,1,1,1,1,1,2,0,8.30773413258726,1
Business,193.3772888390273,18.901766758656116,209,119.79948319789443,136.04829349954946,1,1,1,1,1,1,1,1,0,1,1.3253324453731499,0
Pleasure,331.59879547860965,2.7626324989417417,458,99.59673559471597,103.69747259263262,1,1,1,1,1,1,1,1,6,2,8.776868993390956,1
Pleasure,344.09249029585413,9.147441820564254,354,113.68293882190808,78.28337104870509,1,0,0,1,0,1,1,1,0,0,7.788417212220033,1
Business,450.4005445790075,17.597251226385808,247,106.3977127664055,142.19235757593725,1,1,1,1,1,1,1,1,6,1,1.3024022648570757,0
Business,124.49390751502685,19.330549017742598,348,59.880655298396675,47.22295069598696,1,1,1,1,1,1,1,1,3,2,1.0,0
Business,499.0339431454761,16.276314451573796,218,33.36985809065401,36.921688826841226,1,1,1,1,1,1,1,1,1,0,1.0,0
Business,398.6946849682351,4.548651118022075,109,98.9025579275977,10.979596508667802,1,1,1,1,1,1,1,1,1,0,7.155631624019303,1
Pleasure,290.653569732149,16.628806755190816,280,88.1215943151314,39.88034888983169,1,0,0,0,1,1,0,0,0,0,7.867196625707875,1
Business,467.90439338747694,0.007968513101574981,42,105.49834848678785,188.03923016687537,1,1,1,1,1,1,1,1,3,2,9.34226700922329,1
Business,299.30381727887374,8.338819874407156,11,47.38050256944146,108.12796317119258,1,1,1,1,1,1,0,1,0,0,2.7153718984931094,0
Pleasure,275.3350023678697,11.983903306797147,391,71.90880026659191,102.40787575158932,1,1,1,0,1,0,1,0,0,0,6.276065399721052,0
Business,324.3677547540136,5.00837397360992,256,56.17775679589875,33.2211134464152,1,1,1,1,1,1,1,1,0,0,5.332644992375126,0
Pleasure,493.5826858056218,18.591374641722002,500,73.80041559207808,139.62893770229945,1,1,1,1,1,1,1,1,2,2,2.4014559782655405,0
Business,338.53625094306835,5.333591904665582,337,97.74128675227692,186.55809297309392,1,1,1,1,1,1,1,1,7,0,7.784780227725452,0
Business,177.9245672171561,4.952975472693697,467,75.38904090368567,205.47524169381285,1,1,1,1,1,1,0,1,0,0,5.25885754525243,0
Pleasure,132.3348506949703,10.16249774680825,153,57.45307239697526,117.73595350176339,1,1,1,1,1,1,1,1,7,1,5.311363236051634,1
Pleasure,152.8845001869597,12.970236394322656,163,66.86105294306682,19.204125903329537,1,1,1,1,1,1,1,1,2,3,6.305299894937044,1
Business,359.73919959055297,5.092405376556101,376,73.8169327001356,161.89326415216726,1,1,1,1,1,1,0,1,0,0,6.0795091478093575,1
Pleasure,458.7596482285587,10.782026362851251,220,98.14156385272945,130.54508544838572,1,0,1,0,1,1,1,1,0,0,1.321339836422452,0
Pleasure,499.8200961834662,18.80351754224759,207,28.256485090619933,222.1548942861077,1,1,1,1,1,1,1,1,4,0,1.0,0
Pleasure,109.09888995837427,13.291979524448681,291,115.17066487331935,137.90061387302353,1,1,1,1,1,1,1,1,3,2,8.097784104637096,1
Business,445.28627803049886,10.265273325791133,445,78.54183396118042,203.50566747861458,1,1,1,1,1,1,1,1,0,1,3.2678680211698157,0
Business,466.05359585879734,7.543407348925397,83,30.120939905185136,134.13866778126663,1,1,1,1,1,1,1,1,3,2,4.0219164380661185,0
Pleasure,168.51635883957965,0.7086151389850981,224,85.59036290548968,198.0429461327881,1,1,1,1,1,1,1,1,1,3,9.696775765797275,1
Business,348.6343922900834,19.62461433824202,171,40.0371039407956,178.23684587171994,1,1,1,1,1,1,1,1,0,0,1.0,0
Business,218.05529050792305,12.526726879707377,6,80.56746452859984,159.48635851868633,1,1,1,1,1,1,1,1,0,0,1.0,0
Business,307.75187000708416,19.427543993444303,218,118.41670715447329,139.29212873149424,1,1,1,1,1,1,1,1,4,2,1.0,0
Pleasure,308.4249378904993,5.870546037670914,435,90.14582125685861,122.93374908419698,1,1,1,1,1,1,1,1,7,1,9.772699613810008,1
Pleasure,210.1360776195494,7.461642061436535,87,61.172013192047366,7.92987808881298,1,1,1,1,1,1,1,1,3,4,7.012593095317817,0
Business,230.70947546788057,18.52735181229409,399,67.45106636945596,119.3941381551077,1,1,1,1,1,1,1,1,0,0,1.0,0
Business,94.7101280640057,19.997298175139516,161,53.835646343258865,17.365612094984733,1,1,1,1,1,1,1,1,3,1,1.0,0
Business,388.09846499497405,18.367159325117896,220,79.3461419540625,9.713316058209568,1,1,1,1,1,1,1,1,2,1,1.2525420672338174,0
Business,319.7275074203485,2.4156156205293966,460,97.8234156569977,110.05014178208059,1,1,1,1,1,1,1,1,1,0,8.643629611864725,1
Business,380.4913222263383,1.1911781815389655,123,66.16863598035083,160.52738701437625,1,1,1,1,1,1,1,1,1,0,8.224976415767046,1
Pleasure,353.3508751748849,19.886551197768682,468,74.60172530489918,162.44464540558667,1,1,1,1,1,1,1,1,1,3,7.258400380405543,0
Business,114.57932236309107,15.587395976595776,342,94.04035267387735,167.0567087077796,1,1,1,1,1,1,1,1,2,0,1.4455314899035707,0
Pleasure,63.35551399095584,7.191567755907286,384,77.65651806934456,162.51242205319724,1,1,1,1,1,1,1,1,2,2,6.305336976096494,0
Business,432.45226953985264,6.44279261777422,220,117.33730942743635,9.507129876844413,1,1,1,1,1,1,1,1,7,2,7.486630061228812,1
Pleasure,324.98102136524085,4.917062871717713,7,47.41123124011651,203.83091426328,1,1,1,1,1,1,1,1,0,2,7.041269921796838,1
Business,405.5216575210065,10.669545680313743,345,81.93492004825109,76.89777017088183,1,1,0,0,1,0,0,1,0,0,3.3776312694534365,0
Pleasure,278.40520214200535,12.464862371104555,347,35.571789649262485,135.0880155313114,1,1,1,1,1,1,1,1,0,3,8.125737486476824,1
Business,459.5121298522678,13.214288174977064,220,104.43869083797507,205.9319860168952,1,1,1,1,1,1,1,1,0,0,1.1747235361261295,0
Pleasure,184.88736416523585,6.880436749039873,465,68.42553339704602,39.74082452425724,1,0,1,0,1,1,1,1,0,0,10.0,1
Business,280.7198403685129,3.0731329183408396,130,93.6407806000325,22.356896018384113,1,1,1,1,1,1,1,1,4,2,8.288758133530234,1
Business,308.7355136811564,12.703369108844118,181,97.48878666738547,99.09626806129208,1,1,1,1,1,1,1,1,4,1,4.685965484163223,0
Business,325.47077666170816,4.042611137436827,460,42.591478695524444,13.985722449262656,1,1,1,1,1,1,1,1,5,3,8.744373909584988,1
Business,391.1390422065106,3.94016276859537,216,66.64055120195796,33.35840308327868,1,1,1,1,1,1,1,1,4,0,7.876014304750729,1
Pleasure,408.00474180665753,15.54436704200783,127,23.597538160236333,133.34035909534083,1,1,1,1,1,1,1,1,0,0,2.5653651362527103,0
Business,237.5521771586218,6.401481473618739,420,39.141919430665205,111.87086653200762,1,1,1,1,1,1,1,1,3,4,6.1860723651390845,0
Pleasure,100.51950709497068,7.942407270878153,308,51.34128320212724,204.2439336336002,1,1,1,1,1,1,1,1,2,3,6.721674009717879,0
Pleasure,308.1427098334952,3.9735750676985537,267,28.763946524328443,190.46088976592924,1,1,0,1,0,1,1,1,0,0,8.033329985998558,1
Pleasure,213.5558699346532,15.605966395404545,59,106.15136852993986,16.735843667518203,1,1,1,0,1,1,0,0,0,0,6.493480629561865,1
Pleasure,254.1298087869898,0.6415638497670395,393,63.08952176935648,154.4018491129538,1,1,1,1,1,1,1,1,1,3,8.957971929517532,1
Pleasure,377.77880215421203,4.177159590739348,9,73.9181613693705,211.90988132268146,1,1,1,1,1,1,1,1,1,3,4.260346915186211,0
Business,450.4093279673621,7.668559083399085,38,38.07662079686406,148.85754421059175,1,1,1,1,1,1,1,1,5,3,4.904687847704653,0
Business,327.2056477644323,12.894061313098184,148,42.23355858833145,55.13762891912681,1,1,1,1,1,1,1,1,5,0,1.3661888881978879,0
Pleasure,326.99904673948095,5.095702852106347,447,89.06740090786217,120.3163902554253,1,1,1,1,1,1,1,1,2,0,8.55217182114624,1
Business,107.44818299526328,3.0828923011046383,308,92.93065193113824,226.7587296803167,1,1,1,1,1,1,1,1,4,0,8.504709911252384,1
Pleasure,222.58980936440193,10.924521371533078,152,82.85945329977532,205.76150076123608,1,1,1,1,0,0,1,1,0,0,7.535691108757576,1
Business,295.0423815644262,18.387315509328364,243,90.73485550878611,66.70998547064296,1,0,1,1,0,1,1,1,0,0,1.0,0
Pleasure,382.33542570261216,11.426655095178752,346,33.51531231646024,121.5155757477433,1,1,1,1,1,1,1,1,2,0,3.8264498079755738,0
Pleasure,485.3312694470129,16.079718821841574,108,105.90285942349648,183.4309589669268,1,1,1,1,1,1,1,1,0,4,1.0,0
Business,392.31983395217617,8.38458020136154,199,111.36761823924459,212.4879966068212,1,1,1,1,1,1,0,1,0,0,4.003530581864886,0
Pleasure,115.09356299712672,6.722430122347969,465,63.87170298948563,49.7843005236597,1,1,1,1,1,1,1,1,0,0,9.208595932503313,1
Business,297.994264487824,0.08305413696567676,371,72.00406232347405,50.430105777106306,1,1,1,1,1,1,1,1,3,4,10.0,1
Pleasure,403.8258286758599,1.571844475273445,329,96.10130420179466,11.163021782068785,1,1,1,1,1,1,1,1,3,6,6.393146144782047,0
Pleasure,141.01651985256794,18.042670094603103,359,118.14938604894168,86.73834934126867,1,0,1,1,0,1,0,1,0,0,8.01917034839556,1
Business,83.11763687885679,2.3086507098561437,356,55.910508198585276,191.07479598530443,1,1,1,1,1,1,1,1,5,3,7.838825863260638,1
Pleasure,205.99903444435674,12.991565519461796,464,97.6258742595052,225.12126572085336,1,1,1,1,1,1,1,1,2,1,10.0,1
Pleasure,172.7927322157684,16.663319589667815,424,60.76678542990007,118.33826236708752,1,1,1,1,1,1,1,1,1,3,7.455471677899662,0
Business,241.16492253669938,3.5942274303090227,275,86.60605092691388,169.83733308930087,1,1,1,1,1,1,1,1,0,0,5.886588332063694,0
Pleasure,95.64242227518285,17.290887670661295,157,73.86107643875818,26.160230585752224,1,1,1,1,1,1,1,1,6,1,7.069538566904783,1
Business,73.65631114465502,13.598809969964677,366,63.11696127650088,58.87440569936941,1,0,1,1,0,0,0,1,0,0,1.0,0
Pleasure,414.9598381043843,11.405815697975893,201,85.14941893180237,131.1808486986882,1,0,1,0,0,1,1,1,0,0,3.5989583366079767,0
Business,474.4697783433164,15.132567855510313,144,42.33321690337759,225.04915931685312,1,1,1,1,0,1,0,1,0,0,1.0,0
Pleasure,139.8358225288295,7.541427411785375,215,108.44956910200715,118.31616897241479,1,0,1,1,1,1,1,1,0,0,6.998922272773669,1
Business,113.47994409695477,7.0536555868927575,351,80.47745641071945,145.80251651916706,1,1,1,1,1,1,1,1,0,0,5.122016195657994,0
Business,348.46062663793197,17.823789454648185,347,48.271545075057425,68.86635691126801,1,1,1,1,1,1,1,1,0,0,1.0,0
Business,385.979242556126,19.954757099004006,421,52.30091770867418,112.3381502237824,1,1,1,1,1,1,1,1,4,0,1.0,0
Pleasure,237.3282663491062,3.9342208951680835,248,44.70842077940277,93.04366827715926,1,1,1,1,1,1,1,1,1,4,9.29009834719624,1
Pleasure,432.0542420342724,13.976485816267628,9,32.960334540906466,161.49549231975766,1,1,1,1,1,1,1,1,4,2,1.0,0
Pleasure,246.10791853414386,10.85040871961298,122,110.5989926889329,171.91082311709698,1,1,1,1,1,1,1,1,0,7,7.159568469885118,1
Business,276.20370705101084,2.5635556517698954,283,56.74535405930427,11.374448748172089,1,1,1,1,0,1,0,1,0,0,5.431735277811965,0
Pleasure,75.63401632992033,9.286292538972393,232,80.58438664745879,170.7057139973103,1,1,1,1,1,1,1,1,5,1,7.134274424286461,1
Pleasure,78.1111798034455,10.880520211576261,326,21.998941248893672,168.64265508915247,1,1,1,1,1,1,1,1,5,3,6.624613956033973,1
Business,243.40085057275056,16.94627064734539,36,59.43932015913465,177.99405464128688,1,1,1,1,1,1,1,1,1,0,1.0,0
Pleasure,64.04703574860356,10.736748582077936,109,87.23200980840781,164.5033283770195,1,1,0,0,0,1,1,1,0,0,5.254803322811066,0
Pleasure,80.35308919108651,7.773807924981231,261,38.33281656479635,70.93048892398997,1,0,1,1,0,1,0,1,0,0,5.66999308685378,0
Business,152.4844821408546,6.0907804825536065,346,119.75836894129668,222.5253695643888,1,1,1,1,1,1,1,1,4,1,6.009048537387903,0
Business,295.45316778792073,16.554887543116493,26,17.546198857869587,101.70444361203673,1,1,1,1,1,1,1,1,2,0,1.0,0
Business,349.286436223714,15.897047117345384,25,23.551830997688434,228.57244751162034,1,1,1,1,1,1,1,1,0,1,1.0,0
Business,499.41744358670746,5.663594844025246,142,97.63209745659145,127.98975912372927,1,1,0,0,1,1,0,1,0,0,5.515378739037119,0
Business,163.86740707023873,16.44093508076479,452,96.27811564031087,144.60270235712076,1,1,1,1,1,1,1,1,5,1,2.0874914353610476,0
Pleasure,410.6390680283899,6.362471867064068,430,65.84669553057697,230.71359316861538,1,1,1,1,1,1,1,1,0,1,6.760720675994133,1
Business,134.39624148704038,18.021947304643998,316,17.33345450015031,34.83391990268664,1,0,1,1,1,1,0,1,0,0,1.0,0
Pleasure,91.60871341250949,4.924409701441603,373,72.59982335542071,142.74515418675185,1,1,1,1,0,0,1,1,0,0,7.451114057946978,1
Pleasure,175.1395845029406,4.758263104922447,118,85.31201332834077,211.69767170199376,1,1,1,1,1,1,1,1,2,5,6.89406106756185,1
Pleasure,122.7441072675646,2.9779130052688907,232,84.83529337953347,216.73464824102894,1,0,0,1,1,0,1,1,0,0,7.187004835183581,0
Business,209.26869501263593,0.458303590796445,398,72.02955707883105,239.298399123404,1,1,1,1,1,1,1,1,2,0,8.340203085312481,1
Business,329.7645348216593,10.341640263223539,330,95.13445113956766,50.46650561132335,1,1,1,1,1,1,1,1,5,2,5.148263082497863,1
Pleasure,427.59652826491396,12.472636082620962,271,85.00065185592575,41.47970399993252,0,0,1,1,1,1,0,0,0,0,3.430628396266909,0
Business,313.19173730232797,4.68529683574457,71,76.1523923535001,94.9424840965043,1,1,1,1,1,1,1,1,1,0,5.969458974277911,1
Pleasure,257.26564589318326,0.9800948860196868,106,91.43775448429093,38.81080001114171,1,1,1,1,1,1,1,1,3,2,8.305728462441888,1
Pleasure,268.53743624915995,7.358249493804603,102,93.66817087581937,28.569961358473787,1,1,1,1,1,1,1,1,4,2,8.360062368092748,1
Business,408.9606526213198,11.026420275980582,105,65.74466549433498,47.951021446278524,1,1,1,1,0,0,0,0,0,0,2.95752051196685,0
Business,285.6210657767388,17.946833165486616,272,64.58908346784784,187.4056276275706,1,1,1,1,1,1,1,1,0,2,1.0,0
Business,493.0051113273096,5.563412631559556,177,28.129619370115314,173.89397145681602,1,0,1,1,1,1,0,1,0,0,4.60271426404479,0
Pleasure,164.03314998620777,7.329117069257116,60,112.16859533378393,94.66855094628056,1,1,1,1,1,1,1,1,1,1,6.8934922590867895,0
Pleasure,336.0285787639666,18.842214722884066,240,58.07074192539299,200.08059912514105,1,0,0,1,0,1,1,1,0,0,3.6756509196964835,0
Business,468.47640140643693,2.3050671077253537,314,89.1492038438207,42.68176403936495,1,1,1,1,1,1,1,1,0,2,8.95287140834489,1
Business,495.7844907980411,6.59060664307902,415,23.756693723625958,55.695596442305494,1,1,1,1,1,1,0,1,0,0,4.840653579577832,0
Business,377.3319821296347,3.6055608220459145,337,88.36745202274507,7.037892367945535,1,1,1,1,1,1,1,1,6,2,9.0489206003839,1
Pleasure,421.5591744327066,15.11594875598626,326,56.38191689299387,235.5981199261416,1,1,1,1,0,1,1,0,0,0,2.6465831855359605,0
Pleasure,287.12989222567523,2.0247904601844025,199,94.15465726023716,189.68363308824746,1,1,1,1,1,1,0,1,0,0,8.007702090350401,1
Business,165.37549448406168,6.247470771146164,148,41.71717858177091,87.21664619323225,1,1,1,1,0,1,0,1,0,0,4.651912407680997,0
Business,179.66125209330087,3.790019824340336,80,45.72218671912566,112.94237958078398,1,1,1,1,1,1,1,1,0,0,6.689753681824472,0
Pleasure,295.40900337915986,4.619480723006015,304,36.07634062656982,92.47423297284847,1,1,0,1,1,1,0,1,0,0,7.6417862838261446,1
Business,305.2811184493894,7.19076717216754,451,75.36535628764636,28.23702456703651,1,1,1,1,1,1,1,1,5,0,7.5009369548373535,1
Business,396.9288180114164,0.20308051838781926,225,69.52338195480992,154.96345473657215,1,1,1,0,0,1,1,1,0,0,7.689580563130358,1
Pleasure,89.4153898498341,0.8198032048321569,451,15.529165527806198,149.46646517797603,1,1,1,1,1,1,1,1,4,3,9.196293612819172,0
Pleasure,324.3045929962133,9.451232582733546,494,42.90924205040955,111.3167467903807,0,1,1,1,1,1,1,1,0,0,8.06803496231425,0
Business,443.98596545280435,9.057997105358215,424,94.75640215786485,174.7697412060735,1,1,1,1,1,1,1,1,0,0,4.532185297076802,1
Pleasure,184.36857082826896,5.324075644822852,247,41.45879144136105,82.84296310911878,1,1,1,1,1,1,1,1,7,1,8.581428955034706,1
Business,76.46022355071788,18.432318204187876,187,61.061958113385735,109.38283596507432,1,1,1,1,1,1,1,1,1,2,1.0,0
Business,279.17722179266553,6.9759090825240015,484,15.223914563708593,214.1150964157309,1,1,1,1,1,1,1,1,0,0,2.860815511910727,0
Business,300.9942302155865,5.470055742891084,368,31.03403002140742,182.2881022611529,1,1,1,1,1,1,1,1,3,1,5.556271932366676,0
Pleasure,403.09619454757467,2.912402443432547,497,41.208999425769406,186.85786371485796,1,1,1,1,1,1,1,1,1,2,4.1365061782597525,1
Business,407.18538096025816,1.1570575380543713,466,71.22248991428224,182.15323506271906,1,1,1,1,0,1,0,1,0,0,7.385709337537955,0
Business,123.45387647414539,1.3559792634541967,391,27.126945387066172,147.32457027107924,1,1,1,1,1,1,1,1,1,0,7.434148575524142,1
Pleasure,489.47809382640526,11.524786138803142,189,117.45940130223889,218.56839922756254,1,1,1,1,1,1,1,1,3,2,1.0,0
Pleasure,117.79102723337702,10.243301684895965,148,87.0414028880904,175.2332527942107,1,0,1,0,1,1,1,1,0,0,7.9262232178241385,1
Pleasure,339.75141018632036,1.3201519028484054,106,67.32470389617103,94.4326814982044,1,1,1,1,1,1,1,1,1,3,7.663017998662756,1
Business,432.93563012703845,11.704149677146686,388,88.22172313407894,16.587313777596975,1,1,1,1,1,1,1,1,1,0,3.3814156396826958,0
Pleasure,61.30404233354899,7.4255998785437765,210,43.69483236648891,193.5179375544205,1,1,1,1,1,1,1,1,4,2,5.27279589716014,0
Pleasure,323.49390346949883,6.259702767287081,481,109.10122470509516,195.48168833139832,1,0,0,1,1,1,1,1,0,0,9.541948518773037,0
Pleasure,314.7989494700068,14.335777877594222,232,55.678579136729105,214.03366996999262,1,1,1,0,1,1,0,1,0,0,3.2556803864254467,0
Business,391.33981333444325,7.731716211800435,372,61.65687759025121,59.220385585368525,1,1,1,1,1,1,1,1,5,2,6.297722717046553,1
Business,224.02507849514905,3.4430960174500447,187,44.03640812096045,74.44982697467846,1,1,1,0,1,0,0,1,0,0,4.801822146879832,0
Business,447.1019363589559,14.173773348121397,82,16.261366636597494,54.83168341875638,1,1,1,1,1,1,1,1,3,0,1.091260728950657,0
Business,491.3557520872197,2.947104841627972,321,94.69312468808364,175.55769195251474,1,1,1,1,1,1,1,1,2,0,6.919298006090192,1
Pleasure,235.37616897760248,2.0398742249577606,329,45.35753667306405,212.08520595619217,1,1,1,1,1,1,1,1,2,2,7.700759707540319,1
Pleasure,316.36580494554227,6.77745620933798,330,105.24638351662504,192.54390368514308,1,1,1,1,1,1,1,1,5,3,8.383469950332662,1
Business,483.95072937984924,14.341119515178331,299,66.72230155983532,12.271063233638463,0,1,0,1,0,0,0,1,0,0,1.65852040716617,0
Business,440.25896191872846,0.31279680555289957,30,111.39344732314831,29.799011151787564,1,1,1,1,1,1,1,1,4,0,9.425906499461188,1
Business,405.4053006785831,6.168670653962982,411,78.99468811495555,75.14305442656153,1,1,1,1,1,1,1,1,6,0,6.716969767654968,0
Pleasure,119.43656357537564,18.550845558964703,335,72.0178174682221,160.97812120156286,1,0,0,0,0,1,0,1,0,0,5.125955772560337,0
Pleasure,102.60633700401185,5.004225820751415,17,16.138110884398742,146.53996792748984,1,1,1,1,1,1,1,1,1,2,6.551071473204147,1
Pleasure,494.73920710538613,0.6713963358097352,73,80.70734370220178,183.7904642408756,1,1,1,1,1,1,1,1,1,4,1.0,0
Pleasure,212.10468593911116,18.397224351696345,332,52.90734371333703,46.0051051740747,1,0,1,1,1,1,1,1,0,0,6.546956654226398,1
Business,292.4319504991843,15.37031947861215,346,113.96495374895905,128.10011244467418,1,1,0,1,1,0,0,1,0,0,1.0,0
Business,454.84074057181,12.440302518533128,109,59.53862389711413,101.28824820165602,1,1,1,1,1,1,1,1,2,2,3.0967964841216116,0
Pleasure,208.3882982689858,18.045729979398192,446,43.44706071661441,64.73936498254861,0,0,0,1,0,1,1,1,0,0,8.492612811484992,1
Pleasure,284.13248080698185,19.36108142546012,256,76.47479119971418,27.676781371473428,0,1,0,0,1,1,0,1,0,0,6.007674061691752,0
Pleasure,328.283306852076,7.091945991669055,0,76.77042131302906,211.49325842765083,1,1,1,1,1,1,1,1,1,0,4.704377206726837,0
Business,379.7027940935631,14.4034522927217,425,111.68058895159415,134.96287270616574,1,1,1,1,1,1,1,1,5,2,3.646841756702893,0
Pleasure,112.05426274010414,12.882551633348854,21,59.42044593326528,165.1972866552703,1,1,1,1,1,1,1,1,3,3,4.413942952798716,1
Pleasure,485.9229019738171,14.65527424948565,238,101.70643291259982,230.40175692215487,1,1,1,1,1,1,1,1,2,5,1.0,0
Business,107.10420531353003,18.00206188984974,92,91.95032271115392,48.656738406832325,1,1,1,1,0,0,0,1,0,0,1.0,0
Business,313.09323245226534,7.196059532424075,456,38.54489284020078,36.57264255308422,1,1,1,0,0,0,1,1,0,0,4.396870584824754,0
Business,461.09007511268214,1.2100986990041118,16,70.71246046009904,212.756160710129,1,1,1,1,1,1,1,1,0,1,6.772289400601399,0
Pleasure,271.4905441587615,17.83102696735269,79,38.388476768125734,175.36344521826848,1,1,1,1,1,1,1,1,2,2,5.240921208570249,0
Pleasure,96.11648436465342,11.002046747342586,258,32.85930627376514,110.79344810947731,1,1,1,1,1,1,1,1,1,1,6.685526928700604,1
Business,216.74768796135987,7.992644196751311,175,19.08002703378608,225.0281052941232,1,1,0,0,0,0,1,1,0,0,3.28925512391027,0
Business,484.77282051696017,3.6310218798920246,492,89.86469861963765,230.7832418364515,1,1,1,1,1,0,1,1,0,0,4.945304205334565,0
Pleasure,269.5045615024295,15.448457465892645,434,59.23019299977353,36.610005978363446,0,0,0,1,1,1,0,0,0,0,7.386833728426321,1
Pleasure,194.42365687886192,0.5480990296435273,10,71.71383207773941,237.8873894644731,1,1,1,1,1,1,1,1,3,2,8.13735252680302,1
Pleasure,473.2395213401286,14.46619626560787,269,97.53629947958377,22.795664834377295,1,1,1,1,1,1,1,1,1,6,1.7657173743803045,0
Business,333.36943684287866,7.916958605485068,323,106.36674819093716,162.86906926639605,1,1,1,1,1,1,1,1,8,0,5.470925575985399,1
Pleasure,212.6502167207344,13.563737278809437,201,113.10497182793704,68.70375051439507,0,0,1,0,0,1,1,0,0,0,7.982537826773805,1
Pleasure,320.2220083527297,5.411346766359282,166,102.19229341106414,18.440600687274664,1,0,0,1,1,1,1,0,0,0,5.930040999415948,1
Pleasure,285.9683019633884,3.88816530601098,436,39.439624370902386,30.141382301238167,1,1,1,1,1,1,0,1,0,0,8.880995938832532,1
Pleasure,414.19316350519466,7.440803886517919,385,53.72465514932243,124.08872913881059,1,1,1,1,1,1,1,1,1,7,5.609131808895236,1
Business,393.5183312349495,15.199512357596998,126,54.5471967404916,17.300858430699112,1,1,1,1,1,1,1,1,2,1,1.9144544869650182,0
Business,78.38977917808359,13.92307286901907,451,46.59935700545318,143.80262043130605,1,1,1,1,1,1,1,1,1,0,1.0,0
Business,81.33191359112483,0.25590996943271493,127,63.617269782427854,232.26887627118646,1,1,1,1,1,1,1,1,2,0,7.549322912834376,0
Pleasure,312.4681276498045,8.377529969430789,99,61.09470761759567,77.46001190496492,1,0,1,1,1,1,1,1,0,0,5.944170691560013,0
Pleasure,382.10869417920674,19.301824227053423,68,49.370398246904394,126.67413485583369,1,1,1,1,1,1,1,1,3,3,3.141207012963882,0
Business,250.2827177698963,16.40583624733803,9,78.41150154459417,195.4321168624561,1,1,1,1,1,1,1,1,1,0,1.0,0
Business,498.6488669153375,7.454638293661966,459,101.87344509287354,147.34348653648243,1,1,1,1,1,1,1,1,6,2,6.87085800910687,1
Pleasure,228.57643557935964,13.33292005199176,394,119.74022515655798,173.45971781477718,1,1,1,1,1,1,1,1,3,1,8.895372068780054,1
Business,315.1763214223342,11.051540899788248,246,79.02875838680451,56.99245099355751,1,1,1,1,1,1,0,1,0,0,2.1132291289395497,0
Pleasure,202.1651553533515,10.26930057010337,18,110.73233604042329,86.42493801415876,1,1,1,0,1,1,1,1,0,0,5.981950281043515,0
Pleasure,187.46176018351275,18.43468796424689,235,118.87391480728016,61.69414462448254,1,1,1,1,1,1,1,1,0,5,9.515726818792068,1
Business,271.0432235456336,1.4385468943835944,176,53.26500337498241,204.4095743441325,1,1,1,1,1,1,1,1,7,0,8.359541148564016,1
Pleasure,467.02358163533415,19.136893117300755,421,72.87573649625632,181.546175951464,1,1,1,1,1,1,1,1,0,2,1.2056893042946153,0
Business,262.5997589942321,9.703383296011962,78,89.13010107882089,81.8874555311913,1,0,1,1,0,0,0,1,0,0,3.0602244808176198,0
Pleasure,455.8980273526812,2.5270508446270523,388,48.769255952012344,70.95436184025444,1,1,1,1,1,1,1,1,0,0,1.0,0
Business,410.9347565049186,10.76696476088437,464,102.0704796425996,44.64403254705788,1,1,1,0,0,1,0,1,0,0,3.46841655855097,0
Pleasure,403.71797608662115,2.569068011793798,477,113.40088997979447,84.3340068929778,1,1,1,1,1,1,1,1,2,2,7.086009016895219,0
Business,409.9647860321046,6.6828168391945475,403,118.10656893825958,58.31714121144015,1,1,1,1,1,1,1,1,4,0,6.6012086834392125,1
Business,284.6235061232319,2.8576028736230175,258,46.10211436132413,6.401946014161316,1,1,1,1,1,1,1,1,6,1,8.124187790517981,1
Business,66.84248369629599,10.397827759002318,309,113.28806661947114,15.641825604302614,1,1,1,1,0,1,0,1,0,0,3.6450483321278226,0
Pleasure,86.53392823780283,19.15508151690829,376,102.40818096216712,76.76664001019002,1,0,1,1,0,1,0,1,0,0,6.775609160382744,0
Business,76.5839908906344,18.122642060990405,449,55.2423399258424,66.68961169555692,1,1,1,1,1,1,1,1,5,2,1.4013665610699795,0
Pleasure,291.90403340635294,14.764229660143357,466,92.11307374904143,124.26951081391657,1,1,0,0,0,0,0,1,0,0,5.892027936056279,1
Pleasure,436.54807646315226,1.4173623126277723,296,94.09509574811237,49.91980799069621,1,1,1,1,1,1,1,1,1,4,4.370830006716444,0
Pleasure,422.3504043337513,3.4212523260108507,415,104.4532953753472,62.275531969471764,1,1,1,1,1,1,1,1,3,6,6.470102788015972,1
Pleasure,298.85612488379326,1.5713048929103457,60,43.02781734390839,45.03876865069479,1,1,1,1,1,1,1,1,0,0,7.865661938349769,1
Business,87.3165686781439,7.655202586628214,61,32.32919785340682,151.96859262505873,1,1,1,1,1,1,1,1,6,2,5.268737409183742,1
Pleasure,345.387907603117,14.858614867145171,8,29.67427204664376,69.41802761265936,1,1,1,1,1,1,1,1,3,2,3.5011993196705338,0
Business,261.13665545512674,8.226648305613928,303,38.84459363340406,147.5023041309331,1,1,1,1,1,1,1,1,3,1,5.071927140949153,1
Pleasure,458.5299612020679,17.93325699506843,145,41.25826189801407,86.68767591210825,1,1,1,1,1,1,1,1,0,1,1.0,0
Pleasure,302.18337906387904,11.828696030457792,228,80.01232932233933,151.7043109570351,1,0,1,0,1,1,0,0,0,0,6.645295241664158,1
Business,483.65541262541103,14.352256446808713,26,86.09689137753243,216.93735655623647,1,0,0,1,1,0,0,0,0,0,1.0,0
Business,372.97530568006044,0.6464088335779694,355,57.19438065248827,206.99183356618056,1,1,1,1,1,1,1,1,4,0,8.897936805107921,0
Pleasure,258.74420191703706,7.7037254203237975,130,79.68614242391773,227.1697537843243,1,1,1,1,1,1,1,1,1,3,7.204489051214265,1
Business,108.52053948138267,11.490436877087774,65,21.974833965638307,64.91009153477528,1,1,1,1,1,1,1,1,2,0,2.368591754806516,0
Pleasure,470.93247544411724,0.09385712091657616,175,73.28390640204296,183.92425680779127,1,1,1,1,1,1,1,1,2,1,3.157537419930513,0
Business,499.00802482906477,16.967239227253692,14,31.082874655515667,150.1700092368976,1,1,1,1,1,0,0,1,0,0,1.0,0
Pleasure,294.5864072334526,10.188599186079525,267,40.97672163707171,238.91854178089312,1,1,1,1,1,1,1,1,0,1,5.919960318812012,0
Business,295.9764813730549,2.0089645896278996,121,76.08704304020956,236.53324943269342,1,1,1,1,1,1,1,1,6,0,8.08993484776443,0
Pleasure,467.86514272031974,4.266145246048129,273,97.1826148546741,12.983129135715432,1,1,1,1,1,1,1,1,1,0,2.9161984187962697,0
Pleasure,199.17963316851709,17.69037935307179,494,35.9447227555303,117.32705622208098,1,1,1,1,1,1,1,1,0,0,6.760490528286997,1
Pleasure,330.6686114537377,4.534061712751387,147,87.27225375203145,52.16833464724922,1,1,1,1,1,1,1,1,0,0,6.1692601207916775,1
Business,90.82355713065034,5.254732756139755,420,69.93353493062301,116.03971638278676,1,1,1,1,1,1,1,1,8,1,7.760558069079946,1
Business,324.72903001940773,13.18575697020363,178,17.31162076092304,50.386913030961544,1,1,1,1,1,1,1,1,1,0,1.9817619090548058,0
Pleasure,130.70710283065878,4.174389612190417,75,25.34523441469072,87.01355173101635,1,0,0,1,1,1,0,1,0,0,5.9081283226094055,0
Pleasure,421.38240678221223,15.485139594309471,434,117.92326947796816,21.127387537913283,1,1,1,1,1,1,1,1,0,0,5.688819884664143,0
Pleasure,187.5722893941781,15.34803511238584,376,97.41277644946723,26.788055441542838,1,1,1,1,1,1,1,1,0,0,8.054978353092874,1
Business,118.13812495537782,19.09596708657438,417,66.23172252536142,21.81401516030814,1,1,1,1,1,1,1,1,3,0,1.0,0
Pleasure,289.9099445175189,10.507143322168474,124,24.96946026591738,63.83170486729523,1,1,1,1,1,1,1,1,2,4,5.948407760322488,0
Pleasure,430.5439553403635,10.492607423524547,306,79.72197896443356,33.578780059834244,1,1,1,1,1,1,1,1,1,4,4.289861831243804,0
Business,164.78272802992834,12.176097805010713,327,95.8902652656866,209.34407277648643,1,1,1,1,1,1,1,1,6,2,4.801984947971745,0
Pleasure,124.80309421187971,4.132716100949015,29,46.65683061426593,215.0314300340137,1,1,1,1,1,1,1,1,2,2,6.078945387232544,0
Pleasure,423.7348624251675,16.911411607291456,178,38.59066664075649,105.52086694493022,1,1,1,1,1,1,1,1,3,3,3.92437861267452,0
Pleasure,232.13130472436328,2.8934278646676104,299,93.5783518685403,229.88050714210627,1,1,1,1,1,1,1,1,4,4,9.702933384088222,1
Business,272.3509100422897,4.27640710054405,118,34.419104119501135,169.8220557491999,1,1,1,0,0,1,1,1,0,0,3.7251776955586493,0
Business,172.1972437756703,5.030875607122258,219,20.761633182276316,55.70688044054679,1,1,1,1,1,1,1,1,3,0,6.988880745200321,0
Business,287.8579371912711,6.395594183170066,60,46.0557514917159,205.07660431379307,1,1,1,1,1,1,1,1,6,3,5.568229360709455,0
Business,220.8731286778638,16.6781624941196,248,51.669854109937376,23.139329768707697,0,1,1,0,1,1,0,0,0,0,1.0,0
Business,470.78922709310666,13.995592035866178,133,55.25377251452584,217.32080906926825,1,1,1,1,1,1,1,1,5,2,2.217112613693594,0
Pleasure,282.6397311210765,19.40968526043929,42,95.94426540147558,201.34096823330486,1,1,1,1,0,1,1,1,0,0,5.108976271100265,0
Business,388.4673366153791,11.581315486269837,471,22.15084983014616,49.50917364184736,1,1,1,1,1,1,1,1,4,1,4.223645079441434,0
Business,380.27341457630286,14.334757419171332,375,97.68491344849225,143.36894252917836,1,1,1,1,1,1,1,1,3,2,1.4987736532812481,0
Pleasure,204.06255225858573,3.336591835254481,429,58.59172660314971,22.073702096307567,1,1,1,1,1,1,1,1,7,2,9.06805130969066,1
Business,259.4754021395026,8.704604810914208,260,94.23905053665398,111.67668480892378,1,1,1,1,1,1,1,1,5,1,5.59015226600267,0
Pleasure,328.8264874725275,16.262426016670567,248,35.09727022601032,230.38212667198508,1,1,1,0,1,1,1,1,0,0,4.679596959632137,0
Business,259.61715776007577,0.5099460745751982,165,93.1304853657264,148.7235627672591,1,1,1,1,1,1,1,1,4,2,9.314929506788161,1
Business,84.88920442329363,17.40325557378001,433,78.95900909902954,138.55316986215297,1,1,1,1,1,1,0,1,0,0,1.0,0
Business,364.5525568573641,9.339983514357133,122,16.14252456699878,161.58276553402197,1,1,1,1,1,1,1,1,3,4,4.655972032766501,1
Pleasure,258.57290032424964,14.322013083834776,210,97.96426371618982,220.82796136038252,1,1,1,0,1,0,0,1,0,0,6.225380466557327,0
Pleasure,86.8893172120262,12.301341216033787,225,43.70063178824855,27.307412500777314,1,1,1,1,1,1,1,1,4,0,7.06890739618927,0
Pleasure,434.4875336402127,14.96715975682968,118,61.85066480678915,58.537714231614125,1,1,1,1,1,1,1,1,0,2,3.7285313465835292,0
Business,437.07962588910306,0.7134211952227854,178,97.1298119401368,210.19200561173207,1,1,1,1,1,1,1,1,4,2,8.433802013406167,1
Business,349.4315922546278,17.21307493916605,228,51.19457699394249,87.37253555870114,1,1,1,1,1,1,1,1,4,1,1.0,0
Business,428.39296715663994,17.360406332632703,5,97.3182403795553,8.56584433287228,1,1,1,1,1,1,1,1,1,1,1.0,0
Pleasure,153.34090243691617,11.192409091329196,273,17.935615894477685,177.25819106457965,1,1,1,1,1,1,1,1,1,0,5.79399612968894,0
Pleasure,349.7913769539088,8.512520407966688,369,65.67553963444772,110.54645869892617,0,1,1,0,0,1,0,1,0,0,6.227337539391808,0
Pleasure,409.67541520923044,0.842226691594754,449,38.82234025216148,61.11953802681098,1,1,1,1,1,0,0,1,0,0,8.47410446104266,1
Business,321.13305392249043,3.3025479223234466,75,89.53066988303453,205.41415601848212,1,1,1,1,1,0,0,1,0,0,5.217333219592818,1
Business,460.40808848307,3.5798139303547827,149,33.03139842306299,31.419933833659382,1,1,1,1,1,1,1,1,1,0,6.357046326648608,1
Business,381.8554108987183,4.133020564514811,288,72.95780228597528,28.393526164259654,1,1,1,1,1,1,1,1,2,0,8.547797879826096,1
Pleasure,365.9799088953192,11.760259883262908,215,63.70845776932899,198.64247401084242,1,0,1,1,1,1,1,0,0,0,2.631641059827806,0
Pleasure,333.0415088376712,6.697552069482809,419,102.9852706324367,196.00248773342284,1,1,1,0,1,1,1,1,0,0,7.555409105456883,1
Business,315.5747724717671,2.0066673648718236,313,47.855950354647895,97.41535005836538,1,1,1,1,1,1,1,1,6,0,9.18843663211942,1
Business,408.14890563261235,7.226115492777481,237,35.568828945449525,206.9031943728519,1,1,1,1,1,1,1,1,6,2,4.361435542143422,0
Business,426.0300007403638,16.081398501655634,310,15.698782403433942,141.95758800114874,0,0,0,1,1,0,0,1,0,0,1.0,0
Pleasure,254.04718648773732,10.656737535145286,83,83.23601572372968,218.77835324006924,1,1,1,1,1,1,1,1,1,3,6.960275943668198,0
Business,215.80313261495596,10.917639295281347,447,41.9026196682689,135.95558902122164,1,1,1,1,1,1,0,1,0,0,2.015813821909754,0
Pleasure,110.61336967646427,15.158824783658595,239,20.031831425184883,177.21139248253957,1,1,1,1,1,1,1,1,2,2,7.38530828854061,0
Pleasure,162.47073046736458,7.5570143977850375,397,33.54157907620368,211.2426192124516,1,1,1,1,1,1,1,1,1,3,9.431268193049043,0
Pleasure,281.24021537475085,8.62995849288523,240,72.47793476446763,200.23259322866716,1,0,1,0,0,1,1,0,0,0,7.528689902878471,0
Pleasure,230.26709682449754,12.729963963732816,362,15.457485266878665,210.04703931947614,1,1,1,1,1,1,1,1,1,2,6.578254816877609,1
Pleasure,187.36987012965267,9.637592141960194,156,87.16010795186371,139.98063561042932,1,1,1,1,1,1,1,1,1,4,7.9657245052153565,0
Business,448.3513410042874,7.433986767880634,18,89.85818319883424,143.2641445550277,1,1,1,1,1,0,0,1,0,0,3.771841329298472,0
Pleasure,336.6491767209818,15.077975964439041,122,26.87750250921336,202.2066661869769,1,1,1,1,0,1,1,1,0,0,3.8508892632374017,0
Pleasure,400.20495967449176,15.188907256173094,210,36.6674357153928,164.34973572385118,1,1,1,1,1,1,1,1,1,2,1.0,0
Pleasure,400.14968699980864,10.914927922412332,431,61.59743870233604,228.96588895978013,1,1,1,1,1,1,1,1,0,2,4.100778437442944,0
Business,481.37993235375654,0.12666762617649985,135,30.58674505511748,192.63590811740727,1,1,1,1,1,1,1,1,4,2,10.0,1
Pleasure,386.0980376216057,7.9922062992347165,451,111.27940544306337,39.84357379277853,1,1,1,1,1,1,1,1,4,3,7.858092112471751,1
Business,197.90444178959527,19.815270375022482,241,69.20505541220115,46.80969900039351,0,1,1,0,1,0,0,0,0,0,1.0,0
Pleasure,389.5483187736654,13.690217224887144,201,68.90316348147762,181.96837196745093,1,1,1,1,1,1,1,1,1,0,3.3772595746094565,0
Pleasure,472.0939780138127,17.54893944467255,213,74.5487543234662,114.52838303462428,1,1,1,1,1,1,1,1,0,0,1.5705443053520727,0
Pleasure,150.26407877268724,13.109960716653683,236,103.27417701306638,129.54284148956694,0,0,1,1,1,1,1,0,0,0,7.633779291417211,1
Pleasure,395.37217277975344,6.001528435350605,377,118.32327281368605,47.61406075568695,1,1,1,0,1,1,1,0,0,0,5.78653159028193,1
Business,418.3971696493813,10.406895687639953,288,61.89043676475105,43.64640039760278,1,1,1,1,1,1,1,1,4,4,2.974212170100551,0
Pleasure,167.4497815409972,10.626100265564713,320,60.522531255639194,159.78571291622944,0,1,0,0,0,1,1,1,0,0,9.580656173473693,1
Business,205.7334323165556,19.11667010233652,500,48.5682393358959,12.276416205942713,1,1,1,1,1,1,1,1,3,0,1.0,0
Pleasure,366.5440041012098,12.946541106389859,290,16.185987896705225,222.43905508864918,1,0,0,1,1,0,1,1,0,0,4.254982079540242,0
Pleasure,455.374136580333,3.5431764503435104,476,25.357032626668502,188.52247450818862,1,1,1,1,1,1,1,1,0,1,4.06902613494092,0
Pleasure,444.02521426727435,15.34173781956882,4,108.48379936962415,168.9452753143999,1,1,1,1,1,1,1,1,0,0,1.0,0
Business,456.6403810576359,19.221658376134442,191,40.65246612598271,9.642357135891267,1,1,1,1,1,1,1,1,1,0,1.0,0
Pleasure,372.10251334023576,2.5556353251298547,20,16.801376031789264,214.55125133433643,1,1,1,1,1,1,1,1,1,1,3.94159420442144,0
Pleasure,61.9589008195629,17.997302178995355,274,114.09350307765865,128.0936242463348,1,1,1,1,1,1,1,0,0,0,5.645152980398702,0
Pleasure,458.82237965154013,10.235693822669969,423,92.9557396361551,17.565140620041387,1,1,1,1,1,1,1,1,2,1,2.5516915911891713,0
Business,234.94858539627847,12.355461115634904,278,117.8628103263231,222.72951372825554,1,1,1,1,1,1,0,1,0,0,1.5554543384545398,0
Business,78.97536452367895,3.5225996721985897,42,53.24804787289552,67.3299995071468,1,1,1,1,1,1,1,1,0,0,6.749045379632731,1
Business,323.42067737780656,3.8674079490012625,10,89.40069410834319,83.36677029040176,1,1,1,1,1,1,1,1,0,1,5.9865078687827875,0
Pleasure,197.05000343051296,2.3976757259160264,275,96.08312131271751,150.08398660102844,1,0,1,1,1,0,1,1,0,0,9.692179666773661,1
Business,301.200782199606,8.269273769417895,302,55.341693712925526,85.98786282709528,1,1,1,1,1,1,1,1,0,0,4.469210493987779,0
Pleasure,160.6423169253912,12.9215425491082,139,36.582351747018876,227.34238370338358,1,0,1,0,0,1,1,0,0,0,6.485489763118176,1
Business,202.2372033163605,10.661622141020255,64,76.03590275402307,148.93433531619087,1,1,1,1,1,1,1,1,1,1,2.030339265380941,0
Pleasure,402.73947352948306,3.168086265546257,58,26.52380403037179,145.25106837027315,1,1,1,1,1,1,0,1,0,0,3.003050362212225,0
Business,486.92441445581176,14.445399877944157,106,88.15201371780542,14.633728975302766,1,1,1,1,1,1,1,1,2,0,1.9237296441556184,0
Business,199.01766487053484,8.610700541436307,227,115.41982390975484,196.81177310685229,1,1,1,1,1,1,1,1,3,0,5.367116588327879,1
Business,81.100992324204,1.8959971426972144,163,48.12051997472795,47.97372201461997,1,1,1,1,1,1,1,1,1,3,7.933945843061378,0
Business,309.8911884899383,3.643065502545133,125,31.559443719966403,142.59899840916336,1,1,1,1,1,1,1,1,2,2,7.3375793380819365,1
Business,252.19420607629283,17.95545705045187,384,73.4645141201269,213.0264863466387,0,0,1,1,0,0,0,1,0,0,1.0,0
Business,364.32073485261583,16.6956926340268,19,64.5690635354098,200.26710495473736,1,1,1,1,1,1,0,1,0,0,1.0,0
Business,187.98264128815205,4.180868054871012,27,33.064123228896534,77.59550176666848,1,1,1,1,1,1,1,1,4,2,6.880887470325562,0
Business,69.3674278870873,3.18938349305945,15,67.96203172705336,233.83925944743928,1,1,1,1,1,1,1,1,6,2,7.722510432127609,1
Business,180.74435641008668,19.60932021446565,47,58.32013859391114,227.08585186401947,0,1,1,0,1,0,0,1,0,0,1.0,0
Pleasure,221.39141517056453,9.663353800210686,199,24.10358133229893,170.12731122504482,1,1,1,1,1,1,1,1,0,0,6.47099509912915,0
Pleasure,334.32993418891715,19.910160431149606,298,35.18292221306341,31.073647281583767,1,1,1,1,1,1,1,1,3,3,6.888696187950214,0
Business,390.0301223555196,16.818761123752903,218,36.333340230286524,135.0967901804094,1,1,1,1,1,1,1,1,0,0,1.0,0
Pleasure,352.9696712479409,0.9814463488278502,498,60.44543381837504,120.72822785386653,1,1,1,1,1,1,1,1,1,4,8.708814761670196,0
Business,430.61599704741843,10.886369398375262,485,58.45652376138667,206.3462021548095,1,1,1,1,1,1,1,1,8,0,2.2284640936376165,0
Business,407.6614001025185,19.58167758326522,425,25.114139909591547,12.251857276830098,1,1,1,1,1,1,1,1,6,1,1.0,0
Pleasure,116.99181815242926,15.83613486146212,168,66.94383045715175,239.47878060537812,1,1,1,1,1,1,1,1,3,3,6.604108373305864,1
Pleasure,125.55642347954331,5.667128608104097,449,87.7976267588689,136.47029987578122,1,1,1,1,1,1,1,1,1,0,10.0,1
Pleasure,368.1924237778232,8.849270506950923,481,118.77937995030805,200.64835397808193,1,1,1,1,1,1,1,1,4,3,7.202735525119432,0
Pleasure,196.40948215748065,6.025182579673589,44,104.15607423370784,226.6945556724398,1,1,1,0,1,1,1,0,0,0,5.374278355190035,0
Business,481.8571238795879,12.685894239801259,419,75.22238128201413,172.20280491887527,1,1,1,1,1,1,1,1,4,0,1.6182589281941593,0
Business,116.29029569353199,11.80676360819538,286,88.76313203144015,219.26824240742278,1,1,1,1,1,0,0,1,0,0,3.158464685421979,0
Business,66.00969671236835,2.9336640777976553,143,56.94807388602584,144.60710373994326,1,1,1,1,1,1,1,1,6,2,9.3774964761203,1
Business,278.3317619634455,16.011444465394312,11,24.70147726974648,100.62481925753076,1,1,1,1,1,1,1,1,4,2,1.0,0
Pleasure,304.8097382055777,3.080641352663227,280,75.88563252415776,108.18394833377546,1,1,1,1,1,1,1,1,2,1,8.092195654275665,1
Business,326.95500868007605,16.645207398419206,389,55.5694263864684,180.67270084313904,1,1,1,1,1,1,1,1,1,0,1.0,0
Pleasure,327.57113596320073,11.789382979919731,161,106.81404115316079,195.19543559400793,1,1,1,1,1,1,1,1,2,0,5.760716346556706,1
Pleasure,62.54720126077115,2.941340172006943,202,37.82030577749291,105.51778311751458,1,0,1,0,0,1,1,1,0,0,6.299590950828734,0
Business,61.8311772131776,13.862968856742832,265,56.22383541548463,131.51998738117035,1,1,1,0,0,0,0,0,0,0,1.0,0
Business,353.75039930915483,0.5114537533034835,10,83.31592992467252,144.19370980756847,1,1,1,1,1,0,1,1,0,0,7.054200369971696,1
Pleasure,61.92739765818451,17.032985453049548,164,46.43525431663303,194.74654205354062,1,1,1,1,1,1,1,1,1,3,3.7420979627068247,0
Business,340.8333392092592,11.550486796663167,114,84.73058020609949,24.61019620703848,1,1,1,1,1,1,1,1,0,0,1.9079119610572584,1
Pleasure,338.58361215863636,10.768938134055565,211,99.78952762193926,37.64272790758236,1,0,1,1,1,1,1,1,0,0,7.34834222583844,1
Business,216.46871380259006,12.393018501256423,396,72.91969113939452,143.69996682730516,1,1,1,1,1,1,1,1,1,0,2.320038153747249,0
Business,177.2321894854019,17.077200695628605,340,94.88449104235704,154.5595322827628,1,1,1,1,1,1,1,1,5,1,1.7564816289838094,0
Business,360.3923370067671,0.9059617870986658,267,70.34825722126725,95.90766443727449,1,1,1,1,1,1,1,1,7,0,7.918239915905485,1
Business,451.93953194958993,13.909315838305927,183,15.6714437621112,202.94940094753457,1,1,1,1,1,1,1,1,5,1,1.1916928642768192,0
Pleasure,470.7972347254691,6.415761761779882,152,105.2376446776778,235.1544612317908,1,1,1,1,1,1,1,1,4,4,1.5870261009501654,0
Business,99.72179501053965,14.397244249257495,185,37.95183927462956,116.39303002945549,1,1,1,1,1,0,0,1,0,0,1.148774046826913,0
Business,220.86588012982085,5.142300016472565,475,106.96116981385386,32.11206866235388,1,1,1,1,1,1,1,1,1,0,7.605453168857004,1
Pleasure,146.10007114610357,8.55198042271445,278,93.60675184967637,152.3698679618379,1,1,1,1,1,1,1,1,4,2,8.64294491151557,1
Business,353.6804961024771,12.156658414659418,336,31.940959473983025,146.06919605464628,1,1,1,1,1,1,1,1,1,0,2.0481253758447924,0
Business,488.05580368100556,17.37487390210312,276,20.423094666226568,222.119518227101,1,1,1,1,1,1,1,1,2,0,1.0,0
Pleasure,230.0952651444948,15.940473903311831,87,19.16347118018134,134.70590099107804,1,0,1,1,1,1,0,1,0,0,4.123758196999404,0
Pleasure,443.0061208400333,1.162797610176467,88,71.79246785617077,231.04219968050612,1,0,0,1,1,1,1,1,0,0,3.7160407477518747,0
Pleasure,239.57420603103478,4.199048014914634,362,23.919028754602525,135.31080765527565,1,1,1,1,1,1,1,1,1,2,9.301877211002859,1
Business,123.92836104359964,15.193279522124993,488,92.8018305905047,136.19017548242036,1,1,1,1,1,1,1,1,2,0,1.0,0
Pleasure,245.1564730583386,11.895118090881397,79,89.28691665514535,228.67946705619028,0,0,1,1,1,1,1,1,0,0,5.23817920969995,1
Pleasure,311.36678144649863,9.437567172561243,200,108.02916562474553,211.526081725993,1,1,1,1,1,1,1,1,0,0,6.343874429329444,0
Business,225.91410868162248,4.40788796059187,266,88.09393081503912,12.126848999271953,1,1,1,1,1,1,0,1,0,0,5.918861359935124,0
Business,214.15976852873223,18.03328271775384,162,42.79149326654369,149.07707728525423,1,1,1,1,1,1,1,1,3,1,1.0,0
Pleasure,454.44665922767575,3.713732206139617,286,76.95140910527948,239.06157570220964,1,1,1,1,1,1,1,1,0,1,3.295486865688788,0
Pleasure,406.8757107144901,18.371862923628463,445,76.75168146916043,73.9433142877355,1,1,1,1,1,1,1,1,0,1,5.353399153893806,0
Pleasure,368.3873636830269,8.238193261370023,430,113.85588570289282,197.82162531507117,1,1,1,1,1,1,1,1,2,5,7.469132351140185,1
Pleasure,387.5146283998126,1.4875169997206483,481,65.02545879837433,40.19853789919715,1,1,1,1,1,1,1,1,2,5,5.8940476554662995,1
Business,251.98263989216784,16.93138031735758,264,111.45456243663325,120.69563379737917,1,1,1,1,1,1,1,1,6,0,2.6277032288936795,0
Pleasure,297.4635508122549,13.854541504433147,418,93.98243050352954,189.34484865619638,1,0,0,1,1,1,1,1,0,0,7.460506243375976,1
Pleasure,106.64740505835613,0.48566387206955275,170,18.12014068021308,10.797669663733371,1,1,1,1,1,1,1,1,3,1,7.600275391860313,1
Business,131.1598713587005,13.16770146321639,79,112.1428419438772,52.789182169213845,1,1,1,1,1,1,1,1,4,1,3.3339662661269975,0
Business,427.19347877062364,1.1213736649027317,253,96.48960451385429,88.75023579050215,1,1,1,1,0,0,1,1,0,0,7.061440065426298,1
Pleasure,458.93893324217595,15.742169371722321,216,113.62421148725348,11.626576437883397,1,0,0,1,1,1,1,1,0,0,3.1676105390696843,0
Pleasure,364.22363717742155,4.205856892643296,210,95.44081276822051,119.19581924722422,1,0,1,0,1,1,1,1,0,0,5.061962509467458,1
Pleasure,311.2553305567183,18.61195369695702,151,45.23333601453306,53.93839160138173,1,1,1,1,1,1,1,1,0,0,3.8565324904925204,0
Pleasure,130.49974319501223,17.95641726760381,216,104.52761660426894,99.48144084082577,1,0,1,0,1,1,0,1,0,0,7.734574846114263,1
Pleasure,329.00330041423405,16.19121655367873,145,49.95401132511182,83.13330425235847,1,1,0,0,1,1,1,1,0,0,4.846167294619183,1
Business,247.98287686133452,7.18321003933756,203,64.76279424684215,221.291545351725,1,1,1,1,1,1,0,1,0,0,3.5570540496540723,0
Business,480.5154506974016,14.408968147435488,156,40.95735097821954,115.2306445958802,1,1,1,1,1,1,1,1,2,1,3.195692917218965,0
Business,452.4399253081548,14.49838446987043,287,104.59382162119276,7.566248201652594,1,1,1,1,1,1,1,1,5,2,4.10812775897106,0
Business,458.73663240667696,18.090301523188646,75,74.3073478274742,215.505788541057,1,1,1,1,1,1,1,1,6,1,1.0,0
Pleasure,335.8453416164128,7.218108959521401,416,22.699640043818682,178.10374390216532,1,1,1,1,1,1,1,1,1,1,6.078802791790211,0
Business,150.90700188289077,14.158146041207223,252,44.265720139763616,192.37637900984598,1,1,1,1,1,1,1,1,2,0,1.0,0
Business,426.8077401063285,19.751856548491787,37,31.304168680090125,143.17359727752398,1,1,1,1,0,1,0,1,0,0,1.0,0
Pleasure,248.95382419467293,0.1339639093411482,480,29.921449152873567,50.954468119247124,1,1,1,1,1,1,1,1,2,1,10.0,1
Pleasure,182.84389380740754,18.223261332812605,16,84.97072964212053,69.42795653549425,1,1,1,1,1,1,1,1,2,2,6.34604382201665,0
Business,162.20671633284357,7.683661598659044,103,47.94500660803656,135.46760767802007,0,1,1,0,1,0,0,1,0,0,4.378052412532442,0
Pleasure,472.55086549663463,10.331604544818875,415,52.51242003093313,174.78913865008522,1,1,1,1,1,1,1,1,0,1,2.410134446394821,0
Business,164.0324918118292,17.27243050177225,426,51.92207516371838,77.84793753196138,1,1,1,0,1,0,0,1,0,0,1.0,0
Pleasure,109.9154049720794,14.174686826481413,221,26.778206619256913,205.0056158276745,0,1,0,0,0,1,1,1,0,0,6.4746524269419,0
Pleasure,287.9733780774179,2.4322631909208425,141,25.88265537280699,76.17579343717723,1,1,1,1,1,1,1,1,2,3,7.227779010569277,0
Business,127.39531952253634,2.8037281066566733,287,30.32480224238648,95.60467126956308,1,1,1,1,1,1,0,1,0,0,8.527332935643031,1
Pleasure,199.14945479719765,10.302837305313606,87,105.8254824923537,164.93837001315362,1,1,1,1,1,1,1,1,2,0,7.7090502273481505,1
Pleasure,292.2116752986209,7.2547490174753655,441,90.95464282858924,120.39971880262345,1,1,1,1,1,1,1,1,0,2,10.0,1
Pleasure,460.57394492935293,7.605978296147611,164,109.34246379602206,144.64461656835832,1,1,1,1,1,1,1,1,1,2,1.9513372628016499,0
Business,200.88172319586383,9.438977764685308,379,19.371952700280048,171.26195485755736,1,1,1,1,1,1,1,1,6,1,5.17213834980703,0
Business,254.24074176798837,8.966898673630618,176,20.782072723522163,120.74488044494895,1,1,1,1,1,1,1,1,3,2,4.072251532082778,0
Pleasure,181.63882595529978,1.1819767458935493,451,114.05264029873543,87.01374358110078,1,1,1,0,1,1,0,0,0,0,9.48664065205341,1
Pleasure,240.18847667625306,17.84895498415497,63,20.468282370582155,97.86243931614288,1,1,1,1,1,1,1,1,3,4,3.7740506173989683,0
Pleasure,225.0933859024878,12.413451347735533,399,115.38933745517839,12.38270481653947,1,1,1,1,1,1,1,1,2,2,10.0,1
Business,163.28375091068753,17.400527207605585,359,54.54525827576946,39.89589912153255,1,1,1,1,1,1,1,1,5,2,2.5102723605878903,0
Pleasure,60.659733751078264,17.625271831166508,130,27.09567151101548,202.2527386991263,1,1,1,1,1,1,1,1,2,0,3.0109000240674972,0
Business,395.06554745267454,12.56056435410678,72,53.16262944958591,179.56563232005334,1,1,1,1,0,1,0,1,0,0,1.0,0
Business,266.016357854528,10.097014427711695,478,51.05928430920267,59.0018298184723,1,1,1,1,1,1,1,1,4,0,5.09640232437793,1
Business,485.02961864614326,13.594009437113147,472,106.33431300546863,123.90770451701776,1,1,1,1,1,1,1,1,3,0,4.067500989894437,0
Pleasure,147.12592995026324,0.28467081106820613,275,115.21820433805101,43.79055982801238,1,1,1,1,1,1,1,1,3,3,8.653654247509367,1
Business,186.41669647714338,18.656880436795092,206,17.941602684621422,25.680845947041732,1,1,1,1,1,1,1,1,3,2,1.0,0
Pleasure,117.03443522871704,18.046692071047993,342,108.09820696090328,225.05646661438416,1,1,1,1,1,1,1,1,0,0,7.152981093752909,1
Pleasure,382.50153803941333,10.380253425776347,284,41.85875457204345,134.62548135214436,1,1,1,1,1,1,1,1,2,4,4.387672044259467,1
Business,345.5534027872425,1.2790215511436975,386,57.31122828527331,90.90741830313242,1,1,1,1,1,1,1,1,0,4,8.429810966444602,1
Pleasure,414.48350116126414,14.915802521712509,228,24.98332012589625,123.84081127475041,1,1,1,1,1,1,1,1,2,3,1.2249357668184238,0
Pleasure,368.5657780917984,12.619687187153266,355,61.678389634978195,35.95451017071567,1,1,1,1,1,1,1,1,2,1,5.248505388002217,0
Business,78.1014993296375,5.4645772184950925,326,91.8338645673396,163.12632303502642,1,1,1,1,1,1,0,1,0,0,5.039739651104669,0
Pleasure,157.15365791114965,16.75602294074971,75,31.573181244741235,58.363665742865805,1,1,1,1,1,1,1,1,1,2,4.77321697621129,0
Pleasure,150.57619061570398,17.255494014522355,293,92.75199389809733,143.4761471923259,1,0,1,0,1,1,1,1,0,0,7.715124257528787,1
Pleasure,103.9178071075856,15.493871922631431,183,68.11624599918609,46.708995238596366,1,1,1,1,1,1,1,1,2,5,5.963068129924574,0
Business,276.3656269625763,7.1658036298300125,192,117.72187461626042,101.81961600106023,1,1,1,1,1,1,1,1,5,1,6.45825072152336,1
Business,144.33055973178995,13.345183550928043,2,68.39674764387303,6.891366818332213,1,1,0,0,0,0,0,1,0,0,1.0,0
Pleasure,295.06005643654026,3.8879805410542567,46,27.27368768288588,9.069100863636882,1,1,1,1,1,1,1,1,0,0,7.139277461884077,1
Business,415.6741446454031,11.641236450138399,287,116.79161353660143,111.9721061506422,1,1,1,1,1,1,1,1,1,2,2.255720676550453,0
Pleasure,137.09696736068977,14.564350400206703,2,101.59386836246175,50.87171666395126,1,1,1,1,1,1,1,1,1,0,7.816069142502949,1
Business,77.96323642720478,15.480607667126238,452,110.64734368665657,41.702229984515036,1,1,1,0,0,1,0,1,0,0,1.2515903601812146,0
Pleasure,221.42968202758573,12.452756852928966,198,37.58608416035907,204.54658248604608,1,1,0,1,1,1,0,0,0,0,6.874918579481808,1
Pleasure,239.79579876099223,18.996217734247793,158,50.07813490729525,37.699775406256876,1,1,1,1,1,1,1,1,1,0,4.966382947909338,0
Pleasure,395.1112249697689,14.66140460440669,474,35.48479368020389,70.86877179980843,1,1,1,1,1,1,1,1,0,1,3.5471156236524486,0
Pleasure,411.089944239233,1.3561356045005035,54,29.17173350128258,205.39157332457145,1,1,1,1,1,1,1,1,1,6,2.588024090769376,0
Pleasure,446.42022579632163,10.220937738470194,499,74.09173249758848,31.75644461131157,1,1,1,1,1,1,1,1,2,5,5.007763580351046,0
Pleasure,88.85947680400162,6.278490176434623,213,95.62767796525337,115.9113914853975,1,1,1,1,1,1,1,1,1,4,7.683288383129599,1
Pleasure,335.41817543047875,6.7944369974569,47,114.55908654327439,90.11339839116451,1,0,0,1,1,1,1,1,0,0,6.395637684588945,1
Business,374.5131310092765,3.5198996011087136,405,25.801893274929636,34.26292694707008,1,1,1,0,1,0,1,1,0,0,5.4296195054254435,0
Pleasure,291.22615496031386,17.971618362270693,162,108.30600415975421,151.4877019263803,1,1,1,1,1,1,1,1,1,0,6.804891574396253,1
Business,416.86992773857025,0.22439770096649436,361,87.72954106745337,54.449421036934304,1,1,1,1,1,1,1,1,4,2,10.0,1
Business,115.90176289759799,3.706851909454121,214,77.98550833038703,129.14281343494866,1,1,1,0,0,1,0,1,0,0,6.219771484392649,0
Business,205.14794476465116,3.622905631002935,210,41.808220038871475,95.30926043892619,1,1,1,1,1,1,1,1,0,1,6.62991685121713,1
Pleasure,130.50562169759357,9.772611472204318,308,52.80930898806606,22.656115414944868,1,0,1,0,1,1,1,1,0,0,5.9410068637823255,1
Business,358.7689995169111,12.698113632310395,17,65.63547157986383,52.831975590361196,1,1,1,1,1,1,1,1,4,1,3.3117464982756304,0
Business,110.32076329733175,1.1632019248555525,139,32.034679135637546,128.3651219152887,1,1,1,1,1,1,1,1,4,2,7.836902947089305,1
Business,475.6467324635408,9.161338978461552,254,105.38619829176541,53.027062234443676,1,1,1,1,1,1,1,1,0,0,4.146279723814152,0
Pleasure,122.51761772464901,14.018396325704822,321,54.84776502701426,68.03358697957698,1,1,1,1,1,1,1,1,4,3,6.717880660276757,1
Business,486.4047923613173,11.545996972080117,444,30.83820301114628,36.293292655136426,1,1,1,1,1,1,0,1,0,0,2.5219502193137133,0
Pleasure,213.16980620932304,5.294414001005611,379,45.714373734499326,102.97660464390044,1,1,1,1,1,1,1,1,1,1,7.899207124251006,0
Business,475.50871914372533,18.715756337542736,430,85.83495880246032,214.3387716089507,1,1,1,1,1,1,1,1,0,0,1.0,0
Business,146.21204346355924,5.033230332307845,149,31.504549193596443,24.559283411157686,1,1,1,1,1,1,1,1,0,0,4.315116566288894,1
Business,366.88004652872013,14.125035107912684,296,96.42217288962443,196.09490976923854,1,1,1,1,1,1,1,1,3,1,2.2235219524462213,0
Business,431.4489861165412,15.86512778779383,160,101.93866306735333,94.55938846870745,1,1,1,1,1,1,1,1,1,1,1.0,0
Pleasure,158.46452048567727,6.829641136487011,188,36.282443963580235,54.58089141087414,1,1,1,1,1,1,1,1,3,3,7.833179438152763,1
Pleasure,438.30706916215996,18.888840233880057,172,84.016141952771,115.55221623905013,1,1,1,1,1,1,1,1,0,0,1.1042676422336544,0
Pleasure,261.43202333784814,17.253133942984935,43,56.83571962095135,6.28293254764083,1,1,1,1,1,1,1,1,4,2,6.350824502128527,0
Business,484.16968259367616,0.3240237336692675,77,74.0614884030463,178.83846639476147,1,1,1,1,1,1,1,1,6,1,7.799811884725717,1
Pleasure,69.69401639544915,18.89589287638158,333,94.72183710400022,162.90153888574804,1,1,1,1,1,1,1,1,0,0,5.085690839718305,1
Business,359.07893722557986,8.307633691267656,258,27.07492157657671,107.1343389758392,1,1,1,1,1,1,1,1,2,0,4.6182657873193484,0
Pleasure,332.697600810755,0.01935660493967095,269,76.93531457210283,110.49110695839921,1,1,1,1,1,1,1,1,2,1,9.003831425045338,1
Business,286.8579976326136,3.9595621737119258,197,25.153392138176393,207.96227504388915,1,1,1,1,1,1,1,1,4,5,7.193787702729536,1
Pleasure,76.83161379300444,5.255811907805416,381,49.851403264855456,149.99293157348387,1,1,1,1,1,1,1,1,1,6,7.330213783840919,0
Business,110.98253195950466,5.049127561029641,109,95.98335921680928,169.41610441805688,1,1,1,1,1,1,1,1,0,0,6.165597677710986,1
Pleasure,471.0958314697862,3.5183606446723004,340,89.18085341424914,72.37799183122611,1,1,1,1,1,1,1,1,2,3,4.309607300449363,0
Business,130.06121856501807,11.864661049474263,360,36.288172652722224,73.33455742317022,0,0,1,1,1,0,0,1,0,0,1.0,0
Business,385.06370966445274,13.48739523965512,296,29.49168312658114,110.7763066094882,0,1,0,1,1,1,0,1,0,0,1.0,0
Pleasure,312.77597615178144,1.941145640587314,41,96.2025600115251,74.97758822231309,1,1,0,1,1,1,1,1,0,0,5.6950546782061195,1
Pleasure,105.2188440233189,11.497112413407224,162,67.97874516168066,30.200189163486762,1,1,1,1,1,1,1,1,2,0,6.125832592402575,1
Pleasure,198.71087879263322,2.6018083779056544,18,67.07990639190331,64.29838344611363,1,1,1,1,1,1,1,1,3,1,6.380587558347379,1
Pleasure,74.27789043001326,2.7615059990741897,259,97.25637584006931,38.236388509683444,1,1,1,1,1,1,1,1,7,2,7.881727316904211,1
Pleasure,279.2291559647799,0.6267330973183083,268,56.73099642093463,169.2471999896966,1,0,1,1,1,1,1,1,0,0,8.508536798411024,1
Pleasure,478.6187065669377,6.39630862828422,48,58.41462356448511,221.19953130283068,1,1,1,1,1,1,1,1,0,2,1.0,0
Pleasure,485.9799937345909,4.011355308885887,466,72.67215617305249,140.84459314156337,1,1,1,0,1,1,1,1,0,0,2.2372822282052565,0
Pleasure,358.04650180845294,0.7501335565866629,165,78.24115703541365,119.40405657872037,1,1,1,1,1,1,1,1,0,1,6.604862988448124,1
Pleasure,440.64131992903225,1.4047130905268101,42,75.85507683045925,154.94041979341827,1,1,1,1,1,1,1,1,0,0,1.9043714604744353,0
Pleasure,234.8776781383864,19.513125678498923,311,41.66439744528025,174.17985158628653,1,1,1,1,1,1,1,1,2,1,6.186276494114109,1
Pleasure,367.3806588033366,8.60517117956691,391,31.57729243348941,25.560816561317516,1,1,1,1,1,1,1,1,1,5,5.60870900467749,1
Business,286.2581290841059,5.852259645092158,76,42.795859043326516,211.00878318989464,1,1,1,1,1,1,1,1,4,1,5.804880059788002,1
Pleasure,264.24637716815823,2.894173690135582,3,78.57050579310507,57.62207282017115,1,1,1,1,1,1,1,1,0,1,6.221053084731468,0
Business,153.94414331003648,7.321331097273742,100,35.51088806163635,112.05311751249128,1,1,1,1,1,1,1,1,3,0,3.5279152242577094,1
Pleasure,398.67374236941583,19.637235838323768,223,52.80869731361921,87.16363588337481,1,1,1,1,1,1,1,1,3,2,3.083413962820267,0
Pleasure,231.3320316307485,2.3044163317711486,156,54.95078573764537,65.9561392326885,1,1,1,1,1,1,1,1,0,4,7.922368650311988,1
Pleasure,241.37175801436783,11.526105317436066,307,78.64666554081398,37.93624328204063,1,0,1,0,1,1,1,0,0,0,7.561379905787412,1
Business,129.62866252690827,6.928636891761735,257,100.7262365833018,146.21812951984967,1,1,1,1,1,1,1,1,4,0,6.4591989080955035,1
Pleasure,370.2880788201868,10.566294403044603,118,52.516904020034524,103.3921469126848,1,1,1,1,1,1,1,1,1,2,4.308608978090832,1
Pleasure,177.4769619542922,4.8626808984241805,266,95.54242494917419,219.83469956197305,1,1,1,1,0,0,1,1,0,0,6.802996599635991,0
Pleasure,445.77555710622244,1.641972260813691,40,34.52885788464493,196.8027248637123,1,1,1,1,1,1,1,1,0,0,1.8483564350591468,1
Pleasure,175.45153511572292,19.430967872181213,90,56.31775810971285,155.3093790214692,1,1,1,1,1,1,1,1,3,2,4.433911965677875,0
Business,391.56177599199674,9.667717927097204,61,59.45036974087104,112.59801508735892,1,0,1,1,0,0,1,1,0,0,3.4539508858295958,0
Business,334.5955390129884,1.2194903925159073,230,56.15543581988545,17.87921973192264,1,1,1,1,1,1,1,1,7,2,9.584822102294726,1
Business,471.08743048748596,7.943064412283933,244,113.61029536403292,16.428144808752563,1,1,1,1,1,1,1,1,2,0,6.310208736511433,0
Pleasure,97.4518409897257,9.421969216626406,74,39.06078223123253,204.9781675466849,1,0,1,0,1,1,1,1,0,0,3.497267344113804,0
Pleasure,239.0990255886376,9.267549068772531,414,27.457488506226216,109.78693515733349,1,1,1,1,1,1,1,1,4,2,9.888734269277336,1
Business,334.5907662854849,13.396759394250171,430,36.95846971358966,9.156879469753445,1,1,1,1,1,1,1,1,4,1,2.1070765745673405,0
Business,91.80550226313562,2.3279131499462435,107,102.85762966991138,123.12457406429925,1,1,1,1,1,1,1,1,0,1,7.874775591404432,1
Pleasure,482.6545778352885,10.63204424378476,301,23.21072990959028,138.83680110986288,0,0,0,1,1,1,1,1,0,0,1.0,0
Business,156.39483105832355,13.862042488694053,489,71.76814866624456,234.99323573926856,1,1,1,1,1,1,0,1,0,0,1.0,0
Business,288.1631465915257,16.59268196138858,361,32.302812032675135,236.59030571198284,1,1,1,0,0,0,0,0,0,0,1.0,0
Business,343.21879517751205,1.866009350862885,116,19.337998986308783,31.789542644785133,1,1,1,1,1,1,1,1,1,0,7.558606324890001,1
Pleasure,239.1938515465833,5.384213852926818,452,111.23616229136742,53.169687007297796,1,1,1,1,1,1,1,1,1,1,10.0,1
Pleasure,121.21743107221508,13.990728979995632,454,64.9537250008653,12.631694911367214,1,1,1,1,1,1,1,1,2,0,7.460216660975748,0
Pleasure,486.5581917819165,18.994103576877855,167,85.92015727285082,223.7204687062414,1,1,1,1,1,1,1,1,0,1,1.0,0
Pleasure,103.87151901741245,3.049396574791947,63,27.714932575126387,89.06022688308873,1,0,1,1,0,1,1,1,0,0,4.971617925699042,0
Pleasure,222.54943393829737,10.425883807549727,373,57.67535039061122,126.11514004373826,1,1,1,1,1,1,1,1,2,4,7.591928961422187,1
Business,79.48951166145503,18.200897704041363,234,33.99222697127883,83.82498853434865,1,1,1,1,1,1,1,1,2,3,1.0,0
Pleasure,252.15828022348228,8.270680277203542,463,100.18376065891096,217.5440823835982,1,1,0,0,1,1,1,0,0,0,9.387269661253267,1
Pleasure,427.55727231830053,2.5827044775454544,259,116.33883679854547,21.758754948285862,1,1,1,1,1,1,1,1,1,6,6.080423695596951,1
Business,328.20553612658574,19.623633473884095,11,66.33018633884397,64.90484083779828,1,1,1,1,1,1,1,1,3,1,1.0,0
Business,202.35757471169282,13.15725692083118,22,107.30283874632562,138.7251659309965,1,1,1,1,1,1,1,1,3,1,2.0666084298744134,0
Pleasure,355.6027441650109,10.48081794953781,400,75.17520558492794,144.66690077034568,1,0,1,1,1,0,0,0,0,0,6.600526595513593,1
Pleasure,470.6179172019914,18.954087234765396,374,71.12204586377078,19.385280935972464,1,1,1,1,1,1,0,1,0,0,1.0,0
Pleasure,351.7963196144091,0.5791728886313474,151,49.20308695202286,22.742505597082882,1,1,1,1,1,1,1,1,2,6,6.81841849616512,1
Pleasure,457.33544790854137,11.552473253267328,295,83.27352442088016,22.866602298053625,1,0,0,1,1,1,1,1,0,0,4.17315091526824,0
Pleasure,66.53595012514667,18.35017570954148,256,78.30002202571178,12.187339437966449,1,0,1,1,1,1,1,1,0,0,5.986102351867465,1
Pleasure,398.2782501992688,18.302248351545845,357,118.18509233939803,41.85158083921099,1,1,1,1,1,1,1,1,1,4,5.0269639819019405,1
Pleasure,155.95026677867867,17.659454163416516,74,104.6340071574594,189.38708383561124,1,1,1,0,1,1,1,1,0,0,6.078609204668968,1
Pleasure,422.9984552258151,13.845381110573783,353,26.403732491662065,231.8862916086604,1,1,1,1,1,1,1,1,1,4,3.181213547557157,0
Business,272.444611926465,0.7513791976245909,198,69.8352785281805,50.32756246288264,1,1,1,1,1,1,1,1,3,3,9.532545758530881,1
Business,163.12820134924365,0.1902111608682988,482,73.06338156887156,193.2404093678747,1,1,1,1,0,1,1,1,0,0,8.412198658311421,1
Pleasure,486.11708580115993,9.67966303227473,298,58.720224453344706,231.20624467620777,1,0,1,1,1,1,0,1,0,0,1.0,0
Pleasure,102.71366639171853,15.144517269805924,212,46.6113955631805,124.70817709098799,0,0,1,1,1,0,0,0,0,0,4.9336722596111615,1
Business,268.3881150865366,17.508756829937177,418,72.43631311344775,176.104831988039,1,1,1,1,1,1,1,1,1,1,1.0,0
Pleasure,382.31388620273185,4.031645995716984,161,67.8606083486981,78.3128332263749,1,1,1,1,1,1,1,1,3,4,5.862299887249985,0
Pleasure,280.24836503902003,3.6287497357718723,340,33.7939514154925,48.993146342347174,1,1,0,1,1,1,1,1,0,0,7.942283254842694,0
Pleasure,497.9674951377709,14.382414415552802,75,27.50865888185979,99.02756172585842,1,0,0,0,0,1,1,1,0,0,1.0,0
Pleasure,183.59743604602005,13.075785728538174,395,33.358921858215886,44.811843346280675,1,0,1,0,1,1,1,0,0,0,7.740626498988038,1
Pleasure,290.9937891526598,0.717771101564979,103,38.60990397113868,207.5514533120609,1,0,1,1,1,1,1,1,0,0,6.714639877939549,1
Pleasure,300.18039702589596,18.084648560046933,457,71.52849896497,73.83750061619138,1,0,1,1,1,1,1,0,0,0,8.381577189710514,1
Pleasure,321.2965327131475,1.3608032184870278,13,88.10458114038741,134.4495802662307,1,1,0,0,1,0,1,1,0,0,6.353771156700613,1
Business,365.7118982315208,18.764448310241402,53,54.52458804567542,111.92510054325373,1,1,1,1,1,1,1,1,1,1,1.0,0
Business,157.19444954767786,18.735676140199168,410,36.8744170860997,127.8277249855039,1,1,1,1,1,1,1,1,0,1,1.0,0
Business,205.81713063226633,18.845704995686464,357,20.863742410687713,225.83804164921892,1,1,1,0,0,1,0,1,0,0,1.0,0
Business,358.3839915216925,13.823399339295264,477,78.9706924335603,186.79529014128664,1,1,1,1,1,1,1,1,1,0,1.7637210157452738,0
Pleasure,485.06711254174775,18.60447358125038,419,37.132320398731316,95.81059168192381,1,1,1,1,1,1,1,1,3,2,1.4408783293976533,0
Business,82.84762829658752,7.618828257663446,308,18.616073815850672,227.29202305656563,1,1,1,1,1,1,1,1,4,2,4.185869914131957,0
Pleasure,456.1864987811761,18.0046451351461,269,65.35781191068916,147.68326560714465,1,1,1,1,1,1,1,1,1,1,2.0011250636667013,0
Business,427.23556338944206,13.252186393439525,220,80.98249507593093,93.74044463289694,1,0,0,0,1,1,0,1,0,0,1.0,0
Pleasure,179.7568017923796,17.58370679077084,485,107.05047088518398,10.175145013694651,1,1,1,1,1,1,1,1,2,3,9.628478394617543,0
Pleasure,314.24423172695424,9.281133280984095,72,107.61214056711496,58.894288082438216,1,1,1,0,1,1,1,1,0,0,5.027652087064638,0
Business,195.68563607469096,7.028014755600784,263,15.323286279860158,231.0766733785176,1,1,1,1,1,1,1,1,7,1,5.333864053024513,0
Business,107.10108638783903,13.176241665532773,221,61.16561087332186,212.82350432423374,1,1,1,1,1,1,1,1,5,1,1.7791744670429597,0
Pleasure,142.3291690118469,15.205309013729696,438,23.520078998774718,237.7818320466126,1,1,1,1,0,0,1,1,0,0,7.422848611926435,1
Business,75.5707172224493,10.352484778065422,222,22.606814450012628,39.94545445348424,1,1,1,1,1,1,1,1,2,0,4.625005211964995,0
Pleasure,378.14568247053097,12.035861751256231,435,77.31249044168872,178.65341632301445,1,0,1,0,1,0,1,1,0,0,5.3928823794428675,0
Pleasure,132.87411791275366,17.158063079740707,252,87.33446590145803,154.59398863004563,1,1,1,1,1,1,1,1,0,0,7.021961989809848,1
Pleasure,124.3936261613976,3.4304851842604656,448,114.04075495804716,82.17608684699951,1,1,1,1,1,1,1,1,2,1,10.0,1
Pleasure,109.40078589074969,0.7214014820014114,500,109.22212955343727,203.39564617106043,1,1,1,0,1,1,1,1,0,0,10.0,1
Business,256.2902532317201,19.97469971501852,451,79.62748634278765,110.71065547515002,1,1,1,1,1,1,1,1,4,1,1.0,0
Pleasure,97.24249490292604,12.254664467578085,106,100.26539769645527,175.12692747054888,1,1,1,1,1,1,1,1,0,4,6.11578886050985,1
Pleasure,454.3015712338956,8.647623897720873,461,97.52582857089584,225.51332810134662,1,1,0,1,1,0,0,1,0,0,3.441849715718888,0
Business,318.5539769770838,2.9786312971356144,78,24.1386450653329,229.02794815736607,1,1,1,1,1,1,0,1,0,0,4.837154862555297,0
Business,211.10557511909764,16.255493922026247,264,118.75845262246524,102.61448138364378,0,1,0,1,0,1,0,1,0,0,1.0,0
Business,459.3562116899898,3.7928051510976424,494,36.961659299271716,181.37856352725402,1,1,1,1,1,1,1,1,1,2,7.539557456706991,1
Pleasure,494.71982565754246,10.756235122203456,423,58.23947056351153,215.90463165222258,1,1,1,1,1,1,1,1,3,1,1.0,0
Pleasure,323.8942428721274,14.469676638506295,344,98.05996683914367,77.65628906328848,1,1,1,1,1,1,1,1,3,3,8.14060143257858,1
Business,219.68492339211937,0.1985196549082846,7,109.84573495250854,230.51769535317408,1,1,1,1,1,1,1,1,2,0,8.139197955775336,1
Pleasure,124.1743563632005,3.0996648891219603,227,88.54665742564218,204.32218575646985,1,1,1,1,1,1,1,1,3,1,7.847773238865616,1
Business,98.62751364631546,13.64620732754119,440,88.66255205619487,130.09537896537108,1,1,1,1,1,1,0,1,0,0,1.3407952921854291,0
Pleasure,186.40710589051264,9.730835194852336,47,98.16402972689397,112.29555035631265,1,1,1,1,1,1,1,1,2,3,6.665362917394004,1
Pleasure,186.22385333648975,19.64568931571157,54,108.27782992351705,131.12065708681735,0,0,0,0,0,1,1,1,0,0,4.100560004172959,0
Business,495.62771710004404,12.385740204125824,277,15.620945642312138,132.03178018404864,1,1,1,1,1,1,1,1,0,0,1.3302184186617323,0
Business,243.40717882547546,14.416014851724315,441,72.0154795351717,49.38524046701153,1,1,1,1,0,1,0,1,0,0,1.0,0
Pleasure,466.50073190005486,16.0307878444393,67,90.51676788112256,90.81513259781832,1,0,1,1,1,1,1,0,0,0,1.0,0
Business,209.56719278676567,14.5903527580786,122,39.75383526850338,67.91195002420348,1,1,0,0,0,1,0,0,0,0,1.0,0
Business,72.45649918614515,17.580902478091453,237,35.785227975508846,107.03867863269994,1,0,1,1,0,1,0,0,0,0,1.0,0
Business,241.7981340621913,9.855470012269178,363,109.64681671075573,105.78905121508855,1,1,1,1,1,1,1,1,3,0,5.914676930474521,0
Pleasure,276.2096267907133,1.6019277073024862,76,46.86116108918667,229.26431035567046,1,1,1,1,1,1,1,1,2,3,6.205315306811149,0
Pleasure,496.0472241817452,0.6127827707731415,15,80.80819258495913,77.02619869033784,1,1,1,1,1,1,1,1,1,1,1.0,0
Business,370.81252113587857,19.71155708724766,12,79.32848792510286,69.62749504839338,1,1,0,1,1,1,0,1,0,0,1.0,0
Pleasure,106.83141634961729,13.665801041071115,350,106.44372646140957,72.62210408718241,1,1,1,1,1,1,1,1,2,3,8.167225457639097,1
Business,237.1219854921798,16.865543739564096,186,65.65691794395947,237.71797331612825,1,1,1,1,1,1,1,1,0,0,1.0,0
Business,261.16091303739523,15.082880477869976,190,103.28078759930352,118.19232726877591,1,1,1,1,1,1,0,1,0,0,1.0,0
Pleasure,446.08916505038474,10.264688704316708,444,78.76591310086476,134.0518275691445,1,0,1,1,1,1,1,1,0,0,4.029987971362972,0
Business,463.43560546990966,4.189955965072465,426,75.85875860560397,29.065374859811506,1,1,1,1,1,1,1,1,2,1,7.128268738821389,1
Pleasure,365.02998424782686,15.9983478847839,165,21.142953584031698,195.13682541910288,0,0,1,0,0,1,1,0,0,0,3.796114954024847,0
Business,257.3256812565065,14.737156740344567,51,93.65117188081304,138.5200843175133,1,1,1,1,1,1,1,1,0,2,1.0,0
Pleasure,282.44882181768565,19.40529342705197,294,21.248395145224933,217.25390704852592,1,1,1,1,1,1,1,1,0,0,5.3059589867007215,1
Pleasure,306.23567851707975,5.025752332148978,401,87.99369580889386,225.5436853670262,1,1,1,1,1,1,1,1,4,5,8.890213206308978,1
Business,225.09384333897654,19.603377301032673,285,37.98941192812047,31.40415048785613,1,1,1,1,1,1,1,1,2,2,1.0,0
Business,113.05212131201773,16.792272396495513,308,105.44482960663942,206.63010274871493,1,1,0,1,0,0,1,0,0,0,1.0,0
Pleasure,193.3983400148537,5.366369555456778,156,44.413890205971065,83.08901700118274,1,1,1,1,1,1,1,1,0,0,6.560691574005059,1
Business,393.4589326220376,18.02463764299382,341,35.664781209331274,78.25617210987461,1,1,1,1,1,1,1,1,4,0,1.0,0
Pleasure,455.581550274143,9.916865065819007,235,62.24442197479921,89.17025547314194,1,1,1,0,0,0,1,1,0,0,1.5629350519015586,0
Pleasure,451.744140755337,10.474512581814423,23,63.1440805365856,138.12715011862835,1,1,1,1,1,1,1,1,0,2,1.5440690102354104,0
Pleasure,479.6797371829747,15.17425326995233,230,92.2500161061132,238.15149887093563,1,1,1,1,1,1,1,1,0,1,1.0,0
Pleasure,201.5497872660483,3.8631376344941604,21,64.02511056733184,220.4590511374929,1,1,0,0,0,1,1,1,0,0,7.294785409065657,0
Pleasure,340.8265806992375,3.9136731681254022,11,115.57640511394334,5.4701654857325055,1,0,1,1,1,1,1,1,0,0,6.013908025170627,0
Pleasure,195.97666572677556,14.538710134523107,260,94.56563609417802,62.20532081347849,1,1,1,1,1,1,1,1,3,2,7.9678470478404835,1
Pleasure,241.73556264605645,3.657389658647645,61,100.87006092637932,82.8331419679029,1,1,1,1,1,1,1,1,2,1,6.568734675226212,1
Business,200.13479357603842,9.157503604757276,374,99.87426540231978,191.86508173305563,1,1,1,1,1,1,1,1,2,1,5.307139183822436,1
Business,331.2378299677357,10.860742510836305,497,44.42844825804467,224.8027326239466,1,1,1,1,0,1,1,1,0,0,1.0,0
Business,376.258834984773,6.806148325878832,91,107.21665267562719,156.9986352090826,1,1,1,1,1,1,1,1,4,2,4.850626009614401,0
Business,133.11068123697342,18.890375671197408,129,46.96646715702807,43.581336962398005,1,1,1,1,1,1,0,1,0,0,1.0,0
Pleasure,241.8994153495094,11.890905776864187,181,48.443106458817134,184.74084998623258,1,1,1,1,1,1,1,1,2,4,7.725817865197543,1
Business,391.5830529166545,0.5450138062799681,428,75.60557976651478,187.27154717649367,1,1,1,1,1,1,1,1,1,0,8.15626444961213,1
Pleasure,365.7383033602702,4.416394647330087,11,80.90234019683979,195.51350505270145,1,1,1,1,1,1,1,1,1,6,4.193679187240658,0
Pleasure,146.2252590747531,17.381723342430643,480,51.52685366908554,131.93368227128008,1,1,1,1,1,1,0,1,0,0,8.262174548341811,1
Business,463.9640157530294,13.337858219366879,281,41.56183299201165,148.4349016291664,0,0,1,1,0,0,0,1,0,0,1.0,0
Pleasure,94.06224332470944,10.448305844863572,440,108.01718353198967,146.5936904465099,1,1,1,1,1,1,1,1,2,2,7.935314678338576,1
Pleasure,253.1978772208885,9.23660372328603,14,86.15765954302505,68.34795595201963,1,1,1,1,1,1,1,1,2,4,6.9280471413955995,1
Pleasure,358.4049548000302,13.469292894602338,104,116.35517947186241,203.2141688636597,1,1,1,1,1,1,1,1,3,3,5.2282086261889695,0
Business,289.9659471616905,1.8714121024904795,451,74.05415831269482,34.27355712010698,1,1,1,1,0,1,0,1,0,0,8.013889799679836,1
Business,285.3100014359886,2.558336310905711,137,87.40066614383888,239.7682361212208,1,1,1,1,1,1,1,1,0,0,6.464881831978264,1
